{
  "main": {
    "de": {
      "numbers": {
        "currencies": {
          "ADP": {
            "displayName": "Andorranische Pesete",
            "displayName-count-one": "Andorranische Pesete",
            "displayName-count-other": "Andorranische Peseten"
          },
          "AED": {
            "displayName": "VAE-Dirham"
          },
          "AFA": {
            "displayName": "Afghanische Afghani (1927–2002)"
          },
          "AFN": {
            "displayName": "Afghanischer Afghani",
            "displayName-count-one": "Afghanischer Afghani",
            "displayName-count-other": "Afghanische Afghani",
            "symbol-alt-narrow": "؋"
          },
          "ALK": {
            "displayName": "Albanischer Lek (1946–1965)",
            "displayName-count-one": "Albanischer Lek (1946–1965)",
            "displayName-count-other": "Albanische Lek (1946–1965)"
          },
          "ALL": {
            "displayName": "Albanischer Lek",
            "displayName-count-one": "Albanischer Lek",
            "displayName-count-other": "Albanische Lek"
          },
          "AMD": {
            "displayName": "Armenischer Dram",
            "displayName-count-one": "Armenischer Dram",
            "displayName-count-other": "Armenische Dram",
            "symbol-alt-narrow": "֏"
          },
          "ANG": {
            "displayName": "Niederländische-Antillen-Gulden"
          },
          "AOA": {
            "displayName": "Angolanischer Kwanza",
            "displayName-count-one": "Angolanischer Kwanza",
            "displayName-count-other": "Angolanische Kwanza",
            "symbol-alt-narrow": "Kz"
          },
          "AOK": {
            "displayName": "Angolanischer Kwanza (1977–1990)",
            "displayName-count-one": "Angolanischer Kwanza (1977–1990)",
            "displayName-count-other": "Angolanische Kwanza (1977–1990)"
          },
          "AON": {
            "displayName": "Angolanischer Neuer Kwanza (1990–2000)",
            "displayName-count-one": "Angolanischer Neuer Kwanza (1990–2000)",
            "displayName-count-other": "Angolanische Neue Kwanza (1990–2000)"
          },
          "AOR": {
            "displayName": "Angolanischer Kwanza Reajustado (1995–1999)",
            "displayName-count-one": "Angolanischer Kwanza Reajustado (1995–1999)",
            "displayName-count-other": "Angolanische Kwanza Reajustado (1995–1999)"
          },
          "ARA": {
            "displayName": "Argentinischer Austral",
            "displayName-count-one": "Argentinischer Austral",
            "displayName-count-other": "Argentinische Austral"
          },
          "ARL": {
            "displayName": "Argentinischer Peso Ley (1970–1983)",
            "displayName-count-one": "Argentinischer Peso Ley (1970–1983)",
            "displayName-count-other": "Argentinische Pesos Ley (1970–1983)"
          },
          "ARM": {
            "displayName": "Argentinischer Peso (1881–1970)",
            "displayName-count-one": "Argentinischer Peso (1881–1970)",
            "displayName-count-other": "Argentinische Pesos (1881–1970)"
          },
          "ARP": {
            "displayName": "Argentinischer Peso (1983–1985)",
            "displayName-count-one": "Argentinischer Peso (1983–1985)",
            "displayName-count-other": "Argentinische Peso (1983–1985)"
          },
          "ARS": {
            "displayName": "Argentinischer Peso",
            "displayName-count-one": "Argentinischer Peso",
            "displayName-count-other": "Argentinische Pesos",
            "symbol-alt-narrow": "$"
          },
          "ATS": {
            "displayName": "Österreichischer Schilling",
            "displayName-count-one": "Österreichischer Schilling",
            "displayName-count-other": "Österreichische Schilling",
            "symbol": "öS"
          },
          "AUD": {
            "displayName": "Australischer Dollar",
            "displayName-count-one": "Australischer Dollar",
            "displayName-count-other": "Australische Dollar",
            "symbol": "AU$",
            "symbol-alt-narrow": "$"
          },
          "AWG": {
            "displayName": "Aruba-Florin"
          },
          "AZM": {
            "displayName": "Aserbaidschan-Manat (1993–2006)"
          },
          "AZN": {
            "displayName": "Aserbaidschan-Manat",
            "symbol-alt-narrow": "₼"
          },
          "BAD": {
            "displayName": "Bosnien und Herzegowina Dinar (1992–1994)"
          },
          "BAM": {
            "displayName": "Konvertible Mark Bosnien und Herzegowina",
            "symbol-alt-narrow": "KM"
          },
          "BAN": {
            "displayName": "Bosnien und Herzegowina Neuer Dinar (1994–1997)",
            "displayName-count-one": "Bosnien und Herzegowina Neuer Dinar (1994–1997)",
            "displayName-count-other": "Bosnien und Herzegowina Neue Dinar (1994–1997)"
          },
          "BBD": {
            "displayName": "Barbados-Dollar",
            "symbol-alt-narrow": "$"
          },
          "BDT": {
            "displayName": "Bangladesch-Taka",
            "symbol-alt-narrow": "৳"
          },
          "BEC": {
            "displayName": "Belgischer Franc (konvertibel)",
            "displayName-count-one": "Belgischer Franc (konvertibel)",
            "displayName-count-other": "Belgische Franc (konvertibel)"
          },
          "BEF": {
            "displayName": "Belgischer Franc",
            "displayName-count-one": "Belgischer Franc",
            "displayName-count-other": "Belgische Franc"
          },
          "BEL": {
            "displayName": "Belgischer Finanz-Franc",
            "displayName-count-one": "Belgischer Finanz-Franc",
            "displayName-count-other": "Belgische Finanz-Franc"
          },
          "BGL": {
            "displayName": "Bulgarische Lew (1962–1999)"
          },
          "BGM": {
            "displayName": "Bulgarischer Lew (1952–1962)",
            "displayName-count-one": "Bulgarischer Lew (1952–1962)",
            "displayName-count-other": "Bulgarische Lew (1952–1962)",
            "symbol": "BGK"
          },
          "BGN": {
            "displayName": "Bulgarischer Lew",
            "displayName-count-one": "Bulgarischer Lew",
            "displayName-count-other": "Bulgarische Lew"
          },
          "BGO": {
            "displayName": "Bulgarischer Lew (1879–1952)",
            "displayName-count-one": "Bulgarischer Lew (1879–1952)",
            "displayName-count-other": "Bulgarische Lew (1879–1952)",
            "symbol": "BGJ"
          },
          "BHD": {
            "displayName": "Bahrain-Dinar"
          },
          "BIF": {
            "displayName": "Burundi-Franc",
            "displayName-count-one": "Burundi-Franc",
            "displayName-count-other": "Burundi-Francs"
          },
          "BMD": {
            "displayName": "Bermuda-Dollar",
            "symbol-alt-narrow": "$"
          },
          "BND": {
            "displayName": "Brunei-Dollar",
            "symbol-alt-narrow": "$"
          },
          "BOB": {
            "displayName": "Bolivianischer Boliviano",
            "displayName-count-one": "Bolivianischer Boliviano",
            "displayName-count-other": "Bolivianische Bolivianos",
            "symbol-alt-narrow": "Bs"
          },
          "BOL": {
            "displayName": "Bolivianischer Boliviano (1863–1963)",
            "displayName-count-one": "Bolivianischer Boliviano (1863–1963)",
            "displayName-count-other": "Bolivianische Bolivianos (1863–1963)"
          },
          "BOP": {
            "displayName": "Bolivianischer Peso",
            "displayName-count-one": "Bolivianischer Peso",
            "displayName-count-other": "Bolivianische Peso"
          },
          "BOV": {
            "displayName": "Boliviansiche Mvdol",
            "displayName-count-one": "Boliviansiche Mvdol",
            "displayName-count-other": "Bolivianische Mvdol"
          },
          "BRB": {
            "displayName": "Brasilianischer Cruzeiro Novo (1967–1986)",
            "displayName-count-one": "Brasilianischer Cruzeiro Novo (1967–1986)",
            "displayName-count-other": "Brasilianische Cruzeiro Novo (1967–1986)"
          },
          "BRC": {
            "displayName": "Brasilianischer Cruzado (1986–1989)",
            "displayName-count-one": "Brasilianischer Cruzado (1986–1989)",
            "displayName-count-other": "Brasilianische Cruzado (1986–1989)"
          },
          "BRE": {
            "displayName": "Brasilianischer Cruzeiro (1990–1993)",
            "displayName-count-one": "Brasilianischer Cruzeiro (1990–1993)",
            "displayName-count-other": "Brasilianische Cruzeiro (1990–1993)"
          },
          "BRL": {
            "displayName": "Brasilianischer Real",
            "displayName-count-one": "Brasilianischer Real",
            "displayName-count-other": "Brasilianische Real",
            "symbol": "R$",
            "symbol-alt-narrow": "R$"
          },
          "BRN": {
            "displayName": "Brasilianischer Cruzado Novo (1989–1990)",
            "displayName-count-one": "Brasilianischer Cruzado Novo (1989–1990)",
            "displayName-count-other": "Brasilianische Cruzado Novo (1989–1990)"
          },
          "BRR": {
            "displayName": "Brasilianischer Cruzeiro (1993–1994)",
            "displayName-count-one": "Brasilianischer Cruzeiro (1993–1994)",
            "displayName-count-other": "Brasilianische Cruzeiro (1993–1994)"
          },
          "BRZ": {
            "displayName": "Brasilianischer Cruzeiro (1942–1967)"
          },
          "BSD": {
            "displayName": "Bahamas-Dollar",
            "symbol-alt-narrow": "$"
          },
          "BTN": {
            "displayName": "Bhutan-Ngultrum"
          },
          "BUK": {
            "displayName": "Birmanischer Kyat",
            "displayName-count-one": "Birmanischer Kyat",
            "displayName-count-other": "Birmanische Kyat"
          },
          "BWP": {
            "displayName": "Botswanischer Pula",
            "displayName-count-one": "Botswanischer Pula",
            "displayName-count-other": "Botswanische Pula",
            "symbol-alt-narrow": "P"
          },
          "BYB": {
            "displayName": "Belarus-Rubel (1994–1999)"
          },
          "BYN": {
            "displayName": "Weißrussischer Rubel",
            "displayName-count-one": "Weißrussischer Rubel",
            "displayName-count-other": "Weißrussische Rubel",
            "symbol-alt-narrow": "р."
          },
          "BYR": {
            "displayName": "Weißrussischer Rubel (2000–2016)",
            "displayName-count-one": "Weißrussischer Rubel (2000–2016)",
            "displayName-count-other": "Weißrussische Rubel (2000–2016)"
          },
          "BZD": {
            "displayName": "Belize-Dollar",
            "symbol-alt-narrow": "$"
          },
          "CAD": {
            "displayName": "Kanadischer Dollar",
            "displayName-count-one": "Kanadischer Dollar",
            "displayName-count-other": "Kanadische Dollar",
            "symbol": "CA$",
            "symbol-alt-narrow": "$"
          },
          "CDF": {
            "displayName": "Kongo-Franc",
            "displayName-count-one": "Kongo-Franc",
            "displayName-count-other": "Kongo-Francs"
          },
          "CHE": {
            "displayName": "WIR-Euro"
          },
          "CHF": {
            "displayName": "Schweizer Franken"
          },
          "CHW": {
            "displayName": "WIR Franken"
          },
          "CLE": {
            "displayName": "Chilenischer Escudo",
            "displayName-count-one": "Chilenischer Escudo",
            "displayName-count-other": "Chilenische Escudo"
          },
          "CLF": {
            "displayName": "Chilenische Unidades de Fomento"
          },
          "CLP": {
            "displayName": "Chilenischer Peso",
            "displayName-count-one": "Chilenischer Peso",
            "displayName-count-other": "Chilenische Pesos",
            "symbol-alt-narrow": "$"
          },
          "CNH": {
            "displayName": "Renminbi-Yuan (Offshore)"
          },
          "CNX": {
            "displayName": "Dollar der Chinesischen Volksbank"
          },
          "CNY": {
            "displayName": "Renminbi Yuan",
            "displayName-count-one": "Chinesischer Yuan",
            "displayName-count-other": "Renminbi Yuan",
            "symbol": "CN¥",
            "symbol-alt-narrow": "¥"
          },
          "COP": {
            "displayName": "Kolumbianischer Peso",
            "displayName-count-one": "Kolumbianischer Peso",
            "displayName-count-other": "Kolumbianische Pesos",
            "symbol-alt-narrow": "$"
          },
          "COU": {
            "displayName": "Kolumbianische Unidades de valor real",
            "displayName-count-one": "Kolumbianische Unidad de valor real",
            "displayName-count-other": "Kolumbianische Unidades de valor real"
          },
          "CRC": {
            "displayName": "Costa-Rica-Colón",
            "symbol-alt-narrow": "₡"
          },
          "CSD": {
            "displayName": "Serbischer Dinar (2002–2006)",
            "displayName-count-one": "Serbischer Dinar (2002–2006)",
            "displayName-count-other": "Serbische Dinar (2002–2006)"
          },
          "CSK": {
            "displayName": "Tschechoslowakische Krone",
            "displayName-count-one": "Tschechoslowakische Kronen",
            "displayName-count-other": "Tschechoslowakische Kronen"
          },
          "CUC": {
            "displayName": "Kubanischer Peso (konvertibel)",
            "displayName-count-one": "Kubanischer Peso (konvertibel)",
            "displayName-count-other": "Kubanische Pesos (konvertibel)",
            "symbol-alt-narrow": "Cub$"
          },
          "CUP": {
            "displayName": "Kubanischer Peso",
            "displayName-count-one": "Kubanischer Peso",
            "displayName-count-other": "Kubanische Pesos",
            "symbol-alt-narrow": "$"
          },
          "CVE": {
            "displayName": "Cabo-Verde-Escudo",
            "displayName-count-one": "Cabo-Verde-Escudo",
            "displayName-count-other": "Cabo-Verde-Escudos"
          },
          "CYP": {
            "displayName": "Zypern-Pfund",
            "displayName-count-one": "Zypern Pfund",
            "displayName-count-other": "Zypern Pfund"
          },
          "CZK": {
            "displayName": "Tschechische Krone",
            "displayName-count-one": "Tschechische Krone",
            "displayName-count-other": "Tschechische Kronen",
            "symbol-alt-narrow": "Kč"
          },
          "DDM": {
            "displayName": "Mark der DDR"
          },
          "DEM": {
            "displayName": "Deutsche Mark",
            "symbol": "DM"
          },
          "DJF": {
            "displayName": "Dschibuti-Franc"
          },
          "DKK": {
            "displayName": "Dänische Krone",
            "displayName-count-one": "Dänische Krone",
            "displayName-count-other": "Dänische Kronen",
            "symbol-alt-narrow": "kr"
          },
          "DOP": {
            "displayName": "Dominikanischer Peso",
            "displayName-count-one": "Dominikanischer Peso",
            "displayName-count-other": "Dominikanische Pesos",
            "symbol-alt-narrow": "$"
          },
          "DZD": {
            "displayName": "Algerischer Dinar",
            "displayName-count-one": "Algerischer Dinar",
            "displayName-count-other": "Algerische Dinar"
          },
          "ECS": {
            "displayName": "Ecuadorianischer Sucre",
            "displayName-count-one": "Ecuadorianischer Sucre",
            "displayName-count-other": "Ecuadorianische Sucre"
          },
          "ECV": {
            "displayName": "Verrechnungseinheit für Ecuador",
            "displayName-count-one": "Verrechnungseinheiten für Ecuador",
            "displayName-count-other": "Verrechnungseinheiten für Ecuador"
          },
          "EEK": {
            "displayName": "Estnische Krone",
            "displayName-count-one": "Estnische Krone",
            "displayName-count-other": "Estnische Kronen"
          },
          "EGP": {
            "displayName": "Ägyptisches Pfund",
            "displayName-count-one": "Ägyptisches Pfund",
            "displayName-count-other": "Ägyptische Pfund",
            "symbol-alt-narrow": "E£"
          },
          "ERN": {
            "displayName": "Eritreischer Nakfa",
            "displayName-count-one": "Eritreischer Nakfa",
            "displayName-count-other": "Eritreische Nakfa"
          },
          "ESA": {
            "displayName": "Spanische Peseta (A–Konten)",
            "displayName-count-one": "Spanische Peseta (A–Konten)",
            "displayName-count-other": "Spanische Peseten (A–Konten)"
          },
          "ESB": {
            "displayName": "Spanische Peseta (konvertibel)",
            "displayName-count-one": "Spanische Peseta (konvertibel)",
            "displayName-count-other": "Spanische Peseten (konvertibel)"
          },
          "ESP": {
            "displayName": "Spanische Peseta",
            "displayName-count-one": "Spanische Peseta",
            "displayName-count-other": "Spanische Peseten",
            "symbol-alt-narrow": "₧"
          },
          "ETB": {
            "displayName": "Äthiopischer Birr",
            "displayName-count-one": "Äthiopischer Birr",
            "displayName-count-other": "Äthiopische Birr"
          },
          "EUR": {
            "displayName": "Euro",
            "symbol": "€",
            "symbol-alt-narrow": "€"
          },
          "FIM": {
            "displayName": "Finnische Mark"
          },
          "FJD": {
            "displayName": "Fidschi-Dollar",
            "symbol-alt-narrow": "$"
          },
          "FKP": {
            "displayName": "Falkland-Pfund",
            "symbol-alt-narrow": "Fl£"
          },
          "FRF": {
            "displayName": "Französischer Franc",
            "displayName-count-one": "Französischer Franc",
            "displayName-count-other": "Französische Franc"
          },
          "GBP": {
            "displayName": "Britisches Pfund",
            "displayName-count-one": "Britisches Pfund",
            "displayName-count-other": "Britische Pfund",
            "symbol": "£",
            "symbol-alt-narrow": "£"
          },
          "GEK": {
            "displayName": "Georgischer Kupon Larit",
            "displayName-count-one": "Georgischer Kupon Larit",
            "displayName-count-other": "Georgische Kupon Larit"
          },
          "GEL": {
            "displayName": "Georgischer Lari",
            "displayName-count-one": "Georgischer Lari",
            "displayName-count-other": "Georgische Lari",
            "symbol-alt-narrow": "₾"
          },
          "GHC": {
            "displayName": "Ghanaischer Cedi (1979–2007)",
            "displayName-count-one": "Ghanaischer Cedi (1979–2007)",
            "displayName-count-other": "Ghanaische Cedi (1979–2007)"
          },
          "GHS": {
            "displayName": "Ghanaischer Cedi",
            "displayName-count-one": "Ghanaischer Cedi",
            "displayName-count-other": "Ghanaische Cedi",
            "symbol-alt-narrow": "₵"
          },
          "GIP": {
            "displayName": "Gibraltar-Pfund",
            "symbol-alt-narrow": "£"
          },
          "GMD": {
            "displayName": "Gambia-Dalasi"
          },
          "GNF": {
            "displayName": "Guinea-Franc",
            "symbol-alt-narrow": "F.G."
          },
          "GNS": {
            "displayName": "Guineischer Syli",
            "displayName-count-one": "Guineischer Syli",
            "displayName-count-other": "Guineische Syli"
          },
          "GQE": {
            "displayName": "Äquatorialguinea-Ekwele"
          },
          "GRD": {
            "displayName": "Griechische Drachme",
            "displayName-count-one": "Griechische Drachme",
            "displayName-count-other": "Griechische Drachmen"
          },
          "GTQ": {
            "displayName": "Guatemaltekischer Quetzal",
            "displayName-count-one": "Guatemaltekischer Quetzal",
            "displayName-count-other": "Guatemaltekische Quetzales",
            "symbol-alt-narrow": "Q"
          },
          "GWE": {
            "displayName": "Portugiesisch Guinea Escudo"
          },
          "GWP": {
            "displayName": "Guinea-Bissau Peso",
            "displayName-count-one": "Guinea-Bissau Peso",
            "displayName-count-other": "Guinea-Bissau Pesos"
          },
          "GYD": {
            "displayName": "Guyana-Dollar",
            "symbol-alt-narrow": "$"
          },
          "HKD": {
            "displayName": "Hongkong-Dollar",
            "symbol": "HK$",
            "symbol-alt-narrow": "$"
          },
          "HNL": {
            "displayName": "Honduras-Lempira",
            "symbol-alt-narrow": "L"
          },
          "HRD": {
            "displayName": "Kroatischer Dinar",
            "displayName-count-one": "Kroatischer Dinar",
            "displayName-count-other": "Kroatische Dinar"
          },
          "HRK": {
            "displayName": "Kroatischer Kuna",
            "displayName-count-one": "Kroatischer Kuna",
            "displayName-count-other": "Kroatische Kuna",
            "symbol-alt-narrow": "kn"
          },
          "HTG": {
            "displayName": "Haitianische Gourde",
            "displayName-count-one": "Haitianische Gourde",
            "displayName-count-other": "Haitianische Gourdes"
          },
          "HUF": {
            "displayName": "Ungarischer Forint",
            "displayName-count-one": "Ungarischer Forint",
            "displayName-count-other": "Ungarische Forint",
            "symbol-alt-narrow": "Ft"
          },
          "IDR": {
            "displayName": "Indonesische Rupiah",
            "symbol-alt-narrow": "Rp"
          },
          "IEP": {
            "displayName": "Irisches Pfund",
            "displayName-count-one": "Irisches Pfund",
            "displayName-count-other": "Irische Pfund"
          },
          "ILP": {
            "displayName": "Israelisches Pfund",
            "displayName-count-one": "Israelisches Pfund",
            "displayName-count-other": "Israelische Pfund"
          },
          "ILR": {
            "displayName": "Israelischer Schekel (1980–1985)",
            "displayName-count-one": "Israelischer Schekel (1980–1985)",
            "displayName-count-other": "Israelische Schekel (1980–1985)"
          },
          "ILS": {
            "displayName": "Israelischer Neuer Schekel",
            "displayName-count-one": "Israelischer Neuer Schekel",
            "displayName-count-other": "Israelische Neue Schekel",
            "symbol": "₪",
            "symbol-alt-narrow": "₪"
          },
          "INR": {
            "displayName": "Indische Rupie",
            "displayName-count-one": "Indische Rupie",
            "displayName-count-other": "Indische Rupien",
            "symbol": "₹",
            "symbol-alt-narrow": "₹"
          },
          "IQD": {
            "displayName": "Irakischer Dinar",
            "displayName-count-one": "Irakischer Dinar",
            "displayName-count-other": "Irakische Dinar"
          },
          "IRR": {
            "displayName": "Iranischer Rial",
            "displayName-count-one": "Iranischer Rial",
            "displayName-count-other": "Iranische Rial"
          },
          "ISJ": {
            "displayName": "Isländische Krone (1918–1981)",
            "displayName-count-one": "Isländische Krone (1918–1981)",
            "displayName-count-other": "Isländische Kronen (1918–1981)"
          },
          "ISK": {
            "displayName": "Isländische Krone",
            "displayName-count-one": "Isländische Krone",
            "displayName-count-other": "Isländische Kronen",
            "symbol-alt-narrow": "kr"
          },
          "ITL": {
            "displayName": "Italienische Lira",
            "displayName-count-one": "Italienische Lira",
            "displayName-count-other": "Italienische Lire"
          },
          "JMD": {
            "displayName": "Jamaika-Dollar",
            "symbol-alt-narrow": "$"
          },
          "JOD": {
            "displayName": "Jordanischer Dinar",
            "displayName-count-one": "Jordanischer Dinar",
            "displayName-count-other": "Jordanische Dinar"
          },
          "JPY": {
            "displayName": "Japanischer Yen",
            "displayName-count-one": "Japanischer Yen",
            "displayName-count-other": "Japanische Yen",
            "symbol": "¥",
            "symbol-alt-narrow": "¥"
          },
          "KES": {
            "displayName": "Kenia-Schilling"
          },
          "KGS": {
            "displayName": "Kirgisischer Som",
            "displayName-count-one": "Kirgisischer Som",
            "displayName-count-other": "Kirgisische Som",
            "symbol-alt-narrow": "⃀"
          },
          "KHR": {
            "displayName": "Kambodschanischer Riel",
            "displayName-count-one": "Kambodschanischer Riel",
            "displayName-count-other": "Kambodschanische Riel",
            "symbol-alt-narrow": "៛"
          },
          "KMF": {
            "displayName": "Komoren-Franc",
            "displayName-count-one": "Komoren-Franc",
            "displayName-count-other": "Komoren-Francs",
            "symbol-alt-narrow": "FC"
          },
          "KPW": {
            "displayName": "Nordkoreanischer Won",
            "displayName-count-one": "Nordkoreanischer Won",
            "displayName-count-other": "Nordkoreanische Won",
            "symbol-alt-narrow": "₩"
          },
          "KRH": {
            "displayName": "Südkoreanischer Hwan (1953–1962)"
          },
          "KRO": {
            "displayName": "Südkoreanischer Won (1945–1953)"
          },
          "KRW": {
            "displayName": "Südkoreanischer Won",
            "displayName-count-one": "Südkoreanischer Won",
            "displayName-count-other": "Südkoreanische Won",
            "symbol": "₩",
            "symbol-alt-narrow": "₩"
          },
          "KWD": {
            "displayName": "Kuwait-Dinar"
          },
          "KYD": {
            "displayName": "Kaiman-Dollar",
            "symbol-alt-narrow": "$"
          },
          "KZT": {
            "displayName": "Kasachischer Tenge",
            "displayName-count-one": "Kasachischer Tenge",
            "displayName-count-other": "Kasachische Tenge",
            "symbol-alt-narrow": "₸"
          },
          "LAK": {
            "displayName": "Laotischer Kip",
            "displayName-count-one": "Laotischer Kip",
            "displayName-count-other": "Laotische Kip",
            "symbol-alt-narrow": "₭"
          },
          "LBP": {
            "displayName": "Libanesisches Pfund",
            "displayName-count-one": "Libanesisches Pfund",
            "displayName-count-other": "Libanesische Pfund",
            "symbol-alt-narrow": "L£"
          },
          "LKR": {
            "displayName": "Sri-Lanka-Rupie",
            "displayName-count-one": "Sri-Lanka-Rupie",
            "displayName-count-other": "Sri-Lanka-Rupien",
            "symbol-alt-narrow": "Rs"
          },
          "LRD": {
            "displayName": "Liberianischer Dollar",
            "displayName-count-one": "Liberianischer Dollar",
            "displayName-count-other": "Liberianische Dollar",
            "symbol-alt-narrow": "$"
          },
          "LSL": {
            "displayName": "Loti"
          },
          "LTL": {
            "displayName": "Litauischer Litas",
            "displayName-count-one": "Litauischer Litas",
            "displayName-count-other": "Litauische Litas",
            "symbol-alt-narrow": "Lt"
          },
          "LTT": {
            "displayName": "Litauischer Talonas",
            "displayName-count-one": "Litauische Talonas",
            "displayName-count-other": "Litauische Talonas"
          },
          "LUC": {
            "displayName": "Luxemburgischer Franc (konvertibel)",
            "displayName-count-one": "Luxemburgische Franc (konvertibel)",
            "displayName-count-other": "Luxemburgische Franc (konvertibel)"
          },
          "LUF": {
            "displayName": "Luxemburgischer Franc",
            "displayName-count-one": "Luxemburgische Franc",
            "displayName-count-other": "Luxemburgische Franc"
          },
          "LUL": {
            "displayName": "Luxemburgischer Finanz-Franc",
            "displayName-count-one": "Luxemburgische Finanz-Franc",
            "displayName-count-other": "Luxemburgische Finanz-Franc"
          },
          "LVL": {
            "displayName": "Lettischer Lats",
            "displayName-count-one": "Lettischer Lats",
            "displayName-count-other": "Lettische Lats",
            "symbol-alt-narrow": "Ls"
          },
          "LVR": {
            "displayName": "Lettischer Rubel",
            "displayName-count-one": "Lettische Rubel",
            "displayName-count-other": "Lettische Rubel"
          },
          "LYD": {
            "displayName": "Libyscher Dinar",
            "displayName-count-one": "Libyscher Dinar",
            "displayName-count-other": "Libysche Dinar"
          },
          "MAD": {
            "displayName": "Marokkanischer Dirham",
            "displayName-count-one": "Marokkanischer Dirham",
            "displayName-count-other": "Marokkanische Dirham"
          },
          "MAF": {
            "displayName": "Marokkanischer Franc",
            "displayName-count-one": "Marokkanische Franc",
            "displayName-count-other": "Marokkanische Franc"
          },
          "MCF": {
            "displayName": "Monegassischer Franc",
            "displayName-count-one": "Monegassischer Franc",
            "displayName-count-other": "Monegassische Franc"
          },
          "MDC": {
            "displayName": "Moldau-Cupon"
          },
          "MDL": {
            "displayName": "Moldau-Leu"
          },
          "MGA": {
            "displayName": "Madagaskar-Ariary",
            "symbol-alt-narrow": "Ar"
          },
          "MGF": {
            "displayName": "Madagaskar-Franc"
          },
          "MKD": {
            "displayName": "Mazedonischer Denar",
            "displayName-count-one": "Mazedonischer Denar",
            "displayName-count-other": "Mazedonische Denari"
          },
          "MKN": {
            "displayName": "Mazedonischer Denar (1992–1993)",
            "displayName-count-one": "Mazedonischer Denar (1992–1993)",
            "displayName-count-other": "Mazedonische Denar (1992–1993)"
          },
          "MLF": {
            "displayName": "Malischer Franc",
            "displayName-count-one": "Malische Franc",
            "displayName-count-other": "Malische Franc"
          },
          "MMK": {
            "displayName": "Myanmarischer Kyat",
            "displayName-count-one": "Myanmarischer Kyat",
            "displayName-count-other": "Myanmarische Kyat",
            "symbol-alt-narrow": "K"
          },
          "MNT": {
            "displayName": "Mongolischer Tögrög",
            "displayName-count-one": "Mongolischer Tögrög",
            "displayName-count-other": "Mongolische Tögrög",
            "symbol-alt-narrow": "₮"
          },
          "MOP": {
            "displayName": "Macao-Pataca"
          },
          "MRO": {
            "displayName": "Mauretanischer Ouguiya (1973–2017)",
            "displayName-count-one": "Mauretanischer Ouguiya (1973–2017)",
            "displayName-count-other": "Mauretanische Ouguiya (1973–2017)"
          },
          "MRU": {
            "displayName": "Mauretanischer Ouguiya",
            "displayName-count-one": "Mauretanischer Ouguiya",
            "displayName-count-other": "Mauretanische Ouguiya"
          },
          "MTL": {
            "displayName": "Maltesische Lira"
          },
          "MTP": {
            "displayName": "Maltesisches Pfund",
            "displayName-count-one": "Maltesische Pfund",
            "displayName-count-other": "Maltesische Pfund"
          },
          "MUR": {
            "displayName": "Mauritius-Rupie",
            "displayName-count-one": "Mauritius-Rupie",
            "displayName-count-other": "Mauritius-Rupien",
            "symbol-alt-narrow": "Rs"
          },
          "MVP": {
            "displayName": "Malediven-Rupie (alt)",
            "displayName-count-one": "Malediven-Rupie (alt)",
            "displayName-count-other": "Malediven-Rupien (alt)"
          },
          "MVR": {
            "displayName": "Malediven-Rufiyaa",
            "displayName-count-one": "Malediven-Rufiyaa",
            "displayName-count-other": "Malediven-Rupien"
          },
          "MWK": {
            "displayName": "Malawi-Kwacha"
          },
          "MXN": {
            "displayName": "Mexikanischer Peso",
            "displayName-count-one": "Mexikanischer Peso",
            "displayName-count-other": "Mexikanische Pesos",
            "symbol": "MX$",
            "symbol-alt-narrow": "$"
          },
          "MXP": {
            "displayName": "Mexikanischer Silber-Peso (1861–1992)",
            "displayName-count-one": "Mexikanische Silber-Peso (1861–1992)",
            "displayName-count-other": "Mexikanische Silber-Pesos (1861–1992)"
          },
          "MXV": {
            "displayName": "Mexicanischer Unidad de Inversion (UDI)",
            "displayName-count-one": "Mexicanischer Unidad de Inversion (UDI)",
            "displayName-count-other": "Mexikanische Unidad de Inversion (UDI)"
          },
          "MYR": {
            "displayName": "Malaysischer Ringgit",
            "displayName-count-one": "Malaysischer Ringgit",
            "displayName-count-other": "Malaysische Ringgit",
            "symbol-alt-narrow": "RM"
          },
          "MZE": {
            "displayName": "Mosambikanischer Escudo",
            "displayName-count-one": "Mozambikanische Escudo",
            "displayName-count-other": "Mozambikanische Escudo"
          },
          "MZM": {
            "displayName": "Mosambikanischer Metical (1980–2006)",
            "displayName-count-one": "Mosambikanischer Metical (1980–2006)",
            "displayName-count-other": "Mosambikanische Meticais (1980–2006)"
          },
          "MZN": {
            "displayName": "Mosambikanischer Metical",
            "displayName-count-one": "Mosambikanischer Metical",
            "displayName-count-other": "Mosambikanische Meticais"
          },
          "NAD": {
            "displayName": "Namibia-Dollar",
            "symbol-alt-narrow": "$"
          },
          "NGN": {
            "displayName": "Nigerianischer Naira",
            "displayName-count-one": "Nigerianischer Naira",
            "displayName-count-other": "Nigerianische Naira",
            "symbol-alt-narrow": "₦"
          },
          "NIC": {
            "displayName": "Nicaraguanischer Córdoba (1988–1991)",
            "displayName-count-one": "Nicaraguanischer Córdoba (1988–1991)",
            "displayName-count-other": "Nicaraguanische Córdoba (1988–1991)"
          },
          "NIO": {
            "displayName": "Nicaragua-Córdoba",
            "displayName-count-one": "Nicaragua-Córdoba",
            "displayName-count-other": "Nicaragua-Córdobas",
            "symbol-alt-narrow": "C$"
          },
          "NLG": {
            "displayName": "Niederländischer Gulden",
            "displayName-count-one": "Niederländischer Gulden",
            "displayName-count-other": "Niederländische Gulden"
          },
          "NOK": {
            "displayName": "Norwegische Krone",
            "displayName-count-one": "Norwegische Krone",
            "displayName-count-other": "Norwegische Kronen",
            "symbol-alt-narrow": "kr"
          },
          "NPR": {
            "displayName": "Nepalesische Rupie",
            "displayName-count-one": "Nepalesische Rupie",
            "displayName-count-other": "Nepalesische Rupien",
            "symbol-alt-narrow": "Rs"
          },
          "NZD": {
            "displayName": "Neuseeland-Dollar",
            "symbol": "NZ$",
            "symbol-alt-narrow": "$"
          },
          "OMR": {
            "displayName": "Omanischer Rial",
            "displayName-count-one": "Omanischer Rial",
            "displayName-count-other": "Omanische Rials"
          },
          "PAB": {
            "displayName": "Panamaischer Balboa",
            "displayName-count-one": "Panamaischer Balboa",
            "displayName-count-other": "Panamaische Balboas"
          },
          "PEI": {
            "displayName": "Peruanischer Inti",
            "displayName-count-one": "Peruanische Inti",
            "displayName-count-other": "Peruanische Inti"
          },
          "PEN": {
            "displayName": "Peruanischer Sol",
            "displayName-count-one": "Peruanischer Sol",
            "displayName-count-other": "Peruanische Sol"
          },
          "PES": {
            "displayName": "Peruanischer Sol (1863–1965)",
            "displayName-count-one": "Peruanischer Sol (1863–1965)",
            "displayName-count-other": "Peruanische Sol (1863–1965)"
          },
          "PGK": {
            "displayName": "Papua-neuguineischer Kina"
          },
          "PHP": {
            "displayName": "Philippinischer Peso",
            "displayName-count-one": "Philippinischer Peso",
            "displayName-count-other": "Philippinische Pesos",
            "symbol": "PHP",
            "symbol-alt-narrow": "₱"
          },
          "PKR": {
            "displayName": "Pakistanische Rupie",
            "displayName-count-one": "Pakistanische Rupie",
            "displayName-count-other": "Pakistanische Rupien",
            "symbol-alt-narrow": "Rs"
          },
          "PLN": {
            "displayName": "Polnischer Złoty",
            "displayName-count-one": "Polnischer Złoty",
            "displayName-count-other": "Polnische Złoty",
            "symbol-alt-narrow": "zł"
          },
          "PLZ": {
            "displayName": "Polnischer Zloty (1950–1995)",
            "displayName-count-one": "Polnischer Zloty (1950–1995)",
            "displayName-count-other": "Polnische Zloty (1950–1995)"
          },
          "PTE": {
            "displayName": "Portugiesischer Escudo",
            "displayName-count-one": "Portugiesische Escudo",
            "displayName-count-other": "Portugiesische Escudo"
          },
          "PYG": {
            "displayName": "Paraguayischer Guaraní",
            "displayName-count-one": "Paraguayischer Guaraní",
            "displayName-count-other": "Paraguayische Guaraníes",
            "symbol-alt-narrow": "₲"
          },
          "QAR": {
            "displayName": "Katar-Riyal"
          },
          "RHD": {
            "displayName": "Rhodesischer Dollar",
            "displayName-count-one": "Rhodesische Dollar",
            "displayName-count-other": "Rhodesische Dollar"
          },
          "ROL": {
            "displayName": "Rumänischer Leu (1952–2006)",
            "displayName-count-one": "Rumänischer Leu (1952–2006)",
            "displayName-count-other": "Rumänische Leu (1952–2006)"
          },
          "RON": {
            "displayName": "Rumänischer Leu",
            "displayName-count-one": "Rumänischer Leu",
            "displayName-count-other": "Rumänische Leu",
            "symbol-alt-narrow": "L"
          },
          "RSD": {
            "displayName": "Serbischer Dinar",
            "displayName-count-one": "Serbischer Dinar",
            "displayName-count-other": "Serbische Dinaren"
          },
          "RUB": {
            "displayName": "Russischer Rubel",
            "displayName-count-one": "Russischer Rubel",
            "displayName-count-other": "Russische Rubel",
            "symbol-alt-narrow": "₽"
          },
          "RUR": {
            "displayName": "Russischer Rubel (1991–1998)",
            "displayName-count-one": "Russischer Rubel (1991–1998)",
            "displayName-count-other": "Russische Rubel (1991–1998)",
            "symbol-alt-narrow": "р."
          },
          "RWF": {
            "displayName": "Ruanda-Franc",
            "displayName-count-one": "Ruanda-Franc",
            "displayName-count-other": "Ruanda-Francs",
            "symbol-alt-narrow": "F.Rw"
          },
          "SAR": {
            "displayName": "Saudi-Rial"
          },
          "SBD": {
            "displayName": "Salomonen-Dollar",
            "symbol-alt-narrow": "$"
          },
          "SCR": {
            "displayName": "Seychellen-Rupie",
            "displayName-count-one": "Seychellen-Rupie",
            "displayName-count-other": "Seychellen-Rupien"
          },
          "SDD": {
            "displayName": "Sudanesischer Dinar (1992–2007)",
            "displayName-count-one": "Sudanesischer Dinar (1992–2007)",
            "displayName-count-other": "Sudanesische Dinar (1992–2007)"
          },
          "SDG": {
            "displayName": "Sudanesisches Pfund",
            "displayName-count-one": "Sudanesisches Pfund",
            "displayName-count-other": "Sudanesische Pfund"
          },
          "SDP": {
            "displayName": "Sudanesisches Pfund (1957–1998)",
            "displayName-count-one": "Sudanesisches Pfund (1957–1998)",
            "displayName-count-other": "Sudanesische Pfund (1957–1998)"
          },
          "SEK": {
            "displayName": "Schwedische Krone",
            "displayName-count-one": "Schwedische Krone",
            "displayName-count-other": "Schwedische Kronen",
            "symbol-alt-narrow": "kr"
          },
          "SGD": {
            "displayName": "Singapur-Dollar",
            "symbol-alt-narrow": "$"
          },
          "SHP": {
            "displayName": "St.-Helena-Pfund",
            "symbol-alt-narrow": "£"
          },
          "SIT": {
            "displayName": "Slowenischer Tolar",
            "displayName-count-one": "Slowenischer Tolar",
            "displayName-count-other": "Slowenische Tolar"
          },
          "SKK": {
            "displayName": "Slowakische Krone",
            "displayName-count-one": "Slowakische Kronen",
            "displayName-count-other": "Slowakische Kronen"
          },
          "SLE": {
            "displayName": "Sierra-leonischer Leone",
            "displayName-count-one": "Sierra-leonischer Leone",
            "displayName-count-other": "Sierra-leonische Leones"
          },
          "SLL": {
            "displayName": "Sierra-leonischer Leone (1964—2022)",
            "displayName-count-one": "Sierra-leonischer Leone (1964—2022)",
            "displayName-count-other": "Sierra-leonische Leones (1964—2022)"
          },
          "SOS": {
            "displayName": "Somalia-Schilling"
          },
          "SRD": {
            "displayName": "Suriname-Dollar",
            "symbol-alt-narrow": "$"
          },
          "SRG": {
            "displayName": "Suriname Gulden",
            "displayName-count-one": "Suriname-Gulden",
            "displayName-count-other": "Suriname-Gulden"
          },
          "SSP": {
            "displayName": "Südsudanesisches Pfund",
            "displayName-count-one": "Südsudanesisches Pfund",
            "displayName-count-other": "Südsudanesische Pfund",
            "symbol-alt-narrow": "£"
          },
          "STD": {
            "displayName": "São-toméischer Dobra (1977–2017)",
            "displayName-count-one": "São-toméischer Dobra (1977–2017)",
            "displayName-count-other": "São-toméische Dobra (1977–2017)"
          },
          "STN": {
            "displayName": "São-toméischer Dobra",
            "displayName-count-one": "São-toméischer Dobra",
            "displayName-count-other": "São-toméische Dobras",
            "symbol-alt-narrow": "Db"
          },
          "SUR": {
            "displayName": "Sowjetischer Rubel",
            "displayName-count-one": "Sowjetische Rubel",
            "displayName-count-other": "Sowjetische Rubel"
          },
          "SVC": {
            "displayName": "El Salvador Colon",
            "displayName-count-one": "El Salvador-Colon",
            "displayName-count-other": "El Salvador-Colon"
          },
          "SYP": {
            "displayName": "Syrisches Pfund",
            "displayName-count-one": "Syrisches Pfund",
            "displayName-count-other": "Syrische Pfund",
            "symbol-alt-narrow": "SYP"
          },
          "SZL": {
            "displayName": "Swasiländischer Lilangeni",
            "displayName-count-one": "Swasiländischer Lilangeni",
            "displayName-count-other": "Swasiländische Emalangeni"
          },
          "THB": {
            "displayName": "Thailändischer Baht",
            "displayName-count-one": "Thailändischer Baht",
            "displayName-count-other": "Thailändische Baht",
            "symbol": "฿",
            "symbol-alt-narrow": "฿"
          },
          "TJR": {
            "displayName": "Tadschikistan Rubel",
            "displayName-count-one": "Tadschikistan-Rubel",
            "displayName-count-other": "Tadschikistan-Rubel"
          },
          "TJS": {
            "displayName": "Tadschikistan-Somoni"
          },
          "TMM": {
            "displayName": "Turkmenistan-Manat (1993–2009)"
          },
          "TMT": {
            "displayName": "Turkmenistan-Manat"
          },
          "TND": {
            "displayName": "Tunesischer Dinar",
            "displayName-count-one": "Tunesischer Dinar",
            "displayName-count-other": "Tunesische Dinar"
          },
          "TOP": {
            "displayName": "Tongaischer Paʻanga",
            "displayName-count-one": "Tongaischer Paʻanga",
            "displayName-count-other": "Tongaische Paʻanga",
            "symbol-alt-narrow": "T$"
          },
          "TPE": {
            "displayName": "Timor-Escudo"
          },
          "TRL": {
            "displayName": "Türkische Lira (1922–2005)"
          },
          "TRY": {
            "displayName": "Türkische Lira",
            "symbol-alt-narrow": "₺",
            "symbol-alt-variant": "TL"
          },
          "TTD": {
            "displayName": "Trinidad-und-Tobago-Dollar",
            "symbol-alt-narrow": "$"
          },
          "TWD": {
            "displayName": "Neuer Taiwan-Dollar",
            "displayName-count-one": "Neuer Taiwan-Dollar",
            "displayName-count-other": "Neue Taiwan-Dollar",
            "symbol": "NT$",
            "symbol-alt-narrow": "NT$"
          },
          "TZS": {
            "displayName": "Tansania-Schilling"
          },
          "UAH": {
            "displayName": "Ukrainische Hrywnja",
            "displayName-count-one": "Ukrainische Hrywnja",
            "displayName-count-other": "Ukrainische Hrywen",
            "symbol-alt-narrow": "₴"
          },
          "UAK": {
            "displayName": "Ukrainischer Karbovanetz",
            "displayName-count-one": "Ukrainische Karbovanetz",
            "displayName-count-other": "Ukrainische Karbovanetz"
          },
          "UGS": {
            "displayName": "Uganda-Schilling (1966–1987)"
          },
          "UGX": {
            "displayName": "Uganda-Schilling"
          },
          "USD": {
            "displayName": "US-Dollar",
            "symbol": "$",
            "symbol-alt-narrow": "$"
          },
          "USN": {
            "displayName": "US Dollar (Nächster Tag)",
            "displayName-count-one": "US-Dollar (Nächster Tag)",
            "displayName-count-other": "US-Dollar (Nächster Tag)"
          },
          "USS": {
            "displayName": "US Dollar (Gleicher Tag)",
            "displayName-count-one": "US-Dollar (Gleicher Tag)",
            "displayName-count-other": "US-Dollar (Gleicher Tag)"
          },
          "UYI": {
            "displayName": "Uruguayischer Peso (Indexierte Rechnungseinheiten)",
            "displayName-count-one": "Uruguayischer Peso (Indexierte Rechnungseinheiten)",
            "displayName-count-other": "Uruguayische Pesos (Indexierte Rechnungseinheiten)"
          },
          "UYP": {
            "displayName": "Uruguayischer Peso (1975–1993)",
            "displayName-count-one": "Uruguayischer Peso (1975–1993)",
            "displayName-count-other": "Uruguayische Pesos (1975–1993)"
          },
          "UYU": {
            "displayName": "Uruguayischer Peso",
            "displayName-count-one": "Uruguayischer Peso",
            "displayName-count-other": "Uruguayische Pesos",
            "symbol-alt-narrow": "$"
          },
          "UZS": {
            "displayName": "Usbekistan-Sum"
          },
          "VEB": {
            "displayName": "Venezolanischer Bolívar (1871–2008)",
            "displayName-count-one": "Venezolanischer Bolívar (1871–2008)",
            "displayName-count-other": "Venezolanische Bolívares (1871–2008)"
          },
          "VEF": {
            "displayName": "Venezolanischer Bolívar (2008–2018)",
            "displayName-count-one": "Venezolanischer Bolívar (2008–2018)",
            "displayName-count-other": "Venezolanische Bolívares (2008–2018)",
            "symbol-alt-narrow": "Bs"
          },
          "VES": {
            "displayName": "Venezolanischer Bolívar",
            "displayName-count-one": "Venezolanischer Bolívar",
            "displayName-count-other": "Venezolanische Bolívares"
          },
          "VND": {
            "displayName": "Vietnamesischer Dong",
            "displayName-count-one": "Vietnamesischer Dong",
            "displayName-count-other": "Vietnamesische Dong",
            "symbol": "₫",
            "symbol-alt-narrow": "₫"
          },
          "VNN": {
            "displayName": "Vietnamesischer Dong(1978–1985)",
            "displayName-count-one": "Vietnamesischer Dong(1978–1985)",
            "displayName-count-other": "Vietnamesische Dong(1978–1985)"
          },
          "VUV": {
            "displayName": "Vanuatu-Vatu"
          },
          "WST": {
            "displayName": "Samoanischer Tala",
            "displayName-count-one": "Samoanischer Tala",
            "displayName-count-other": "Samoanische Tala"
          },
          "XAF": {
            "displayName": "CFA-Franc (BEAC)",
            "symbol": "FCFA"
          },
          "XAG": {
            "displayName": "Unze Silber",
            "displayName-count-one": "Unze Silber",
            "displayName-count-other": "Unzen Silber"
          },
          "XAU": {
            "displayName": "Unze Gold",
            "displayName-count-one": "Unze Gold",
            "displayName-count-other": "Unzen Gold"
          },
          "XBA": {
            "displayName": "Europäische Rechnungseinheit",
            "displayName-count-one": "Europäische Rechnungseinheiten",
            "displayName-count-other": "Europäische Rechnungseinheiten"
          },
          "XBB": {
            "displayName": "Europäische Währungseinheit (XBB)",
            "displayName-count-one": "Europäische Währungseinheiten (XBB)",
            "displayName-count-other": "Europäische Währungseinheiten (XBB)"
          },
          "XBC": {
            "displayName": "Europäische Rechnungseinheit (XBC)",
            "displayName-count-one": "Europäische Rechnungseinheiten (XBC)",
            "displayName-count-other": "Europäische Rechnungseinheiten (XBC)"
          },
          "XBD": {
            "displayName": "Europäische Rechnungseinheit (XBD)",
            "displayName-count-one": "Europäische Rechnungseinheiten (XBD)",
            "displayName-count-other": "Europäische Rechnungseinheiten (XBD)"
          },
          "XCD": {
            "displayName": "Ostkaribischer Dollar",
            "displayName-count-one": "Ostkaribischer Dollar",
            "displayName-count-other": "Ostkaribische Dollar",
            "symbol": "EC$",
            "symbol-alt-narrow": "$"
          },
          "XCG": {
            "symbol": "Cg."
          },
          "XDR": {
            "displayName": "Sonderziehungsrechte"
          },
          "XEU": {
            "displayName": "Europäische Währungseinheit (XEU)",
            "displayName-count-one": "Europäische Währungseinheiten (XEU)",
            "displayName-count-other": "Europäische Währungseinheiten (XEU)"
          },
          "XFO": {
            "displayName": "Französischer Gold-Franc",
            "displayName-count-one": "Französische Gold-Franc",
            "displayName-count-other": "Französische Gold-Franc"
          },
          "XFU": {
            "displayName": "Französischer UIC-Franc",
            "displayName-count-one": "Französische UIC-Franc",
            "displayName-count-other": "Französische UIC-Franc"
          },
          "XOF": {
            "displayName": "CFA-Franc (BCEAO)",
            "displayName-count-one": "CFA-Franc (BCEAO)",
            "displayName-count-other": "CFA-Francs (BCEAO)",
            "symbol": "F CFA"
          },
          "XPD": {
            "displayName": "Unze Palladium",
            "displayName-count-one": "Unze Palladium",
            "displayName-count-other": "Unzen Palladium"
          },
          "XPF": {
            "displayName": "CFP-Franc",
            "symbol": "CFPF"
          },
          "XPT": {
            "displayName": "Unze Platin",
            "displayName-count-one": "Unze Platin",
            "displayName-count-other": "Unzen Platin"
          },
          "XRE": {
            "displayName": "RINET Funds"
          },
          "XSU": {
            "displayName": "SUCRE"
          },
          "XTS": {
            "displayName": "Testwährung"
          },
          "XUA": {
            "displayName": "Rechnungseinheit der AfEB",
            "displayName-count-one": "Rechnungseinheit der AfEB",
            "displayName-count-other": "Rechnungseinheiten der AfEB"
          },
          "XXX": {
            "displayName": "Unbekannte Währung",
            "displayName-count-one": "(unbekannte Währung)",
            "displayName-count-other": "(unbekannte Währung)",
            "symbol": "XXX"
          },
          "YDD": {
            "displayName": "Jemen-Dinar"
          },
          "YER": {
            "displayName": "Jemen-Rial"
          },
          "YUD": {
            "displayName": "Jugoslawischer Dinar (1966–1990)",
            "displayName-count-one": "Jugoslawischer Dinar (1966–1990)",
            "displayName-count-other": "Jugoslawische Dinar (1966–1990)"
          },
          "YUM": {
            "displayName": "Jugoslawischer Neuer Dinar (1994–2002)",
            "displayName-count-one": "Jugoslawischer Neuer Dinar (1994–2002)",
            "displayName-count-other": "Jugoslawische Neue Dinar (1994–2002)"
          },
          "YUN": {
            "displayName": "Jugoslawischer Dinar (konvertibel)",
            "displayName-count-one": "Jugoslawische Dinar (konvertibel)",
            "displayName-count-other": "Jugoslawische Dinar (konvertibel)"
          },
          "YUR": {
            "displayName": "Jugoslawischer reformierter Dinar (1992–1993)",
            "displayName-count-one": "Jugoslawischer reformierter Dinar (1992–1993)",
            "displayName-count-other": "Jugoslawische reformierte Dinar (1992–1993)"
          },
          "ZAL": {
            "displayName": "Südafrikanischer Rand (Finanz)"
          },
          "ZAR": {
            "displayName": "Südafrikanischer Rand",
            "displayName-count-one": "Südafrikanischer Rand",
            "displayName-count-other": "Südafrikanische Rand",
            "symbol-alt-narrow": "R"
          },
          "ZMK": {
            "displayName": "Kwacha (1968–2012)"
          },
          "ZMW": {
            "displayName": "Kwacha",
            "symbol-alt-narrow": "K"
          },
          "ZRN": {
            "displayName": "Zaire-Neuer Zaïre (1993–1998)",
            "displayName-count-one": "Zaire-Neuer Zaïre (1993–1998)",
            "displayName-count-other": "Zaire-Neue Zaïre (1993–1998)"
          },
          "ZRZ": {
            "displayName": "Zaire-Zaïre (1971–1993)"
          },
          "ZWD": {
            "displayName": "Simbabwe-Dollar (1980–2008)"
          },
          "ZWL": {
            "displayName": "Simbabwe-Dollar (2009)"
          },
          "ZWR": {
            "displayName": "Simbabwe-Dollar (2008)"
          }
        }
      }
    }
  }
}