{
  "src/App.css": "@import \"@syncfusion/react-base/styles/material3.css\";\n@import \"@syncfusion/react-buttons/styles/material3.css\";\n@import \"@syncfusion/react-popups/styles/material3.css\";\n@import \"@syncfusion/react-splitbuttons/styles/material3.css\";\n@import \"@syncfusion/react-inputs/styles/material3.css\";\n@import \"@syncfusion/react-calendars/styles/material3.css\";\n@import \"@syncfusion/react-lists/styles/material3.css\";\n@import \"@syncfusion/react-dropdowns/styles/material3.css\";\n@import \"@syncfusion/react-navigations/styles/material3.css\";\n@import \"@syncfusion/react-notifications/styles/material3.css\";\n@import \"@syncfusion/react-pager/styles/material3.css\";\n@import \"@syncfusion/react-grid/styles/material3.css\";\n",
  "src/App.tsx": "import { Grid, Column, Columns, FilterSettings, SortSettings, PageSettings, EditSettings, TextAlign, EditType, FilterBarType, ColumnType } from '@syncfusion/react-grid';\r\nimport { productDatas } from './productDatas';\r\nimport { useState } from 'react';\r\n\r\nexport default function App() {\r\n    // State to manage sort, filter, page, edit and toolbar settings.    \r\n    const [filterSettings] = useState<FilterSettings>({enabled: true});\r\n    const [sortSettings] = useState<SortSettings>({enabled: true});\r\n    const [pageSettings] = useState<PageSettings>({ enabled: true, pageSize: 8, pageCount: 4 });\r\n    const [editSettings] = useState<EditSettings>({ allowEdit: true, allowAdd: true, allowDelete: true });\r\n    const [toolbarOptions] = useState<string[]>(['Add', 'Edit', 'Delete', 'Update', 'Cancel']);\r\n    const productIDRules = { required: true };\r\n    const productRules = { required: true };\r\n    const discountRules = { required: true, number: true };\r\n\r\n    return (\r\n        <div>\r\n            <Grid dataSource={productDatas} toolbar={toolbarOptions} editSettings={editSettings} filterSettings={filterSettings} sortSettings={sortSettings} pageSettings={pageSettings} >\r\n                <Columns>\r\n                    <Column field='ProductID' headerText='Product ID' width='100px' validationRules={productIDRules} isPrimaryKey={true}/>\r\n                    <Column field='ProductCategory' headerText='Product' width='120' edit= {{type:EditType.DropDownList}} validationRules={productRules} />\r\n                    <Column field='StockQuantity' headerText='Units Sold' textAlign={TextAlign.Right}  edit= {{type:EditType.NumericTextBox}} width='140px' filter={{filterBarType:FilterBarType.NumericTextBox}} validationRules={discountRules} />\r\n                    <Column field='Discount' headerText='Discount' format=\"C2\" edit= {{type:EditType.NumericTextBox}} textAlign={TextAlign.Right} width='140px' filter={{filterBarType:FilterBarType.NumericTextBox}} validationRules={discountRules} />\r\n                    <Column field='Revenue' headerText='Revenue' width='150px' format=\"C2\"  edit= {{type:EditType.NumericTextBox}} filter={{filterBarType:FilterBarType.NumericTextBox}} textAlign={TextAlign.Right}/>\r\n                    <Column field='TransactionDate' headerText='Transaction Date' width='170' type={ColumnType.Date} filter={{filterBarType:FilterBarType.DatePicker}} edit={{ type:EditType.DatePicker}} format='yMd' textAlign={TextAlign.Right} />\r\n                </Columns>\r\n            </Grid>\r\n        </div>\r\n    );\r\n};\r\n",
  "src/productDatas.ts": "export const productDatas: object[] = [\r\n  {\r\n    \"ProductID\": \"P-001\",\r\n    \"ProductCategory\": \"Electronics\",\r\n    \"Revenue\": 447.19,\r\n    \"Discount\": 23.26,\r\n    \"TransactionDate\": new Date(1735689600000),\r\n    \"ShippingMethod\": \"Express\",\r\n    \"WarehouseLocation\": \"Warehouse A\",\r\n    \"StockQuantity\": 25,\r\n    \"OrderQuantity\": 4\r\n  },\r\n  {\r\n    \"ProductID\": \"P-002\",\r\n    \"ProductCategory\": \"Clothing\",\r\n    \"Revenue\": 128.543,\r\n    \"Discount\": 15.7,\r\n    \"TransactionDate\": new Date(1735776000000),\r\n    \"ShippingMethod\": \"Standard\",\r\n    \"WarehouseLocation\": \"Warehouse B\",\r\n    \"StockQuantity\": 60,\r\n    \"OrderQuantity\": 2\r\n  },\r\n  {\r\n    \"ProductID\": \"P-003\",\r\n    \"ProductCategory\": \"Books\",\r\n    \"Revenue\": 89.2,\r\n    \"Discount\": 10.45,\r\n    \"TransactionDate\": new Date(1735862400000),\r\n    \"ShippingMethod\": \"Standard\",\r\n    \"WarehouseLocation\": \"Warehouse A\",\r\n    \"StockQuantity\": 85,\r\n    \"OrderQuantity\": 1\r\n  },\r\n  {\r\n    \"ProductID\": \"P-004\",\r\n    \"ProductCategory\": \"Garden\",\r\n    \"Revenue\": 675.321,\r\n    \"Discount\": 27.8,\r\n    \"TransactionDate\": new Date(1735948800000),\r\n    \"ShippingMethod\": \"Express\",\r\n    \"WarehouseLocation\": \"Warehouse B\",\r\n    \"StockQuantity\": 15,\r\n    \"OrderQuantity\": 6\r\n  },\r\n  {\r\n    \"ProductID\": \"P-005\",\r\n    \"ProductCategory\": \"Toys\",\r\n    \"Revenue\": 234.67,\r\n    \"Discount\": 19.12,\r\n    \"TransactionDate\": new Date(1736035200000),\r\n    \"ShippingMethod\": \"Standard\",\r\n    \"WarehouseLocation\": \"Warehouse A\",\r\n    \"StockQuantity\": 40,\r\n    \"OrderQuantity\": 3\r\n  },\r\n  {\r\n    \"ProductID\": \"P-006\",\r\n    \"ProductCategory\": \"Electronics\",\r\n    \"Revenue\": 512.098,\r\n    \"Discount\": 22.3,\r\n    \"TransactionDate\": new Date(1736121600000),\r\n    \"ShippingMethod\": \"Express\",\r\n    \"WarehouseLocation\": \"Warehouse B\",\r\n    \"StockQuantity\": 20,\r\n    \"OrderQuantity\": 5\r\n  },\r\n  {\r\n    \"ProductID\": \"P-007\",\r\n    \"ProductCategory\": \"Clothing\",\r\n    \"Revenue\": 76.54,\r\n    \"Discount\": 8.9,\r\n    \"TransactionDate\": new Date(1736208000000),\r\n    \"ShippingMethod\": \"Standard\",\r\n    \"WarehouseLocation\": \"Warehouse A\",\r\n    \"StockQuantity\": 90,\r\n    \"OrderQuantity\": 1\r\n  },\r\n  {\r\n    \"ProductID\": \"P-008\",\r\n    \"ProductCategory\": \"Books\",\r\n    \"Revenue\": 345.231,\r\n    \"Discount\": 12.67,\r\n    \"TransactionDate\": new Date(1736294400000),\r\n    \"ShippingMethod\": \"Express\",\r\n    \"WarehouseLocation\": \"Warehouse B\",\r\n    \"StockQuantity\": 35,\r\n    \"OrderQuantity\": 4\r\n  },\r\n  {\r\n    \"ProductID\": \"P-009\",\r\n    \"ProductCategory\": \"Garden\",\r\n    \"Revenue\": 987.45,\r\n    \"Discount\": 25.4,\r\n    \"TransactionDate\": new Date(1736380800000),\r\n    \"ShippingMethod\": \"Express\",\r\n    \"WarehouseLocation\": \"Warehouse A\",\r\n    \"StockQuantity\": 10,\r\n    \"OrderQuantity\": 7\r\n  },\r\n  {\r\n    \"ProductID\": \"P-010\",\r\n    \"ProductCategory\": \"Toys\",\r\n    \"Revenue\": 156.789,\r\n    \"Discount\": 17.23,\r\n    \"TransactionDate\": new Date(1736467200000),\r\n    \"ShippingMethod\": \"Standard\",\r\n    \"WarehouseLocation\": \"Warehouse B\",\r\n    \"StockQuantity\": 55,\r\n    \"OrderQuantity\": 2\r\n  },\r\n  {\r\n    \"ProductID\": \"P-011\",\r\n    \"ProductCategory\": \"Electronics\",\r\n    \"Revenue\": 623.12,\r\n    \"Discount\": 20.56,\r\n    \"TransactionDate\": new Date(1736553600000),\r\n    \"ShippingMethod\": \"Express\",\r\n    \"WarehouseLocation\": \"Warehouse A\",\r\n    \"StockQuantity\": 18,\r\n    \"OrderQuantity\": 6\r\n  },\r\n  {\r\n    \"ProductID\": \"P-012\",\r\n    \"ProductCategory\": \"Clothing\",\r\n    \"Revenue\": 321.456,\r\n    \"Discount\": 14.89,\r\n    \"TransactionDate\": new Date(1736640000000),\r\n    \"ShippingMethod\": \"Standard\",\r\n    \"WarehouseLocation\": \"Warehouse B\",\r\n    \"StockQuantity\": 45,\r\n    \"OrderQuantity\": 3\r\n  },\r\n  {\r\n    \"ProductID\": \"P-013\",\r\n    \"ProductCategory\": \"Books\",\r\n    \"Revenue\": 78.9,\r\n    \"Discount\": 11.34,\r\n    \"TransactionDate\": new Date(1736726400000),\r\n    \"ShippingMethod\": \"Standard\",\r\n    \"WarehouseLocation\": \"Warehouse A\",\r\n    \"StockQuantity\": 80,\r\n    \"OrderQuantity\": 1\r\n  },\r\n  {\r\n    \"ProductID\": \"P-014\",\r\n    \"ProductCategory\": \"Garden\",\r\n    \"Revenue\": 456.789,\r\n    \"Discount\": 28.12,\r\n    \"TransactionDate\": new Date(1736812800000),\r\n    \"ShippingMethod\": \"Express\",\r\n    \"WarehouseLocation\": \"Warehouse B\",\r\n    \"StockQuantity\": 22,\r\n    \"OrderQuantity\": 5\r\n  },\r\n  {\r\n    \"ProductID\": \"P-015\",\r\n    \"ProductCategory\": \"Toys\",\r\n    \"Revenue\": 234.56,\r\n    \"Discount\": 16.78,\r\n    \"TransactionDate\": new Date(1736899200000),\r\n    \"ShippingMethod\": \"Standard\",\r\n    \"WarehouseLocation\": \"Warehouse A\",\r\n    \"StockQuantity\": 50,\r\n    \"OrderQuantity\": 3\r\n  },\r\n  {\r\n    \"ProductID\": \"P-016\",\r\n    \"ProductCategory\": \"Electronics\",\r\n    \"Revenue\": 789.123,\r\n    \"Discount\": 21.45,\r\n    \"TransactionDate\": new Date(1736985600000),\r\n    \"ShippingMethod\": \"Express\",\r\n    \"WarehouseLocation\": \"Warehouse B\",\r\n    \"StockQuantity\": 15,\r\n    \"OrderQuantity\": 7\r\n  },\r\n  {\r\n    \"ProductID\": \"P-017\",\r\n    \"ProductCategory\": \"Clothing\",\r\n    \"Revenue\": 198.76,\r\n    \"Discount\": 13.21,\r\n    \"TransactionDate\": new Date(1737072000000),\r\n    \"ShippingMethod\": \"Standard\",\r\n    \"WarehouseLocation\": \"Warehouse A\",\r\n    \"StockQuantity\": 65,\r\n    \"OrderQuantity\": 2\r\n  },\r\n  {\r\n    \"ProductID\": \"P-018\",\r\n    \"ProductCategory\": \"Books\",\r\n    \"Revenue\": 412.345,\r\n    \"Discount\": 18.9,\r\n    \"TransactionDate\": new Date(1737158400000),\r\n    \"ShippingMethod\": \"Express\",\r\n    \"WarehouseLocation\": \"Warehouse B\",\r\n    \"StockQuantity\": 30,\r\n    \"OrderQuantity\": 4\r\n  },\r\n  {\r\n    \"ProductID\": \"P-019\",\r\n    \"ProductCategory\": \"Garden\",\r\n    \"Revenue\": 567.89,\r\n    \"Discount\": 24.67,\r\n    \"TransactionDate\": new Date(1737244800000),\r\n    \"ShippingMethod\": \"Express\",\r\n    \"WarehouseLocation\": \"Warehouse A\",\r\n    \"StockQuantity\": 20,\r\n    \"OrderQuantity\": 5\r\n  },\r\n  {\r\n    \"ProductID\": \"P-020\",\r\n    \"ProductCategory\": \"Toys\",\r\n    \"Revenue\": 345.12,\r\n    \"Discount\": 15.34,\r\n    \"TransactionDate\": new Date(1737331200000),\r\n    \"ShippingMethod\": \"Standard\",\r\n    \"WarehouseLocation\": \"Warehouse B\",\r\n    \"StockQuantity\": 45,\r\n    \"OrderQuantity\": 3\r\n  },\r\n  {\r\n    \"ProductID\": \"P-021\",\r\n    \"ProductCategory\": \"Electronics\",\r\n    \"Revenue\": 678.901,\r\n    \"Discount\": 19.78,\r\n    \"TransactionDate\": new Date(1737417600000),\r\n    \"ShippingMethod\": \"Express\",\r\n    \"WarehouseLocation\": \"Warehouse A\",\r\n    \"StockQuantity\": 17,\r\n    \"OrderQuantity\": 6\r\n  },\r\n  {\r\n    \"ProductID\": \"P-022\",\r\n    \"ProductCategory\": \"Clothing\",\r\n    \"Revenue\": 234.567,\r\n    \"Discount\": 12.45,\r\n    \"TransactionDate\": new Date(1737504000000),\r\n    \"ShippingMethod\": \"Standard\",\r\n    \"WarehouseLocation\": \"Warehouse B\",\r\n    \"StockQuantity\": 55,\r\n    \"OrderQuantity\": 2\r\n  },\r\n  {\r\n    \"ProductID\": \"P-023\",\r\n    \"ProductCategory\": \"Books\",\r\n    \"Revenue\": 89.123,\r\n    \"Discount\": 9.8,\r\n    \"TransactionDate\": new Date(1737590400000),\r\n    \"ShippingMethod\": \"Standard\",\r\n    \"WarehouseLocation\": \"Warehouse A\",\r\n    \"StockQuantity\": 75,\r\n    \"OrderQuantity\": 1\r\n  },\r\n  {\r\n    \"ProductID\": \"P-024\",\r\n    \"ProductCategory\": \"Garden\",\r\n    \"Revenue\": 456.78,\r\n    \"Discount\": 26.12,\r\n    \"TransactionDate\": new Date(1737676800000),\r\n    \"ShippingMethod\": \"Express\",\r\n    \"WarehouseLocation\": \"Warehouse B\",\r\n    \"StockQuantity\": 25,\r\n    \"OrderQuantity\": 4\r\n  },\r\n  {\r\n    \"ProductID\": \"P-025\",\r\n    \"ProductCategory\": \"Toys\",\r\n    \"Revenue\": 123.456,\r\n    \"Discount\": 14.56,\r\n    \"TransactionDate\": new Date(1737763200000),\r\n    \"ShippingMethod\": \"Standard\",\r\n    \"WarehouseLocation\": \"Warehouse A\",\r\n    \"StockQuantity\": 70,\r\n    \"OrderQuantity\": 2\r\n  },\r\n  {\r\n    \"ProductID\": \"P-026\",\r\n    \"ProductCategory\": \"Electronics\",\r\n    \"Revenue\": 789.01,\r\n    \"Discount\": 22.89,\r\n    \"TransactionDate\": new Date(1737849600000),\r\n    \"ShippingMethod\": \"Express\",\r\n    \"WarehouseLocation\": \"Warehouse B\",\r\n    \"StockQuantity\": 12,\r\n    \"OrderQuantity\": 7\r\n  },\r\n  {\r\n    \"ProductID\": \"P-027\",\r\n    \"ProductCategory\": \"Clothing\",\r\n    \"Revenue\": 345.67,\r\n    \"Discount\": 17.23,\r\n    \"TransactionDate\": new Date(1737936000000),\r\n    \"ShippingMethod\": \"Standard\",\r\n    \"WarehouseLocation\": \"Warehouse A\",\r\n    \"StockQuantity\": 40,\r\n    \"OrderQuantity\": 3\r\n  },\r\n  {\r\n    \"ProductID\": \"P-028\",\r\n    \"ProductCategory\": \"Books\",\r\n    \"Revenue\": 67.89,\r\n    \"Discount\": 10.12,\r\n    \"TransactionDate\": new Date(1738022400000),\r\n    \"ShippingMethod\": \"Standard\",\r\n    \"WarehouseLocation\": \"Warehouse B\",\r\n    \"StockQuantity\": 80,\r\n    \"OrderQuantity\": 1\r\n  },\r\n  {\r\n    \"ProductID\": \"P-029\",\r\n    \"ProductCategory\": \"Garden\",\r\n    \"Revenue\": 543.21,\r\n    \"Discount\": 28.45,\r\n    \"TransactionDate\": new Date(1738108800000),\r\n    \"ShippingMethod\": \"Express\",\r\n    \"WarehouseLocation\": \"Warehouse A\",\r\n    \"StockQuantity\": 18,\r\n    \"OrderQuantity\": 5\r\n  },\r\n  {\r\n    \"ProductID\": \"P-030\",\r\n    \"ProductCategory\": \"Toys\",\r\n    \"Revenue\": 234.789,\r\n    \"Discount\": 16.78,\r\n    \"TransactionDate\": new Date(1738195200000),\r\n    \"ShippingMethod\": \"Standard\",\r\n    \"WarehouseLocation\": \"Warehouse B\",\r\n    \"StockQuantity\": 50,\r\n    \"OrderQuantity\": 3\r\n  },\r\n  {\r\n    \"ProductID\": \"P-031\",\r\n    \"ProductCategory\": \"Electronics\",\r\n    \"Revenue\": 678.123,\r\n    \"Discount\": 21.34,\r\n    \"TransactionDate\": new Date(1738281600000),\r\n    \"ShippingMethod\": \"Express\",\r\n    \"WarehouseLocation\": \"Warehouse A\",\r\n    \"StockQuantity\": 20,\r\n    \"OrderQuantity\": 6\r\n  },\r\n  {\r\n    \"ProductID\": \"P-032\",\r\n    \"ProductCategory\": \"Clothing\",\r\n    \"Revenue\": 123.456,\r\n    \"Discount\": 13.89,\r\n    \"TransactionDate\": new Date(1738368000000),\r\n    \"ShippingMethod\": \"Standard\",\r\n    \"WarehouseLocation\": \"Warehouse B\",\r\n    \"StockQuantity\": 65,\r\n    \"OrderQuantity\": 2\r\n  },\r\n  {\r\n    \"ProductID\": \"P-033\",\r\n    \"ProductCategory\": \"Books\",\r\n    \"Revenue\": 456.78,\r\n    \"Discount\": 18.23,\r\n    \"TransactionDate\": new Date(1738454400000),\r\n    \"ShippingMethod\": \"Express\",\r\n    \"WarehouseLocation\": \"Warehouse A\",\r\n    \"StockQuantity\": 30,\r\n    \"OrderQuantity\": 4\r\n  },\r\n  {\r\n    \"ProductID\": \"P-034\",\r\n    \"ProductCategory\": \"Garden\",\r\n    \"Revenue\": 789.12,\r\n    \"Discount\": 25.67,\r\n    \"TransactionDate\": new Date(1738540800000),\r\n    \"ShippingMethod\": \"Express\",\r\n    \"WarehouseLocation\": \"Warehouse B\",\r\n    \"StockQuantity\": 15,\r\n    \"OrderQuantity\": 7\r\n  },\r\n  {\r\n    \"ProductID\": \"P-035\",\r\n    \"ProductCategory\": \"Toys\",\r\n    \"Revenue\": 234.56,\r\n    \"Discount\": 15.45,\r\n    \"TransactionDate\": new Date(1738627200000),\r\n    \"ShippingMethod\": \"Standard\",\r\n    \"WarehouseLocation\": \"Warehouse A\",\r\n    \"StockQuantity\": 55,\r\n    \"OrderQuantity\": 3\r\n  },\r\n  {\r\n    \"ProductID\": \"P-036\",\r\n    \"ProductCategory\": \"Electronics\",\r\n    \"Revenue\": 567.89,\r\n    \"Discount\": 20.12,\r\n    \"TransactionDate\": new Date(1738713600000),\r\n    \"ShippingMethod\": \"Express\",\r\n    \"WarehouseLocation\": \"Warehouse B\",\r\n    \"StockQuantity\": 25,\r\n    \"OrderQuantity\": 5\r\n  },\r\n  {\r\n    \"ProductID\": \"P-037\",\r\n    \"ProductCategory\": \"Clothing\",\r\n    \"Revenue\": 345.67,\r\n    \"Discount\": 12.78,\r\n    \"TransactionDate\": new Date(1738800000000),\r\n    \"ShippingMethod\": \"Standard\",\r\n    \"WarehouseLocation\": \"Warehouse A\",\r\n    \"StockQuantity\": 50,\r\n    \"OrderQuantity\": 3\r\n  },\r\n  {\r\n    \"ProductID\": \"P-038\",\r\n    \"ProductCategory\": \"Books\",\r\n    \"Revenue\": 89.123,\r\n    \"Discount\": 9.34,\r\n    \"TransactionDate\": new Date(1738886400000),\r\n    \"ShippingMethod\": \"Standard\",\r\n    \"WarehouseLocation\": \"Warehouse B\",\r\n    \"StockQuantity\": 70,\r\n    \"OrderQuantity\": 1\r\n  },\r\n  {\r\n    \"ProductID\": \"P-039\",\r\n    \"ProductCategory\": \"Garden\",\r\n    \"Revenue\": 456.789,\r\n    \"Discount\": 26.89,\r\n    \"TransactionDate\": new Date(1738972800000),\r\n    \"ShippingMethod\": \"Express\",\r\n    \"WarehouseLocation\": \"Warehouse A\",\r\n    \"StockQuantity\": 20,\r\n    \"OrderQuantity\": 4\r\n  },\r\n  {\r\n    \"ProductID\": \"P-040\",\r\n    \"ProductCategory\": \"Toys\",\r\n    \"Revenue\": 123.456,\r\n    \"Discount\": 14.12,\r\n    \"TransactionDate\": new Date(1739059200000),\r\n    \"ShippingMethod\": \"Standard\",\r\n    \"WarehouseLocation\": \"Warehouse B\",\r\n    \"StockQuantity\": 60,\r\n    \"OrderQuantity\": 2\r\n  },\r\n  {\r\n    \"ProductID\": \"P-041\",\r\n    \"ProductCategory\": \"Electronics\",\r\n    \"Revenue\": 789.01,\r\n    \"Discount\": 22.45,\r\n    \"TransactionDate\": new Date(1739145600000),\r\n    \"ShippingMethod\": \"Express\",\r\n    \"WarehouseLocation\": \"Warehouse A\",\r\n    \"StockQuantity\": 15,\r\n    \"OrderQuantity\": 7\r\n  },\r\n  {\r\n    \"ProductID\": \"P-042\",\r\n    \"ProductCategory\": \"Clothing\",\r\n    \"Revenue\": 345.67,\r\n    \"Discount\": 17.89,\r\n    \"TransactionDate\": new Date(1739232000000),\r\n    \"ShippingMethod\": \"Standard\",\r\n    \"WarehouseLocation\": \"Warehouse B\",\r\n    \"StockQuantity\": 45,\r\n    \"OrderQuantity\": 3\r\n  },\r\n  {\r\n    \"ProductID\": \"P-043\",\r\n    \"ProductCategory\": \"Books\",\r\n    \"Revenue\": 67.89,\r\n    \"Discount\": 10.56,\r\n    \"TransactionDate\": new Date(1739318400000),\r\n    \"ShippingMethod\": \"Standard\",\r\n    \"WarehouseLocation\": \"Warehouse A\",\r\n    \"StockQuantity\": 75,\r\n    \"OrderQuantity\": 1\r\n  },\r\n  {\r\n    \"ProductID\": \"P-044\",\r\n    \"ProductCategory\": \"Garden\",\r\n    \"Revenue\": 543.21,\r\n    \"Discount\": 28.23,\r\n    \"TransactionDate\": new Date(1739404800000),\r\n    \"ShippingMethod\": \"Express\",\r\n    \"WarehouseLocation\": \"Warehouse B\",\r\n    \"StockQuantity\": 18,\r\n    \"OrderQuantity\": 5\r\n  },\r\n  {\r\n    \"ProductID\": \"P-045\",\r\n    \"ProductCategory\": \"Toys\",\r\n    \"Revenue\": 234.789,\r\n    \"Discount\": 16.34,\r\n    \"TransactionDate\": new Date(1739491200000),\r\n    \"ShippingMethod\": \"Standard\",\r\n    \"WarehouseLocation\": \"Warehouse A\",\r\n    \"StockQuantity\": 50,\r\n    \"OrderQuantity\": 3\r\n  },\r\n  {\r\n    \"ProductID\": \"P-046\",\r\n    \"ProductCategory\": \"Electronics\",\r\n    \"Revenue\": 678.123,\r\n    \"Discount\": 21.78,\r\n    \"TransactionDate\": new Date(1739577600000),\r\n    \"ShippingMethod\": \"Express\",\r\n    \"WarehouseLocation\": \"Warehouse B\",\r\n    \"StockQuantity\": 20,\r\n    \"OrderQuantity\": 6\r\n  },\r\n  {\r\n    \"ProductID\": \"P-047\",\r\n    \"ProductCategory\": \"Clothing\",\r\n    \"Revenue\": 123.456,\r\n    \"Discount\": 13.45,\r\n    \"TransactionDate\": new Date(1739664000000),\r\n    \"ShippingMethod\": \"Standard\",\r\n    \"WarehouseLocation\": \"Warehouse A\",\r\n    \"StockQuantity\": 70,\r\n    \"OrderQuantity\": 2\r\n  },\r\n  {\r\n    \"ProductID\": \"P-048\",\r\n    \"ProductCategory\": \"Books\",\r\n    \"Revenue\": 456.78,\r\n    \"Discount\": 18.67,\r\n    \"TransactionDate\": new Date(1739750400000),\r\n    \"ShippingMethod\": \"Express\",\r\n    \"WarehouseLocation\": \"Warehouse B\",\r\n    \"StockQuantity\": 35,\r\n    \"OrderQuantity\": 4\r\n  },\r\n  {\r\n    \"ProductID\": \"P-049\",\r\n    \"ProductCategory\": \"Garden\",\r\n    \"Revenue\": 789.12,\r\n    \"Discount\": 25.12,\r\n    \"TransactionDate\": new Date(1739836800000),\r\n    \"ShippingMethod\": \"Express\",\r\n    \"WarehouseLocation\": \"Warehouse A\",\r\n    \"StockQuantity\": 15,\r\n    \"OrderQuantity\": 7\r\n  },\r\n  {\r\n    \"ProductID\": \"P-050\",\r\n    \"ProductCategory\": \"Toys\",\r\n    \"Revenue\": 234.56,\r\n    \"Discount\": 15.89,\r\n    \"TransactionDate\": new Date(1739923200000),\r\n    \"ShippingMethod\": \"Standard\",\r\n    \"WarehouseLocation\": \"Warehouse B\",\r\n    \"StockQuantity\": 55,\r\n    \"OrderQuantity\": 3\r\n  }];",
  "dependencies": "{\"@syncfusion/react-grid\":\"*\",\"@syncfusion/react-locale\":\"*\",\"@syncfusion/react-cldr-data\":\"*\"}"
}