{
  "src/App.css": "@import \"@syncfusion/react-base/styles/material3.css\";\n@import \"@syncfusion/react-buttons/styles/material3.css\";\n@import \"@syncfusion/react-popups/styles/material3.css\";\n@import \"@syncfusion/react-splitbuttons/styles/material3.css\";\n@import \"@syncfusion/react-inputs/styles/material3.css\";\n@import \"@syncfusion/react-calendars/styles/material3.css\";\n@import \"@syncfusion/react-lists/styles/material3.css\";\n@import \"@syncfusion/react-dropdowns/styles/material3.css\";\n@import \"@syncfusion/react-navigations/styles/material3.css\";\n@import \"@syncfusion/react-notifications/styles/material3.css\";\n@import \"@syncfusion/react-pager/styles/material3.css\";\n@import \"@syncfusion/react-grid/styles/material3.css\";\n",
  "src/App.tsx": " import { Grid, Columns, Column, Aggregates, AggregateColumn, AggregateRow, SortSettings, PageSettings, TextAlign, AggregateType } from '@syncfusion/react-grid';\r\n import { productSalesDetails } from './productSalesDetails';\r\n import { ReactElement, useState } from 'react';\r\n\r\n export default function App() {\r\n  // Initialize state for sort, and pagination settings.  \r\n  const [sortSettings] = useState<SortSettings>({enabled: true});\r\n  const [pageSettings] = useState<PageSettings>({ enabled: true, pageSize: 8, pageCount:4 });\r\n\r\n  // Render footer template for sum aggregate.\r\n  const footerSum = (props: object | undefined): ReactElement => {\r\n    const typedProps = props as { Sum: number | string };\r\n    return (<span>Sum: {typedProps.Sum}</span>);\r\n  };\r\n\r\n  // Render footer template for minimum aggregate.\r\n  const footerMin = (props: object | undefined): ReactElement => {\r\n    const typedProps = props as { Min: number | string };\r\n    return (<span>Min: {typedProps.Min}</span>)\r\n  }\r\n\r\n  // Render footer template for maximum aggregate.\r\n  const footerMax = (props: object | undefined): ReactElement => {\r\n    const typedProps = props as { Max: number | string };\r\n    return (<span>Max: {typedProps.Max}</span>)\r\n  }\r\n\r\n  // Render footer template for count aggregate.\r\n  const footerCount = (props: object | undefined): ReactElement => {\r\n    const typedProps = props as { Count: number | string };\r\n    return (<span>Count: {typedProps.Count}</span>)\r\n  }\r\n\r\n  // Render footer template for trueCount aggregate.\r\n  const footerTrueCount = (props: object | undefined): ReactElement => {\r\n    const typedProps = props as { TrueCount: number | string };\r\n    return (<span>TrueCount: {typedProps.TrueCount}</span>)\r\n  }\r\n  // Render grid with product sales data, settings, and aggregates.\r\n  return (\r\n    <div>\r\n    <Grid dataSource={productSalesDetails} sortSettings={sortSettings} pageSettings={pageSettings} >\r\n      <Columns>\r\n        <Column field=\"SaleID\" headerText=\"Sale ID\" width=\"100\" textAlign={TextAlign.Right}/>\r\n        <Column field=\"ProductName\" headerText=\"Product Name\" width=\"135\" />\r\n        <Column field=\"Category\" headerText=\"Category\" width=\"135\" />\r\n        <Column field=\"SalesPerson\" headerText=\"Sales Person\" width=\"125\" />\r\n        <Column field=\"UnitsSold\" headerText=\"Units Sold\" width=\"110\" textAlign={TextAlign.Right} />\r\n        <Column field=\"UnitPrice\" headerText=\"Unit Price\" format=\"C2\" width=\"120\" textAlign={TextAlign.Right} />\r\n        <Column field=\"TotalRevenue\" headerText=\"Revenue\" format=\"C2\" width=\"150\" textAlign={TextAlign.Right} />\r\n        </Columns>\r\n        <Aggregates>\r\n          <AggregateRow>\r\n            <AggregateColumn field=\"TotalRevenue\" type={AggregateType.Sum} footerTemplate={footerSum} format=\"C2\" />\r\n            <AggregateColumn field=\"UnitsSold\" type={AggregateType.Min} footerTemplate={footerMin} format=\"N0\" />\r\n            <AggregateColumn field=\"UnitPrice\" type={AggregateType.Max} footerTemplate={footerMax} format=\"C2\" />\r\n            <AggregateColumn field=\"IsDiscounted\" type={AggregateType.TrueCount} footerTemplate={footerTrueCount} />\r\n            <AggregateColumn field=\"ProductName\" type={AggregateType.Count} footerTemplate={footerCount} />\r\n          </AggregateRow>\r\n        </Aggregates>\r\n      </Grid>\r\n    </div>\r\n  );\r\n }",
  "src/productSalesDetails.ts": "export const productSalesDetails: object[] =[\r\n  {\r\n    \"SaleID\": \"S-001\",\r\n    \"ProductName\": \"Laptop\",\r\n    \"UnitsSold\": 15,\r\n    \"UnitPrice\": 346.63,\r\n    \"TotalRevenue\": 5199.45,\r\n    \"IsDiscounted\": false,\r\n    \"Category\": \"Electronics\",\r\n    \"Region\": \"Central\",\r\n    \"SalesPerson\": \"Bob\"\r\n  },\r\n  {\r\n    \"SaleID\": \"S-002\",\r\n    \"ProductName\": \"Phone\",\r\n    \"UnitsSold\": 5,\r\n    \"UnitPrice\": 858.85,\r\n    \"TotalRevenue\": 4294.25,\r\n    \"IsDiscounted\": false,\r\n    \"Category\": \"Office Equipment\",\r\n    \"Region\": \"South\",\r\n    \"SalesPerson\": \"George\"\r\n  },\r\n  {\r\n    \"SaleID\": \"S-003\",\r\n    \"ProductName\": \"Tablet\",\r\n    \"UnitsSold\": 12,\r\n    \"UnitPrice\": 607.82,\r\n    \"TotalRevenue\": 7293.84,\r\n    \"IsDiscounted\": false,\r\n    \"Category\": \"Home Tech\",\r\n    \"Region\": \"South\",\r\n    \"SalesPerson\": \"George\"\r\n  },\r\n  {\r\n    \"SaleID\": \"S-004\",\r\n    \"ProductName\": \"Headphones\",\r\n    \"UnitsSold\": 16,\r\n    \"UnitPrice\": 748.68,\r\n    \"TotalRevenue\": 11978.88,\r\n    \"IsDiscounted\": false,\r\n    \"Category\": \"Office Equipment\",\r\n    \"Region\": \"West\",\r\n    \"SalesPerson\": \"Charlie\"\r\n  },\r\n  {\r\n    \"SaleID\": \"S-005\",\r\n    \"ProductName\": \"Monitor\",\r\n    \"UnitsSold\": 1,\r\n    \"UnitPrice\": 545.7,\r\n    \"TotalRevenue\": 545.7,\r\n    \"IsDiscounted\": true,\r\n    \"Category\": \"Accessories\",\r\n    \"Region\": \"East\",\r\n    \"SalesPerson\": \"Alice\"\r\n  },\r\n  {\r\n    \"SaleID\": \"S-006\",\r\n    \"ProductName\": \"Keyboard\",\r\n    \"UnitsSold\": 6,\r\n    \"UnitPrice\": 611.56,\r\n    \"TotalRevenue\": 3669.36,\r\n    \"IsDiscounted\": false,\r\n    \"Category\": \"Office Equipment\",\r\n    \"Region\": \"South\",\r\n    \"SalesPerson\": \"George\"\r\n  },\r\n  {\r\n    \"SaleID\": \"S-007\",\r\n    \"ProductName\": \"Mouse\",\r\n    \"UnitsSold\": 14,\r\n    \"UnitPrice\": 101.15,\r\n    \"TotalRevenue\": 1416.1,\r\n    \"IsDiscounted\": false,\r\n    \"Category\": \"Accessories\",\r\n    \"Region\": \"South\",\r\n    \"SalesPerson\": \"Bob\"\r\n  },\r\n  {\r\n    \"SaleID\": \"S-008\",\r\n    \"ProductName\": \"Speaker\",\r\n    \"UnitsSold\": 10,\r\n    \"UnitPrice\": 95.45,\r\n    \"TotalRevenue\": 954.5,\r\n    \"IsDiscounted\": true,\r\n    \"Category\": \"Home Tech\",\r\n    \"Region\": \"South\",\r\n    \"SalesPerson\": \"Bob\"\r\n  },\r\n  {\r\n    \"SaleID\": \"S-009\",\r\n    \"ProductName\": \"Desktop\",\r\n    \"UnitsSold\": 18,\r\n    \"UnitPrice\": 344.4,\r\n    \"TotalRevenue\": 6199.2,\r\n    \"IsDiscounted\": true,\r\n    \"Category\": \"Electronics\",\r\n    \"Region\": \"North\",\r\n    \"SalesPerson\": \"Diana\"\r\n  },\r\n  {\r\n    \"SaleID\": \"S-010\",\r\n    \"ProductName\": \"Camera\",\r\n    \"UnitsSold\": 8,\r\n    \"UnitPrice\": 691.63,\r\n    \"TotalRevenue\": 5533.04,\r\n    \"IsDiscounted\": false,\r\n    \"Category\": \"Office Equipment\",\r\n    \"Region\": \"East\",\r\n    \"SalesPerson\": \"Alice\"\r\n  },\r\n  {\r\n    \"SaleID\": \"S-011\",\r\n    \"ProductName\": \"Printer\",\r\n    \"UnitsSold\": 7,\r\n    \"UnitPrice\": 795.2,\r\n    \"TotalRevenue\": 5566.4,\r\n    \"IsDiscounted\": false,\r\n    \"Category\": \"Accessories\",\r\n    \"Region\": \"East\",\r\n    \"SalesPerson\": \"Julia\"\r\n  },\r\n  {\r\n    \"SaleID\": \"S-012\",\r\n    \"ProductName\": \"Smartwatch\",\r\n    \"UnitsSold\": 17,\r\n    \"UnitPrice\": 452.39,\r\n    \"TotalRevenue\": 7690.63,\r\n    \"IsDiscounted\": false,\r\n    \"Category\": \"Electronics\",\r\n    \"Region\": \"South\",\r\n    \"SalesPerson\": \"Diana\"\r\n  },\r\n  {\r\n    \"SaleID\": \"S-013\",\r\n    \"ProductName\": \"TV\",\r\n    \"UnitsSold\": 3,\r\n    \"UnitPrice\": 482.38,\r\n    \"TotalRevenue\": 1447.14,\r\n    \"IsDiscounted\": false,\r\n    \"Category\": \"Home Tech\",\r\n    \"Region\": \"North\",\r\n    \"SalesPerson\": \"Ian\"\r\n  },\r\n  {\r\n    \"SaleID\": \"S-014\",\r\n    \"ProductName\": \"Router\",\r\n    \"UnitsSold\": 14,\r\n    \"UnitPrice\": 798.8,\r\n    \"TotalRevenue\": 11183.2,\r\n    \"IsDiscounted\": false,\r\n    \"Category\": \"Office Equipment\",\r\n    \"Region\": \"Central\",\r\n    \"SalesPerson\": \"Hannah\"\r\n  },\r\n  {\r\n    \"SaleID\": \"S-015\",\r\n    \"ProductName\": \"Charger\",\r\n    \"UnitsSold\": 19,\r\n    \"UnitPrice\": 191.56,\r\n    \"TotalRevenue\": 3639.64,\r\n    \"IsDiscounted\": true,\r\n    \"Category\": \"Wearables\",\r\n    \"Region\": \"North\",\r\n    \"SalesPerson\": \"Ian\"\r\n  },\r\n  {\r\n    \"SaleID\": \"S-016\",\r\n    \"ProductName\": \"Headset\",\r\n    \"UnitsSold\": 4,\r\n    \"UnitPrice\": 261.87,\r\n    \"TotalRevenue\": 1047.48,\r\n    \"IsDiscounted\": false,\r\n    \"Category\": \"Wearables\",\r\n    \"Region\": \"Central\",\r\n    \"SalesPerson\": \"Bob\"\r\n  },\r\n  {\r\n    \"SaleID\": \"S-017\",\r\n    \"ProductName\": \"Projector\",\r\n    \"UnitsSold\": 13,\r\n    \"UnitPrice\": 283.02,\r\n    \"TotalRevenue\": 3679.26,\r\n    \"IsDiscounted\": true,\r\n    \"Category\": \"Accessories\",\r\n    \"Region\": \"North\",\r\n    \"SalesPerson\": \"Bob\"\r\n  },\r\n  {\r\n    \"SaleID\": \"S-018\",\r\n    \"ProductName\": \"Hard Drive\",\r\n    \"UnitsSold\": 19,\r\n    \"UnitPrice\": 818.02,\r\n    \"TotalRevenue\": 15542.38,\r\n    \"IsDiscounted\": false,\r\n    \"Category\": \"Accessories\",\r\n    \"Region\": \"East\",\r\n    \"SalesPerson\": \"Ian\"\r\n  },\r\n  {\r\n    \"SaleID\": \"S-019\",\r\n    \"ProductName\": \"Webcam\",\r\n    \"UnitsSold\": 5,\r\n    \"UnitPrice\": 537.02,\r\n    \"TotalRevenue\": 2685.1,\r\n    \"IsDiscounted\": true,\r\n    \"Category\": \"Accessories\",\r\n    \"Region\": \"South\",\r\n    \"SalesPerson\": \"Ian\"\r\n  },\r\n  {\r\n    \"SaleID\": \"S-020\",\r\n    \"ProductName\": \"Microphone\",\r\n    \"UnitsSold\": 18,\r\n    \"UnitPrice\": 440.79,\r\n    \"TotalRevenue\": 7934.22,\r\n    \"IsDiscounted\": false,\r\n    \"Category\": \"Home Tech\",\r\n    \"Region\": \"North\",\r\n    \"SalesPerson\": \"Hannah\"\r\n  },\r\n  {\r\n    \"SaleID\": \"S-021\",\r\n    \"ProductName\": \"Gaming Console\",\r\n    \"UnitsSold\": 13,\r\n    \"UnitPrice\": 436.01,\r\n    \"TotalRevenue\": 5668.13,\r\n    \"IsDiscounted\": true,\r\n    \"Category\": \"Wearables\",\r\n    \"Region\": \"South\",\r\n    \"SalesPerson\": \"Charlie\"\r\n  },\r\n  {\r\n    \"SaleID\": \"S-022\",\r\n    \"ProductName\": \"USB Drive\",\r\n    \"UnitsSold\": 19,\r\n    \"UnitPrice\": 859.65,\r\n    \"TotalRevenue\": 16333.35,\r\n    \"IsDiscounted\": false,\r\n    \"Category\": \"Electronics\",\r\n    \"Region\": \"South\",\r\n    \"SalesPerson\": \"Julia\"\r\n  },\r\n  {\r\n    \"SaleID\": \"S-023\",\r\n    \"ProductName\": \"LED Light\",\r\n    \"UnitsSold\": 7,\r\n    \"UnitPrice\": 300.49,\r\n    \"TotalRevenue\": 2103.43,\r\n    \"IsDiscounted\": true,\r\n    \"Category\": \"Electronics\",\r\n    \"Region\": \"North\",\r\n    \"SalesPerson\": \"Fiona\"\r\n  },\r\n  {\r\n    \"SaleID\": \"S-024\",\r\n    \"ProductName\": \"Power Bank\",\r\n    \"UnitsSold\": 8,\r\n    \"UnitPrice\": 450.26,\r\n    \"TotalRevenue\": 3602.08,\r\n    \"IsDiscounted\": true,\r\n    \"Category\": \"Accessories\",\r\n    \"Region\": \"South\",\r\n    \"SalesPerson\": \"Hannah\"\r\n  },\r\n  {\r\n    \"SaleID\": \"S-025\",\r\n    \"ProductName\": \"Bluetooth Speaker\",\r\n    \"UnitsSold\": 7,\r\n    \"UnitPrice\": 415.83,\r\n    \"TotalRevenue\": 2910.81,\r\n    \"IsDiscounted\": true,\r\n    \"Category\": \"Electronics\",\r\n    \"Region\": \"South\",\r\n    \"SalesPerson\": \"Ethan\"\r\n  },\r\n  {\r\n    \"SaleID\": \"S-026\",\r\n    \"ProductName\": \"External SSD\",\r\n    \"UnitsSold\": 2,\r\n    \"UnitPrice\": 331.53,\r\n    \"TotalRevenue\": 663.06,\r\n    \"IsDiscounted\": true,\r\n    \"Category\": \"Accessories\",\r\n    \"Region\": \"South\",\r\n    \"SalesPerson\": \"Charlie\"\r\n  },\r\n  {\r\n    \"SaleID\": \"S-027\",\r\n    \"ProductName\": \"Smart TV\",\r\n    \"UnitsSold\": 1,\r\n    \"UnitPrice\": 649.17,\r\n    \"TotalRevenue\": 649.17,\r\n    \"IsDiscounted\": true,\r\n    \"Category\": \"Wearables\",\r\n    \"Region\": \"North\",\r\n    \"SalesPerson\": \"Charlie\"\r\n  },\r\n  {\r\n    \"SaleID\": \"S-028\",\r\n    \"ProductName\": \"Laptop Bag\",\r\n    \"UnitsSold\": 2,\r\n    \"UnitPrice\": 877.92,\r\n    \"TotalRevenue\": 1755.84,\r\n    \"IsDiscounted\": true,\r\n    \"Category\": \"Accessories\",\r\n    \"Region\": \"Central\",\r\n    \"SalesPerson\": \"Ethan\"\r\n  },\r\n  {\r\n    \"SaleID\": \"S-029\",\r\n    \"ProductName\": \"Mouse Pad\",\r\n    \"UnitsSold\": 2,\r\n    \"UnitPrice\": 351.96,\r\n    \"TotalRevenue\": 703.92,\r\n    \"IsDiscounted\": true,\r\n    \"Category\": \"Accessories\",\r\n    \"Region\": \"South\",\r\n    \"SalesPerson\": \"Diana\"\r\n  },\r\n  {\r\n    \"SaleID\": \"S-030\",\r\n    \"ProductName\": \"Docking Station\",\r\n    \"UnitsSold\": 11,\r\n    \"UnitPrice\": 644.8,\r\n    \"TotalRevenue\": 7092.8,\r\n    \"IsDiscounted\": true,\r\n    \"Category\": \"Wearables\",\r\n    \"Region\": \"West\",\r\n    \"SalesPerson\": \"Bob\"\r\n  },\r\n  {\r\n    \"SaleID\": \"S-031\",\r\n    \"ProductName\": \"Graphics Card\",\r\n    \"UnitsSold\": 6,\r\n    \"UnitPrice\": 303.77,\r\n    \"TotalRevenue\": 1822.62,\r\n    \"IsDiscounted\": false,\r\n    \"Category\": \"Wearables\",\r\n    \"Region\": \"West\",\r\n    \"SalesPerson\": \"Diana\"\r\n  },\r\n  {\r\n    \"SaleID\": \"S-032\",\r\n    \"ProductName\": \"VR Headset\",\r\n    \"UnitsSold\": 8,\r\n    \"UnitPrice\": 980.0,\r\n    \"TotalRevenue\": 7840.0,\r\n    \"IsDiscounted\": false,\r\n    \"Category\": \"Wearables\",\r\n    \"Region\": \"North\",\r\n    \"SalesPerson\": \"Fiona\"\r\n  },\r\n  {\r\n    \"SaleID\": \"S-033\",\r\n    \"ProductName\": \"Smart Glasses\",\r\n    \"UnitsSold\": 18,\r\n    \"UnitPrice\": 384.14,\r\n    \"TotalRevenue\": 6914.52,\r\n    \"IsDiscounted\": false,\r\n    \"Category\": \"Wearables\",\r\n    \"Region\": \"South\",\r\n    \"SalesPerson\": \"Charlie\"\r\n  },\r\n  {\r\n    \"SaleID\": \"S-034\",\r\n    \"ProductName\": \"Fitness Tracker\",\r\n    \"UnitsSold\": 8,\r\n    \"UnitPrice\": 371.29,\r\n    \"TotalRevenue\": 2970.32,\r\n    \"IsDiscounted\": false,\r\n    \"Category\": \"Electronics\",\r\n    \"Region\": \"East\",\r\n    \"SalesPerson\": \"Hannah\"\r\n  },\r\n  {\r\n    \"SaleID\": \"S-035\",\r\n    \"ProductName\": \"Smart Plug\",\r\n    \"UnitsSold\": 6,\r\n    \"UnitPrice\": 946.73,\r\n    \"TotalRevenue\": 5680.38,\r\n    \"IsDiscounted\": false,\r\n    \"Category\": \"Wearables\",\r\n    \"Region\": \"Central\",\r\n    \"SalesPerson\": \"Bob\"\r\n  },\r\n  {\r\n    \"SaleID\": \"S-036\",\r\n    \"ProductName\": \"Smart Bulb\",\r\n    \"UnitsSold\": 13,\r\n    \"UnitPrice\": 861.86,\r\n    \"TotalRevenue\": 11204.18,\r\n    \"IsDiscounted\": false,\r\n    \"Category\": \"Office Equipment\",\r\n    \"Region\": \"West\",\r\n    \"SalesPerson\": \"George\"\r\n  },\r\n  {\r\n    \"SaleID\": \"S-037\",\r\n    \"ProductName\": \"E-Reader\",\r\n    \"UnitsSold\": 16,\r\n    \"UnitPrice\": 832.72,\r\n    \"TotalRevenue\": 13323.52,\r\n    \"IsDiscounted\": true,\r\n    \"Category\": \"Accessories\",\r\n    \"Region\": \"East\",\r\n    \"SalesPerson\": \"Ian\"\r\n  },\r\n  {\r\n    \"SaleID\": \"S-038\",\r\n    \"ProductName\": \"Drone\",\r\n    \"UnitsSold\": 5,\r\n    \"UnitPrice\": 520.94,\r\n    \"TotalRevenue\": 2604.7,\r\n    \"IsDiscounted\": false,\r\n    \"Category\": \"Accessories\",\r\n    \"Region\": \"East\",\r\n    \"SalesPerson\": \"Hannah\"\r\n  },\r\n  {\r\n    \"SaleID\": \"S-039\",\r\n    \"ProductName\": \"Action Camera\",\r\n    \"UnitsSold\": 2,\r\n    \"UnitPrice\": 203.8,\r\n    \"TotalRevenue\": 407.6,\r\n    \"IsDiscounted\": true,\r\n    \"Category\": \"Accessories\",\r\n    \"Region\": \"West\",\r\n    \"SalesPerson\": \"Bob\"\r\n  },\r\n  {\r\n    \"SaleID\": \"S-040\",\r\n    \"ProductName\": \"NAS Device\",\r\n    \"UnitsSold\": 19,\r\n    \"UnitPrice\": 483.12,\r\n    \"TotalRevenue\": 9179.28,\r\n    \"IsDiscounted\": false,\r\n    \"Category\": \"Home Tech\",\r\n    \"Region\": \"West\",\r\n    \"SalesPerson\": \"Julia\"\r\n  },\r\n  {\r\n    \"SaleID\": \"S-041\",\r\n    \"ProductName\": \"Streaming Stick\",\r\n    \"UnitsSold\": 11,\r\n    \"UnitPrice\": 234.93,\r\n    \"TotalRevenue\": 2584.23,\r\n    \"IsDiscounted\": true,\r\n    \"Category\": \"Electronics\",\r\n    \"Region\": \"West\",\r\n    \"SalesPerson\": \"Ian\"\r\n  },\r\n  {\r\n    \"SaleID\": \"S-042\",\r\n    \"ProductName\": \"Smart Lock\",\r\n    \"UnitsSold\": 20,\r\n    \"UnitPrice\": 143.38,\r\n    \"TotalRevenue\": 2867.6,\r\n    \"IsDiscounted\": true,\r\n    \"Category\": \"Accessories\",\r\n    \"Region\": \"Central\",\r\n    \"SalesPerson\": \"Fiona\"\r\n  },\r\n  {\r\n    \"SaleID\": \"S-043\",\r\n    \"ProductName\": \"Thermostat\",\r\n    \"UnitsSold\": 13,\r\n    \"UnitPrice\": 975.97,\r\n    \"TotalRevenue\": 12687.61,\r\n    \"IsDiscounted\": false,\r\n    \"Category\": \"Wearables\",\r\n    \"Region\": \"East\",\r\n    \"SalesPerson\": \"Fiona\"\r\n  },\r\n  {\r\n    \"SaleID\": \"S-044\",\r\n    \"ProductName\": \"Security Camera\",\r\n    \"UnitsSold\": 18,\r\n    \"UnitPrice\": 573.1,\r\n    \"TotalRevenue\": 10315.8,\r\n    \"IsDiscounted\": true,\r\n    \"Category\": \"Office Equipment\",\r\n    \"Region\": \"East\",\r\n    \"SalesPerson\": \"Diana\"\r\n  },\r\n  {\r\n    \"SaleID\": \"S-045\",\r\n    \"ProductName\": \"Wireless Charger\",\r\n    \"UnitsSold\": 16,\r\n    \"UnitPrice\": 651.72,\r\n    \"TotalRevenue\": 10427.52,\r\n    \"IsDiscounted\": true,\r\n    \"Category\": \"Accessories\",\r\n    \"Region\": \"North\",\r\n    \"SalesPerson\": \"Julia\"\r\n  },\r\n  {\r\n    \"SaleID\": \"S-046\",\r\n    \"ProductName\": \"Memory Card\",\r\n    \"UnitsSold\": 15,\r\n    \"UnitPrice\": 300.41,\r\n    \"TotalRevenue\": 4506.15,\r\n    \"IsDiscounted\": false,\r\n    \"Category\": \"Home Tech\",\r\n    \"Region\": \"North\",\r\n    \"SalesPerson\": \"Alice\"\r\n  },\r\n  {\r\n    \"SaleID\": \"S-047\",\r\n    \"ProductName\": \"Stylus Pen\",\r\n    \"UnitsSold\": 10,\r\n    \"UnitPrice\": 601.68,\r\n    \"TotalRevenue\": 6016.8,\r\n    \"IsDiscounted\": true,\r\n    \"Category\": \"Office Equipment\",\r\n    \"Region\": \"Central\",\r\n    \"SalesPerson\": \"Bob\"\r\n  },\r\n  {\r\n    \"SaleID\": \"S-048\",\r\n    \"ProductName\": \"Monitor Stand\",\r\n    \"UnitsSold\": 4,\r\n    \"UnitPrice\": 848.79,\r\n    \"TotalRevenue\": 3395.16,\r\n    \"IsDiscounted\": false,\r\n    \"Category\": \"Wearables\",\r\n    \"Region\": \"Central\",\r\n    \"SalesPerson\": \"Alice\"\r\n  },\r\n  {\r\n    \"SaleID\": \"S-049\",\r\n    \"ProductName\": \"Cable Organizer\",\r\n    \"UnitsSold\": 8,\r\n    \"UnitPrice\": 362.61,\r\n    \"TotalRevenue\": 2900.88,\r\n    \"IsDiscounted\": true,\r\n    \"Category\": \"Home Tech\",\r\n    \"Region\": \"South\",\r\n    \"SalesPerson\": \"Hannah\"\r\n  },\r\n  {\r\n    \"SaleID\": \"S-050\",\r\n    \"ProductName\": \"Laptop\",\r\n    \"UnitsSold\": 13,\r\n    \"UnitPrice\": 389.95,\r\n    \"TotalRevenue\": 5069.35,\r\n    \"IsDiscounted\": true,\r\n    \"Category\": \"Home Tech\",\r\n    \"Region\": \"West\",\r\n    \"SalesPerson\": \"Hannah\"\r\n  }\r\n]",
  "dependencies": "{\"@syncfusion/react-grid\":\"*\",\"@syncfusion/react-locale\":\"*\",\"@syncfusion/react-cldr-data\":\"*\"}"
}