{
  "src/App.css": "@import \"@syncfusion/react-base/styles/material3.css\";\n@import \"@syncfusion/react-buttons/styles/material3.css\";\n@import \"@syncfusion/react-popups/styles/material3.css\";\n@import \"@syncfusion/react-splitbuttons/styles/material3.css\";\n@import \"@syncfusion/react-inputs/styles/material3.css\";\n@import \"@syncfusion/react-calendars/styles/material3.css\";\n@import \"@syncfusion/react-lists/styles/material3.css\";\n@import \"@syncfusion/react-dropdowns/styles/material3.css\";\n@import \"@syncfusion/react-navigations/styles/material3.css\";\n@import \"@syncfusion/react-notifications/styles/material3.css\";\n@import \"@syncfusion/react-pager/styles/material3.css\";\n@import \"@syncfusion/react-grid/styles/material3.css\";\n",
  "src/App.tsx": "import { Grid, Columns, Column, Aggregates, AggregateColumn, AggregateRow, FilterSettings, SortSettings, PageSettings, TextAlign, FilterBarType, AggregateType } from '@syncfusion/react-grid';\r\nimport { studentData } from './studentDetails';\r\nimport { ReactElement, useState } from 'react';\r\n\r\nexport default function App() {\r\n  // Initialize state for filter, sort, and pagination settings.  \r\n  const [filterSettings] = useState<FilterSettings>({enabled: true});\r\n  const [sortSettings] = useState<SortSettings>({enabled: true});\r\n  const [pageSettings] = useState<PageSettings>({ enabled: true, pageSize: 8, pageCount:4 });\r\n\r\n  // Render footer template for sum aggregate.\r\n  const footerSum = (props: object | undefined): ReactElement => {\r\n    const typedProps = props as { Sum: number | string };\r\n    return (<span>Sum: {typedProps.Sum}</span>);\r\n  };\r\n\r\n  // Render footer template for average aggregate.\r\n  const footerAverage = (props: object | undefined): ReactElement => {\r\n    const typedProps = props as { Average: number | string };\r\n    return (<span>Average: {typedProps.Average}</span>);\r\n  };\r\n\r\n  // Render footer template for maximum aggregate.\r\n  const footerMax = (props: object | undefined): ReactElement => {\r\n    const typedProps = props as { Max: number | string };\r\n    return (<span>Max: {typedProps.Max}</span>)\r\n  }\r\n\r\n  // Render footer template for minimum aggregate.\r\n  const footerMin = (props: object | undefined): ReactElement => {\r\n      const typedProps = props as { Min: number | string };\r\n    return (<span>Min: {typedProps.Min}</span>)\r\n  }\r\n  // Render grid with student data, settings, and aggregates.\r\n  return (\r\n    <div>\r\n     <Grid dataSource={studentData} filterSettings={filterSettings} sortSettings={sortSettings} pageSettings={pageSettings} >\r\n      <Columns>\r\n        <Column field=\"RollNo\" headerText=\"Roll No\" width=\"100\" textAlign={TextAlign.Right} filter={{filterBarType:FilterBarType.NumericTextBox}}/>\r\n        <Column field=\"Mark1\" headerText=\"Mark 1\" width=\"100\" textAlign={TextAlign.Right} filter={{filterBarType:FilterBarType.NumericTextBox}}/>\r\n        <Column field=\"Mark2\" headerText=\"Mark 2\" width=\"100\" textAlign={TextAlign.Right} filter={{filterBarType:FilterBarType.NumericTextBox}}/>\r\n        <Column field=\"Mark3\" headerText=\"Mark 3\" width=\"100\" textAlign={TextAlign.Right} filter={{filterBarType:FilterBarType.NumericTextBox}}/>\r\n        <Column field=\"Mark4\" headerText=\"Mark 4\" width=\"100\" textAlign={TextAlign.Right} filter={{filterBarType:FilterBarType.NumericTextBox}}/>\r\n        <Column field=\"Mark5\" headerText=\"Mark 5\" width=\"100\" textAlign={TextAlign.Right} filter={{filterBarType:FilterBarType.NumericTextBox}}/>\r\n        <Column field=\"Average\" headerText=\"Average\" width=\"100\" textAlign={TextAlign.Right} filter={{filterBarType:FilterBarType.NumericTextBox}}/>\r\n        <Column field=\"Fees\" headerText=\"Tuition Fees\" width=\"130\" format='C2' textAlign={TextAlign.Right} filter={{filterBarType:FilterBarType.NumericTextBox}}/>\r\n      </Columns>\r\n      <Aggregates>\r\n        <AggregateRow>\r\n          <AggregateColumn field='Mark1' type={AggregateType.Max} footerTemplate={footerMax} format='N0' />\r\n          <AggregateColumn field='Mark2' type={AggregateType.Min} footerTemplate={footerMin} format='N0' />\r\n          <AggregateColumn field='Mark3' type={AggregateType.Min} footerTemplate={footerMin} format='N0' />\r\n          <AggregateColumn field='Mark4' type={AggregateType.Max} footerTemplate={footerMax} format='N0' />\r\n          <AggregateColumn field='Mark5' type={AggregateType.Min} footerTemplate={footerMin} format='N0' />\r\n          <AggregateColumn field='Average' type={AggregateType.Average} footerTemplate={footerAverage} format='N0' />\r\n          <AggregateColumn field='Fees' type={AggregateType.Sum} footerTemplate={footerSum} format='C2' />\r\n        </AggregateRow>          \r\n      </Aggregates>\r\n    </Grid>\r\n   </div>\r\n );\r\n}",
  "src/studentDetails.ts": "export const studentData: object[] = [\r\n    {\r\n        \"RollNo\": 10001,\r\n        \"Mark1\": 78.5,\r\n        \"Mark2\": 90.0,\r\n        \"Mark3\": 85.5,\r\n        \"Mark4\": 82.0,\r\n        \"Mark5\": 88.5,\r\n        \"Average\": 84.9,\r\n        \"Percentage\": 0.849,\r\n        \"Fees\": 300,\r\n        \"AttendancePercentage\": 92,\r\n        \"StudyHours\": 25\r\n    },\r\n    {\r\n        \"RollNo\": 10002,\r\n        \"Mark1\": 92.0,\r\n        \"Mark2\": 85.5,\r\n        \"Mark3\": 88.0,\r\n        \"Mark4\": 90.5,\r\n        \"Mark5\": 87.0,\r\n        \"Average\": 88.6,\r\n        \"Percentage\": 0.886,\r\n        \"Fees\": 300,\r\n        \"AttendancePercentage\": 95,\r\n        \"StudyHours\": 30\r\n    },\r\n    {\r\n        \"RollNo\": 10003,\r\n        \"Mark1\": 76.0,\r\n        \"Mark2\": 88.5,\r\n        \"Mark3\": 82.5,\r\n        \"Mark4\": 79.0,\r\n        \"Mark5\": 84.5,\r\n        \"Average\": 82.1,\r\n        \"Percentage\": 0.821,\r\n        \"Fees\": 300,\r\n        \"AttendancePercentage\": 88,\r\n        \"StudyHours\": 20\r\n    },\r\n    {\r\n        \"RollNo\": 10004,\r\n        \"Mark1\": 88.0,\r\n        \"Mark2\": 91.0,\r\n        \"Mark3\": 90.5,\r\n        \"Mark4\": 89.5,\r\n        \"Mark5\": 92.0,\r\n        \"Average\": 90.2,\r\n        \"Percentage\": 0.902,\r\n        \"Fees\": 250,\r\n        \"AttendancePercentage\": 94,\r\n        \"StudyHours\": 32\r\n    },\r\n    {\r\n        \"RollNo\": 10005,\r\n        \"Mark1\": 95.0,\r\n        \"Mark2\": 78.5,\r\n        \"Mark3\": 87.0,\r\n        \"Mark4\": 85.0,\r\n        \"Mark5\": 90.5,\r\n        \"Average\": 87.2,\r\n        \"Percentage\": 0.872,\r\n        \"Fees\": 300,\r\n        \"AttendancePercentage\": 90,\r\n        \"StudyHours\": 28\r\n    },\r\n    {\r\n        \"RollNo\": 10006,\r\n        \"Mark1\": 81.0,\r\n        \"Mark2\": 94.0,\r\n        \"Mark3\": 89.5,\r\n        \"Mark4\": 88.0,\r\n        \"Mark5\": 86.5,\r\n        \"Average\": 87.8,\r\n        \"Percentage\": 0.878,\r\n        \"Fees\": 300,\r\n        \"AttendancePercentage\": 93,\r\n        \"StudyHours\": 35\r\n    },\r\n    {\r\n        \"RollNo\": 10007,\r\n        \"Mark1\": 87.5,\r\n        \"Mark2\": 86.0,\r\n        \"Mark3\": 84.5,\r\n        \"Mark4\": 83.0,\r\n        \"Mark5\": 89.0,\r\n        \"Average\": 86.0,\r\n        \"Percentage\": 0.860,\r\n        \"Fees\": 300,\r\n        \"AttendancePercentage\": 89,\r\n        \"StudyHours\": 22\r\n    },\r\n    {\r\n        \"RollNo\": 10008,\r\n        \"Mark1\": 90.0,\r\n        \"Mark2\": 93.5,\r\n        \"Mark3\": 91.0,\r\n        \"Mark4\": 92.5,\r\n        \"Mark5\": 90.0,\r\n        \"Average\": 91.4,\r\n        \"Percentage\": 0.914,\r\n        \"Fees\": 250,\r\n        \"AttendancePercentage\": 96,\r\n        \"StudyHours\": 38\r\n    },\r\n    {\r\n        \"RollNo\": 10009,\r\n        \"Mark1\": 79.5,\r\n        \"Mark2\": 87.0,\r\n        \"Mark3\": 83.5,\r\n        \"Mark4\": 81.0,\r\n        \"Mark5\": 85.5,\r\n        \"Average\": 83.3,\r\n        \"Percentage\": 0.833,\r\n        \"Fees\": 350,\r\n        \"AttendancePercentage\": 87,\r\n        \"StudyHours\": 18\r\n    },\r\n    {\r\n        \"RollNo\": 10010,\r\n        \"Mark1\": 91.5,\r\n        \"Mark2\": 89.0,\r\n        \"Mark3\": 92.0,\r\n        \"Mark4\": 90.0,\r\n        \"Mark5\": 88.5,\r\n        \"Average\": 90.2,\r\n        \"Percentage\": 0.902,\r\n        \"Fees\": 250,\r\n        \"AttendancePercentage\": 95,\r\n        \"StudyHours\": 34\r\n    },\r\n    {\r\n        \"RollNo\": 10011,\r\n        \"Mark1\": 84.0,\r\n        \"Mark2\": 90.5,\r\n        \"Mark3\": 88.5,\r\n        \"Mark4\": 87.0,\r\n        \"Mark5\": 89.5,\r\n        \"Average\": 87.9,\r\n        \"Percentage\": 0.879,\r\n        \"Fees\": 300,\r\n        \"AttendancePercentage\": 91,\r\n        \"StudyHours\": 27\r\n    },\r\n    {\r\n        \"RollNo\": 10012,\r\n        \"Mark1\": 77.5,\r\n        \"Mark2\": 85.0,\r\n        \"Mark3\": 80.0,\r\n        \"Mark4\": 78.5,\r\n        \"Mark5\": 82.0,\r\n        \"Average\": 80.6,\r\n        \"Percentage\": 0.806,\r\n        \"Fees\": 350,\r\n        \"AttendancePercentage\": 85,\r\n        \"StudyHours\": 15\r\n    },\r\n    {\r\n        \"RollNo\": 10013,\r\n        \"Mark1\": 93.0,\r\n        \"Mark2\": 91.5,\r\n        \"Mark3\": 89.0,\r\n        \"Mark4\": 92.0,\r\n        \"Mark5\": 90.5,\r\n        \"Average\": 91.2,\r\n        \"Percentage\": 0.912,\r\n        \"Fees\": 250,\r\n        \"AttendancePercentage\": 97,\r\n        \"StudyHours\": 39\r\n    },\r\n    {\r\n        \"RollNo\": 10014,\r\n        \"Mark1\": 86.5,\r\n        \"Mark2\": 88.0,\r\n        \"Mark3\": 84.0,\r\n        \"Mark4\": 85.5,\r\n        \"Mark5\": 87.0,\r\n        \"Average\": 86.2,\r\n        \"Percentage\": 0.862,\r\n        \"Fees\": 300,\r\n        \"AttendancePercentage\": 90,\r\n        \"StudyHours\": 24\r\n    },\r\n    {\r\n        \"RollNo\": 10015,\r\n        \"Mark1\": 90.0,\r\n        \"Mark2\": 92.5,\r\n        \"Mark3\": 87.5,\r\n        \"Mark4\": 89.0,\r\n        \"Mark5\": 91.5,\r\n        \"Average\": 90.1,\r\n        \"Percentage\": 0.901,\r\n        \"Fees\": 250,\r\n        \"AttendancePercentage\": 94,\r\n        \"StudyHours\": 33\r\n    },\r\n    {\r\n        \"RollNo\": 10016,\r\n        \"Mark1\": 82.5,\r\n        \"Mark2\": 86.0,\r\n        \"Mark3\": 81.5,\r\n        \"Mark4\": 83.0,\r\n        \"Mark5\": 85.5,\r\n        \"Average\": 83.7,\r\n        \"Percentage\": 0.837,\r\n        \"Fees\": 350,\r\n        \"AttendancePercentage\": 88,\r\n        \"StudyHours\": 19\r\n    },\r\n    {\r\n        \"RollNo\": 10017,\r\n        \"Mark1\": 94.5,\r\n        \"Mark2\": 89.5,\r\n        \"Mark3\": 91.0,\r\n        \"Mark4\": 92.5,\r\n        \"Mark5\": 90.0,\r\n        \"Average\": 91.5,\r\n        \"Percentage\": 0.915,\r\n        \"Fees\": 250,\r\n        \"AttendancePercentage\": 96,\r\n        \"StudyHours\": 37\r\n    },\r\n    {\r\n        \"RollNo\": 10018,\r\n        \"Mark1\": 78.0,\r\n        \"Mark2\": 87.5,\r\n        \"Mark3\": 85.0,\r\n        \"Mark4\": 80.5,\r\n        \"Mark5\": 83.0,\r\n        \"Average\": 82.8,\r\n        \"Percentage\": 0.828,\r\n        \"Fees\": 350,\r\n        \"AttendancePercentage\": 86,\r\n        \"StudyHours\": 17\r\n    },\r\n    {\r\n        \"RollNo\": 10019,\r\n        \"Mark1\": 91.0,\r\n        \"Mark2\": 93.0,\r\n        \"Mark3\": 90.5,\r\n        \"Mark4\": 92.0,\r\n        \"Mark5\": 89.5,\r\n        \"Average\": 91.2,\r\n        \"Percentage\": 0.912,\r\n        \"Fees\": 250,\r\n        \"AttendancePercentage\": 95,\r\n        \"StudyHours\": 36\r\n    },\r\n    {\r\n        \"RollNo\": 10020,\r\n        \"Mark1\": 85.5,\r\n        \"Mark2\": 88.5,\r\n        \"Mark3\": 86.0,\r\n        \"Mark4\": 87.0,\r\n        \"Mark5\": 85.5,\r\n        \"Average\": 86.5,\r\n        \"Percentage\": 0.865,\r\n        \"Fees\": 300,\r\n        \"AttendancePercentage\": 89,\r\n        \"StudyHours\": 23\r\n    },\r\n    {\r\n        \"RollNo\": 10021,\r\n        \"Mark1\": 80.0,\r\n        \"Mark2\": 91.0,\r\n        \"Mark3\": 84.5,\r\n        \"Mark4\": 82.5,\r\n        \"Mark5\": 88.0,\r\n        \"Average\": 85.2,\r\n        \"Percentage\": 0.852,\r\n        \"Fees\": 300,\r\n        \"AttendancePercentage\": 90,\r\n        \"StudyHours\": 26\r\n    },\r\n    {\r\n        \"RollNo\": 10022,\r\n        \"Mark1\": 93.5,\r\n        \"Mark2\": 90.0,\r\n        \"Mark3\": 92.0,\r\n        \"Mark4\": 91.5,\r\n        \"Mark5\": 90.0,\r\n        \"Average\": 91.4,\r\n        \"Percentage\": 0.914,\r\n        \"Fees\": 250,\r\n        \"AttendancePercentage\": 97,\r\n        \"StudyHours\": 38\r\n    },\r\n    {\r\n        \"RollNo\": 10023,\r\n        \"Mark1\": 79.0,\r\n        \"Mark2\": 86.5,\r\n        \"Mark3\": 83.0,\r\n        \"Mark4\": 80.5,\r\n        \"Mark5\": 84.0,\r\n        \"Average\": 82.6,\r\n        \"Percentage\": 0.826,\r\n        \"Fees\": 350,\r\n        \"AttendancePercentage\": 87,\r\n        \"StudyHours\": 18\r\n    },\r\n    {\r\n        \"RollNo\": 10024,\r\n        \"Mark1\": 88.5,\r\n        \"Mark2\": 92.5,\r\n        \"Mark3\": 89.5,\r\n        \"Mark4\": 90.0,\r\n        \"Mark5\": 91.5,\r\n        \"Average\": 90.4,\r\n        \"Percentage\": 0.904,\r\n        \"Fees\": 250,\r\n        \"AttendancePercentage\": 94,\r\n        \"StudyHours\": 34\r\n    },\r\n    {\r\n        \"RollNo\": 10025,\r\n        \"Mark1\": 84.0,\r\n        \"Mark2\": 87.0,\r\n        \"Mark3\": 85.5,\r\n        \"Mark4\": 86.0,\r\n        \"Mark5\": 88.0,\r\n        \"Average\": 86.1,\r\n        \"Percentage\": 0.861,\r\n        \"Fees\": 300,\r\n        \"AttendancePercentage\": 91,\r\n        \"StudyHours\": 25\r\n    },\r\n    {\r\n        \"RollNo\": 10026,\r\n        \"Mark1\": 90.5,\r\n        \"Mark2\": 89.0,\r\n        \"Mark3\": 91.0,\r\n        \"Mark4\": 89.5,\r\n        \"Mark5\": 90.0,\r\n        \"Average\": 90.0,\r\n        \"Percentage\": 0.900,\r\n        \"Fees\": 250,\r\n        \"AttendancePercentage\": 95,\r\n        \"StudyHours\": 36\r\n    },\r\n    {\r\n        \"RollNo\": 10027,\r\n        \"Mark1\": 77.5,\r\n        \"Mark2\": 85.5,\r\n        \"Mark3\": 82.0,\r\n        \"Mark4\": 79.0,\r\n        \"Mark5\": 83.5,\r\n        \"Average\": 81.5,\r\n        \"Percentage\": 0.815,\r\n        \"Fees\": 350,\r\n        \"AttendancePercentage\": 85,\r\n        \"StudyHours\": 16\r\n    },\r\n    {\r\n        \"RollNo\": 10028,\r\n        \"Mark1\": 92.0,\r\n        \"Mark2\": 90.5,\r\n        \"Mark3\": 88.5,\r\n        \"Mark4\": 91.0,\r\n        \"Mark5\": 89.5,\r\n        \"Average\": 90.3,\r\n        \"Percentage\": 0.903,\r\n        \"Fees\": 250,\r\n        \"AttendancePercentage\": 96,\r\n        \"StudyHours\": 37\r\n    },\r\n    {\r\n        \"RollNo\": 10029,\r\n        \"Mark1\": 86.0,\r\n        \"Mark2\": 87.5,\r\n        \"Mark3\": 84.0,\r\n        \"Mark4\": 85.5,\r\n        \"Mark5\": 87.0,\r\n        \"Average\": 86.0,\r\n        \"Percentage\": 0.860,\r\n        \"Fees\": 300,\r\n        \"AttendancePercentage\": 90,\r\n        \"StudyHours\": 24\r\n    },\r\n    {\r\n        \"RollNo\": 10030,\r\n        \"Mark1\": 89.5,\r\n        \"Mark2\": 91.0,\r\n        \"Mark3\": 90.0,\r\n        \"Mark4\": 90.5,\r\n        \"Mark5\": 88.5,\r\n        \"Average\": 89.9,\r\n        \"Percentage\": 0.899,\r\n        \"Fees\": 250,\r\n        \"AttendancePercentage\": 94,\r\n        \"StudyHours\": 33\r\n    },\r\n    {\r\n        \"RollNo\": 10031,\r\n        \"Mark1\": 83.0,\r\n        \"Mark2\": 88.5,\r\n        \"Mark3\": 86.5,\r\n        \"Mark4\": 85.0,\r\n        \"Mark5\": 87.5,\r\n        \"Average\": 86.1,\r\n        \"Percentage\": 0.861,\r\n        \"Fees\": 300,\r\n        \"AttendancePercentage\": 89,\r\n        \"StudyHours\": 26\r\n    },\r\n    {\r\n        \"RollNo\": 10032,\r\n        \"Mark1\": 94.0,\r\n        \"Mark2\": 92.0,\r\n        \"Mark3\": 89.0,\r\n        \"Mark4\": 91.5,\r\n        \"Mark5\": 90.0,\r\n        \"Average\": 91.3,\r\n        \"Percentage\": 0.913,\r\n        \"Fees\": 250,\r\n        \"AttendancePercentage\": 97,\r\n        \"StudyHours\": 38\r\n    },\r\n    {\r\n        \"RollNo\": 10033,\r\n        \"Mark1\": 78.5,\r\n        \"Mark2\": 86.0,\r\n        \"Mark3\": 84.0,\r\n        \"Mark4\": 80.5,\r\n        \"Mark5\": 83.0,\r\n        \"Average\": 82.4,\r\n        \"Percentage\": 0.824,\r\n        \"Fees\": 350,\r\n        \"AttendancePercentage\": 86,\r\n        \"StudyHours\": 17\r\n    },\r\n    {\r\n        \"RollNo\": 10034,\r\n        \"Mark1\": 91.0,\r\n        \"Mark2\": 93.5,\r\n        \"Mark3\": 90.5,\r\n        \"Mark4\": 92.0,\r\n        \"Mark5\": 89.5,\r\n        \"Average\": 91.3,\r\n        \"Percentage\": 0.913,\r\n        \"Fees\": 250,\r\n        \"AttendancePercentage\": 95,\r\n        \"StudyHours\": 36\r\n    },\r\n    {\r\n        \"RollNo\": 10035,\r\n        \"Mark1\": 85.5,\r\n        \"Mark2\": 88.0,\r\n        \"Mark3\": 86.0,\r\n        \"Mark4\": 87.0,\r\n        \"Mark5\": 85.5,\r\n        \"Average\": 86.4,\r\n        \"Percentage\": 0.864,\r\n        \"Fees\": 300,\r\n        \"AttendancePercentage\": 90,\r\n        \"StudyHours\": 23\r\n    },\r\n    {\r\n        \"RollNo\": 10036,\r\n        \"Mark1\": 80.0,\r\n        \"Mark2\": 90.5,\r\n        \"Mark3\": 84.5,\r\n        \"Mark4\": 82.5,\r\n        \"Mark5\": 88.0,\r\n        \"Average\": 85.1,\r\n        \"Percentage\": 0.851,\r\n        \"Fees\": 300,\r\n        \"AttendancePercentage\": 91,\r\n        \"StudyHours\": 25\r\n    },\r\n    {\r\n        \"RollNo\": 10037,\r\n        \"Mark1\": 93.5,\r\n        \"Mark2\": 89.5,\r\n        \"Mark3\": 91.5,\r\n        \"Mark4\": 90.0,\r\n        \"Mark5\": 92.0,\r\n        \"Average\": 91.3,\r\n        \"Percentage\": 0.913,\r\n        \"Fees\": 250,\r\n        \"AttendancePercentage\": 96,\r\n        \"StudyHours\": 37\r\n    },\r\n    {\r\n        \"RollNo\": 10038,\r\n        \"Mark1\": 79.0,\r\n        \"Mark2\": 87.0,\r\n        \"Mark3\": 83.5,\r\n        \"Mark4\": 80.5,\r\n        \"Mark5\": 84.0,\r\n        \"Average\": 82.8,\r\n        \"Percentage\": 0.828,\r\n        \"Fees\": 350,\r\n        \"AttendancePercentage\": 87,\r\n        \"StudyHours\": 18\r\n    },\r\n    {\r\n        \"RollNo\": 10039,\r\n        \"Mark1\": 88.5,\r\n        \"Mark2\": 92.0,\r\n        \"Mark3\": 90.0,\r\n        \"Mark4\": 89.5,\r\n        \"Mark5\": 91.0,\r\n        \"Average\": 90.2,\r\n        \"Percentage\": 0.902,\r\n        \"Fees\": 250,\r\n        \"AttendancePercentage\": 94,\r\n        \"StudyHours\": 34\r\n    },\r\n    {\r\n        \"RollNo\": 10040,\r\n        \"Mark1\": 84.0,\r\n        \"Mark2\": 86.5,\r\n        \"Mark3\": 85.0,\r\n        \"Mark4\": 86.0,\r\n        \"Mark5\": 87.5,\r\n        \"Average\": 85.8,\r\n        \"Percentage\": 0.858,\r\n        \"Fees\": 300,\r\n        \"AttendancePercentage\": 90,\r\n        \"StudyHours\": 24\r\n    }\r\n];",
  "dependencies": "{\"@syncfusion/react-grid\":\"*\",\"@syncfusion/react-locale\":\"*\",\"@syncfusion/react-cldr-data\":\"*\"}"
}