{
  "src/App.css": "@import \"@syncfusion/react-base/styles/material3.css\";\n@import \"@syncfusion/react-buttons/styles/material3.css\";\n@import \"@syncfusion/react-popups/styles/material3.css\";\n@import \"@syncfusion/react-splitbuttons/styles/material3.css\";\n@import \"@syncfusion/react-inputs/styles/material3.css\";\n@import \"@syncfusion/react-calendars/styles/material3.css\";\n@import \"@syncfusion/react-lists/styles/material3.css\";\n@import \"@syncfusion/react-dropdowns/styles/material3.css\";\n@import \"@syncfusion/react-navigations/styles/material3.css\";\n@import \"@syncfusion/react-notifications/styles/material3.css\";\n@import \"@syncfusion/react-pager/styles/material3.css\";\n@import \"@syncfusion/react-grid/styles/material3.css\";\n",
  "src/App.tsx": "import { Grid, Columns, Column, GridRef, SortSettings, PageSettings, SortEvent, TextAlign, ColumnType, FilterBarType, ActionType } from '@syncfusion/react-grid';\r\nimport './console.css';\r\nimport { useState, useMemo, useCallback, useRef } from 'react';\r\nimport { medicalHistory } from './healthCareDetails';\r\nimport { Button } from '@syncfusion/react-buttons';\r\n\r\nexport default function App() {\r\n    // Initialize grid reference for accessing grid methods.\r\n    const gridRef = useRef<GridRef>(null);\r\n    // Initialize state for sort, and pagination settings.    \r\n    const [sortSettings] = useState<SortSettings>({ enabled: true});   \r\n    const [pageSettings] = useState<PageSettings>({ enabled: true, pageSize: 8, pageCount: 4 });\r\n    // Manage console output for page event.\r\n    const [sortCompleteOutput, setSortCompleteOutput] = useState<string[]>([]); \r\n\r\n    //Memoized handler for sort complete.\r\n    const onSort = useCallback((props:SortEvent) => {\r\n        if (props.action === ActionType.Sorting) {\r\n            const sortInfo = `{action: \"${props.action}\", field: \"${props.field}\", direction: \"${props.direction}\"}`;\r\n            setSortCompleteOutput(prev => [...prev, `\"onSort\" event triggered.`, `Sort Action Details: *${sortInfo}*`]);\r\n        } else if (props.action === ActionType.ClearSorting) {\r\n            const sortInfo = `{action: \"${props.action}\"}`;\r\n            setSortCompleteOutput(prev => [...prev, `\"onSort\" event triggered.`, `Sort Action Details: *${sortInfo}*`]);\r\n        }\r\n    }, []);\r\n \r\n    // Memoized handler for clearing the console.    \r\n    const clearConsole = useCallback(() => {\r\n        setSortCompleteOutput([]);\r\n    }, []);\r\n \r\n    // Memoize grid component to optimize rendering.\r\n    const gridComponent = useMemo(() => (\r\n        <Grid ref={gridRef} dataSource={medicalHistory} sortSettings={sortSettings} onSort={onSort} pageSettings={pageSettings}>\r\n            <Columns>\r\n                <Column field=\"PatientID\" headerText=\"Patient ID\" filter={{filterBarType:FilterBarType.NumericTextBox}} width=\"110\" textAlign={TextAlign.Right} />\r\n                <Column field=\"FirstName\" headerText=\"Patient Name\" width=\"140\" />\r\n                <Column field=\"LastVisitDate\" headerText=\"Last Visit\" width=\"110\" format=\"yMd\" textAlign={TextAlign.Right} type={ColumnType.Date} filter={{filterBarType:FilterBarType.DatePicker}}/>\r\n                <Column field=\"MedicalCondition\" headerText=\"Medical Condition\" width=\"150\" />\r\n                <Column field=\"VisitCount\" headerText=\"Visit Count\" width=\"100\" headerTextAlign='Center' textAlign={TextAlign.Right} filter={{filterBarType:FilterBarType.NumericTextBox}}/>\r\n                <Column field=\"InsuranceProvider\" headerText=\"Insurance Provider\" width=\"160\" />\r\n                <Column field=\"Country\" headerText=\"Country\" width=\"90\" />\r\n            </Columns>\r\n        </Grid>\r\n    ), [onSort]); // Depend only on event handlers.\r\n \r\n    return (\r\n        <div>\r\n            {gridComponent}\r\n            <div className=\"console-container\">\r\n                <div className=\"console-header\">\r\n                    <span className=\"console-title\">\r\n                        Console\r\n                    </span>\r\n                    <Button onClick={clearConsole} disabled={sortCompleteOutput.length === 0} >Clear</Button>\r\n                </div>\r\n                <div className=\"console-content\">\r\n                    <pre>\r\n                        {sortCompleteOutput.length === 0\r\n                        ? 'Apply a sort action to view the sorting notification.'\r\n                        : sortCompleteOutput.map((line, index) => {\r\n                            if (line.includes(\"*\")) {\r\n                                const parts = line.split('*');\r\n                                return (\r\n                                    <div key={index}>\r\n                                        {parts[0]}\r\n                                        <i>{parts[1]}</i><br/><br/>\r\n                                    </div>\r\n                                );\r\n                            }\r\n                            return <div key={index}>{line}</div>;\r\n                        })}\r\n                    </pre>\r\n                </div>\r\n            </div>\r\n        </div>\r\n    );\r\n}\r\n",
  "src/healthCareDetails.ts": "\r\nexport interface PatientRecord {\r\n  PatientID: number;\r\n  FirstName: string;\r\n  LastName: string;\r\n  DateOfBirth: Date;\r\n  Gender: string;\r\n  ContactInfo: string;\r\n  Address: string;\r\n  City: string;\r\n  State: string;\r\n  PostalCode: string;\r\n  Country: string;\r\n  LastVisitDate: Date;\r\n  InsuranceProvider: string;\r\n  MedicalCondition: string;\r\n  VisitCount: number;\r\n}\r\n\r\nexport const medicalHistory: PatientRecord[] =[\r\n  {\r\n    \"PatientID\": 1000,\r\n    \"FirstName\": \"Bob\",\r\n    \"LastName\": \"Johnson\",\r\n    \"DateOfBirth\": new Date(867369600000),\r\n    \"Gender\": \"Female\",\r\n    \"ContactInfo\": \"user1@example.com\",\r\n    \"Address\": \"980 Main St\",\r\n    \"City\": \"Houston\",\r\n    \"State\": \"IL\",\r\n    \"PostalCode\": \"77478\",\r\n    \"Country\": \"USA\",\r\n    \"LastVisitDate\": new Date(1635033600000),\r\n    \"InsuranceProvider\": \"UnitedHealth\",\r\n    \"MedicalCondition\": \"Heart Disease\",\r\n    \"VisitCount\": 10\r\n  },\r\n  {\r\n    \"PatientID\": 1001,\r\n    \"FirstName\": \"Fiona\",\r\n    \"LastName\": \"Garcia\",\r\n    \"DateOfBirth\": new Date(1522368000000),\r\n    \"Gender\": \"Other\",\r\n    \"ContactInfo\": \"user2@example.com\",\r\n    \"Address\": \"289 Main St\",\r\n    \"City\": \"New York\",\r\n    \"State\": \"IL\",\r\n    \"PostalCode\": \"99285\",\r\n    \"Country\": \"USA\",\r\n    \"LastVisitDate\": new Date(1657929600000),\r\n    \"InsuranceProvider\": \"Aetna\",\r\n    \"MedicalCondition\": \"Arthritis\",\r\n    \"VisitCount\": 1\r\n  },\r\n  {\r\n    \"PatientID\": 1002,\r\n    \"FirstName\": \"Diana\",\r\n    \"LastName\": \"Brown\",\r\n    \"DateOfBirth\": new Date(-413596800000),\r\n    \"Gender\": \"Other\",\r\n    \"ContactInfo\": \"user3@example.com\",\r\n    \"Address\": \"395 Main St\",\r\n    \"City\": \"Los Angeles\",\r\n    \"State\": \"CA\",\r\n    \"PostalCode\": \"88819\",\r\n    \"Country\": \"USA\",\r\n    \"LastVisitDate\": new Date(1694476800000),\r\n    \"InsuranceProvider\": \"Blue Cross\",\r\n    \"MedicalCondition\": \"Hypertension\",\r\n    \"VisitCount\": 5\r\n  },\r\n  {\r\n    \"PatientID\": 1003,\r\n    \"FirstName\": \"Alice\",\r\n    \"LastName\": \"Garcia\",\r\n    \"DateOfBirth\": new Date(1225929600000),\r\n    \"Gender\": \"Male\",\r\n    \"ContactInfo\": \"user4@example.com\",\r\n    \"Address\": \"803 Main St\",\r\n    \"City\": \"Phoenix\",\r\n    \"State\": \"AZ\",\r\n    \"PostalCode\": \"50387\",\r\n    \"Country\": \"USA\",\r\n    \"LastVisitDate\": new Date(1626220800000),\r\n    \"InsuranceProvider\": \"Blue Cross\",\r\n    \"MedicalCondition\": \"Arthritis\",\r\n    \"VisitCount\": 8\r\n  },\r\n  {\r\n    \"PatientID\": 1004,\r\n    \"FirstName\": \"Fiona\",\r\n    \"LastName\": \"Williams\",\r\n    \"DateOfBirth\": new Date(820886400000),\r\n    \"Gender\": \"Female\",\r\n    \"ContactInfo\": \"user5@example.com\",\r\n    \"Address\": \"983 Main St\",\r\n    \"City\": \"Phoenix\",\r\n    \"State\": \"AZ\",\r\n    \"PostalCode\": \"80802\",\r\n    \"Country\": \"USA\",\r\n    \"LastVisitDate\": new Date(1644969600000),\r\n    \"InsuranceProvider\": \"Aetna\",\r\n    \"MedicalCondition\": \"Hypertension\",\r\n    \"VisitCount\": 5\r\n  },\r\n  {\r\n    \"PatientID\": 1005,\r\n    \"FirstName\": \"Fiona\",\r\n    \"LastName\": \"Williams\",\r\n    \"DateOfBirth\": new Date(393033600000),\r\n    \"Gender\": \"Other\",\r\n    \"ContactInfo\": \"user6@example.com\",\r\n    \"Address\": \"805 Main St\",\r\n    \"City\": \"Chicago\",\r\n    \"State\": \"IL\",\r\n    \"PostalCode\": \"48938\",\r\n    \"Country\": \"USA\",\r\n    \"LastVisitDate\": new Date(1613606400000),\r\n    \"InsuranceProvider\": \"UnitedHealth\",\r\n    \"MedicalCondition\": \"Heart Disease\",\r\n    \"VisitCount\": 7\r\n  },\r\n  {\r\n    \"PatientID\": 1006,\r\n    \"FirstName\": \"Ethan\",\r\n    \"LastName\": \"Johnson\",\r\n    \"DateOfBirth\": new Date(433728000000),\r\n    \"Gender\": \"Female\",\r\n    \"ContactInfo\": \"user7@example.com\",\r\n    \"Address\": \"582 Main St\",\r\n    \"City\": \"Phoenix\",\r\n    \"State\": \"TX\",\r\n    \"PostalCode\": \"98378\",\r\n    \"Country\": \"USA\",\r\n    \"LastVisitDate\": new Date(1686528000000),\r\n    \"InsuranceProvider\": \"Cigna\",\r\n    \"MedicalCondition\": \"Arthritis\",\r\n    \"VisitCount\": 6\r\n  },\r\n  {\r\n    \"PatientID\": 1007,\r\n    \"FirstName\": \"Bob\",\r\n    \"LastName\": \"Smith\",\r\n    \"DateOfBirth\": new Date(-441158400000),\r\n    \"Gender\": \"Other\",\r\n    \"ContactInfo\": \"user8@example.com\",\r\n    \"Address\": \"216 Main St\",\r\n    \"City\": \"Phoenix\",\r\n    \"State\": \"TX\",\r\n    \"PostalCode\": \"39781\",\r\n    \"Country\": \"USA\",\r\n    \"LastVisitDate\": new Date(1668988800000),\r\n    \"InsuranceProvider\": \"Kaiser\",\r\n    \"MedicalCondition\": \"Hypertension\",\r\n    \"VisitCount\": 10\r\n  },\r\n  {\r\n    \"PatientID\": 1008,\r\n    \"FirstName\": \"Charlie\",\r\n    \"LastName\": \"Johnson\",\r\n    \"DateOfBirth\": new Date(1456012800000),\r\n    \"Gender\": \"Female\",\r\n    \"ContactInfo\": \"user9@example.com\",\r\n    \"Address\": \"680 Main St\",\r\n    \"City\": \"Phoenix\",\r\n    \"State\": \"AZ\",\r\n    \"PostalCode\": \"29113\",\r\n    \"Country\": \"USA\",\r\n    \"LastVisitDate\": new Date(1668470400000),\r\n    \"InsuranceProvider\": \"Cigna\",\r\n    \"MedicalCondition\": \"Arthritis\",\r\n    \"VisitCount\": 6\r\n  },\r\n  {\r\n    \"PatientID\": 1009,\r\n    \"FirstName\": \"Ethan\",\r\n    \"LastName\": \"Smith\",\r\n    \"DateOfBirth\": new Date(222393600000),\r\n    \"Gender\": \"Male\",\r\n    \"ContactInfo\": \"user10@example.com\",\r\n    \"Address\": \"173 Main St\",\r\n    \"City\": \"New York\",\r\n    \"State\": \"IL\",\r\n    \"PostalCode\": \"76512\",\r\n    \"Country\": \"USA\",\r\n    \"LastVisitDate\": new Date(1607385600000),\r\n    \"InsuranceProvider\": \"Blue Cross\",\r\n    \"MedicalCondition\": \"Arthritis\",\r\n    \"VisitCount\": 10\r\n  },\r\n  {\r\n    \"PatientID\": 1010,\r\n    \"FirstName\": \"Bob\",\r\n    \"LastName\": \"Brown\",\r\n    \"DateOfBirth\": new Date(1468108800000),\r\n    \"Gender\": \"Other\",\r\n    \"ContactInfo\": \"user11@example.com\",\r\n    \"Address\": \"181 Main St\",\r\n    \"City\": \"Los Angeles\",\r\n    \"State\": \"TX\",\r\n    \"PostalCode\": \"89131\",\r\n    \"Country\": \"USA\",\r\n    \"LastVisitDate\": new Date(1591660800000),\r\n    \"InsuranceProvider\": \"UnitedHealth\",\r\n    \"MedicalCondition\": \"Heart Disease\",\r\n    \"VisitCount\": 3\r\n  },\r\n  {\r\n    \"PatientID\": 1011,\r\n    \"FirstName\": \"Ethan\",\r\n    \"LastName\": \"Williams\",\r\n    \"DateOfBirth\": new Date(1346198400000),\r\n    \"Gender\": \"Other\",\r\n    \"ContactInfo\": \"user12@example.com\",\r\n    \"Address\": \"404 Main St\",\r\n    \"City\": \"New York\",\r\n    \"State\": \"TX\",\r\n    \"PostalCode\": \"50984\",\r\n    \"Country\": \"USA\",\r\n    \"LastVisitDate\": new Date(1578009600000),\r\n    \"InsuranceProvider\": \"Aetna\",\r\n    \"MedicalCondition\": \"Hypertension\",\r\n    \"VisitCount\": 8\r\n  },\r\n  {\r\n    \"PatientID\": 1012,\r\n    \"FirstName\": \"Charlie\",\r\n    \"LastName\": \"Brown\",\r\n    \"DateOfBirth\": new Date(784339200000),\r\n    \"Gender\": \"Male\",\r\n    \"ContactInfo\": \"user13@example.com\",\r\n    \"Address\": \"678 Main St\",\r\n    \"City\": \"Chicago\",\r\n    \"State\": \"AZ\",\r\n    \"PostalCode\": \"82637\",\r\n    \"Country\": \"USA\",\r\n    \"LastVisitDate\": new Date(1616889600000),\r\n    \"InsuranceProvider\": \"UnitedHealth\",\r\n    \"MedicalCondition\": \"Asthma\",\r\n    \"VisitCount\": 5\r\n  },\r\n  {\r\n    \"PatientID\": 1013,\r\n    \"FirstName\": \"Diana\",\r\n    \"LastName\": \"Brown\",\r\n    \"DateOfBirth\": new Date(298684800000),\r\n    \"Gender\": \"Female\",\r\n    \"ContactInfo\": \"user14@example.com\",\r\n    \"Address\": \"805 Main St\",\r\n    \"City\": \"Los Angeles\",\r\n    \"State\": \"NY\",\r\n    \"PostalCode\": \"41380\",\r\n    \"Country\": \"USA\",\r\n    \"LastVisitDate\": new Date(1597276800000),\r\n    \"InsuranceProvider\": \"Cigna\",\r\n    \"MedicalCondition\": \"Arthritis\",\r\n    \"VisitCount\": 2\r\n  },\r\n  {\r\n    \"PatientID\": 1014,\r\n    \"FirstName\": \"Alice\",\r\n    \"LastName\": \"Smith\",\r\n    \"DateOfBirth\": new Date(14083200000),\r\n    \"Gender\": \"Other\",\r\n    \"ContactInfo\": \"user15@example.com\",\r\n    \"Address\": \"215 Main St\",\r\n    \"City\": \"New York\",\r\n    \"State\": \"NY\",\r\n    \"PostalCode\": \"85446\",\r\n    \"Country\": \"USA\",\r\n    \"LastVisitDate\": new Date(1632441600000),\r\n    \"InsuranceProvider\": \"UnitedHealth\",\r\n    \"MedicalCondition\": \"Diabetes\",\r\n    \"VisitCount\": 3\r\n  },\r\n  {\r\n    \"PatientID\": 1015,\r\n    \"FirstName\": \"Fiona\",\r\n    \"LastName\": \"Williams\",\r\n    \"DateOfBirth\": new Date(-617328000000),\r\n    \"Gender\": \"Male\",\r\n    \"ContactInfo\": \"user16@example.com\",\r\n    \"Address\": \"458 Main St\",\r\n    \"City\": \"Los Angeles\",\r\n    \"State\": \"TX\",\r\n    \"PostalCode\": \"33566\",\r\n    \"Country\": \"USA\",\r\n    \"LastVisitDate\": new Date(1706313600000),\r\n    \"InsuranceProvider\": \"Blue Cross\",\r\n    \"MedicalCondition\": \"Arthritis\",\r\n    \"VisitCount\": 10\r\n  },\r\n  {\r\n    \"PatientID\": 1016,\r\n    \"FirstName\": \"Bob\",\r\n    \"LastName\": \"Brown\",\r\n    \"DateOfBirth\": new Date(1484784000000),\r\n    \"Gender\": \"Male\",\r\n    \"ContactInfo\": \"user17@example.com\",\r\n    \"Address\": \"165 Main St\",\r\n    \"City\": \"New York\",\r\n    \"State\": \"AZ\",\r\n    \"PostalCode\": \"16480\",\r\n    \"Country\": \"USA\",\r\n    \"LastVisitDate\": new Date(1649721600000),\r\n    \"InsuranceProvider\": \"Blue Cross\",\r\n    \"MedicalCondition\": \"Diabetes\",\r\n    \"VisitCount\": 8\r\n  },\r\n  {\r\n    \"PatientID\": 1017,\r\n    \"FirstName\": \"Bob\",\r\n    \"LastName\": \"Garcia\",\r\n    \"DateOfBirth\": new Date(417312000000),\r\n    \"Gender\": \"Male\",\r\n    \"ContactInfo\": \"user18@example.com\",\r\n    \"Address\": \"528 Main St\",\r\n    \"City\": \"Chicago\",\r\n    \"State\": \"TX\",\r\n    \"PostalCode\": \"56694\",\r\n    \"Country\": \"USA\",\r\n    \"LastVisitDate\": new Date(1622073600000),\r\n    \"InsuranceProvider\": \"Aetna\",\r\n    \"MedicalCondition\": \"Diabetes\",\r\n    \"VisitCount\": 1\r\n  },\r\n  {\r\n    \"PatientID\": 1018,\r\n    \"FirstName\": \"Fiona\",\r\n    \"LastName\": \"Smith\",\r\n    \"DateOfBirth\": new Date(953769600000),\r\n    \"Gender\": \"Male\",\r\n    \"ContactInfo\": \"user19@example.com\",\r\n    \"Address\": \"193 Main St\",\r\n    \"City\": \"New York\",\r\n    \"State\": \"AZ\",\r\n    \"PostalCode\": \"67652\",\r\n    \"Country\": \"USA\",\r\n    \"LastVisitDate\": new Date(1674864000000),\r\n    \"InsuranceProvider\": \"Cigna\",\r\n    \"MedicalCondition\": \"Asthma\",\r\n    \"VisitCount\": 9\r\n  },\r\n  {\r\n    \"PatientID\": 1019,\r\n    \"FirstName\": \"Alice\",\r\n    \"LastName\": \"Garcia\",\r\n    \"DateOfBirth\": new Date(1190246400000),\r\n    \"Gender\": \"Male\",\r\n    \"ContactInfo\": \"user20@example.com\",\r\n    \"Address\": \"461 Main St\",\r\n    \"City\": \"Phoenix\",\r\n    \"State\": \"IL\",\r\n    \"PostalCode\": \"20799\",\r\n    \"Country\": \"USA\",\r\n    \"LastVisitDate\": new Date(1654819200000),\r\n    \"InsuranceProvider\": \"Cigna\",\r\n    \"MedicalCondition\": \"Asthma\",\r\n    \"VisitCount\": 9\r\n  },\r\n  {\r\n    \"PatientID\": 1020,\r\n    \"FirstName\": \"Alice\",\r\n    \"LastName\": \"Williams\",\r\n    \"DateOfBirth\": new Date(-8985600000),\r\n    \"Gender\": \"Male\",\r\n    \"ContactInfo\": \"user21@example.com\",\r\n    \"Address\": \"960 Main St\",\r\n    \"City\": \"Chicago\",\r\n    \"State\": \"AZ\",\r\n    \"PostalCode\": \"76329\",\r\n    \"Country\": \"USA\",\r\n    \"LastVisitDate\": new Date(1638403200000),\r\n    \"InsuranceProvider\": \"Kaiser\",\r\n    \"MedicalCondition\": \"Diabetes\",\r\n    \"VisitCount\": 9\r\n  },\r\n  {\r\n    \"PatientID\": 1021,\r\n    \"FirstName\": \"Ethan\",\r\n    \"LastName\": \"Johnson\",\r\n    \"DateOfBirth\": new Date(364780800000),\r\n    \"Gender\": \"Other\",\r\n    \"ContactInfo\": \"user22@example.com\",\r\n    \"Address\": \"605 Main St\",\r\n    \"City\": \"Phoenix\",\r\n    \"State\": \"AZ\",\r\n    \"PostalCode\": \"45965\",\r\n    \"Country\": \"USA\",\r\n    \"LastVisitDate\": new Date(1702684800000),\r\n    \"InsuranceProvider\": \"Aetna\",\r\n    \"MedicalCondition\": \"Asthma\",\r\n    \"VisitCount\": 4\r\n  },\r\n  {\r\n    \"PatientID\": 1022,\r\n    \"FirstName\": \"Charlie\",\r\n    \"LastName\": \"Smith\",\r\n    \"DateOfBirth\": new Date(708998400000),\r\n    \"Gender\": \"Male\",\r\n    \"ContactInfo\": \"user23@example.com\",\r\n    \"Address\": \"630 Main St\",\r\n    \"City\": \"Chicago\",\r\n    \"State\": \"NY\",\r\n    \"PostalCode\": \"12231\",\r\n    \"Country\": \"USA\",\r\n    \"LastVisitDate\": new Date(1688083200000),\r\n    \"InsuranceProvider\": \"Kaiser\",\r\n    \"MedicalCondition\": \"Heart Disease\",\r\n    \"VisitCount\": 1\r\n  },\r\n  {\r\n    \"PatientID\": 1023,\r\n    \"FirstName\": \"Bob\",\r\n    \"LastName\": \"Williams\",\r\n    \"DateOfBirth\": new Date(-472089600000),\r\n    \"Gender\": \"Female\",\r\n    \"ContactInfo\": \"user24@example.com\",\r\n    \"Address\": \"992 Main St\",\r\n    \"City\": \"Chicago\",\r\n    \"State\": \"NY\",\r\n    \"PostalCode\": \"20214\",\r\n    \"Country\": \"USA\",\r\n    \"LastVisitDate\": new Date(1628812800000),\r\n    \"InsuranceProvider\": \"Cigna\",\r\n    \"MedicalCondition\": \"Asthma\",\r\n    \"VisitCount\": 6\r\n  },\r\n  {\r\n    \"PatientID\": 1024,\r\n    \"FirstName\": \"Diana\",\r\n    \"LastName\": \"Smith\",\r\n    \"DateOfBirth\": new Date(-40953600000),\r\n    \"Gender\": \"Other\",\r\n    \"ContactInfo\": \"user25@example.com\",\r\n    \"Address\": \"949 Main St\",\r\n    \"City\": \"Houston\",\r\n    \"State\": \"IL\",\r\n    \"PostalCode\": \"14434\",\r\n    \"Country\": \"USA\",\r\n    \"LastVisitDate\": new Date(1667520000000),\r\n    \"InsuranceProvider\": \"Aetna\",\r\n    \"MedicalCondition\": \"Arthritis\",\r\n    \"VisitCount\": 5\r\n  },\r\n  {\r\n    \"PatientID\": 1025,\r\n    \"FirstName\": \"Fiona\",\r\n    \"LastName\": \"Brown\",\r\n    \"DateOfBirth\": new Date(13564800000),\r\n    \"Gender\": \"Other\",\r\n    \"ContactInfo\": \"user26@example.com\",\r\n    \"Address\": \"267 Main St\",\r\n    \"City\": \"Houston\",\r\n    \"State\": \"CA\",\r\n    \"PostalCode\": \"89824\",\r\n    \"Country\": \"USA\",\r\n    \"LastVisitDate\": new Date(1635984000000),\r\n    \"InsuranceProvider\": \"Kaiser\",\r\n    \"MedicalCondition\": \"Arthritis\",\r\n    \"VisitCount\": 4\r\n  },\r\n  {\r\n    \"PatientID\": 1026,\r\n    \"FirstName\": \"Alice\",\r\n    \"LastName\": \"Garcia\",\r\n    \"DateOfBirth\": new Date(792720000000),\r\n    \"Gender\": \"Male\",\r\n    \"ContactInfo\": \"user27@example.com\",\r\n    \"Address\": \"281 Main St\",\r\n    \"City\": \"Chicago\",\r\n    \"State\": \"IL\",\r\n    \"PostalCode\": \"23366\",\r\n    \"Country\": \"USA\",\r\n    \"LastVisitDate\": new Date(1644883200000),\r\n    \"InsuranceProvider\": \"Cigna\",\r\n    \"MedicalCondition\": \"Asthma\",\r\n    \"VisitCount\": 6\r\n  },\r\n  {\r\n    \"PatientID\": 1027,\r\n    \"FirstName\": \"Ethan\",\r\n    \"LastName\": \"Johnson\",\r\n    \"DateOfBirth\": new Date(86745600000),\r\n    \"Gender\": \"Other\",\r\n    \"ContactInfo\": \"user28@example.com\",\r\n    \"Address\": \"114 Main St\",\r\n    \"City\": \"Los Angeles\",\r\n    \"State\": \"IL\",\r\n    \"PostalCode\": \"10173\",\r\n    \"Country\": \"USA\",\r\n    \"LastVisitDate\": new Date(1617062400000),\r\n    \"InsuranceProvider\": \"Aetna\",\r\n    \"MedicalCondition\": \"Heart Disease\",\r\n    \"VisitCount\": 1\r\n  },\r\n  {\r\n    \"PatientID\": 1028,\r\n    \"FirstName\": \"Bob\",\r\n    \"LastName\": \"Johnson\",\r\n    \"DateOfBirth\": new Date(372384000000),\r\n    \"Gender\": \"Female\",\r\n    \"ContactInfo\": \"user29@example.com\",\r\n    \"Address\": \"134 Main St\",\r\n    \"City\": \"Phoenix\",\r\n    \"State\": \"IL\",\r\n    \"PostalCode\": \"69041\",\r\n    \"Country\": \"USA\",\r\n    \"LastVisitDate\": new Date(1700611200000),\r\n    \"InsuranceProvider\": \"UnitedHealth\",\r\n    \"MedicalCondition\": \"Asthma\",\r\n    \"VisitCount\": 10\r\n  },\r\n  {\r\n    \"PatientID\": 1029,\r\n    \"FirstName\": \"Diana\",\r\n    \"LastName\": \"Johnson\",\r\n    \"DateOfBirth\": new Date(870220800000),\r\n    \"Gender\": \"Male\",\r\n    \"ContactInfo\": \"user30@example.com\",\r\n    \"Address\": \"444 Main St\",\r\n    \"City\": \"Houston\",\r\n    \"State\": \"CA\",\r\n    \"PostalCode\": \"45749\",\r\n    \"Country\": \"USA\",\r\n    \"LastVisitDate\": new Date(1616544000000),\r\n    \"InsuranceProvider\": \"UnitedHealth\",\r\n    \"MedicalCondition\": \"Hypertension\",\r\n    \"VisitCount\": 5\r\n  },\r\n  {\r\n    \"PatientID\": 1030,\r\n    \"FirstName\": \"Charlie\",\r\n    \"LastName\": \"Brown\",\r\n    \"DateOfBirth\": new Date(399945600000),\r\n    \"Gender\": \"Other\",\r\n    \"ContactInfo\": \"user31@example.com\",\r\n    \"Address\": \"585 Main St\",\r\n    \"City\": \"Los Angeles\",\r\n    \"State\": \"NY\",\r\n    \"PostalCode\": \"68259\",\r\n    \"Country\": \"USA\",\r\n    \"LastVisitDate\": new Date(1598745600000),\r\n    \"InsuranceProvider\": \"Aetna\",\r\n    \"MedicalCondition\": \"Hypertension\",\r\n    \"VisitCount\": 7\r\n  },\r\n  {\r\n    \"PatientID\": 1031,\r\n    \"FirstName\": \"Ethan\",\r\n    \"LastName\": \"Williams\",\r\n    \"DateOfBirth\": new Date(-183340800000),\r\n    \"Gender\": \"Female\",\r\n    \"ContactInfo\": \"user32@example.com\",\r\n    \"Address\": \"541 Main St\",\r\n    \"City\": \"Chicago\",\r\n    \"State\": \"IL\",\r\n    \"PostalCode\": \"57767\",\r\n    \"Country\": \"USA\",\r\n    \"LastVisitDate\": new Date(1644796800000),\r\n    \"InsuranceProvider\": \"Blue Cross\",\r\n    \"MedicalCondition\": \"Asthma\",\r\n    \"VisitCount\": 3\r\n  },\r\n  {\r\n    \"PatientID\": 1032,\r\n    \"FirstName\": \"Bob\",\r\n    \"LastName\": \"Williams\",\r\n    \"DateOfBirth\": new Date(1462579200000),\r\n    \"Gender\": \"Male\",\r\n    \"ContactInfo\": \"user33@example.com\",\r\n    \"Address\": \"960 Main St\",\r\n    \"City\": \"Phoenix\",\r\n    \"State\": \"AZ\",\r\n    \"PostalCode\": \"85910\",\r\n    \"Country\": \"USA\",\r\n    \"LastVisitDate\": new Date(1597968000000),\r\n    \"InsuranceProvider\": \"Aetna\",\r\n    \"MedicalCondition\": \"Hypertension\",\r\n    \"VisitCount\": 9\r\n  },\r\n  {\r\n    \"PatientID\": 1033,\r\n    \"FirstName\": \"Bob\",\r\n    \"LastName\": \"Garcia\",\r\n    \"DateOfBirth\": new Date(1263168000000),\r\n    \"Gender\": \"Other\",\r\n    \"ContactInfo\": \"user34@example.com\",\r\n    \"Address\": \"657 Main St\",\r\n    \"City\": \"Houston\",\r\n    \"State\": \"CA\",\r\n    \"PostalCode\": \"85416\",\r\n    \"Country\": \"USA\",\r\n    \"LastVisitDate\": new Date(1691712000000),\r\n    \"InsuranceProvider\": \"Cigna\",\r\n    \"MedicalCondition\": \"Hypertension\",\r\n    \"VisitCount\": 8\r\n  },\r\n  {\r\n    \"PatientID\": 1034,\r\n    \"FirstName\": \"Ethan\",\r\n    \"LastName\": \"Jones\",\r\n    \"DateOfBirth\": new Date(-243043200000),\r\n    \"Gender\": \"Male\",\r\n    \"ContactInfo\": \"user35@example.com\",\r\n    \"Address\": \"871 Main St\",\r\n    \"City\": \"New York\",\r\n    \"State\": \"CA\",\r\n    \"PostalCode\": \"37323\",\r\n    \"Country\": \"USA\",\r\n    \"LastVisitDate\": new Date(1577923200000),\r\n    \"InsuranceProvider\": \"Kaiser\",\r\n    \"MedicalCondition\": \"Diabetes\",\r\n    \"VisitCount\": 1\r\n  },\r\n  {\r\n    \"PatientID\": 1035,\r\n    \"FirstName\": \"Diana\",\r\n    \"LastName\": \"Smith\",\r\n    \"DateOfBirth\": new Date(633830400000),\r\n    \"Gender\": \"Male\",\r\n    \"ContactInfo\": \"user36@example.com\",\r\n    \"Address\": \"548 Main St\",\r\n    \"City\": \"Los Angeles\",\r\n    \"State\": \"AZ\",\r\n    \"PostalCode\": \"69317\",\r\n    \"Country\": \"USA\",\r\n    \"LastVisitDate\": new Date(1602460800000),\r\n    \"InsuranceProvider\": \"Blue Cross\",\r\n    \"MedicalCondition\": \"Asthma\",\r\n    \"VisitCount\": 4\r\n  },\r\n  {\r\n    \"PatientID\": 1036,\r\n    \"FirstName\": \"Fiona\",\r\n    \"LastName\": \"Johnson\",\r\n    \"DateOfBirth\": new Date(-368668800000),\r\n    \"Gender\": \"Other\",\r\n    \"ContactInfo\": \"user37@example.com\",\r\n    \"Address\": \"943 Main St\",\r\n    \"City\": \"Chicago\",\r\n    \"State\": \"TX\",\r\n    \"PostalCode\": \"90077\",\r\n    \"Country\": \"USA\",\r\n    \"LastVisitDate\": new Date(1618185600000),\r\n    \"InsuranceProvider\": \"Aetna\",\r\n    \"MedicalCondition\": \"Arthritis\",\r\n    \"VisitCount\": 8\r\n  },\r\n  {\r\n    \"PatientID\": 1037,\r\n    \"FirstName\": \"Bob\",\r\n    \"LastName\": \"Jones\",\r\n    \"DateOfBirth\": new Date(1483228800000),\r\n    \"Gender\": \"Other\",\r\n    \"ContactInfo\": \"user38@example.com\",\r\n    \"Address\": \"607 Main St\",\r\n    \"City\": \"Houston\",\r\n    \"State\": \"IL\",\r\n    \"PostalCode\": \"29113\",\r\n    \"Country\": \"USA\",\r\n    \"LastVisitDate\": new Date(1637712000000),\r\n    \"InsuranceProvider\": \"Blue Cross\",\r\n    \"MedicalCondition\": \"Heart Disease\",\r\n    \"VisitCount\": 10\r\n  },\r\n  {\r\n    \"PatientID\": 1038,\r\n    \"FirstName\": \"Fiona\",\r\n    \"LastName\": \"Williams\",\r\n    \"DateOfBirth\": new Date(509414400000),\r\n    \"Gender\": \"Male\",\r\n    \"ContactInfo\": \"user39@example.com\",\r\n    \"Address\": \"209 Main St\",\r\n    \"City\": \"Phoenix\",\r\n    \"State\": \"CA\",\r\n    \"PostalCode\": \"33811\",\r\n    \"Country\": \"USA\",\r\n    \"LastVisitDate\": new Date(1695859200000),\r\n    \"InsuranceProvider\": \"Kaiser\",\r\n    \"MedicalCondition\": \"Heart Disease\",\r\n    \"VisitCount\": 9\r\n  },\r\n  {\r\n    \"PatientID\": 1039,\r\n    \"FirstName\": \"Bob\",\r\n    \"LastName\": \"Jones\",\r\n    \"DateOfBirth\": new Date(1400457600000),\r\n    \"Gender\": \"Female\",\r\n    \"ContactInfo\": \"user40@example.com\",\r\n    \"Address\": \"905 Main St\",\r\n    \"City\": \"Chicago\",\r\n    \"State\": \"AZ\",\r\n    \"PostalCode\": \"67313\",\r\n    \"Country\": \"USA\",\r\n    \"LastVisitDate\": new Date(1702944000000),\r\n    \"InsuranceProvider\": \"UnitedHealth\",\r\n    \"MedicalCondition\": \"Asthma\",\r\n    \"VisitCount\": 6\r\n  },\r\n  {\r\n    \"PatientID\": 1040,\r\n    \"FirstName\": \"Bob\",\r\n    \"LastName\": \"Garcia\",\r\n    \"DateOfBirth\": new Date(261014400000),\r\n    \"Gender\": \"Female\",\r\n    \"ContactInfo\": \"user41@example.com\",\r\n    \"Address\": \"992 Main St\",\r\n    \"City\": \"Phoenix\",\r\n    \"State\": \"TX\",\r\n    \"PostalCode\": \"71127\",\r\n    \"Country\": \"USA\",\r\n    \"LastVisitDate\": new Date(1649635200000),\r\n    \"InsuranceProvider\": \"Cigna\",\r\n    \"MedicalCondition\": \"Heart Disease\",\r\n    \"VisitCount\": 9\r\n  },\r\n  {\r\n    \"PatientID\": 1041,\r\n    \"FirstName\": \"Fiona\",\r\n    \"LastName\": \"Brown\",\r\n    \"DateOfBirth\": new Date(-111283200000),\r\n    \"Gender\": \"Male\",\r\n    \"ContactInfo\": \"user42@example.com\",\r\n    \"Address\": \"216 Main St\",\r\n    \"City\": \"Houston\",\r\n    \"State\": \"CA\",\r\n    \"PostalCode\": \"88061\",\r\n    \"Country\": \"USA\",\r\n    \"LastVisitDate\": new Date(1616457600000),\r\n    \"InsuranceProvider\": \"Aetna\",\r\n    \"MedicalCondition\": \"Diabetes\",\r\n    \"VisitCount\": 2\r\n  },\r\n  {\r\n    \"PatientID\": 1042,\r\n    \"FirstName\": \"Ethan\",\r\n    \"LastName\": \"Brown\",\r\n    \"DateOfBirth\": new Date(471830400000),\r\n    \"Gender\": \"Other\",\r\n    \"ContactInfo\": \"user43@example.com\",\r\n    \"Address\": \"692 Main St\",\r\n    \"City\": \"Chicago\",\r\n    \"State\": \"NY\",\r\n    \"PostalCode\": \"16254\",\r\n    \"Country\": \"USA\",\r\n    \"LastVisitDate\": new Date(1684627200000),\r\n    \"InsuranceProvider\": \"Cigna\",\r\n    \"MedicalCondition\": \"Asthma\",\r\n    \"VisitCount\": 2\r\n  },\r\n  {\r\n    \"PatientID\": 1043,\r\n    \"FirstName\": \"Ethan\",\r\n    \"LastName\": \"Jones\",\r\n    \"DateOfBirth\": new Date(-169084800000),\r\n    \"Gender\": \"Female\",\r\n    \"ContactInfo\": \"user44@example.com\",\r\n    \"Address\": \"366 Main St\",\r\n    \"City\": \"Houston\",\r\n    \"State\": \"IL\",\r\n    \"PostalCode\": \"93225\",\r\n    \"Country\": \"USA\",\r\n    \"LastVisitDate\": new Date(1690070400000),\r\n    \"InsuranceProvider\": \"Kaiser\",\r\n    \"MedicalCondition\": \"Diabetes\",\r\n    \"VisitCount\": 7\r\n  },\r\n  {\r\n    \"PatientID\": 1044,\r\n    \"FirstName\": \"Bob\",\r\n    \"LastName\": \"Brown\",\r\n    \"DateOfBirth\": new Date(1226620800000),\r\n    \"Gender\": \"Female\",\r\n    \"ContactInfo\": \"user45@example.com\",\r\n    \"Address\": \"796 Main St\",\r\n    \"City\": \"Houston\",\r\n    \"State\": \"TX\",\r\n    \"PostalCode\": \"51688\",\r\n    \"Country\": \"USA\",\r\n    \"LastVisitDate\": new Date(1580688000000),\r\n    \"InsuranceProvider\": \"Blue Cross\",\r\n    \"MedicalCondition\": \"Arthritis\",\r\n    \"VisitCount\": 8\r\n  },\r\n  {\r\n    \"PatientID\": 1045,\r\n    \"FirstName\": \"Charlie\",\r\n    \"LastName\": \"Johnson\",\r\n    \"DateOfBirth\": new Date(-627868800000),\r\n    \"Gender\": \"Male\",\r\n    \"ContactInfo\": \"user46@example.com\",\r\n    \"Address\": \"784 Main St\",\r\n    \"City\": \"Houston\",\r\n    \"State\": \"AZ\",\r\n    \"PostalCode\": \"76171\",\r\n    \"Country\": \"USA\",\r\n    \"LastVisitDate\": new Date(1592179200000),\r\n    \"InsuranceProvider\": \"Cigna\",\r\n    \"MedicalCondition\": \"Heart Disease\",\r\n    \"VisitCount\": 3\r\n  },\r\n  {\r\n    \"PatientID\": 1046,\r\n    \"FirstName\": \"Bob\",\r\n    \"LastName\": \"Brown\",\r\n    \"DateOfBirth\": new Date(601171200000),\r\n    \"Gender\": \"Female\",\r\n    \"ContactInfo\": \"user47@example.com\",\r\n    \"Address\": \"464 Main St\",\r\n    \"City\": \"Phoenix\",\r\n    \"State\": \"TX\",\r\n    \"PostalCode\": \"33049\",\r\n    \"Country\": \"USA\",\r\n    \"LastVisitDate\": new Date(1613174400000),\r\n    \"InsuranceProvider\": \"Aetna\",\r\n    \"MedicalCondition\": \"Arthritis\",\r\n    \"VisitCount\": 6\r\n  },\r\n  {\r\n    \"PatientID\": 1047,\r\n    \"FirstName\": \"Fiona\",\r\n    \"LastName\": \"Garcia\",\r\n    \"DateOfBirth\": new Date(-233366400000),\r\n    \"Gender\": \"Other\",\r\n    \"ContactInfo\": \"user48@example.com\",\r\n    \"Address\": \"704 Main St\",\r\n    \"City\": \"Chicago\",\r\n    \"State\": \"CA\",\r\n    \"PostalCode\": \"53547\",\r\n    \"Country\": \"USA\",\r\n    \"LastVisitDate\": new Date(1654473600000),\r\n    \"InsuranceProvider\": \"Kaiser\",\r\n    \"MedicalCondition\": \"Arthritis\",\r\n    \"VisitCount\": 1\r\n  },\r\n  {\r\n    \"PatientID\": 1048,\r\n    \"FirstName\": \"Alice\",\r\n    \"LastName\": \"Garcia\",\r\n    \"DateOfBirth\": new Date(-554083200000),\r\n    \"Gender\": \"Female\",\r\n    \"ContactInfo\": \"user49@example.com\",\r\n    \"Address\": \"436 Main St\",\r\n    \"City\": \"New York\",\r\n    \"State\": \"NY\",\r\n    \"PostalCode\": \"26472\",\r\n    \"Country\": \"USA\",\r\n    \"LastVisitDate\": new Date(1647561600000),\r\n    \"InsuranceProvider\": \"Aetna\",\r\n    \"MedicalCondition\": \"Heart Disease\",\r\n    \"VisitCount\": 7\r\n  },\r\n  {\r\n    \"PatientID\": 1049,\r\n    \"FirstName\": \"Charlie\",\r\n    \"LastName\": \"Smith\",\r\n    \"DateOfBirth\": new Date(1299196800000),\r\n    \"Gender\": \"Other\",\r\n    \"ContactInfo\": \"user50@example.com\",\r\n    \"Address\": \"778 Main St\",\r\n    \"City\": \"Chicago\",\r\n    \"State\": \"CA\",\r\n    \"PostalCode\": \"45384\",\r\n    \"Country\": \"USA\",\r\n    \"LastVisitDate\": new Date(1599264000000),\r\n    \"InsuranceProvider\": \"Blue Cross\",\r\n    \"MedicalCondition\": \"Hypertension\",\r\n    \"VisitCount\": 7\r\n  },\r\n  {\r\n    \"PatientID\": 1050,\r\n    \"FirstName\": \"Diana\",\r\n    \"LastName\": \"Williams\",\r\n    \"DateOfBirth\": new Date(86832000000),\r\n    \"Gender\": \"Female\",\r\n    \"ContactInfo\": \"user51@example.com\",\r\n    \"Address\": \"120 Main St\",\r\n    \"City\": \"Phoenix\",\r\n    \"State\": \"NY\",\r\n    \"PostalCode\": \"65626\",\r\n    \"Country\": \"USA\",\r\n    \"LastVisitDate\": new Date(1701820800000),\r\n    \"InsuranceProvider\": \"Blue Cross\",\r\n    \"MedicalCondition\": \"Hypertension\",\r\n    \"VisitCount\": 4\r\n  },\r\n  {\r\n    \"PatientID\": 1051,\r\n    \"FirstName\": \"Alice\",\r\n    \"LastName\": \"Jones\",\r\n    \"DateOfBirth\": new Date(761443200000),\r\n    \"Gender\": \"Female\",\r\n    \"ContactInfo\": \"user52@example.com\",\r\n    \"Address\": \"847 Main St\",\r\n    \"City\": \"Chicago\",\r\n    \"State\": \"AZ\",\r\n    \"PostalCode\": \"76388\",\r\n    \"Country\": \"USA\",\r\n    \"LastVisitDate\": new Date(1637971200000),\r\n    \"InsuranceProvider\": \"Kaiser\",\r\n    \"MedicalCondition\": \"Asthma\",\r\n    \"VisitCount\": 1\r\n  },\r\n  {\r\n    \"PatientID\": 1052,\r\n    \"FirstName\": \"Fiona\",\r\n    \"LastName\": \"Smith\",\r\n    \"DateOfBirth\": new Date(1276128000000),\r\n    \"Gender\": \"Male\",\r\n    \"ContactInfo\": \"user53@example.com\",\r\n    \"Address\": \"227 Main St\",\r\n    \"City\": \"Chicago\",\r\n    \"State\": \"AZ\",\r\n    \"PostalCode\": \"55931\",\r\n    \"Country\": \"USA\",\r\n    \"LastVisitDate\": new Date(1610496000000),\r\n    \"InsuranceProvider\": \"Cigna\",\r\n    \"MedicalCondition\": \"Heart Disease\",\r\n    \"VisitCount\": 1\r\n  },\r\n  {\r\n    \"PatientID\": 1053,\r\n    \"FirstName\": \"Charlie\",\r\n    \"LastName\": \"Garcia\",\r\n    \"DateOfBirth\": new Date(-496281600000),\r\n    \"Gender\": \"Other\",\r\n    \"ContactInfo\": \"user54@example.com\",\r\n    \"Address\": \"747 Main St\",\r\n    \"City\": \"Los Angeles\",\r\n    \"State\": \"AZ\",\r\n    \"PostalCode\": \"95744\",\r\n    \"Country\": \"USA\",\r\n    \"LastVisitDate\": new Date(1692230400000),\r\n    \"InsuranceProvider\": \"Blue Cross\",\r\n    \"MedicalCondition\": \"Heart Disease\",\r\n    \"VisitCount\": 3\r\n  },\r\n  {\r\n    \"PatientID\": 1054,\r\n    \"FirstName\": \"Charlie\",\r\n    \"LastName\": \"Smith\",\r\n    \"DateOfBirth\": new Date(603936000000),\r\n    \"Gender\": \"Other\",\r\n    \"ContactInfo\": \"user55@example.com\",\r\n    \"Address\": \"399 Main St\",\r\n    \"City\": \"New York\",\r\n    \"State\": \"NY\",\r\n    \"PostalCode\": \"15700\",\r\n    \"Country\": \"USA\",\r\n    \"LastVisitDate\": new Date(1582329600000),\r\n    \"InsuranceProvider\": \"Aetna\",\r\n    \"MedicalCondition\": \"Diabetes\",\r\n    \"VisitCount\": 4\r\n  },\r\n  {\r\n    \"PatientID\": 1055,\r\n    \"FirstName\": \"Alice\",\r\n    \"LastName\": \"Garcia\",\r\n    \"DateOfBirth\": new Date(1141948800000),\r\n    \"Gender\": \"Female\",\r\n    \"ContactInfo\": \"user56@example.com\",\r\n    \"Address\": \"568 Main St\",\r\n    \"City\": \"Houston\",\r\n    \"State\": \"NY\",\r\n    \"PostalCode\": \"14473\",\r\n    \"Country\": \"USA\",\r\n    \"LastVisitDate\": new Date(1673654400000),\r\n    \"InsuranceProvider\": \"Blue Cross\",\r\n    \"MedicalCondition\": \"Hypertension\",\r\n    \"VisitCount\": 10\r\n  },\r\n  {\r\n    \"PatientID\": 1056,\r\n    \"FirstName\": \"Charlie\",\r\n    \"LastName\": \"Garcia\",\r\n    \"DateOfBirth\": new Date(80611200000),\r\n    \"Gender\": \"Other\",\r\n    \"ContactInfo\": \"user57@example.com\",\r\n    \"Address\": \"686 Main St\",\r\n    \"City\": \"Houston\",\r\n    \"State\": \"AZ\",\r\n    \"PostalCode\": \"36483\",\r\n    \"Country\": \"USA\",\r\n    \"LastVisitDate\": new Date(1675209600000),\r\n    \"InsuranceProvider\": \"Kaiser\",\r\n    \"MedicalCondition\": \"Hypertension\",\r\n    \"VisitCount\": 1\r\n  },\r\n  {\r\n    \"PatientID\": 1057,\r\n    \"FirstName\": \"Bob\",\r\n    \"LastName\": \"Johnson\",\r\n    \"DateOfBirth\": new Date(162259200000),\r\n    \"Gender\": \"Male\",\r\n    \"ContactInfo\": \"user58@example.com\",\r\n    \"Address\": \"345 Main St\",\r\n    \"City\": \"New York\",\r\n    \"State\": \"CA\",\r\n    \"PostalCode\": \"32142\",\r\n    \"Country\": \"USA\",\r\n    \"LastVisitDate\": new Date(1660435200000),\r\n    \"InsuranceProvider\": \"Blue Cross\",\r\n    \"MedicalCondition\": \"Heart Disease\",\r\n    \"VisitCount\": 7\r\n  },\r\n  {\r\n    \"PatientID\": 1058,\r\n    \"FirstName\": \"Diana\",\r\n    \"LastName\": \"Jones\",\r\n    \"DateOfBirth\": new Date(-25142400000),\r\n    \"Gender\": \"Female\",\r\n    \"ContactInfo\": \"user59@example.com\",\r\n    \"Address\": \"841 Main St\",\r\n    \"City\": \"Chicago\",\r\n    \"State\": \"CA\",\r\n    \"PostalCode\": \"39078\",\r\n    \"Country\": \"USA\",\r\n    \"LastVisitDate\": new Date(1638662400000),\r\n    \"InsuranceProvider\": \"Blue Cross\",\r\n    \"MedicalCondition\": \"Arthritis\",\r\n    \"VisitCount\": 2\r\n  },\r\n  {\r\n    \"PatientID\": 1059,\r\n    \"FirstName\": \"Diana\",\r\n    \"LastName\": \"Garcia\",\r\n    \"DateOfBirth\": new Date(-261964800000),\r\n    \"Gender\": \"Other\",\r\n    \"ContactInfo\": \"user60@example.com\",\r\n    \"Address\": \"898 Main St\",\r\n    \"City\": \"New York\",\r\n    \"State\": \"TX\",\r\n    \"PostalCode\": \"81565\",\r\n    \"Country\": \"USA\",\r\n    \"LastVisitDate\": new Date(1675123200000),\r\n    \"InsuranceProvider\": \"Kaiser\",\r\n    \"MedicalCondition\": \"Heart Disease\",\r\n    \"VisitCount\": 3\r\n  }\r\n]",
  "src/console.css": ".console-container {\r\n    margin-top: 20px;\r\n    background: #FFFFFF;\r\n    color: #1C1B1F;\r\n    border: 1px solid #CAC4D0;\r\n    font-family: sans-serif, 'Roboto', monospace;\r\n}\r\n\r\n.console-header {\r\n    display: flex;\r\n    justify-content: space-between;\r\n    align-items: center;\r\n    padding: 8px 16px;\r\n    border-bottom: 1px solid #CAC4D0;\r\n}\r\n\r\n.console-title {\r\n    font-weight: 500;\r\n    font-size: 16px;\r\n    color: #1C1B1F;\r\n}\r\n\r\n.console-content {\r\n    height: 130px;\r\n    overflow: auto;\r\n    min-height: 100px;\r\n    max-height: 500px;\r\n}\r\n\r\n.console-content pre {\r\n    padding: 12px 16px;\r\n    margin: 0;\r\n    white-space: pre-wrap;\r\n    color: #49454F;\r\n    font-size: 14px;\r\n    font-family: sans-serif, 'Roboto', monospace;\r\n}\r\n\r\n.dark-theme .console-container {\r\n    background: #212121;\r\n    color: #E0E0E0;\r\n    border: 1px solid #424242;\r\n}\r\n\r\n.dark-theme .console-header {\r\n    border-bottom: 1px solid #424242;\r\n}\r\n\r\n.dark-theme .console-title {\r\n    color: #E0E0E0;\r\n}\r\n\r\n.dark-theme .console-content pre {\r\n    color: #BDBDBD;\r\n}\r\n",
  "dependencies": "{\"@syncfusion/react-grid\":\"*\",\"@syncfusion/react-buttons\":\"*\",\"@syncfusion/react-locale\":\"*\",\"@syncfusion/react-cldr-data\":\"*\"}"
}