{
  "src/App.css": "@import \"@syncfusion/react-base/styles/material3.css\";\n@import \"@syncfusion/react-buttons/styles/material3.css\";\n@import \"@syncfusion/react-popups/styles/material3.css\";\n@import \"@syncfusion/react-splitbuttons/styles/material3.css\";\n@import \"@syncfusion/react-inputs/styles/material3.css\";\n@import \"@syncfusion/react-calendars/styles/material3.css\";\n@import \"@syncfusion/react-lists/styles/material3.css\";\n@import \"@syncfusion/react-dropdowns/styles/material3.css\";\n@import \"@syncfusion/react-navigations/styles/material3.css\";\n@import \"@syncfusion/react-notifications/styles/material3.css\";\n@import \"@syncfusion/react-pager/styles/material3.css\";\n@import \"@syncfusion/react-grid/styles/material3.css\";\n",
  "src/App.tsx": "import { Grid, Column, Columns, GridRef, FilterSettings, SortSettings, PageSettings, EditSettings, ClipMode, TextAlign, EditType } from '@syncfusion/react-grid';\r\nimport { Button } from \"@syncfusion/react-buttons\";\r\nimport { useRef, useState } from 'react';\r\nimport { bookCatalog } from './libraryDetails';\r\nimport { PropertyPane, PropertyColumn, PropertyRow } from './property-pane';\r\n\r\nexport default function App() {\r\n  const gridRef = useRef<GridRef>(null);\r\n  // State to manage sort, filter, edit and page settings.\r\n  const [filterSettings] = useState<FilterSettings>({ enabled: true });\r\n  const [sortSettings] = useState<SortSettings>({ enabled: true });\r\n  const [pageSettings] = useState<PageSettings>({ enabled: true, pageSize: 8, pageCount: 4 });\r\n  const [editSettings] = useState<EditSettings>({ allowEdit: true, allowAdd: true, allowDelete: true });\r\n  const itemIDRules = { required: true, number: true };\r\n  const itemNameRules = { required: true };\r\n  const ratingRules = { required: true, min: 1, max: 5 };\r\n  const [isButtonDisabled, setIsButtonDisabled] = useState<boolean>(false);\r\n\r\n  // Updates the Rating cell value for BookID 102 and disables the button.\r\n  const cellvalue = () => {\r\n    gridRef?.current?.setCellValue?.(202, 'Title', \"Changed\", true);\r\n    setIsButtonDisabled(true);\r\n  };\r\n\r\n  return (\r\n    // Grid component with external button to update cell value.\r\n    <>\r\n      <PropertyPane>\r\n        <PropertyColumn>\r\n          <PropertyRow>\r\n            <div>\r\n              <Button style={{ marginRight: '5px' }} onClick={cellvalue} disabled={isButtonDisabled}>Update Cell Value</Button>\r\n            </div>\r\n          </PropertyRow>\r\n        </PropertyColumn>\r\n      </PropertyPane>\r\n      <Grid id=\"grid\" ref={gridRef} dataSource={bookCatalog} editSettings={editSettings} filterSettings={filterSettings} sortSettings={sortSettings} pageSettings={pageSettings}>\r\n        <Columns>\r\n          <Column field='BookID' headerText='Book ID' width='100' textAlign={TextAlign.Right} isPrimaryKey={true} validationRules={itemIDRules}/>\r\n          <Column field='Title' headerText='Title' width='170' clipMode={ClipMode.EllipsisWithTooltip} validationRules={itemNameRules}/>\r\n          <Column field=\"Author\" headerText=\"Author\" width=\"120\" />\r\n          <Column field=\"Genre\" headerText=\"Genre\" width=\"110\" />\r\n          <Column field='Language' headerText='Language' edit={{ type: EditType.DropDownList }} width='115' />\r\n          <Column field='Rating' headerText='Rating' textAlign={TextAlign.Right} edit={{ type: EditType.NumericTextBox }} validationRules={ratingRules} width='120' />\r\n        </Columns>\r\n      </Grid>\r\n    </>\r\n  );\r\n}\r\n",
  "src/libraryDetails.ts": "\r\nexport interface LibraryBook {\r\n  BookID: number;\r\n  Title: string;\r\n  Author: string;\r\n  Genre: string;\r\n  PublishedYear: number;\r\n  Rating?: number;\r\n  Language?: string;\r\n}\r\n\r\nexport const bookCatalog: LibraryBook[] = [\r\n  {\r\n    \"BookID\": 200,\r\n    \"Title\": \"The Silent Patient\",\r\n    \"Author\": \"Alex Michaelides\",\r\n    \"Genre\": \"Thriller\",\r\n    \"PublishedYear\": 2017,\r\n    \"Rating\": 3.6,\r\n    \"Language\": \"Swedish\",\r\n  },\r\n  {\r\n    \"BookID\": 201,\r\n    \"Title\": \"Educated\",\r\n    \"Author\": \"Tara Westover\",\r\n    \"Genre\": \"Fantasy\",\r\n    \"PublishedYear\": 2008,\r\n    \"Rating\": 3.7,\r\n    \"Language\": \"Dutch\",\r\n  },\r\n  {\r\n    \"BookID\": 202,\r\n    \"Title\": \"Where the Crawdads Sing\",\r\n    \"Author\": \"Delia Owens\",\r\n    \"Genre\": \"Fantasy\",\r\n    \"PublishedYear\": 2021,\r\n    \"Rating\": 4.4,\r\n    \"Language\": \"English\",\r\n  },\r\n  {\r\n    \"BookID\": 203,\r\n    \"Title\": \"Becoming\",\r\n    \"Author\": \"Michelle Obama\",\r\n    \"Genre\": \"Science Fiction\",\r\n    \"PublishedYear\": 2003,\r\n    \"Rating\": 4.5,\r\n    \"Language\": \"English\",\r\n  },\r\n  {\r\n    \"BookID\": 204,\r\n    \"Title\": \"The Midnight Library\",\r\n    \"Author\": \"Matt Haig\",\r\n    \"Genre\": \"Historical\",\r\n    \"PublishedYear\": 2014,\r\n    \"Rating\": 4.8,\r\n    \"Language\": \"German\",\r\n  },\r\n  {\r\n    \"BookID\": 205,\r\n    \"Title\": \"The Vanishing Half\",\r\n    \"Author\": \"Brit Bennett\",\r\n    \"Genre\": \"Science Fiction\",\r\n    \"PublishedYear\": 2017,\r\n    \"Rating\": 4.2,\r\n    \"Language\": \"Portuguese\",\r\n  },\r\n  {\r\n    \"BookID\": 206,\r\n    \"Title\": \"The Four Winds\",\r\n    \"Author\": \"Kristin Hannah\",\r\n    \"Genre\": \"Science Fiction\",\r\n    \"PublishedYear\": 2013,\r\n    \"Rating\": 3.6,\r\n    \"Language\": \"Japanese\",\r\n  },\r\n  {\r\n    \"BookID\": 207,\r\n    \"Title\": \"Project Hail Mary\",\r\n    \"Author\": \"Andy Weir\",\r\n    \"Genre\": \"Memoir\",\r\n    \"PublishedYear\": 2019,\r\n    \"Rating\": 4.4,\r\n    \"Language\": \"English\",\r\n  },\r\n  {\r\n    \"BookID\": 208,\r\n    \"Title\": \"The Last Thing He Told Me\",\r\n    \"Author\": \"Laura Dave\",\r\n    \"Genre\": \"Drama\",\r\n    \"PublishedYear\": 2023,\r\n    \"Rating\": 4.4,\r\n    \"Language\": \"English\",\r\n  },\r\n  {\r\n    \"BookID\": 209,\r\n    \"Title\": \"Verity\",\r\n    \"Author\": \"Colleen Hoover\",\r\n    \"Genre\": \"Self-help\",\r\n    \"PublishedYear\": 2016,\r\n    \"Rating\": 4.1,\r\n    \"Language\": \"Dutch\",\r\n  },\r\n  {\r\n    \"BookID\": 210,\r\n    \"Title\": \"Atomic Habits\",\r\n    \"Author\": \"James Clear\",\r\n    \"Genre\": \"Historical\",\r\n    \"PublishedYear\": 2001,\r\n    \"Rating\": 4.9,\r\n    \"Language\": \"French\",\r\n  },\r\n  {\r\n    \"BookID\": 211,\r\n    \"Title\": \"The Guest List\",\r\n    \"Author\": \"Lucy Foley\",\r\n    \"Genre\": \"Drama\",\r\n    \"PublishedYear\": 2021,\r\n    \"Rating\": 4.5,\r\n    \"Language\": \"Russian\",\r\n  },\r\n  {\r\n    \"BookID\": 212,\r\n    \"Title\": \"The Paris Library\",\r\n    \"Author\": \"Janet Skeslien Charles\",\r\n    \"Genre\": \"Memoir\",\r\n    \"PublishedYear\": 2019,\r\n    \"Rating\": 3.9,\r\n    \"Language\": \"Russian\",\r\n  },\r\n  {\r\n    \"BookID\": 213,\r\n    \"Title\": \"The Book Thief\",\r\n    \"Author\": \"Markus Zusak\",\r\n    \"Genre\": \"Drama\",\r\n    \"PublishedYear\": 2018,\r\n    \"Rating\": 4.8,\r\n    \"Language\": \"French\",\r\n  },\r\n  {\r\n    \"BookID\": 214,\r\n    \"Title\": \"The Nightingale\",\r\n    \"Author\": \"Kristin Hannah\",\r\n    \"Genre\": \"Self-help\",\r\n    \"PublishedYear\": 2017,\r\n    \"Rating\": 3.5,\r\n    \"Language\": \"Swedish\",\r\n  },\r\n  {\r\n    \"BookID\": 215,\r\n    \"Title\": \"Circe\",\r\n    \"Author\": \"Madeline Miller\",\r\n    \"Genre\": \"Thriller\",\r\n    \"PublishedYear\": 2017,\r\n    \"Rating\": 3.6,\r\n    \"Language\": \"French\",\r\n  },\r\n  {\r\n    \"BookID\": 216,\r\n    \"Title\": \"The Song of Achilles\",\r\n    \"Author\": \"Madeline Miller\",\r\n    \"Genre\": \"Self-help\",\r\n    \"PublishedYear\": 2019,\r\n    \"Rating\": 4.1,\r\n    \"Language\": \"English\",\r\n  },\r\n  {\r\n    \"BookID\": 217,\r\n    \"Title\": \"A Man Called Ove\",\r\n    \"Author\": \"Fredrik Backman\",\r\n    \"Genre\": \"Science Fiction\",\r\n    \"PublishedYear\": 2017,\r\n    \"Rating\": 4.5,\r\n    \"Language\": \"Dutch\",\r\n  },\r\n  {\r\n    \"BookID\": 218,\r\n    \"Title\": \"The Alchemist\",\r\n    \"Author\": \"Paulo Coelho\",\r\n    \"Genre\": \"Historical\",\r\n    \"PublishedYear\": 2009,\r\n    \"Rating\": 3.5,\r\n    \"Language\": \"Russian\",\r\n  },\r\n  {\r\n    \"BookID\": 219,\r\n    \"Title\": \"The Giver of Stars\",\r\n    \"Author\": \"Jojo Moyes\",\r\n    \"Genre\": \"Memoir\",\r\n    \"PublishedYear\": 2013,\r\n    \"Rating\": 3.8,\r\n    \"Language\": \"Dutch\",\r\n  },\r\n  {\r\n    \"BookID\": 220,\r\n    \"Title\": \"The Henna Artist\",\r\n    \"Author\": \"Alka Joshi\",\r\n    \"Genre\": \"Historical\",\r\n    \"PublishedYear\": 2013,\r\n    \"Rating\": 3.5,\r\n    \"Language\": \"Dutch\",\r\n  },\r\n  {\r\n    \"BookID\": 221,\r\n    \"Title\": \"The Paper Palace\",\r\n    \"Author\": \"Miranda Cowley Heller\",\r\n    \"Genre\": \"Mystery\",\r\n    \"PublishedYear\": 2013,\r\n    \"Rating\": 4.3,\r\n    \"Language\": \"Italian\",\r\n  },\r\n  {\r\n    \"BookID\": 222,\r\n    \"Title\": \"Malibu Rising\",\r\n    \"Author\": \"Taylor Jenkins Reid\",\r\n    \"Genre\": \"Self-help\",\r\n    \"PublishedYear\": 2010,\r\n    \"Rating\": 4.5,\r\n    \"Language\": \"English\",\r\n  },\r\n  {\r\n    \"BookID\": 223,\r\n    \"Title\": \"It Ends with Us\",\r\n    \"Author\": \"Colleen Hoover\",\r\n    \"Genre\": \"Romance\",\r\n    \"PublishedYear\": 2007,\r\n    \"Rating\": 5.0,\r\n    \"Language\": \"Japanese\",\r\n  },\r\n  {\r\n    \"BookID\": 224,\r\n    \"Title\": \"Reminders of Him\",\r\n    \"Author\": \"Colleen Hoover\",\r\n    \"Genre\": \"Self-help\",\r\n    \"PublishedYear\": 2003,\r\n    \"Rating\": 3.6,\r\n    \"Language\": \"German\",\r\n  },\r\n  {\r\n    \"BookID\": 225,\r\n    \"Title\": \"Ugly Love\",\r\n    \"Author\": \"Colleen Hoover\",\r\n    \"Genre\": \"Fantasy\",\r\n    \"PublishedYear\": 2006,\r\n    \"Rating\": 4.2,\r\n    \"Language\": \"Spanish\",\r\n  },\r\n  {\r\n    \"BookID\": 226,\r\n    \"Title\": \"November 9\",\r\n    \"Author\": \"Colleen Hoover\",\r\n    \"Genre\": \"Romance\",\r\n    \"PublishedYear\": 2013,\r\n    \"Rating\": 3.9,\r\n    \"Language\": \"Swedish\",\r\n  },\r\n  {\r\n    \"BookID\": 227,\r\n    \"Title\": \"The Seven Husbands of Evelyn Hugo\",\r\n    \"Author\": \"Taylor Jenkins Reid\",\r\n    \"Genre\": \"Science Fiction\",\r\n    \"PublishedYear\": 2020,\r\n    \"Rating\": 4.9,\r\n    \"Language\": \"Spanish\",\r\n  },\r\n  {\r\n    \"BookID\": 228,\r\n    \"Title\": \"Daisy Jones & The Six\",\r\n    \"Author\": \"Taylor Jenkins Reid\",\r\n    \"Genre\": \"Self-help\",\r\n    \"PublishedYear\": 2007,\r\n    \"Rating\": 4.0,\r\n    \"Language\": \"Portuguese\",\r\n  },\r\n  {\r\n    \"BookID\": 229,\r\n    \"Title\": \"The House in the Cerulean Sea\",\r\n    \"Author\": \"TJ Klune\",\r\n    \"Genre\": \"Drama\",\r\n    \"PublishedYear\": 2019,\r\n    \"Rating\": 4.6,\r\n    \"Language\": \"English\",\r\n    }\r\n];",
  "src/property-pane.tsx": "import React, { Children, HTMLAttributes, useEffect, useRef, useState } from 'react';\r\nimport './property-pane.css';\r\n\r\nexport interface PropertyPaneProps {\r\n  title?: string | null;\r\n  className?: string;\r\n  children: React.ReactNode;\r\n  position?: 'right' | 'top';\r\n}\r\n\r\nexport const PropertyPane: React.FC<PropertyPaneProps & HTMLAttributes<HTMLDivElement>> = ({\r\n  title = null,\r\n  className = '',\r\n  children,\r\n  position = \"top\",\r\n  ...rest\r\n}) => {\r\n  const [isSmallFrame, setIsSmallFrame] = useState(false);\r\n  const contentRef = useRef<HTMLDivElement>(null);\r\n  useEffect(() => {\r\n    const handleResize = () => {\r\n      setIsSmallFrame(window.innerWidth <= 1240);\r\n    };\r\n    handleResize();\r\n    window.addEventListener('resize', handleResize);\r\n    return () => {\r\n      window.removeEventListener('resize', handleResize);\r\n    };\r\n  }, []);\r\n  position = isSmallFrame ? 'top' : position\r\n  const childColumns = Children.toArray(children).filter(\r\n    child => React.isValidElement(child) && child.type === PropertyColumn\r\n  ).length;\r\n  useEffect(() => {\r\n    const alignRows = () => {\r\n      if (!contentRef.current || childColumns <= 1) return;\r\n      const columns = Array.from(contentRef.current.querySelectorAll('.property-col'));\r\n      if (columns.length === 0) return;\r\n      const maxRows = Math.max(...columns.map(col => col.children.length));\r\n      for (let i = 0; i < maxRows; i++) {\r\n        const rowsAtIndex = columns.map(col => col.children[i]).filter(Boolean) as HTMLElement[];\r\n        if (rowsAtIndex.length > 1) {\r\n          rowsAtIndex.forEach(row => row.style.height = 'auto');\r\n          const maxHeight = Math.max(...rowsAtIndex.map(row => row.offsetHeight));\r\n          rowsAtIndex.forEach(row => row.style.height = `${maxHeight}px`);\r\n        }\r\n      }\r\n    };\r\n    const timeout = setTimeout(alignRows, 100);\r\n    const resizeObserver = new ResizeObserver(alignRows);\r\n    if (contentRef.current) {\r\n      resizeObserver.observe(contentRef.current);\r\n    }\r\n    return () => {\r\n      clearTimeout(timeout);\r\n      resizeObserver.disconnect();\r\n    };\r\n  }, [children, childColumns]);\r\n  return (\r\n    <div\r\n      className={`property-panel ${className}`}\r\n      data-property-pane=\"true\"\r\n      data-position={position}\r\n      data-columns={childColumns}\r\n      {...rest}\r\n    >\r\n      {title && <div className=\"property-panel-header\">\r\n        <h3 className=\"property-panel-title\">{title}</h3>\r\n      </div>}\r\n      <div className=\"property-panel-content\" ref={contentRef}>\r\n        {children}\r\n      </div>\r\n    </div>\r\n  );\r\n};\r\n\r\nexport interface PropertyColumnProps {\r\n  children: React.ReactNode;\r\n  span?: number;\r\n  className?: string;\r\n}\r\n\r\nexport const PropertyColumn: React.FC<PropertyColumnProps> = ({\r\n  children,\r\n  span = 6,\r\n  className = ''\r\n}) => {\r\n  return (\r\n    <div className={`property-col property-col-${span} ${className}`}>\r\n      {children}\r\n    </div>\r\n  );\r\n};\r\n\r\nexport interface PropertyRowProps {\r\n  children: React.ReactNode;\r\n  className?: string;\r\n}\r\n\r\nexport const PropertyRow: React.FC<PropertyRowProps> = ({\r\n  children,\r\n  className = ''\r\n}) => {\r\n  return (\r\n    <div className={`property-row ${className}`}>\r\n      {children}\r\n    </div>\r\n  );\r\n};\r\n\r\nexport default PropertyPane;\r\n",
  "src/property-pane.css": ".component-content:has(.property-panel) {\r\n  padding: 0;\r\n}\r\n.component-content:has(.property-panel[data-position=\"top\"]) {\r\n  max-height: unset;\r\n}\r\n.preview-container:has(.property-panel) {\r\n  display: grid;\r\n  padding: 0;\r\n  gap: 0;\r\n}\r\n.preview-container:has(.property-panel[data-position=\"right\"]):not(.preview-container:has(.property-panel[data-position=\"top\"])) {\r\n  grid-template-columns: 1fr 270px;\r\n  grid-template-rows: 1fr;\r\n  gap: 1px;\r\n}\r\n.preview-container:has(.property-panel[data-position=\"top\"]) {\r\n  grid-template-columns: 1fr;\r\n  grid-template-rows: auto 1fr;\r\n  gap: 1px;\r\n}\r\n.preview-container:has(.property-panel:not([data-position])) {\r\n  grid-template-columns: 1fr 320px;\r\n  grid-template-rows: 1fr;\r\n  gap: 1px;\r\n}\r\n.preview-container.has-property-pane-right {\r\n  display: grid;\r\n  padding: 0;\r\n  grid-template-columns: 1fr 320px;\r\n  grid-template-rows: 1fr;\r\n  gap: 1px;\r\n}\r\n.preview-container.has-property-pane-top {\r\n  display: grid;\r\n  padding: 0;\r\n  grid-template-columns: 1fr;\r\n  grid-template-rows: auto 1fr;\r\n  gap: 1px;\r\n}\r\n.preview-container:has(.property-panel[data-position=\"right\"]) .component-section,\r\n.preview-container:has(.property-panel:not([data-position])) .component-section {\r\n  min-width: 100%;\r\n  align-items: center;\r\n  padding: 20px;\r\n  overflow: auto;\r\n}\r\n.preview-container:has(.property-panel[data-position=\"top\"]) .component-section {\r\n  max-width: unset;\r\n  padding: 20px;\r\n  overflow: auto;\r\n}\r\n.preview-container.has-property-pane-right .component-section {\r\n  display: flex;\r\n  align-items: center;\r\n  padding: 20px;\r\n  min-height: 350px;\r\n  overflow: auto;\r\n}\r\n.preview-container.has-property-pane-top .component-section {\r\n  display: flex;\r\n  align-items: center;\r\n  justify-content: center;\r\n  padding: 20px;\r\n  min-height: 350px;\r\n  border: none;\r\n  border-radius: 0;\r\n  overflow: auto;\r\n}\r\n.property-panel[data-property-pane] {\r\n  overflow: hidden;\r\n  display: flex;\r\n  flex-direction: column;\r\n  margin: 0;\r\n  background-color: rgba(163, 146, 146, 0.03); \r\n}\r\n.property-panel:not([data-position]),\r\n.property-panel[data-position=\"right\"] {\r\n  border-left: 1px solid var(--border-color);\r\n  min-width: 270px;\r\n  height: 100%;\r\n  align-self: start;\r\n}\r\n.property-panel[data-position=\"top\"] {\r\n  width: 100%;\r\n  height: auto;\r\n  border-bottom: 1px solid var(--border-color);\r\n  max-height: 200px;\r\n  grid-row: 1;\r\n}\r\n@media (max-width: 768px) {\r\n  .property-panel[data-property-pane] {\r\n    width: 100%;\r\n    min-width: unset;\r\n    height: auto;\r\n    max-height: 250px;\r\n  }\r\n}\r\n.property-panel-header {\r\n  border-bottom: 1px solid var(--border-color);\r\n  padding: 12px 20px;\r\n  flex-shrink: 0;\r\n}\r\n.property-panel-title {\r\n  margin: 0;\r\n  font-size: 16px;\r\n  font-weight: 600;\r\n  color: var(--text-color);\r\n  line-height: 1.5;\r\n}\r\n.property-panel-content {\r\n  padding: 20px;\r\n  overflow-y: auto;\r\n  flex: 1;\r\n  display: flex;\r\n  flex-direction: column;\r\n  gap: 16px;\r\n}\r\n.property-panel[data-columns=\"2\"] .property-row,\r\n.property-panel[data-columns=\"3\"] .property-row,\r\n.property-panel[data-columns=\"4\"] .property-row {\r\n  display: flex;\r\n  flex-direction: column;\r\n  justify-content: center;\r\n  align-items: stretch;\r\n}\r\n.property-panel[data-columns=\"2\"] .property-panel-content {\r\n  display: grid;\r\n  grid-template-columns: 1fr 1fr;\r\n  gap: 16px 12px;\r\n  align-items: start;\r\n}\r\n.property-panel[data-columns=\"3\"] .property-panel-content {\r\n  display: grid;\r\n  grid-template-columns: repeat(3, 1fr);\r\n  gap: 16px 12px;\r\n  align-items: start;\r\n}\r\n.property-panel[data-columns=\"4\"] .property-panel-content {\r\n  display: grid;\r\n  grid-template-columns: repeat(4, 1fr);\r\n  gap: 16px 12px;\r\n  align-items: start;\r\n}\r\n.property-col {\r\n  display: flex;\r\n  flex-direction: column;\r\n  gap: 16px;\r\n  align-self: start;\r\n}\r\n.property-panel[data-columns=\"2\"] .property-col-6 { \r\n  grid-column: span 1;\r\n}\r\n.property-panel[data-columns=\"2\"] .property-col-12 { \r\n  grid-column: span 2;\r\n}\r\n.property-panel[data-columns=\"3\"] .property-col-4 { \r\n  grid-column: span 1;\r\n}\r\n.property-panel[data-columns=\"3\"] .property-col-8 { \r\n  grid-column: span 2;\r\n}\r\n.property-panel[data-columns=\"3\"] .property-col-12 { \r\n  grid-column: span 3;\r\n}\r\n.property-panel[data-columns=\"4\"] .property-col-3 { \r\n  grid-column: span 1;\r\n}\r\n.property-panel[data-columns=\"4\"] .property-col-6 { \r\n  grid-column: span 2;\r\n}\r\n.property-panel[data-columns=\"4\"] .property-col-9 { \r\n  grid-column: span 3;\r\n}\r\n.property-panel[data-columns=\"4\"] .property-col-12 { \r\n  grid-column: span 4;\r\n}\r\n.property-panel[data-columns=\"1\"] .property-col,\r\n.property-panel:not([data-columns]) .property-col {\r\n  width: 100%;\r\n}\r\n.property-row {\r\n  display: flex;\r\n  flex-direction: column;\r\n  gap: 8px;\r\n  width: 100%;\r\n}\r\n.property-col .property-row {\r\n  margin-bottom: 0;\r\n}\r\n.property-row .property-label {\r\n  display: block;\r\n  font-size: 13px;\r\n  font-weight: 500;\r\n  color: var(--button-primary-bg);\r\n  line-height: 1.4;\r\n}\r\n.preview-container:has(.property-panel) > *:not(.component-section,.typography-section):not(.property-panel),\r\n.preview-container.has-property-pane-right > *:not(.component-section,.typography-section):not(.property-panel),\r\n.preview-container.has-property-pane-top > *:not(.component-section,.typography-section):not(.property-panel) {\r\n  align-items: center;\r\n  max-width: 100%;\r\n  min-height: 350px;\r\n  padding: 20px;\r\n  overflow: auto;\r\n}\r\n@media (max-width: 768px) {\r\n  .property-col {\r\n    grid-column: span 1 !important;\r\n  }\r\n  \r\n  .preview-container {\r\n    padding: 10px;\r\n    gap: 10px;\r\n  }\r\n  \r\n  .preview-container .component-section {\r\n    padding: 15px;\r\n  }\r\n  \r\n  .property-panel-content {\r\n    padding: 15px;\r\n  }\r\n  \r\n  .property-panel-header {\r\n    padding: 12px 15px;\r\n  }\r\n  \r\n  .property-panel-title {\r\n    font-size: 14px;\r\n  }\r\n}\r\n.property-panel-content::-webkit-scrollbar {\r\n  width: 0.275rem;\r\n}\r\n.property-panel-content::-webkit-scrollbar-track {\r\n   background: transparent;\r\n  border-radius: 3px;\r\n}\r\n.property-panel-content::-webkit-scrollbar-thumb {\r\n  background:var(--scrollbar-thumb);\r\n  border: 0.0625rem solid var(--scrollbar-thumb);\r\n}\r\n.property-panel-content::-webkit-scrollbar-thumb:hover {\r\n  background:var(--scrollbar-thumb-hover);\r\n}\r\n.preview-container {\r\n  transition: grid-template-columns 0.3s ease, grid-template-rows 0.3s ease;\r\n}\r\n.sb-no-frame .property-panel[data-position=\"top\"] {\r\n  border: 1px solid var(--border-color);\r\n  margin-bottom: 8px;\r\n}\r\n.sb-no-frame .preview-container:has(.property-panel) > *:not(.component-section):not(.property-panel)\r\n{\r\n padding: 0;\r\n}",
  "dependencies": "{\"@syncfusion/react-grid\":\"*\",\"@syncfusion/react-buttons\":\"*\",\"@syncfusion/react-locale\":\"*\",\"@syncfusion/react-cldr-data\":\"*\"}"
}