{
  "src/App.css": "@import \"@syncfusion/react-base/styles/material3.css\";\n@import \"@syncfusion/react-buttons/styles/material3.css\";\n@import \"@syncfusion/react-popups/styles/material3.css\";\n@import \"@syncfusion/react-splitbuttons/styles/material3.css\";\n@import \"@syncfusion/react-inputs/styles/material3.css\";\n@import \"@syncfusion/react-calendars/styles/material3.css\";\n@import \"@syncfusion/react-lists/styles/material3.css\";\n@import \"@syncfusion/react-dropdowns/styles/material3.css\";\n@import \"@syncfusion/react-navigations/styles/material3.css\";\n@import \"@syncfusion/react-notifications/styles/material3.css\";\n@import \"@syncfusion/react-pager/styles/material3.css\";\n@import \"@syncfusion/react-grid/styles/material3.css\";\n",
  "src/App.tsx": "import { Grid, Columns, Column, ClipMode } from '@syncfusion/react-grid';\r\nimport { productPortfolio } from './productCatalogDetails';\r\n\r\nexport default function App() {\r\n    return (\r\n        <div>\r\n            <Grid \r\n                dataSource={productPortfolio} \r\n                height={350}\r\n            >\r\n                <Columns>\r\n                    <Column field='ProductName' headerText='Product Name' width='150' />\r\n                    <Column field='Category' headerText='Category' width='160' />\r\n                    <Column field='FullDescription' headerText='Product Description' clipMode={ClipMode.EllipsisWithTooltip} width='180' />\r\n                    <Column field='TechnicalSpecifications' headerText='Technical Specifications' width='180' />\r\n                    <Column field='BusinessValue' headerText='Business Value Proposition' width='200' />\r\n                </Columns>\r\n            </Grid>\r\n        </div>\r\n    );\r\n}\r\n",
  "src/productCatalogDetails.ts": "export interface ProductCatalogItem {\r\n  ProductId: string;\r\n  ProductName: string;\r\n  Category: string;\r\n  FullDescription: string;\r\n  TechnicalSpecifications: string;\r\n  BusinessValue: string;\r\n}\r\n\r\nexport const productPortfolio: ProductCatalogItem[] = [\r\n  {\r\n    \"ProductId\": \"PRD-001\",\r\n    \"ProductName\": \"Retail Analytics\",\r\n    \"Category\": \"Retail Analytics\",\r\n    \"FullDescription\": \"Analytics\",\r\n    \"TechnicalSpecifications\": \"SaaS with 99.95% uptime, integrates with POS and e-commerce platforms, real-time inventory sync\",\r\n    \"BusinessValue\": \"Margins\"\r\n  },\r\n  {\r\n    \"ProductId\": \"PRD-002\",\r\n    \"ProductName\": \"Manufacturing Analytics\",\r\n    \"Category\": \"Industrial IoT\",\r\n    \"FullDescription\": \"AI-powered predictive maintenance and quality control for real-time equipment monitoring and optimization\",\r\n    \"TechnicalSpecifications\": \"Edge computing with 5G, supports 50,000+ sensors, sub-millisecond latency, SAP/Oracle/ERP integration\",\r\n    \"BusinessValue\": \"Efficiency\"\r\n  },\r\n  {\r\n    \"ProductId\": \"PRD-003\",\r\n    \"ProductName\": \"Learning System\",\r\n    \"Category\": \"Education Technology\",\r\n    \"FullDescription\": \"Learning\",\r\n    \"TechnicalSpecifications\": \"Scalable cloud, supports 1M+ learners, mobile-responsive, WCAG 2.1 compliant\",\r\n    \"BusinessValue\": \"Engagement\"\r\n  },\r\n  {\r\n    \"ProductId\": \"PRD-004\",\r\n    \"ProductName\": \"Risk Assessment\",\r\n    \"Category\": \"Fintech Analytics\",\r\n    \"FullDescription\": \"Scoring\",\r\n    \"TechnicalSpecifications\": \"GPU-accelerated cluster, processes 100,000+ applications daily, credit bureau integration\",\r\n    \"BusinessValue\": \"Reduces loan defaults by 25%, speeds approvals, expands lending with alternative data analysis\"\r\n  },\r\n  {\r\n    \"ProductId\": \"PRD-005\",\r\n    \"ProductName\": \"Cloud Security\",\r\n    \"Category\": \"Cybersecurity Solutions\",\r\n    \"FullDescription\": \"Comprehensive security with advanced threat detection, real-time monitoring, and automated incident response\",\r\n    \"TechnicalSpecifications\": \"Security\",\r\n    \"BusinessValue\": \"Reduces response time by 75%, eliminates false positives with AI, ensures compliance\"\r\n  },\r\n  {\r\n    \"ProductId\": \"PRD-006\",\r\n    \"ProductName\": \"Grid Optimizer\",\r\n    \"Category\": \"Renewable Energy\",\r\n    \"FullDescription\": \"Grid\",\r\n    \"TechnicalSpecifications\": \"Real-time monitoring, integrates solar and wind, microsecond response times\",\r\n    \"BusinessValue\": \"Stability\"\r\n  },\r\n  {\r\n    \"ProductId\": \"PRD-007\",\r\n    \"ProductName\": \"Health Integration\",\r\n    \"Category\": \"Medical Technology\",\r\n    \"FullDescription\": \"HIPAA-compliant platform for EHR, device, and patient portal integration to enhance care coordination\",\r\n    \"TechnicalSpecifications\": \"FHIR\",\r\n    \"BusinessValue\": \"Reduces medical errors by 30%, improves care coordination and clinical workflows\"\r\n  },\r\n  {\r\n    \"ProductId\": \"PRD-008\",\r\n    \"ProductName\": \"Supply Chain Tracker\",\r\n    \"Category\": \"Logistics Management\",\r\n    \"FullDescription\": \"Tracking\",\r\n    \"TechnicalSpecifications\": \"Blockchain-based traceability, IoT sensors, 200+ carrier APIs, ML for demand prediction\",\r\n    \"BusinessValue\": \"Reduces inventory costs by 20%, improves supplier performance and delivery accuracy\"\r\n  },\r\n  {\r\n    \"ProductId\": \"PRD-009\",\r\n    \"ProductName\": \"Property Analytics\",\r\n    \"Category\": \"Property Technology\",\r\n    \"FullDescription\": \"AI-powered real estate valuation and investment analysis using market data and trends\",\r\n    \"TechnicalSpecifications\": \"Valuation\",\r\n    \"BusinessValue\": \"Improves investment accuracy by 35%, reduces evaluation time, identifies market opportunities\"\r\n  },\r\n  {\r\n    \"ProductId\": \"PRD-010\",\r\n    \"ProductName\": \"Customer Hub\",\r\n    \"Category\": \"Customer Engagement\",\r\n    \"FullDescription\": \"Engagement\",\r\n    \"TechnicalSpecifications\": \"Cloud-native SaaS, supports 1M+ profiles, ML-driven personalization, real-time analytics\",\r\n    \"BusinessValue\": \"Satisfaction\"\r\n  }\r\n];",
  "dependencies": "{\"@syncfusion/react-grid\":\"*\",\"@syncfusion/react-locale\":\"*\",\"@syncfusion/react-cldr-data\":\"*\"}"
}