{
  "src/App.css": "@import \"@syncfusion/react-base/styles/material3.css\";\n@import \"@syncfusion/react-buttons/styles/material3.css\";\n@import \"@syncfusion/react-popups/styles/material3.css\";\n@import \"@syncfusion/react-splitbuttons/styles/material3.css\";\n@import \"@syncfusion/react-inputs/styles/material3.css\";\n@import \"@syncfusion/react-calendars/styles/material3.css\";\n@import \"@syncfusion/react-lists/styles/material3.css\";\n@import \"@syncfusion/react-dropdowns/styles/material3.css\";\n@import \"@syncfusion/react-navigations/styles/material3.css\";\n@import \"@syncfusion/react-notifications/styles/material3.css\";\n@import \"@syncfusion/react-pager/styles/material3.css\";\n@import \"@syncfusion/react-grid/styles/material3.css\";\n",
  "src/App.tsx": "import { Grid, Columns, Column, SortSettings, PageSettings, GridLine, TextAlign } from '@syncfusion/react-grid';\r\nimport { employeeDetails } from './employeeProfileData';\r\nimport { useState } from 'react';\r\n \r\nexport default function App() {\r\n  // Initialize sort settings with enabled state.\r\n  const [sortSettings] = useState<SortSettings>({enabled: true});\r\n  \r\n  // Initialize page settings with pagination enabled, page size, and count.\r\n  const [pageSettings] = useState<PageSettings>({ enabled: true, pageSize: 8, pageCount: 4 });\r\n\r\n  return (\r\n   <div>\r\n     <Grid dataSource={employeeDetails} sortSettings={sortSettings} pageSettings={pageSettings} gridLines={GridLine.Both}>\r\n      <Columns>\r\n         <Column field=\"EmployeeID\" headerText=\"Employee ID\" textAlign={TextAlign.Right} />\r\n         <Column field=\"FirstName\" headerText=\"Name\" textAlign={TextAlign.Center} />\r\n         <Column field=\"Role\" headerText=\"Role\" textAlign={TextAlign.Justify} />\r\n         <Column field=\"Location\" headerText=\"Location\" textAlign={TextAlign.Left} />\r\n      </Columns>\r\n     </Grid>\r\n   </div>\r\n );\r\n}\r\n",
  "src/employeeProfileData.ts": "export const employeeDetails: object[] = [\r\n    {\r\n        \"FirstName\": \"David\",\r\n        \"LastName\": \"Jones\",\r\n        \"Email\": \"david.jones@company.com\",\r\n        \"Phone\": \"+1-334-902-3993\",\r\n        \"Department\": \"Marketing\",\r\n        \"Role\": \"Manager\",\r\n        \"Location\": \"San Francisco, USA\",\r\n        \"HireDate\": new Date(1449889901523),\r\n        \"IsActive\": false,\r\n        \"ProfileImage\": \"https://company.com/images/emp10000.jpg\",\r\n        \"Skills\": [\r\n            \"Communication\",\r\n            \"Leadership\",\r\n            \"SEO\"\r\n        ],\r\n        \"PerformanceScore\": 86,\r\n        \"LastReviewDate\": new Date(1723950701523),\r\n        \"ManagerId\": \"EMP-191\",\r\n        \"LinkedIn\": \"linkedin.com/in/david0\",\r\n        \"Experience\": 9.6,\r\n        \"EmployeeID\": 10000\r\n    },\r\n    {\r\n        \"FirstName\": \"Emma\",\r\n        \"LastName\": \"Brown\",\r\n        \"Email\": \"emma.brown@company.com\",\r\n        \"Phone\": \"+1-742-204-5269\",\r\n        \"Department\": \"Sales\",\r\n        \"Role\": \"QA Analyst\",\r\n        \"Location\": \"Chicago, USA\",\r\n        \"HireDate\": new Date(1521169901523),\r\n        \"IsActive\": true,\r\n        \"ProfileImage\": \"https://company.com/images/emp10001.jpg\",\r\n        \"Skills\": [\r\n            \"Node.js\",\r\n            \"Python\",\r\n            \"React\"\r\n        ],\r\n        \"PerformanceScore\": 82,\r\n        \"LastReviewDate\": new Date(1744168301523),\r\n        \"ManagerId\": \"EMP-180\",\r\n        \"LinkedIn\": \"linkedin.com/in/emma1\",\r\n        \"Experience\": 7.4,\r\n        \"EmployeeID\": 10001\r\n    },\r\n    {\r\n        \"FirstName\": \"Emma\",\r\n        \"LastName\": \"Hernandez\",\r\n        \"Email\": \"emma.hernandez@company.com\",\r\n        \"Phone\": \"+1-246-599-6556\",\r\n        \"Department\": \"Marketing\",\r\n        \"Role\": \"QA Analyst\",\r\n        \"Location\": \"New York, USA\",\r\n        \"HireDate\": new Date(1597720301523),\r\n        \"IsActive\": true,\r\n        \"ProfileImage\": \"https://company.com/images/emp10002.jpg\",\r\n        \"Skills\": [\r\n            \"React\",\r\n            \"Leadership\",\r\n            \"SAP\"\r\n        ],\r\n        \"PerformanceScore\": 95,\r\n        \"LastReviewDate\": new Date(1745809901523),\r\n        \"ManagerId\": \"EMP-104\",\r\n        \"LinkedIn\": \"linkedin.com/in/emma2\",\r\n        \"Experience\": 4.9,\r\n        \"EmployeeID\": 10002\r\n    },\r\n    {\r\n        \"FirstName\": \"Emily\",\r\n        \"LastName\": \"Brown\",\r\n        \"Email\": \"emily.brown@company.com\",\r\n        \"Phone\": \"+1-179-707-9780\",\r\n        \"Department\": \"Finance\",\r\n        \"Role\": \"Devops Engineer\",\r\n        \"Location\": \"Chicago, USA\",\r\n        \"HireDate\": new Date(1524453101523),\r\n        \"IsActive\": false,\r\n        \"ProfileImage\": \"https://company.com/images/emp10003.jpg\",\r\n        \"Skills\": [\r\n            \"SEO\",\r\n            \"Java\",\r\n            \"Leadership\"\r\n        ],\r\n        \"PerformanceScore\": 91,\r\n        \"LastReviewDate\": new Date(1734318701523),\r\n        \"ManagerId\": \"EMP-145\",\r\n        \"LinkedIn\": \"linkedin.com/in/emily3\",\r\n        \"Experience\": 7.3,\r\n        \"EmployeeID\": 10003\r\n    },\r\n    {\r\n        \"FirstName\": \"Michael\",\r\n        \"LastName\": \"Martinez\",\r\n        \"Email\": \"michael.martinez@company.com\",\r\n        \"Phone\": \"+1-512-334-6660\",\r\n        \"Department\": \"Sales\",\r\n        \"Role\": \"Developer\",\r\n        \"Location\": \"Chicago, USA\",\r\n        \"HireDate\": new Date(1439694701523),\r\n        \"IsActive\": true,\r\n        \"ProfileImage\": \"https://company.com/images/emp10004.jpg\",\r\n        \"Skills\": [\r\n            \"React\",\r\n            \"Node.js\",\r\n            \"Communication\"\r\n        ],\r\n        \"PerformanceScore\": 52,\r\n        \"LastReviewDate\": new Date(1727147501523),\r\n        \"ManagerId\": \"EMP-146\",\r\n        \"LinkedIn\": \"linkedin.com/in/michael4\",\r\n        \"Experience\": 9.9,\r\n        \"EmployeeID\": 10004\r\n    },\r\n    {\r\n        \"FirstName\": \"Emma\",\r\n        \"LastName\": \"Garcia\",\r\n        \"Email\": \"emma.garcia@company.com\",\r\n        \"Phone\": \"+1-968-567-3686\",\r\n        \"Department\": \"Finance\",\r\n        \"Role\": \"Manager\",\r\n        \"Location\": \"Seattle, USA\",\r\n        \"HireDate\": new Date(1460344301523),\r\n        \"IsActive\": false,\r\n        \"ProfileImage\": \"https://company.com/images/emp10005.jpg\",\r\n        \"Skills\": [\r\n            \"Node.js\",\r\n            \"Leadership\",\r\n            \"SEO\"\r\n        ],\r\n        \"PerformanceScore\": 70,\r\n        \"LastReviewDate\": new Date(1743736301523),\r\n        \"ManagerId\": \"EMP-150\",\r\n        \"LinkedIn\": \"linkedin.com/in/emma5\",\r\n        \"Experience\": 9.3,\r\n        \"EmployeeID\": 10005\r\n    },\r\n    {\r\n        \"FirstName\": \"James\",\r\n        \"LastName\": \"Williams\",\r\n        \"Email\": \"james.williams@company.com\",\r\n        \"Phone\": \"+1-745-257-1661\",\r\n        \"Department\": \"Sales\",\r\n        \"Role\": \"Recruiter\",\r\n        \"Location\": \"San Francisco, USA\",\r\n        \"HireDate\": new Date(1693192301524),\r\n        \"IsActive\": true,\r\n        \"ProfileImage\": \"https://company.com/images/emp10006.jpg\",\r\n        \"Skills\": [\r\n            \"Node.js\",\r\n            \"React\",\r\n            \"Java\"\r\n        ],\r\n        \"PerformanceScore\": 78,\r\n        \"LastReviewDate\": new Date(1739934701524),\r\n        \"ManagerId\": \"EMP-127\",\r\n        \"LinkedIn\": \"linkedin.com/in/james6\",\r\n        \"Experience\": 1.9,\r\n        \"EmployeeID\": 10006\r\n    },\r\n    {\r\n        \"FirstName\": \"Sarah\",\r\n        \"LastName\": \"Smith\",\r\n        \"Email\": \"sarah.smith@company.com\",\r\n        \"Phone\": \"+1-384-933-1262\",\r\n        \"Department\": \"Sales\",\r\n        \"Role\": \"Accountant\",\r\n        \"Location\": \"New York, USA\",\r\n        \"HireDate\": new Date(1490411501524),\r\n        \"IsActive\": true,\r\n        \"ProfileImage\": \"https://company.com/images/emp10007.jpg\",\r\n        \"Skills\": [\r\n            \"Python\",\r\n            \"React\",\r\n            \"Java\"\r\n        ],\r\n        \"PerformanceScore\": 88,\r\n        \"LastReviewDate\": new Date(1736219501524),\r\n        \"ManagerId\": \"EMP-129\",\r\n        \"LinkedIn\": \"linkedin.com/in/sarah7\",\r\n        \"Experience\": 8.3,\r\n        \"EmployeeID\": 10007\r\n    },\r\n    {\r\n        \"FirstName\": \"Michael\",\r\n        \"LastName\": \"Johnson\",\r\n        \"Email\": \"michael.johnson@company.com\",\r\n        \"Phone\": \"+1-377-432-5865\",\r\n        \"Department\": \"HR\",\r\n        \"Role\": \"Analyst\",\r\n        \"Location\": \"New York, USA\",\r\n        \"HireDate\": new Date(1672801901524),\r\n        \"IsActive\": true,\r\n        \"ProfileImage\": \"https://company.com/images/emp10008.jpg\",\r\n        \"Skills\": [\r\n            \"Java\",\r\n            \"Leadership\",\r\n            \"SAP\"\r\n        ],\r\n        \"PerformanceScore\": 81,\r\n        \"LastReviewDate\": new Date(1747451501524),\r\n        \"ManagerId\": \"EMP-195\",\r\n        \"LinkedIn\": \"linkedin.com/in/michael8\",\r\n        \"Experience\": 2.6,\r\n        \"EmployeeID\": 10008\r\n    },\r\n    {\r\n        \"FirstName\": \"James\",\r\n        \"LastName\": \"Hernandez\",\r\n        \"Email\": \"james.hernandez@company.com\",\r\n        \"Phone\": \"+1-592-818-5181\",\r\n        \"Department\": \"Sales\",\r\n        \"Role\": \"Devops Engineer\",\r\n        \"Location\": \"Chicago, USA\",\r\n        \"HireDate\": new Date(1510974701524),\r\n        \"IsActive\": false,\r\n        \"ProfileImage\": \"https://company.com/images/emp10009.jpg\",\r\n        \"Skills\": [\r\n            \"SEO\",\r\n            \"Leadership\",\r\n            \"SAP\"\r\n        ],\r\n        \"PerformanceScore\": 54,\r\n        \"LastReviewDate\": new Date(1733195501524),\r\n        \"ManagerId\": \"EMP-115\",\r\n        \"LinkedIn\": \"linkedin.com/in/james9\",\r\n        \"Experience\": 7.7,\r\n        \"EmployeeID\": 10009\r\n    },\r\n    {\r\n        \"FirstName\": \"Michael\",\r\n        \"LastName\": \"Martinez\",\r\n        \"Email\": \"michael.martinez@company.com\",\r\n        \"Phone\": \"+1-419-593-8362\",\r\n        \"Department\": \"HR\",\r\n        \"Role\": \"Analyst\",\r\n        \"Location\": \"San Francisco, USA\",\r\n        \"HireDate\": new Date(1700277101524),\r\n        \"IsActive\": false,\r\n        \"ProfileImage\": \"https://company.com/images/emp10010.jpg\",\r\n        \"Skills\": [\r\n            \"Python\",\r\n            \"SAP\",\r\n            \"SEO\"\r\n        ],\r\n        \"PerformanceScore\": 100,\r\n        \"LastReviewDate\": new Date(1731208301524),\r\n        \"ManagerId\": \"EMP-186\",\r\n        \"LinkedIn\": \"linkedin.com/in/michael10\",\r\n        \"Experience\": 1.7,\r\n        \"EmployeeID\": 10010\r\n    },\r\n    {\r\n        \"FirstName\": \"Sarah\",\r\n        \"LastName\": \"Johnson\",\r\n        \"Email\": \"sarah.johnson@company.com\",\r\n        \"Phone\": \"+1-405-127-8416\",\r\n        \"Department\": \"Marketing\",\r\n        \"Role\": \"Manager\",\r\n        \"Location\": \"Seattle, USA\",\r\n        \"HireDate\": new Date(1600744301524),\r\n        \"IsActive\": true,\r\n        \"ProfileImage\": \"https://company.com/images/emp10011.jpg\",\r\n        \"Skills\": [\r\n            \"Node.js\",\r\n            \"React\",\r\n            \"Communication\"\r\n        ],\r\n        \"PerformanceScore\": 65,\r\n        \"LastReviewDate\": new Date(1727147501524),\r\n        \"ManagerId\": \"EMP-104\",\r\n        \"LinkedIn\": \"linkedin.com/in/sarah11\",\r\n        \"Experience\": 4.8,\r\n        \"EmployeeID\": 10011\r\n    },\r\n    {\r\n        \"FirstName\": \"David\",\r\n        \"LastName\": \"Smith\",\r\n        \"Email\": \"david.smith@company.com\",\r\n        \"Phone\": \"+1-973-391-1604\",\r\n        \"Department\": \"Engineering\",\r\n        \"Role\": \"Accountant\",\r\n        \"Location\": \"Austin, USA\",\r\n        \"HireDate\": new Date(1534734701524),\r\n        \"IsActive\": true,\r\n        \"ProfileImage\": \"https://company.com/images/emp10012.jpg\",\r\n        \"Skills\": [\r\n            \"Python\",\r\n            \"React\",\r\n            \"Java\"\r\n        ],\r\n        \"PerformanceScore\": 99,\r\n        \"LastReviewDate\": new Date(1746414701524),\r\n        \"ManagerId\": \"EMP-104\",\r\n        \"LinkedIn\": \"linkedin.com/in/david12\",\r\n        \"Experience\": 6.9,\r\n        \"EmployeeID\": 10012\r\n    },\r\n    {\r\n        \"FirstName\": \"Olivia\",\r\n        \"LastName\": \"Miller\",\r\n        \"Email\": \"olivia.miller@company.com\",\r\n        \"Phone\": \"+1-493-661-8497\",\r\n        \"Department\": \"Marketing\",\r\n        \"Role\": \"Accountant\",\r\n        \"Location\": \"Chicago, USA\",\r\n        \"HireDate\": new Date(1611976301524),\r\n        \"IsActive\": true,\r\n        \"ProfileImage\": \"https://company.com/images/emp10013.jpg\",\r\n        \"Skills\": [\r\n            \"Communication\",\r\n            \"Leadership\",\r\n            \"Node.js\"\r\n        ],\r\n        \"PerformanceScore\": 76,\r\n        \"LastReviewDate\": new Date(1727147501524),\r\n        \"ManagerId\": \"EMP-183\",\r\n        \"LinkedIn\": \"linkedin.com/in/olivia13\",\r\n        \"Experience\": 4.5,\r\n        \"EmployeeID\": 10013\r\n    },\r\n    {\r\n        \"FirstName\": \"Michael\",\r\n        \"LastName\": \"Johnson\",\r\n        \"Email\": \"michael.johnson@company.com\",\r\n        \"Phone\": \"+1-436-336-9207\",\r\n        \"Department\": \"Support\",\r\n        \"Role\": \"Designer\",\r\n        \"Location\": \"Seattle, USA\",\r\n        \"HireDate\": new Date(1504235501524),\r\n        \"IsActive\": false,\r\n        \"ProfileImage\": \"https://company.com/images/emp10014.jpg\",\r\n        \"Skills\": [\r\n            \"Java\",\r\n            \"Communication\",\r\n            \"Python\"\r\n        ],\r\n        \"PerformanceScore\": 81,\r\n        \"LastReviewDate\": new Date(1745809901524),\r\n        \"ManagerId\": \"EMP-149\",\r\n        \"LinkedIn\": \"linkedin.com/in/michael14\",\r\n        \"Experience\": 7.9,\r\n        \"EmployeeID\": 10014\r\n    },\r\n    {\r\n        \"FirstName\": \"Emma\",\r\n        \"LastName\": \"Miller\",\r\n        \"Email\": \"emma.miller@company.com\",\r\n        \"Phone\": \"+1-989-695-6223\",\r\n        \"Department\": \"Marketing\",\r\n        \"Role\": \"Manager\",\r\n        \"Location\": \"Seattle, USA\",\r\n        \"HireDate\": new Date(1556939501524),\r\n        \"IsActive\": false,\r\n        \"ProfileImage\": \"https://company.com/images/emp10015.jpg\",\r\n        \"Skills\": [\r\n            \"React\",\r\n            \"Python\",\r\n            \"Communication\"\r\n        ],\r\n        \"PerformanceScore\": 76,\r\n        \"LastReviewDate\": new Date(1724296301524),\r\n        \"ManagerId\": \"EMP-176\",\r\n        \"LinkedIn\": \"linkedin.com/in/emma15\",\r\n        \"Experience\": 6.2,\r\n        \"EmployeeID\": 10015\r\n    },\r\n    {\r\n        \"FirstName\": \"Sarah\",\r\n        \"LastName\": \"Jones\",\r\n        \"Email\": \"sarah.jones@company.com\",\r\n        \"Phone\": \"+1-367-999-3819\",\r\n        \"Department\": \"HR\",\r\n        \"Role\": \"QA Analyst\",\r\n        \"Location\": \"Seattle, USA\",\r\n        \"HireDate\": new Date(1445915501524),\r\n        \"IsActive\": false,\r\n        \"ProfileImage\": \"https://company.com/images/emp10016.jpg\",\r\n        \"Skills\": [\r\n            \"SAP\",\r\n            \"SEO\",\r\n            \"Node.js\"\r\n        ],\r\n        \"PerformanceScore\": 67,\r\n        \"LastReviewDate\": new Date(1739589101524),\r\n        \"ManagerId\": \"EMP-196\",\r\n        \"LinkedIn\": \"linkedin.com/in/sarah16\",\r\n        \"Experience\": 9.7,\r\n        \"EmployeeID\": 10016\r\n    },\r\n    {\r\n        \"FirstName\": \"Emma\",\r\n        \"LastName\": \"Garcia\",\r\n        \"Email\": \"emma.garcia@company.com\",\r\n        \"Phone\": \"+1-203-825-5286\",\r\n        \"Department\": \"Engineering\",\r\n        \"Role\": \"Developer\",\r\n        \"Location\": \"Austin, USA\",\r\n        \"HireDate\": new Date(1545880301524),\r\n        \"IsActive\": true,\r\n        \"ProfileImage\": \"https://company.com/images/emp10017.jpg\",\r\n        \"Skills\": [\r\n            \"SEO\",\r\n            \"Java\",\r\n            \"Node.js\"\r\n        ],\r\n        \"PerformanceScore\": 85,\r\n        \"LastReviewDate\": new Date(1726110701524),\r\n        \"ManagerId\": \"EMP-173\",\r\n        \"LinkedIn\": \"linkedin.com/in/emma17\",\r\n        \"Experience\": 6.6,\r\n        \"EmployeeID\": 10017\r\n    },\r\n    {\r\n        \"FirstName\": \"David\",\r\n        \"LastName\": \"Williams\",\r\n        \"Email\": \"david.williams@company.com\",\r\n        \"Phone\": \"+1-955-987-4164\",\r\n        \"Department\": \"HR\",\r\n        \"Role\": \"Manager\",\r\n        \"Location\": \"Austin, USA\",\r\n        \"HireDate\": new Date(1589425901524),\r\n        \"IsActive\": true,\r\n        \"ProfileImage\": \"https://company.com/images/emp10018.jpg\",\r\n        \"Skills\": [\r\n            \"Java\",\r\n            \"React\",\r\n            \"SAP\"\r\n        ],\r\n        \"PerformanceScore\": 84,\r\n        \"LastReviewDate\": new Date(1745723501524),\r\n        \"ManagerId\": \"EMP-131\",\r\n        \"LinkedIn\": \"linkedin.com/in/david18\",\r\n        \"Experience\": 5.2,\r\n        \"EmployeeID\": 10018\r\n    },\r\n    {\r\n        \"FirstName\": \"James\",\r\n        \"LastName\": \"Hernandez\",\r\n        \"Email\": \"james.hernandez@company.com\",\r\n        \"Phone\": \"+1-285-305-3720\",\r\n        \"Department\": \"HR\",\r\n        \"Role\": \"Developer\",\r\n        \"Location\": \"San Francisco, USA\",\r\n        \"HireDate\": new Date(1457665901524),\r\n        \"IsActive\": true,\r\n        \"ProfileImage\": \"https://company.com/images/emp10019.jpg\",\r\n        \"Skills\": [\r\n            \"Python\",\r\n            \"SAP\",\r\n            \"SEO\"\r\n        ],\r\n        \"PerformanceScore\": 78,\r\n        \"LastReviewDate\": new Date(1728270701524),\r\n        \"ManagerId\": \"EMP-148\",\r\n        \"LinkedIn\": \"linkedin.com/in/james19\",\r\n        \"Experience\": 9.4,\r\n        \"EmployeeID\": 10019\r\n    },\r\n    {\r\n        \"FirstName\": \"Emily\",\r\n        \"LastName\": \"Brown\",\r\n        \"Email\": \"emily.brown@company.com\",\r\n        \"Phone\": \"+1-689-484-1896\",\r\n        \"Department\": \"HR\",\r\n        \"Role\": \"Manager\",\r\n        \"Location\": \"San Francisco, USA\",\r\n        \"HireDate\": new Date(1484104301524),\r\n        \"IsActive\": false,\r\n        \"ProfileImage\": \"https://company.com/images/emp10020.jpg\",\r\n        \"Skills\": [\r\n            \"Python\",\r\n            \"React\",\r\n            \"SEO\"\r\n        ],\r\n        \"PerformanceScore\": 96,\r\n        \"LastReviewDate\": new Date(1745118701524),\r\n        \"ManagerId\": \"EMP-115\",\r\n        \"LinkedIn\": \"linkedin.com/in/emily20\",\r\n        \"Experience\": 8.5,\r\n        \"EmployeeID\": 10020\r\n    },\r\n    {\r\n        \"FirstName\": \"Sarah\",\r\n        \"LastName\": \"Brown\",\r\n        \"Email\": \"sarah.brown@company.com\",\r\n        \"Phone\": \"+1-299-997-1313\",\r\n        \"Department\": \"Finance\",\r\n        \"Role\": \"Devops Engineer\",\r\n        \"Location\": \"Seattle, USA\",\r\n        \"HireDate\": new Date(1638587501524),\r\n        \"IsActive\": false,\r\n        \"ProfileImage\": \"https://company.com/images/emp10021.jpg\",\r\n        \"Skills\": [\r\n            \"Leadership\",\r\n            \"SEO\",\r\n            \"SAP\"\r\n        ],\r\n        \"PerformanceScore\": 82,\r\n        \"LastReviewDate\": new Date(1743563501524),\r\n        \"ManagerId\": \"EMP-156\",\r\n        \"LinkedIn\": \"linkedin.com/in/sarah21\",\r\n        \"Experience\": 3.6,\r\n        \"EmployeeID\": 10021\r\n    },\r\n    {\r\n        \"FirstName\": \"Emily\",\r\n        \"LastName\": \"Williams\",\r\n        \"Email\": \"emily.williams@company.com\",\r\n        \"Phone\": \"+1-237-229-7821\",\r\n        \"Department\": \"Sales\",\r\n        \"Role\": \"Designer\",\r\n        \"Location\": \"San Francisco, USA\",\r\n        \"HireDate\": new Date(1535339501524),\r\n        \"IsActive\": true,\r\n        \"ProfileImage\": \"https://company.com/images/emp10022.jpg\",\r\n        \"Skills\": [\r\n            \"SEO\",\r\n            \"Java\",\r\n            \"Node.js\"\r\n        ],\r\n        \"PerformanceScore\": 52,\r\n        \"LastReviewDate\": new Date(1722049901524),\r\n        \"ManagerId\": \"EMP-103\",\r\n        \"LinkedIn\": \"linkedin.com/in/emily22\",\r\n        \"Experience\": 6.9,\r\n        \"EmployeeID\": 10022\r\n    },\r\n    {\r\n        \"FirstName\": \"Olivia\",\r\n        \"LastName\": \"Brown\",\r\n        \"Email\": \"olivia.brown@company.com\",\r\n        \"Phone\": \"+1-739-721-3563\",\r\n        \"Department\": \"Marketing\",\r\n        \"Role\": \"Analyst\",\r\n        \"Location\": \"New York, USA\",\r\n        \"HireDate\": new Date(1500865901524),\r\n        \"IsActive\": false,\r\n        \"ProfileImage\": \"https://company.com/images/emp10023.jpg\",\r\n        \"Skills\": [\r\n            \"React\",\r\n            \"Communication\",\r\n            \"Node.js\"\r\n        ],\r\n        \"PerformanceScore\": 58,\r\n        \"LastReviewDate\": new Date(1745723501524),\r\n        \"ManagerId\": \"EMP-162\",\r\n        \"LinkedIn\": \"linkedin.com/in/olivia23\",\r\n        \"Experience\": 8.0,\r\n        \"EmployeeID\": 10023\r\n    },\r\n    {\r\n        \"FirstName\": \"Sarah\",\r\n        \"LastName\": \"Miller\",\r\n        \"Email\": \"sarah.miller@company.com\",\r\n        \"Phone\": \"+1-882-889-4455\",\r\n        \"Department\": \"Sales\",\r\n        \"Role\": \"QA Analyst\",\r\n        \"Location\": \"Austin, USA\",\r\n        \"HireDate\": new Date(1615518701524),\r\n        \"IsActive\": false,\r\n        \"ProfileImage\": \"https://company.com/images/emp10024.jpg\",\r\n        \"Skills\": [\r\n            \"Leadership\",\r\n            \"Java\",\r\n            \"Communication\"\r\n        ],\r\n        \"PerformanceScore\": 99,\r\n        \"LastReviewDate\": new Date(1750129901524),\r\n        \"ManagerId\": \"EMP-112\",\r\n        \"LinkedIn\": \"linkedin.com/in/sarah24\",\r\n        \"Experience\": 4.4,\r\n        \"EmployeeID\": 10024\r\n    },\r\n    {\r\n        \"FirstName\": \"Laura\",\r\n        \"LastName\": \"Jones\",\r\n        \"Email\": \"laura.jones@company.com\",\r\n        \"Phone\": \"+1-211-940-2554\",\r\n        \"Department\": \"Sales\",\r\n        \"Role\": \"Developer\",\r\n        \"Location\": \"Seattle, USA\",\r\n        \"HireDate\": new Date(1649041901524),\r\n        \"IsActive\": true,\r\n        \"ProfileImage\": \"https://company.com/images/emp10025.jpg\",\r\n        \"Skills\": [\r\n            \"Leadership\",\r\n            \"Java\",\r\n            \"SAP\"\r\n        ],\r\n        \"PerformanceScore\": 79,\r\n        \"LastReviewDate\": new Date(1734923501524),\r\n        \"ManagerId\": \"EMP-140\",\r\n        \"LinkedIn\": \"linkedin.com/in/laura25\",\r\n        \"Experience\": 3.3,\r\n        \"EmployeeID\": 10025\r\n    },\r\n    {\r\n        \"FirstName\": \"John\",\r\n        \"LastName\": \"Jones\",\r\n        \"Email\": \"john.jones@company.com\",\r\n        \"Phone\": \"+1-397-225-7379\",\r\n        \"Department\": \"Finance\",\r\n        \"Role\": \"Devops Engineer\",\r\n        \"Location\": \"Chicago, USA\",\r\n        \"HireDate\": new Date(1642734701524),\r\n        \"IsActive\": true,\r\n        \"ProfileImage\": \"https://company.com/images/emp10026.jpg\",\r\n        \"Skills\": [\r\n            \"Java\",\r\n            \"Python\",\r\n            \"Node.js\"\r\n        ],\r\n        \"PerformanceScore\": 73,\r\n        \"LastReviewDate\": new Date(1727838701524),\r\n        \"ManagerId\": \"EMP-107\",\r\n        \"LinkedIn\": \"linkedin.com/in/john26\",\r\n        \"Experience\": 3.5,\r\n        \"EmployeeID\": 10026\r\n    },\r\n    {\r\n        \"FirstName\": \"Sarah\",\r\n        \"LastName\": \"Smith\",\r\n        \"Email\": \"sarah.smith@company.com\",\r\n        \"Phone\": \"+1-795-224-9132\",\r\n        \"Department\": \"Support\",\r\n        \"Role\": \"Accountant\",\r\n        \"Location\": \"Chicago, USA\",\r\n        \"HireDate\": new Date(1470021101524),\r\n        \"IsActive\": true,\r\n        \"ProfileImage\": \"https://company.com/images/emp10027.jpg\",\r\n        \"Skills\": [\r\n            \"Node.js\",\r\n            \"Leadership\",\r\n            \"Java\"\r\n        ],\r\n        \"PerformanceScore\": 75,\r\n        \"LastReviewDate\": new Date(1748833901524),\r\n        \"ManagerId\": \"EMP-113\",\r\n        \"LinkedIn\": \"linkedin.com/in/sarah27\",\r\n        \"Experience\": 9.0,\r\n        \"EmployeeID\": 10027\r\n    },\r\n    {\r\n        \"FirstName\": \"James\",\r\n        \"LastName\": \"Jones\",\r\n        \"Email\": \"james.jones@company.com\",\r\n        \"Phone\": \"+1-579-691-2238\",\r\n        \"Department\": \"Sales\",\r\n        \"Role\": \"Designer\",\r\n        \"Location\": \"San Francisco, USA\",\r\n        \"HireDate\": new Date(1604718701524),\r\n        \"IsActive\": false,\r\n        \"ProfileImage\": \"https://company.com/images/emp10028.jpg\",\r\n        \"Skills\": [\r\n            \"SEO\",\r\n            \"React\",\r\n            \"SAP\"\r\n        ],\r\n        \"PerformanceScore\": 92,\r\n        \"LastReviewDate\": new Date(1732763501524),\r\n        \"ManagerId\": \"EMP-199\",\r\n        \"LinkedIn\": \"linkedin.com/in/james28\",\r\n        \"Experience\": 4.7,\r\n        \"EmployeeID\": 10028\r\n    },\r\n    {\r\n        \"FirstName\": \"John\",\r\n        \"LastName\": \"Miller\",\r\n        \"Email\": \"john.miller@company.com\",\r\n        \"Phone\": \"+1-387-893-8441\",\r\n        \"Department\": \"Sales\",\r\n        \"Role\": \"Analyst\",\r\n        \"Location\": \"San Francisco, USA\",\r\n        \"HireDate\": new Date(1535339501524),\r\n        \"IsActive\": true,\r\n        \"ProfileImage\": \"https://company.com/images/emp10029.jpg\",\r\n        \"Skills\": [\r\n            \"Java\",\r\n            \"SAP\",\r\n            \"Node.js\"\r\n        ],\r\n        \"PerformanceScore\": 91,\r\n        \"LastReviewDate\": new Date(1742613101524),\r\n        \"ManagerId\": \"EMP-138\",\r\n        \"LinkedIn\": \"linkedin.com/in/john29\",\r\n        \"Experience\": 6.9,\r\n        \"EmployeeID\": 10029\r\n    },\r\n    {\r\n        \"FirstName\": \"James\",\r\n        \"LastName\": \"Jones\",\r\n        \"Email\": \"james.jones@company.com\",\r\n        \"Phone\": \"+1-598-886-1102\",\r\n        \"Department\": \"Engineering\",\r\n        \"Role\": \"Analyst\",\r\n        \"Location\": \"Chicago, USA\",\r\n        \"HireDate\": new Date(1654744301524),\r\n        \"IsActive\": false,\r\n        \"ProfileImage\": \"https://company.com/images/emp10030.jpg\",\r\n        \"Skills\": [\r\n            \"React\",\r\n            \"Python\",\r\n            \"SAP\"\r\n        ],\r\n        \"PerformanceScore\": 59,\r\n        \"LastReviewDate\": new Date(1723864301524),\r\n        \"ManagerId\": \"EMP-149\",\r\n        \"LinkedIn\": \"linkedin.com/in/james30\",\r\n        \"Experience\": 3.1,\r\n        \"EmployeeID\": 10030\r\n    },\r\n    {\r\n        \"FirstName\": \"Laura\",\r\n        \"LastName\": \"Miller\",\r\n        \"Email\": \"laura.miller@company.com\",\r\n        \"Phone\": \"+1-467-654-6955\",\r\n        \"Department\": \"Marketing\",\r\n        \"Role\": \"Accountant\",\r\n        \"Location\": \"New York, USA\",\r\n        \"HireDate\": new Date(1484536301524),\r\n        \"IsActive\": true,\r\n        \"ProfileImage\": \"https://company.com/images/emp10031.jpg\",\r\n        \"Skills\": [\r\n            \"SAP\",\r\n            \"SEO\",\r\n            \"Node.js\"\r\n        ],\r\n        \"PerformanceScore\": 81,\r\n        \"LastReviewDate\": new Date(1743736301524),\r\n        \"ManagerId\": \"EMP-107\",\r\n        \"LinkedIn\": \"linkedin.com/in/laura31\",\r\n        \"Experience\": 8.5,\r\n        \"EmployeeID\": 10031\r\n    },\r\n    {\r\n        \"FirstName\": \"Michael\",\r\n        \"LastName\": \"Jones\",\r\n        \"Email\": \"michael.jones@company.com\",\r\n        \"Phone\": \"+1-475-448-5969\",\r\n        \"Department\": \"Sales\",\r\n        \"Role\": \"Designer\",\r\n        \"Location\": \"Austin, USA\",\r\n        \"HireDate\": new Date(1596856301524),\r\n        \"IsActive\": true,\r\n        \"ProfileImage\": \"https://company.com/images/emp10032.jpg\",\r\n        \"Skills\": [\r\n            \"Python\",\r\n            \"Node.js\",\r\n            \"Java\"\r\n        ],\r\n        \"PerformanceScore\": 82,\r\n        \"LastReviewDate\": new Date(1738725101524),\r\n        \"ManagerId\": \"EMP-163\",\r\n        \"LinkedIn\": \"linkedin.com/in/michael32\",\r\n        \"Experience\": 5.0,\r\n        \"EmployeeID\": 10032\r\n    },\r\n    {\r\n        \"FirstName\": \"John\",\r\n        \"LastName\": \"Jones\",\r\n        \"Email\": \"john.jones@company.com\",\r\n        \"Phone\": \"+1-507-287-1800\",\r\n        \"Department\": \"Sales\",\r\n        \"Role\": \"Developer\",\r\n        \"Location\": \"San Francisco, USA\",\r\n        \"HireDate\": new Date(1439349101524),\r\n        \"IsActive\": true,\r\n        \"ProfileImage\": \"https://company.com/images/emp10033.jpg\",\r\n        \"Skills\": [\r\n            \"Java\",\r\n            \"SAP\",\r\n            \"Leadership\"\r\n        ],\r\n        \"PerformanceScore\": 95,\r\n        \"LastReviewDate\": new Date(1743736301524),\r\n        \"ManagerId\": \"EMP-165\",\r\n        \"LinkedIn\": \"linkedin.com/in/john33\",\r\n        \"Experience\": 10.0,\r\n        \"EmployeeID\": 10033\r\n    },\r\n    {\r\n        \"FirstName\": \"Michael\",\r\n        \"LastName\": \"Martinez\",\r\n        \"Email\": \"michael.martinez@company.com\",\r\n        \"Phone\": \"+1-114-564-8694\",\r\n        \"Department\": \"Support\",\r\n        \"Role\": \"QA Analyst\",\r\n        \"Location\": \"Chicago, USA\",\r\n        \"HireDate\": new Date(1622344301524),\r\n        \"IsActive\": false,\r\n        \"ProfileImage\": \"https://company.com/images/emp10034.jpg\",\r\n        \"Skills\": [\r\n            \"Leadership\",\r\n            \"Python\",\r\n            \"SEO\"\r\n        ],\r\n        \"PerformanceScore\": 50,\r\n        \"LastReviewDate\": new Date(1750043501524),\r\n        \"ManagerId\": \"EMP-149\",\r\n        \"LinkedIn\": \"linkedin.com/in/michael34\",\r\n        \"Experience\": 4.2,\r\n        \"EmployeeID\": 10034\r\n    },\r\n    {\r\n        \"FirstName\": \"James\",\r\n        \"LastName\": \"Hernandez\",\r\n        \"Email\": \"james.hernandez@company.com\",\r\n        \"Phone\": \"+1-329-646-3487\",\r\n        \"Department\": \"Engineering\",\r\n        \"Role\": \"Manager\",\r\n        \"Location\": \"Seattle, USA\",\r\n        \"HireDate\": new Date(1479870701524),\r\n        \"IsActive\": true,\r\n        \"ProfileImage\": \"https://company.com/images/emp10035.jpg\",\r\n        \"Skills\": [\r\n            \"SAP\",\r\n            \"Communication\",\r\n            \"Java\"\r\n        ],\r\n        \"PerformanceScore\": 100,\r\n        \"LastReviewDate\": new Date(1745118701524),\r\n        \"ManagerId\": \"EMP-188\",\r\n        \"LinkedIn\": \"linkedin.com/in/james35\",\r\n        \"Experience\": 8.7,\r\n        \"EmployeeID\": 10035\r\n    },\r\n    {\r\n        \"FirstName\": \"Olivia\",\r\n        \"LastName\": \"Miller\",\r\n        \"Email\": \"olivia.miller@company.com\",\r\n        \"Phone\": \"+1-238-736-1440\",\r\n        \"Department\": \"Support\",\r\n        \"Role\": \"Analyst\",\r\n        \"Location\": \"Chicago, USA\",\r\n        \"HireDate\": new Date(1645758701524),\r\n        \"IsActive\": false,\r\n        \"ProfileImage\": \"https://company.com/images/emp10036.jpg\",\r\n        \"Skills\": [\r\n            \"Java\",\r\n            \"Leadership\",\r\n            \"SEO\"\r\n        ],\r\n        \"PerformanceScore\": 76,\r\n        \"LastReviewDate\": new Date(1733973101524),\r\n        \"ManagerId\": \"EMP-160\",\r\n        \"LinkedIn\": \"linkedin.com/in/olivia36\",\r\n        \"Experience\": 3.4,\r\n        \"EmployeeID\": 10036\r\n    },\r\n    {\r\n        \"FirstName\": \"Emily\",\r\n        \"LastName\": \"Martinez\",\r\n        \"Email\": \"emily.martinez@company.com\",\r\n        \"Phone\": \"+1-240-648-8945\",\r\n        \"Department\": \"HR\",\r\n        \"Role\": \"Accountant\",\r\n        \"Location\": \"Austin, USA\",\r\n        \"HireDate\": new Date(1529464301524),\r\n        \"IsActive\": true,\r\n        \"ProfileImage\": \"https://company.com/images/emp10037.jpg\",\r\n        \"Skills\": [\r\n            \"Leadership\",\r\n            \"React\",\r\n            \"Python\"\r\n        ],\r\n        \"PerformanceScore\": 63,\r\n        \"LastReviewDate\": new Date(1737861101524),\r\n        \"ManagerId\": \"EMP-110\",\r\n        \"LinkedIn\": \"linkedin.com/in/emily37\",\r\n        \"Experience\": 7.1,\r\n        \"EmployeeID\": 10037\r\n    },\r\n    {\r\n        \"FirstName\": \"Emily\",\r\n        \"LastName\": \"Hernandez\",\r\n        \"Email\": \"emily.hernandez@company.com\",\r\n        \"Phone\": \"+1-393-621-1817\",\r\n        \"Department\": \"HR\",\r\n        \"Role\": \"Analyst\",\r\n        \"Location\": \"Austin, USA\",\r\n        \"HireDate\": new Date(1655435501524),\r\n        \"IsActive\": true,\r\n        \"ProfileImage\": \"https://company.com/images/emp10038.jpg\",\r\n        \"Skills\": [\r\n            \"Node.js\",\r\n            \"SEO\",\r\n            \"SAP\"\r\n        ],\r\n        \"PerformanceScore\": 97,\r\n        \"LastReviewDate\": new Date(1741317101524),\r\n        \"ManagerId\": \"EMP-130\",\r\n        \"LinkedIn\": \"linkedin.com/in/emily38\",\r\n        \"Experience\": 3.1,\r\n        \"EmployeeID\": 10038\r\n    },\r\n    {\r\n        \"FirstName\": \"Emily\",\r\n        \"LastName\": \"Johnson\",\r\n        \"Email\": \"emily.johnson@company.com\",\r\n        \"Phone\": \"+1-327-717-8558\",\r\n        \"Department\": \"Support\",\r\n        \"Role\": \"Manager\",\r\n        \"Location\": \"New York, USA\",\r\n        \"HireDate\": new Date(1585192301524),\r\n        \"IsActive\": false,\r\n        \"ProfileImage\": \"https://company.com/images/emp10039.jpg\",\r\n        \"Skills\": [\r\n            \"Node.js\",\r\n            \"SEO\",\r\n            \"Java\"\r\n        ],\r\n        \"PerformanceScore\": 52,\r\n        \"LastReviewDate\": new Date(1746155501524),\r\n        \"ManagerId\": \"EMP-108\",\r\n        \"LinkedIn\": \"linkedin.com/in/emily39\",\r\n        \"Experience\": 5.3,\r\n        \"EmployeeID\": 10039\r\n    },\r\n    {\r\n        \"FirstName\": \"Daniel\",\r\n        \"LastName\": \"Jones\",\r\n        \"Email\": \"daniel.jones@company.com\",\r\n        \"Phone\": \"+1-558-212-1429\",\r\n        \"Department\": \"HR\",\r\n        \"Role\": \"Recruiter\",\r\n        \"Location\": \"Chicago, USA\",\r\n        \"HireDate\": new Date(1705288301524),\r\n        \"IsActive\": true,\r\n        \"ProfileImage\": \"https://company.com/images/emp10040.jpg\",\r\n        \"Skills\": [\r\n            \"Communication\",\r\n            \"SAP\",\r\n            \"SEO\"\r\n        ],\r\n        \"PerformanceScore\": 86,\r\n        \"LastReviewDate\": new Date(1722049901524),\r\n        \"ManagerId\": \"EMP-133\",\r\n        \"LinkedIn\": \"linkedin.com/in/daniel40\",\r\n        \"Experience\": 1.5,\r\n        \"EmployeeID\": 10040\r\n    },\r\n    {\r\n        \"FirstName\": \"Emma\",\r\n        \"LastName\": \"Brown\",\r\n        \"Email\": \"emma.brown@company.com\",\r\n        \"Phone\": \"+1-463-678-6817\",\r\n        \"Department\": \"Sales\",\r\n        \"Role\": \"Devops Engineer\",\r\n        \"Location\": \"San Francisco, USA\",\r\n        \"HireDate\": new Date(1551755501524),\r\n        \"IsActive\": false,\r\n        \"ProfileImage\": \"https://company.com/images/emp10041.jpg\",\r\n        \"Skills\": [\r\n            \"Java\",\r\n            \"Communication\",\r\n            \"React\"\r\n        ],\r\n        \"PerformanceScore\": 60,\r\n        \"LastReviewDate\": new Date(1728702701524),\r\n        \"ManagerId\": \"EMP-105\",\r\n        \"LinkedIn\": \"linkedin.com/in/emma41\",\r\n        \"Experience\": 6.4,\r\n        \"EmployeeID\": 10041\r\n    },\r\n    {\r\n        \"FirstName\": \"James\",\r\n        \"LastName\": \"Garcia\",\r\n        \"Email\": \"james.garcia@company.com\",\r\n        \"Phone\": \"+1-294-283-9047\",\r\n        \"Department\": \"Finance\",\r\n        \"Role\": \"Developer\",\r\n        \"Location\": \"San Francisco, USA\",\r\n        \"HireDate\": new Date(1517454701524),\r\n        \"IsActive\": true,\r\n        \"ProfileImage\": \"https://company.com/images/emp10042.jpg\",\r\n        \"Skills\": [\r\n            \"Leadership\",\r\n            \"Java\",\r\n            \"Communication\"\r\n        ],\r\n        \"PerformanceScore\": 92,\r\n        \"LastReviewDate\": new Date(1750561901524),\r\n        \"ManagerId\": \"EMP-179\",\r\n        \"LinkedIn\": \"linkedin.com/in/james42\",\r\n        \"Experience\": 7.5,\r\n        \"EmployeeID\": 10042\r\n    },\r\n    {\r\n        \"FirstName\": \"Michael\",\r\n        \"LastName\": \"Hernandez\",\r\n        \"Email\": \"michael.hernandez@company.com\",\r\n        \"Phone\": \"+1-960-426-9053\",\r\n        \"Department\": \"Sales\",\r\n        \"Role\": \"Analyst\",\r\n        \"Location\": \"Seattle, USA\",\r\n        \"HireDate\": new Date(1585537901524),\r\n        \"IsActive\": true,\r\n        \"ProfileImage\": \"https://company.com/images/emp10043.jpg\",\r\n        \"Skills\": [\r\n            \"Java\",\r\n            \"SAP\",\r\n            \"React\"\r\n        ],\r\n        \"PerformanceScore\": 95,\r\n        \"LastReviewDate\": new Date(1725333101524),\r\n        \"ManagerId\": \"EMP-181\",\r\n        \"LinkedIn\": \"linkedin.com/in/michael43\",\r\n        \"Experience\": 5.3,\r\n        \"EmployeeID\": 10043\r\n    },\r\n    {\r\n        \"FirstName\": \"John\",\r\n        \"LastName\": \"Martinez\",\r\n        \"Email\": \"john.martinez@company.com\",\r\n        \"Phone\": \"+1-206-115-9060\",\r\n        \"Department\": \"Finance\",\r\n        \"Role\": \"Designer\",\r\n        \"Location\": \"Chicago, USA\",\r\n        \"HireDate\": new Date(1501816301524),\r\n        \"IsActive\": true,\r\n        \"ProfileImage\": \"https://company.com/images/emp10044.jpg\",\r\n        \"Skills\": [\r\n            \"Node.js\",\r\n            \"React\",\r\n            \"Java\"\r\n        ],\r\n        \"PerformanceScore\": 62,\r\n        \"LastReviewDate\": new Date(1726197101524),\r\n        \"ManagerId\": \"EMP-110\",\r\n        \"LinkedIn\": \"linkedin.com/in/john44\",\r\n        \"Experience\": 8.0,\r\n        \"EmployeeID\": 10044\r\n    },\r\n    {\r\n        \"FirstName\": \"James\",\r\n        \"LastName\": \"Davis\",\r\n        \"Email\": \"james.davis@company.com\",\r\n        \"Phone\": \"+1-130-791-9681\",\r\n        \"Department\": \"Engineering\",\r\n        \"Role\": \"Analyst\",\r\n        \"Location\": \"Seattle, USA\",\r\n        \"HireDate\": new Date(1470625901524),\r\n        \"IsActive\": true,\r\n        \"ProfileImage\": \"https://company.com/images/emp10045.jpg\",\r\n        \"Skills\": [\r\n            \"Communication\",\r\n            \"Node.js\",\r\n            \"Java\"\r\n        ],\r\n        \"PerformanceScore\": 73,\r\n        \"LastReviewDate\": new Date(1722222701524),\r\n        \"ManagerId\": \"EMP-176\",\r\n        \"LinkedIn\": \"linkedin.com/in/james45\",\r\n        \"Experience\": 9.0,\r\n        \"EmployeeID\": 10045\r\n    },\r\n    {\r\n        \"FirstName\": \"Michael\",\r\n        \"LastName\": \"Smith\",\r\n        \"Email\": \"michael.smith@company.com\",\r\n        \"Phone\": \"+1-545-530-4256\",\r\n        \"Department\": \"Sales\",\r\n        \"Role\": \"Accountant\",\r\n        \"Location\": \"San Francisco, USA\",\r\n        \"HireDate\": new Date(1513134701524),\r\n        \"IsActive\": true,\r\n        \"ProfileImage\": \"https://company.com/images/emp10046.jpg\",\r\n        \"Skills\": [\r\n            \"Leadership\",\r\n            \"React\",\r\n            \"Communication\"\r\n        ],\r\n        \"PerformanceScore\": 88,\r\n        \"LastReviewDate\": new Date(1725073901524),\r\n        \"ManagerId\": \"EMP-167\",\r\n        \"LinkedIn\": \"linkedin.com/in/michael46\",\r\n        \"Experience\": 7.6,\r\n        \"EmployeeID\": 10046\r\n    },\r\n    {\r\n        \"FirstName\": \"David\",\r\n        \"LastName\": \"Davis\",\r\n        \"Email\": \"david.davis@company.com\",\r\n        \"Phone\": \"+1-806-351-2164\",\r\n        \"Department\": \"Sales\",\r\n        \"Role\": \"Recruiter\",\r\n        \"Location\": \"Seattle, USA\",\r\n        \"HireDate\": new Date(1645845101524),\r\n        \"IsActive\": true,\r\n        \"ProfileImage\": \"https://company.com/images/emp10047.jpg\",\r\n        \"Skills\": [\r\n            \"Java\",\r\n            \"Communication\",\r\n            \"Leadership\"\r\n        ],\r\n        \"PerformanceScore\": 99,\r\n        \"LastReviewDate\": new Date(1733195501524),\r\n        \"ManagerId\": \"EMP-180\",\r\n        \"LinkedIn\": \"linkedin.com/in/david47\",\r\n        \"Experience\": 3.4,\r\n        \"EmployeeID\": 10047\r\n    },\r\n    {\r\n        \"FirstName\": \"Sarah\",\r\n        \"LastName\": \"Miller\",\r\n        \"Email\": \"sarah.miller@company.com\",\r\n        \"Phone\": \"+1-180-102-1100\",\r\n        \"Department\": \"Engineering\",\r\n        \"Role\": \"QA Analyst\",\r\n        \"Location\": \"Austin, USA\",\r\n        \"HireDate\": new Date(1444533101524),\r\n        \"IsActive\": true,\r\n        \"ProfileImage\": \"https://company.com/images/emp10048.jpg\",\r\n        \"Skills\": [\r\n            \"Java\",\r\n            \"Python\",\r\n            \"Node.js\"\r\n        ],\r\n        \"PerformanceScore\": 87,\r\n        \"LastReviewDate\": new Date(1741576301524),\r\n        \"ManagerId\": \"EMP-195\",\r\n        \"LinkedIn\": \"linkedin.com/in/sarah48\",\r\n        \"Experience\": 9.8,\r\n        \"EmployeeID\": 10048\r\n    },\r\n    {\r\n        \"FirstName\": \"Michael\",\r\n        \"LastName\": \"Garcia\",\r\n        \"Email\": \"michael.garcia@company.com\",\r\n        \"Phone\": \"+1-107-621-8758\",\r\n        \"Department\": \"Finance\",\r\n        \"Role\": \"Accountant\",\r\n        \"Location\": \"Chicago, USA\",\r\n        \"HireDate\": new Date(1675307501524),\r\n        \"IsActive\": false,\r\n        \"ProfileImage\": \"https://company.com/images/emp10049.jpg\",\r\n        \"Skills\": [\r\n            \"Communication\",\r\n            \"React\",\r\n            \"Node.js\"\r\n        ],\r\n        \"PerformanceScore\": 97,\r\n        \"LastReviewDate\": new Date(1722654701524),\r\n        \"ManagerId\": \"EMP-168\",\r\n        \"LinkedIn\": \"linkedin.com/in/michael49\",\r\n        \"Experience\": 2.5,\r\n        \"EmployeeID\": 10049\r\n    }\r\n]",
  "dependencies": "{\"@syncfusion/react-grid\":\"*\",\"@syncfusion/react-locale\":\"*\",\"@syncfusion/react-cldr-data\":\"*\"}"
}