{
  "src/App.css": "@import \"@syncfusion/react-base/styles/material3.css\";\n@import \"@syncfusion/react-buttons/styles/material3.css\";\n@import \"@syncfusion/react-popups/styles/material3.css\";\n@import \"@syncfusion/react-splitbuttons/styles/material3.css\";\n@import \"@syncfusion/react-inputs/styles/material3.css\";\n@import \"@syncfusion/react-calendars/styles/material3.css\";\n@import \"@syncfusion/react-lists/styles/material3.css\";\n@import \"@syncfusion/react-dropdowns/styles/material3.css\";\n@import \"@syncfusion/react-navigations/styles/material3.css\";\n@import \"@syncfusion/react-notifications/styles/material3.css\";\n@import \"@syncfusion/react-pager/styles/material3.css\";\n@import \"@syncfusion/react-grid/styles/material3.css\";\n",
  "src/App.tsx": "import { Grid, Columns, Column, FilterSettings, SortSettings, PageSettings, FilterBarType, ColumnType, TextAlign } from '@syncfusion/react-grid';\r\nimport { shipmentDetails } from './warehouseDetails';\r\nimport { useState } from 'react';\r\n \r\nexport default function App() {\r\n  // Initialize filter settings with enabled state.\r\n  const [filterSettings] = useState<FilterSettings>({enabled: true});\r\n\r\n  // Initialize sort settings with enabled state.\r\n  const [sortSettings] = useState<SortSettings>({enabled: true});\r\n  \r\n  // Initialize page settings with pagination enabled, page size, and count.\r\n  const [pageSettings] = useState<PageSettings>({ enabled: true, pageSize: 8, pageCount: 4 });\r\n\r\n   return (\r\n   <div>\r\n     <Grid dataSource={shipmentDetails} filterSettings={filterSettings} sortSettings={sortSettings} pageSettings={pageSettings} width='auto'> \r\n      <Columns>\r\n        <Column field=\"ShipmentID\" headerText=\"Shipment ID\" width=\"120px\" />\r\n        <Column field=\"ItemDescription\" headerText=\"Item\" width=\"120px\" />\r\n        <Column field=\"Quantity\" headerText=\"Quantity\" filter={{filterBarType:FilterBarType.NumericTextBox}} textAlign={TextAlign.Right} width=\"100px\" />\r\n        <Column field=\"Date\" headerText=\"Shipped Date\" textAlign={TextAlign.Right} type={ColumnType.Date} filter={{filterBarType:FilterBarType.DatePicker}} format=\"yMd\" width=\"190px\" />\r\n        <Column field=\"CarrierName\" headerText=\"Carrier Name\" textAlign={TextAlign.Center} width=\"120px\"/>\r\n        <Column field=\"Status\" headerText=\"Status\" width=\"100px\" />\r\n        <Column field=\"WarehouseLocation\" headerText=\"Location\" width=\"120px\" />\r\n      </Columns>\r\n     </Grid>\r\n   </div>\r\n );\r\n}",
  "src/warehouseDetails.ts": "export interface WarehouseShipment {\r\n  ShipmentID: string;\r\n  Date: Date;\r\n  WarehouseLocation: string;\r\n  ItemDescription: string;\r\n  Quantity: number;\r\n  Status: string;\r\n  CarrierName: string;\r\n  ShipmentMethod: string;\r\n  ExpectedDeliveryDate: Date;\r\n}\r\n\r\nexport const shipmentDetails: WarehouseShipment[] = [\r\n  {\r\n    \"ShipmentID\": \"SHP-0001\",\r\n    \"Date\": new Date(1683849600000),\r\n    \"WarehouseLocation\": \"Chicago\",\r\n    \"ItemDescription\": \"Phone Case\",\r\n    \"Quantity\": 34,\r\n    \"Status\": \"In Transit\",\r\n    \"CarrierName\": \"UPS\",\r\n    \"ShipmentMethod\": \"Air\",\r\n    \"ExpectedDeliveryDate\": new Date(1684454400000)\r\n  },\r\n  {\r\n    \"ShipmentID\": \"SHP-0002\",\r\n    \"Date\": new Date(1683849600000),\r\n    \"WarehouseLocation\": \"Seattle\",\r\n    \"ItemDescription\": \"Laptop Sleeve\",\r\n    \"Quantity\": 72,\r\n    \"Status\": \"Cancelled\",\r\n    \"CarrierName\": \"USPS\",\r\n    \"ShipmentMethod\": \"Air\",\r\n    \"ExpectedDeliveryDate\": new Date(1684713600000)\r\n  },\r\n  {\r\n    \"ShipmentID\": \"SHP-0003\",\r\n    \"Date\": new Date(1684022400000),\r\n    \"WarehouseLocation\": \"Phoenix\",\r\n    \"ItemDescription\": \"Phone Case\",\r\n    \"Quantity\": 11,\r\n    \"Status\": \"Cancelled\",\r\n    \"CarrierName\": \"FedEx\",\r\n    \"ShipmentMethod\": \"Air\",\r\n    \"ExpectedDeliveryDate\": new Date(1684627200000)\r\n  },\r\n  {\r\n    \"ShipmentID\": \"SHP-0004\",\r\n    \"Date\": new Date(1686441600000),\r\n    \"WarehouseLocation\": \"Miami\",\r\n    \"ItemDescription\": \"Phone Case\",\r\n    \"Quantity\": 89,\r\n    \"Status\": \"Pending\",\r\n    \"CarrierName\": \"DHL\",\r\n    \"ShipmentMethod\": \"Air\",\r\n    \"ExpectedDeliveryDate\": new Date(1686960000000)\r\n  },\r\n  {\r\n    \"ShipmentID\": \"SHP-0005\",\r\n    \"Date\": new Date(1685664000000),\r\n    \"WarehouseLocation\": \"Miami\",\r\n    \"ItemDescription\": \"Monitor Stand\",\r\n    \"Quantity\": 38,\r\n    \"Status\": \"Delivered\",\r\n    \"CarrierName\": \"USPS\",\r\n    \"ShipmentMethod\": \"Sea\",\r\n    \"ExpectedDeliveryDate\": new Date(1686096000000)\r\n  },\r\n  {\r\n    \"ShipmentID\": \"SHP-0006\",\r\n    \"Date\": new Date(1684368000000),\r\n    \"WarehouseLocation\": \"Chicago\",\r\n    \"ItemDescription\": \"Keyboard\",\r\n    \"Quantity\": 50,\r\n    \"Status\": \"Pending\",\r\n    \"CarrierName\": \"DHL\",\r\n    \"ShipmentMethod\": \"Air\",\r\n    \"ExpectedDeliveryDate\": new Date(1684540800000)\r\n  },\r\n  {\r\n    \"ShipmentID\": \"SHP-0007\",\r\n    \"Date\": new Date(1684713600000),\r\n    \"WarehouseLocation\": \"Phoenix\",\r\n    \"ItemDescription\": \"Keyboard\",\r\n    \"Quantity\": 92,\r\n    \"Status\": \"Pending\",\r\n    \"CarrierName\": \"DHL\",\r\n    \"ShipmentMethod\": \"Air\",\r\n    \"ExpectedDeliveryDate\": new Date(1684886400000)\r\n  },\r\n  {\r\n    \"ShipmentID\": \"SHP-0008\",\r\n    \"Date\": new Date(1685923200000),\r\n    \"WarehouseLocation\": \"Seattle\",\r\n    \"ItemDescription\": \"Laptop Sleeve\",\r\n    \"Quantity\": 88,\r\n    \"Status\": \"In Transit\",\r\n    \"CarrierName\": \"USPS\",\r\n    \"ShipmentMethod\": \"Sea\",\r\n    \"ExpectedDeliveryDate\": new Date(1686700800000)\r\n  },\r\n  {\r\n    \"ShipmentID\": \"SHP-0009\",\r\n    \"Date\": new Date(1686441600000),\r\n    \"WarehouseLocation\": \"Phoenix\",\r\n    \"ItemDescription\": \"Phone Case\",\r\n    \"Quantity\": 24,\r\n    \"Status\": \"Pending\",\r\n    \"CarrierName\": \"FedEx\",\r\n    \"ShipmentMethod\": \"Ground\",\r\n    \"ExpectedDeliveryDate\": new Date(1687046400000)\r\n  },\r\n  {\r\n    \"ShipmentID\": \"SHP-0010\",\r\n    \"Date\": new Date(1686096000000),\r\n    \"WarehouseLocation\": \"Phoenix\",\r\n    \"ItemDescription\": \"Monitor Stand\",\r\n    \"Quantity\": 11,\r\n    \"Status\": \"In Transit\",\r\n    \"CarrierName\": \"DHL\",\r\n    \"ShipmentMethod\": \"Sea\",\r\n    \"ExpectedDeliveryDate\": new Date(1686960000000)\r\n  },\r\n  {\r\n    \"ShipmentID\": \"SHP-0011\",\r\n    \"Date\": new Date(1684108800000),\r\n    \"WarehouseLocation\": \"Phoenix\",\r\n    \"ItemDescription\": \"Keyboard\",\r\n    \"Quantity\": 22,\r\n    \"Status\": \"Delivered\",\r\n    \"CarrierName\": \"FedEx\",\r\n    \"ShipmentMethod\": \"Air\",\r\n    \"ExpectedDeliveryDate\": new Date(1684368000000)\r\n  },\r\n  {\r\n    \"ShipmentID\": \"SHP-0012\",\r\n    \"Date\": new Date(1686009600000),\r\n    \"WarehouseLocation\": \"Seattle\",\r\n    \"ItemDescription\": \"Laptop Sleeve\",\r\n    \"Quantity\": 37,\r\n    \"Status\": \"Cancelled\",\r\n    \"CarrierName\": \"DHL\",\r\n    \"ShipmentMethod\": \"Sea\",\r\n    \"ExpectedDeliveryDate\": new Date(1686441600000)\r\n  },\r\n  {\r\n    \"ShipmentID\": \"SHP-0013\",\r\n    \"Date\": new Date(1686355200000),\r\n    \"WarehouseLocation\": \"Miami\",\r\n    \"ItemDescription\": \"Phone Case\",\r\n    \"Quantity\": 32,\r\n    \"Status\": \"Cancelled\",\r\n    \"CarrierName\": \"DHL\",\r\n    \"ShipmentMethod\": \"Ground\",\r\n    \"ExpectedDeliveryDate\": new Date(1686700800000)\r\n  },\r\n  {\r\n    \"ShipmentID\": \"SHP-0014\",\r\n    \"Date\": new Date(1684800000000),\r\n    \"WarehouseLocation\": \"Dallas\",\r\n    \"ItemDescription\": \"Keyboard\",\r\n    \"Quantity\": 56,\r\n    \"Status\": \"Pending\",\r\n    \"CarrierName\": \"DHL\",\r\n    \"ShipmentMethod\": \"Air\",\r\n    \"ExpectedDeliveryDate\": new Date(1685577600000)\r\n  },\r\n  {\r\n    \"ShipmentID\": \"SHP-0015\",\r\n    \"Date\": new Date(1684713600000),\r\n    \"WarehouseLocation\": \"Miami\",\r\n    \"ItemDescription\": \"Monitor Stand\",\r\n    \"Quantity\": 83,\r\n    \"Status\": \"Pending\",\r\n    \"CarrierName\": \"FedEx\",\r\n    \"ShipmentMethod\": \"Sea\",\r\n    \"ExpectedDeliveryDate\": new Date(1685577600000)\r\n  },\r\n  {\r\n    \"ShipmentID\": \"SHP-0016\",\r\n    \"Date\": new Date(1685404800000),\r\n    \"WarehouseLocation\": \"Dallas\",\r\n    \"ItemDescription\": \"Phone Case\",\r\n    \"Quantity\": 77,\r\n    \"Status\": \"Delivered\",\r\n    \"CarrierName\": \"DHL\",\r\n    \"ShipmentMethod\": \"Sea\",\r\n    \"ExpectedDeliveryDate\": new Date(1685664000000)\r\n  },\r\n  {\r\n    \"ShipmentID\": \"SHP-0017\",\r\n    \"Date\": new Date(1685145600000),\r\n    \"WarehouseLocation\": \"Phoenix\",\r\n    \"ItemDescription\": \"Laptop Sleeve\",\r\n    \"Quantity\": 61,\r\n    \"Status\": \"Cancelled\",\r\n    \"CarrierName\": \"USPS\",\r\n    \"ShipmentMethod\": \"Ground\",\r\n    \"ExpectedDeliveryDate\": new Date(1685577600000)\r\n  },\r\n  {\r\n    \"ShipmentID\": \"SHP-0018\",\r\n    \"Date\": new Date(1684368000000),\r\n    \"WarehouseLocation\": \"Phoenix\",\r\n    \"ItemDescription\": \"Monitor Stand\",\r\n    \"Quantity\": 39,\r\n    \"Status\": \"In Transit\",\r\n    \"CarrierName\": \"DHL\",\r\n    \"ShipmentMethod\": \"Sea\",\r\n    \"ExpectedDeliveryDate\": new Date(1684540800000)\r\n  },\r\n  {\r\n    \"ShipmentID\": \"SHP-0019\",\r\n    \"Date\": new Date(1684627200000),\r\n    \"WarehouseLocation\": \"Miami\",\r\n    \"ItemDescription\": \"Monitor Stand\",\r\n    \"Quantity\": 31,\r\n    \"Status\": \"Cancelled\",\r\n    \"CarrierName\": \"DHL\",\r\n    \"ShipmentMethod\": \"Sea\",\r\n    \"ExpectedDeliveryDate\": new Date(1685059200000)\r\n  },\r\n  {\r\n    \"ShipmentID\": \"SHP-0020\",\r\n    \"Date\": new Date(1684022400000),\r\n    \"WarehouseLocation\": \"Seattle\",\r\n    \"ItemDescription\": \"Phone Case\",\r\n    \"Quantity\": 11,\r\n    \"Status\": \"Cancelled\",\r\n    \"CarrierName\": \"DHL\",\r\n    \"ShipmentMethod\": \"Air\",\r\n    \"ExpectedDeliveryDate\": new Date(1684540800000)\r\n  },\r\n  {\r\n    \"ShipmentID\": \"SHP-0021\",\r\n    \"Date\": new Date(1684454400000),\r\n    \"WarehouseLocation\": \"Chicago\",\r\n    \"ItemDescription\": \"Phone Case\",\r\n    \"Quantity\": 24,\r\n    \"Status\": \"Delivered\",\r\n    \"CarrierName\": \"UPS\",\r\n    \"ShipmentMethod\": \"Sea\",\r\n    \"ExpectedDeliveryDate\": new Date(1684713600000)\r\n  },\r\n  {\r\n    \"ShipmentID\": \"SHP-0022\",\r\n    \"Date\": new Date(1685577600000),\r\n    \"WarehouseLocation\": \"Seattle\",\r\n    \"ItemDescription\": \"Laptop Sleeve\",\r\n    \"Quantity\": 94,\r\n    \"Status\": \"In Transit\",\r\n    \"CarrierName\": \"UPS\",\r\n    \"ShipmentMethod\": \"Air\",\r\n    \"ExpectedDeliveryDate\": new Date(1685750400000)\r\n  },\r\n  {\r\n    \"ShipmentID\": \"SHP-0023\",\r\n    \"Date\": new Date(1683936000000),\r\n    \"WarehouseLocation\": \"Dallas\",\r\n    \"ItemDescription\": \"Keyboard\",\r\n    \"Quantity\": 50,\r\n    \"Status\": \"Pending\",\r\n    \"CarrierName\": \"DHL\",\r\n    \"ShipmentMethod\": \"Ground\",\r\n    \"ExpectedDeliveryDate\": new Date(1684627200000)\r\n  },\r\n  {\r\n    \"ShipmentID\": \"SHP-0024\",\r\n    \"Date\": new Date(1685059200000),\r\n    \"WarehouseLocation\": \"Chicago\",\r\n    \"ItemDescription\": \"Monitor Stand\",\r\n    \"Quantity\": 53,\r\n    \"Status\": \"Delivered\",\r\n    \"CarrierName\": \"FedEx\",\r\n    \"ShipmentMethod\": \"Ground\",\r\n    \"ExpectedDeliveryDate\": new Date(1685836800000)\r\n  },\r\n  {\r\n    \"ShipmentID\": \"SHP-0025\",\r\n    \"Date\": new Date(1684368000000),\r\n    \"WarehouseLocation\": \"Miami\",\r\n    \"ItemDescription\": \"Phone Case\",\r\n    \"Quantity\": 48,\r\n    \"Status\": \"Cancelled\",\r\n    \"CarrierName\": \"USPS\",\r\n    \"ShipmentMethod\": \"Sea\",\r\n    \"ExpectedDeliveryDate\": new Date(1684886400000)\r\n  },\r\n  {\r\n    \"ShipmentID\": \"SHP-0026\",\r\n    \"Date\": new Date(1686441600000),\r\n    \"WarehouseLocation\": \"Seattle\",\r\n    \"ItemDescription\": \"Wireless Mouse\",\r\n    \"Quantity\": 43,\r\n    \"Status\": \"Pending\",\r\n    \"CarrierName\": \"USPS\",\r\n    \"ShipmentMethod\": \"Ground\",\r\n    \"ExpectedDeliveryDate\": new Date(1686960000000)\r\n  },\r\n  {\r\n    \"ShipmentID\": \"SHP-0027\",\r\n    \"Date\": new Date(1683849600000),\r\n    \"WarehouseLocation\": \"Dallas\",\r\n    \"ItemDescription\": \"Laptop Sleeve\",\r\n    \"Quantity\": 23,\r\n    \"Status\": \"Pending\",\r\n    \"CarrierName\": \"USPS\",\r\n    \"ShipmentMethod\": \"Ground\",\r\n    \"ExpectedDeliveryDate\": new Date(1684022400000)\r\n  },\r\n  {\r\n    \"ShipmentID\": \"SHP-0028\",\r\n    \"Date\": new Date(1685491200000),\r\n    \"WarehouseLocation\": \"Miami\",\r\n    \"ItemDescription\": \"Monitor Stand\",\r\n    \"Quantity\": 49,\r\n    \"Status\": \"Delivered\",\r\n    \"CarrierName\": \"USPS\",\r\n    \"ShipmentMethod\": \"Sea\",\r\n    \"ExpectedDeliveryDate\": new Date(1686355200000)\r\n  },\r\n  {\r\n    \"ShipmentID\": \"SHP-0029\",\r\n    \"Date\": new Date(1685923200000),\r\n    \"WarehouseLocation\": \"Chicago\",\r\n    \"ItemDescription\": \"Monitor Stand\",\r\n    \"Quantity\": 54,\r\n    \"Status\": \"Cancelled\",\r\n    \"CarrierName\": \"USPS\",\r\n    \"ShipmentMethod\": \"Sea\",\r\n    \"ExpectedDeliveryDate\": new Date(1686268800000)\r\n  },\r\n  {\r\n    \"ShipmentID\": \"SHP-0030\",\r\n    \"Date\": new Date(1684713600000),\r\n    \"WarehouseLocation\": \"Dallas\",\r\n    \"ItemDescription\": \"Keyboard\",\r\n    \"Quantity\": 64,\r\n    \"Status\": \"In Transit\",\r\n    \"CarrierName\": \"USPS\",\r\n    \"ShipmentMethod\": \"Air\",\r\n    \"ExpectedDeliveryDate\": new Date(1684972800000)\r\n  },\r\n  {\r\n    \"ShipmentID\": \"SHP-0031\",\r\n    \"Date\": new Date(1686182400000),\r\n    \"WarehouseLocation\": \"Chicago\",\r\n    \"ItemDescription\": \"Laptop Sleeve\",\r\n    \"Quantity\": 38,\r\n    \"Status\": \"In Transit\",\r\n    \"CarrierName\": \"USPS\",\r\n    \"ShipmentMethod\": \"Air\",\r\n    \"ExpectedDeliveryDate\": new Date(1686528000000)\r\n  },\r\n  {\r\n    \"ShipmentID\": \"SHP-0032\",\r\n    \"Date\": new Date(1684540800000),\r\n    \"WarehouseLocation\": \"Dallas\",\r\n    \"ItemDescription\": \"Monitor Stand\",\r\n    \"Quantity\": 86,\r\n    \"Status\": \"Cancelled\",\r\n    \"CarrierName\": \"FedEx\",\r\n    \"ShipmentMethod\": \"Air\",\r\n    \"ExpectedDeliveryDate\": new Date(1684713600000)\r\n  },\r\n  {\r\n    \"ShipmentID\": \"SHP-0033\",\r\n    \"Date\": new Date(1685577600000),\r\n    \"WarehouseLocation\": \"Dallas\",\r\n    \"ItemDescription\": \"Phone Case\",\r\n    \"Quantity\": 63,\r\n    \"Status\": \"Delivered\",\r\n    \"CarrierName\": \"FedEx\",\r\n    \"ShipmentMethod\": \"Ground\",\r\n    \"ExpectedDeliveryDate\": new Date(1685836800000)\r\n  },\r\n  {\r\n    \"ShipmentID\": \"SHP-0034\",\r\n    \"Date\": new Date(1685923200000),\r\n    \"WarehouseLocation\": \"Chicago\",\r\n    \"ItemDescription\": \"Laptop Sleeve\",\r\n    \"Quantity\": 81,\r\n    \"Status\": \"In Transit\",\r\n    \"CarrierName\": \"DHL\",\r\n    \"ShipmentMethod\": \"Sea\",\r\n    \"ExpectedDeliveryDate\": new Date(1686614400000)\r\n  },\r\n  {\r\n    \"ShipmentID\": \"SHP-0035\",\r\n    \"Date\": new Date(1685664000000),\r\n    \"WarehouseLocation\": \"Dallas\",\r\n    \"ItemDescription\": \"Phone Case\",\r\n    \"Quantity\": 69,\r\n    \"Status\": \"In Transit\",\r\n    \"CarrierName\": \"USPS\",\r\n    \"ShipmentMethod\": \"Air\",\r\n    \"ExpectedDeliveryDate\": new Date(1686009600000)\r\n  },\r\n  {\r\n    \"ShipmentID\": \"SHP-0036\",\r\n    \"Date\": new Date(1684195200000),\r\n    \"WarehouseLocation\": \"Dallas\",\r\n    \"ItemDescription\": \"Keyboard\",\r\n    \"Quantity\": 81,\r\n    \"Status\": \"Pending\",\r\n    \"CarrierName\": \"DHL\",\r\n    \"ShipmentMethod\": \"Sea\",\r\n    \"ExpectedDeliveryDate\": new Date(1684713600000)\r\n  },\r\n  {\r\n    \"ShipmentID\": \"SHP-0037\",\r\n    \"Date\": new Date(1684108800000),\r\n    \"WarehouseLocation\": \"Seattle\",\r\n    \"ItemDescription\": \"Monitor Stand\",\r\n    \"Quantity\": 23,\r\n    \"Status\": \"Pending\",\r\n    \"CarrierName\": \"DHL\",\r\n    \"ShipmentMethod\": \"Ground\",\r\n    \"ExpectedDeliveryDate\": new Date(1684627200000)\r\n  },\r\n  {\r\n    \"ShipmentID\": \"SHP-0038\",\r\n    \"Date\": new Date(1685145600000),\r\n    \"WarehouseLocation\": \"Dallas\",\r\n    \"ItemDescription\": \"Keyboard\",\r\n    \"Quantity\": 58,\r\n    \"Status\": \"Cancelled\",\r\n    \"CarrierName\": \"DHL\",\r\n    \"ShipmentMethod\": \"Ground\",\r\n    \"ExpectedDeliveryDate\": new Date(1685750400000)\r\n  },\r\n  {\r\n    \"ShipmentID\": \"SHP-0039\",\r\n    \"Date\": new Date(1685491200000),\r\n    \"WarehouseLocation\": \"Dallas\",\r\n    \"ItemDescription\": \"Wireless Mouse\",\r\n    \"Quantity\": 11,\r\n    \"Status\": \"Pending\",\r\n    \"CarrierName\": \"UPS\",\r\n    \"ShipmentMethod\": \"Sea\",\r\n    \"ExpectedDeliveryDate\": new Date(1685923200000)\r\n  },\r\n  {\r\n    \"ShipmentID\": \"SHP-0040\",\r\n    \"Date\": new Date(1684627200000),\r\n    \"WarehouseLocation\": \"Dallas\",\r\n    \"ItemDescription\": \"Phone Case\",\r\n    \"Quantity\": 11,\r\n    \"Status\": \"Cancelled\",\r\n    \"CarrierName\": \"USPS\",\r\n    \"ShipmentMethod\": \"Ground\",\r\n    \"ExpectedDeliveryDate\": new Date(1685232000000)\r\n  },\r\n  {\r\n    \"ShipmentID\": \"SHP-0041\",\r\n    \"Date\": new Date(1684281600000),\r\n    \"WarehouseLocation\": \"Phoenix\",\r\n    \"ItemDescription\": \"Keyboard\",\r\n    \"Quantity\": 52,\r\n    \"Status\": \"Pending\",\r\n    \"CarrierName\": \"UPS\",\r\n    \"ShipmentMethod\": \"Ground\",\r\n    \"ExpectedDeliveryDate\": new Date(1684972800000)\r\n  },\r\n  {\r\n    \"ShipmentID\": \"SHP-0042\",\r\n    \"Date\": new Date(1685750400000),\r\n    \"WarehouseLocation\": \"Seattle\",\r\n    \"ItemDescription\": \"Keyboard\",\r\n    \"Quantity\": 97,\r\n    \"Status\": \"In Transit\",\r\n    \"CarrierName\": \"DHL\",\r\n    \"ShipmentMethod\": \"Ground\",\r\n    \"ExpectedDeliveryDate\": new Date(1686614400000)\r\n  },\r\n  {\r\n    \"ShipmentID\": \"SHP-0043\",\r\n    \"Date\": new Date(1684800000000),\r\n    \"WarehouseLocation\": \"Seattle\",\r\n    \"ItemDescription\": \"Wireless Mouse\",\r\n    \"Quantity\": 27,\r\n    \"Status\": \"Cancelled\",\r\n    \"CarrierName\": \"UPS\",\r\n    \"ShipmentMethod\": \"Air\",\r\n    \"ExpectedDeliveryDate\": new Date(1685059200000)\r\n  },\r\n  {\r\n    \"ShipmentID\": \"SHP-0044\",\r\n    \"Date\": new Date(1685491200000),\r\n    \"WarehouseLocation\": \"Seattle\",\r\n    \"ItemDescription\": \"Keyboard\",\r\n    \"Quantity\": 41,\r\n    \"Status\": \"In Transit\",\r\n    \"CarrierName\": \"FedEx\",\r\n    \"ShipmentMethod\": \"Ground\",\r\n    \"ExpectedDeliveryDate\": new Date(1685664000000)\r\n  },\r\n  {\r\n    \"ShipmentID\": \"SHP-0045\",\r\n    \"Date\": new Date(1683849600000),\r\n    \"WarehouseLocation\": \"Seattle\",\r\n    \"ItemDescription\": \"Monitor Stand\",\r\n    \"Quantity\": 51,\r\n    \"Status\": \"Delivered\",\r\n    \"CarrierName\": \"FedEx\",\r\n    \"ShipmentMethod\": \"Ground\",\r\n    \"ExpectedDeliveryDate\": new Date(1684627200000)\r\n  },\r\n  {\r\n    \"ShipmentID\": \"SHP-0046\",\r\n    \"Date\": new Date(1684540800000),\r\n    \"WarehouseLocation\": \"Seattle\",\r\n    \"ItemDescription\": \"Wireless Mouse\",\r\n    \"Quantity\": 20,\r\n    \"Status\": \"Pending\",\r\n    \"CarrierName\": \"DHL\",\r\n    \"ShipmentMethod\": \"Air\",\r\n    \"ExpectedDeliveryDate\": new Date(1685145600000)\r\n  },\r\n  {\r\n    \"ShipmentID\": \"SHP-0047\",\r\n    \"Date\": new Date(1684972800000),\r\n    \"WarehouseLocation\": \"Seattle\",\r\n    \"ItemDescription\": \"Phone Case\",\r\n    \"Quantity\": 35,\r\n    \"Status\": \"Pending\",\r\n    \"CarrierName\": \"FedEx\",\r\n    \"ShipmentMethod\": \"Air\",\r\n    \"ExpectedDeliveryDate\": new Date(1685232000000)\r\n  },\r\n  {\r\n    \"ShipmentID\": \"SHP-0048\",\r\n    \"Date\": new Date(1683849600000),\r\n    \"WarehouseLocation\": \"Seattle\",\r\n    \"ItemDescription\": \"Laptop Sleeve\",\r\n    \"Quantity\": 32,\r\n    \"Status\": \"Cancelled\",\r\n    \"CarrierName\": \"DHL\",\r\n    \"ShipmentMethod\": \"Air\",\r\n    \"ExpectedDeliveryDate\": new Date(1684454400000)\r\n  },\r\n  {\r\n    \"ShipmentID\": \"SHP-0049\",\r\n    \"Date\": new Date(1685059200000),\r\n    \"WarehouseLocation\": \"Chicago\",\r\n    \"ItemDescription\": \"Wireless Mouse\",\r\n    \"Quantity\": 28,\r\n    \"Status\": \"Delivered\",\r\n    \"CarrierName\": \"UPS\",\r\n    \"ShipmentMethod\": \"Sea\",\r\n    \"ExpectedDeliveryDate\": new Date(1685750400000)\r\n  },\r\n  {\r\n    \"ShipmentID\": \"SHP-0050\",\r\n    \"Date\": new Date(1685059200000),\r\n    \"WarehouseLocation\": \"Phoenix\",\r\n    \"ItemDescription\": \"Keyboard\",\r\n    \"Quantity\": 100,\r\n    \"Status\": \"Delivered\",\r\n    \"CarrierName\": \"DHL\",\r\n    \"ShipmentMethod\": \"Ground\",\r\n    \"ExpectedDeliveryDate\": new Date(1685664000000)\r\n  },\r\n  {\r\n    \"ShipmentID\": \"SHP-0051\",\r\n    \"Date\": new Date(1686096000000),\r\n    \"WarehouseLocation\": \"Seattle\",\r\n    \"ItemDescription\": \"Phone Case\",\r\n    \"Quantity\": 34,\r\n    \"Status\": \"In Transit\",\r\n    \"CarrierName\": \"UPS\",\r\n    \"ShipmentMethod\": \"Air\",\r\n    \"ExpectedDeliveryDate\": new Date(1686528000000)\r\n  },\r\n  {\r\n    \"ShipmentID\": \"SHP-0052\",\r\n    \"Date\": new Date(1685232000000),\r\n    \"WarehouseLocation\": \"Chicago\",\r\n    \"ItemDescription\": \"Keyboard\",\r\n    \"Quantity\": 11,\r\n    \"Status\": \"Pending\",\r\n    \"CarrierName\": \"UPS\",\r\n    \"ShipmentMethod\": \"Ground\",\r\n    \"ExpectedDeliveryDate\": new Date(1685664000000)\r\n  },\r\n  {\r\n    \"ShipmentID\": \"SHP-0053\",\r\n    \"Date\": new Date(1686009600000),\r\n    \"WarehouseLocation\": \"Chicago\",\r\n    \"ItemDescription\": \"Keyboard\",\r\n    \"Quantity\": 25,\r\n    \"Status\": \"Pending\",\r\n    \"CarrierName\": \"FedEx\",\r\n    \"ShipmentMethod\": \"Sea\",\r\n    \"ExpectedDeliveryDate\": new Date(1686614400000)\r\n  },\r\n  {\r\n    \"ShipmentID\": \"SHP-0054\",\r\n    \"Date\": new Date(1684281600000),\r\n    \"WarehouseLocation\": \"Miami\",\r\n    \"ItemDescription\": \"Wireless Mouse\",\r\n    \"Quantity\": 85,\r\n    \"Status\": \"In Transit\",\r\n    \"CarrierName\": \"DHL\",\r\n    \"ShipmentMethod\": \"Ground\",\r\n    \"ExpectedDeliveryDate\": new Date(1684454400000)\r\n  },\r\n  {\r\n    \"ShipmentID\": \"SHP-0055\",\r\n    \"Date\": new Date(1683849600000),\r\n    \"WarehouseLocation\": \"Dallas\",\r\n    \"ItemDescription\": \"Phone Case\",\r\n    \"Quantity\": 55,\r\n    \"Status\": \"In Transit\",\r\n    \"CarrierName\": \"UPS\",\r\n    \"ShipmentMethod\": \"Air\",\r\n    \"ExpectedDeliveryDate\": new Date(1684627200000)\r\n  },\r\n  {\r\n    \"ShipmentID\": \"SHP-0056\",\r\n    \"Date\": new Date(1685491200000),\r\n    \"WarehouseLocation\": \"Dallas\",\r\n    \"ItemDescription\": \"Laptop Sleeve\",\r\n    \"Quantity\": 60,\r\n    \"Status\": \"In Transit\",\r\n    \"CarrierName\": \"USPS\",\r\n    \"ShipmentMethod\": \"Air\",\r\n    \"ExpectedDeliveryDate\": new Date(1686268800000)\r\n  },\r\n  {\r\n    \"ShipmentID\": \"SHP-0057\",\r\n    \"Date\": new Date(1685923200000),\r\n    \"WarehouseLocation\": \"Seattle\",\r\n    \"ItemDescription\": \"Wireless Mouse\",\r\n    \"Quantity\": 15,\r\n    \"Status\": \"Delivered\",\r\n    \"CarrierName\": \"UPS\",\r\n    \"ShipmentMethod\": \"Ground\",\r\n    \"ExpectedDeliveryDate\": new Date(1686528000000)\r\n  },\r\n  {\r\n    \"ShipmentID\": \"SHP-0058\",\r\n    \"Date\": new Date(1686096000000),\r\n    \"WarehouseLocation\": \"Phoenix\",\r\n    \"ItemDescription\": \"Phone Case\",\r\n    \"Quantity\": 78,\r\n    \"Status\": \"Delivered\",\r\n    \"CarrierName\": \"FedEx\",\r\n    \"ShipmentMethod\": \"Sea\",\r\n    \"ExpectedDeliveryDate\": new Date(1686614400000)\r\n  },\r\n  {\r\n    \"ShipmentID\": \"SHP-0059\",\r\n    \"Date\": new Date(1686009600000),\r\n    \"WarehouseLocation\": \"Dallas\",\r\n    \"ItemDescription\": \"Laptop Sleeve\",\r\n    \"Quantity\": 44,\r\n    \"Status\": \"Delivered\",\r\n    \"CarrierName\": \"DHL\",\r\n    \"ShipmentMethod\": \"Air\",\r\n    \"ExpectedDeliveryDate\": new Date(1686355200000)\r\n  },\r\n  {\r\n    \"ShipmentID\": \"SHP-0060\",\r\n    \"Date\": new Date(1684627200000),\r\n    \"WarehouseLocation\": \"Phoenix\",\r\n    \"ItemDescription\": \"Laptop Sleeve\",\r\n    \"Quantity\": 39,\r\n    \"Status\": \"Pending\",\r\n    \"CarrierName\": \"FedEx\",\r\n    \"ShipmentMethod\": \"Sea\",\r\n    \"ExpectedDeliveryDate\": new Date(1684886400000)\r\n  }\r\n]",
  "dependencies": "{\"@syncfusion/react-grid\":\"*\",\"@syncfusion/react-locale\":\"*\",\"@syncfusion/react-cldr-data\":\"*\"}"
}