{
  "src/App.css": "@import \"@syncfusion/react-base/styles/material3.css\";\n@import \"@syncfusion/react-buttons/styles/material3.css\";\n@import \"@syncfusion/react-popups/styles/material3.css\";\n@import \"@syncfusion/react-splitbuttons/styles/material3.css\";\n@import \"@syncfusion/react-inputs/styles/material3.css\";\n@import \"@syncfusion/react-calendars/styles/material3.css\";\n@import \"@syncfusion/react-lists/styles/material3.css\";\n@import \"@syncfusion/react-dropdowns/styles/material3.css\";\n@import \"@syncfusion/react-navigations/styles/material3.css\";\n@import \"@syncfusion/react-notifications/styles/material3.css\";\n@import \"@syncfusion/react-pager/styles/material3.css\";\n@import \"@syncfusion/react-grid/styles/material3.css\";\n",
  "src/App.tsx": "import { Grid, Columns, Column, FilterSettings, SortSettings, PageSettings, FilterBarType, TextAlign } from '@syncfusion/react-grid';\r\nimport { customerOrders } from './ordersData';\r\nimport { useState } from 'react';\r\n\r\nexport default function App() {\r\n    // Initialize filter settings with enabled state.\r\n    const [filterSettings] = useState<FilterSettings>({enabled: true});\r\n    // Initialize sort settings with enabled state.\r\n    const [sortSettings] = useState<SortSettings>({enabled: true});\r\n    // Initialize page settings with pagination enabled, page size, and count.\r\n    const [pageSettings] = useState<PageSettings>({ enabled: true, pageSize: 8, pageCount: 4 });\r\n\r\n    return (\r\n        <div>\r\n             <Grid dataSource={customerOrders} filterSettings={filterSettings} sortSettings={sortSettings} pageSettings={pageSettings}>\r\n                <Columns>\r\n                    <Column field=\"OrderID\" headerText=\"Order ID\" width=\"100\" filter={{filterBarType:FilterBarType.NumericTextBox}} textAlign={TextAlign.Right}/>\r\n                    <Column field=\"Customer.Details.Name\" headerText=\"Customer Name\" width=\"110\" />\r\n                    <Column field=\"ProductCategory\" headerText=\"Product\" width=\"80\" />\r\n                    <Column field=\"Customer.Details.Address.City\" headerText=\"Ship City\" width=\"90\" />\r\n                    <Column field=\"Customer.Details.Address.Country\" headerText=\"Ship Country\" width=\"100\" />\r\n                    <Column field=\"OrderAmount\" headerText=\"Order Amount\" width=\"110\" format=\"C2\" filter={{filterBarType:FilterBarType.NumericTextBox}} textAlign={TextAlign.Right}/>\r\n                    <Column field=\"OrderStatus\" headerText=\"Order Status\" width=\"100\" />\r\n                </Columns>\r\n            </Grid>\r\n        </div>\r\n    );\r\n}",
  "src/ordersData.ts": "export const customerOrders: object[] = [\r\n  {\r\n    \"OrderID\": 10001,\r\n    \"Customer\": {\r\n      \"Details\": {\r\n        \"Name\": \"Andrew Garcia\",\r\n        \"Address\": {\r\n          \"City\": \"Stockholm\",\r\n          \"Country\": \"Sweden\"\r\n        }\r\n      }\r\n    },\r\n    \"OrderDate\": new Date(2024, 4, 12),\r\n    \"OrderAmount\": 325.50,\r\n    \"OrderStatus\": \"Delivered\",\r\n    \"ProductCategory\": \"Electronics\"\r\n  },\r\n  {\r\n    \"OrderID\": 10002,\r\n    \"Customer\": {\r\n      \"Details\": {\r\n        \"Name\": \"Emily Garcia\",\r\n        \"Address\": {\r\n          \"City\": \"Sydney\",\r\n          \"Country\": \"Australia\"\r\n        }\r\n      }\r\n    },\r\n    \"OrderDate\": new Date(2024, 7, 19),\r\n    \"OrderAmount\": 150.75,\r\n    \"OrderStatus\": \"Shipped\",\r\n    \"ProductCategory\": \"Clothing\"\r\n  },\r\n  {\r\n    \"OrderID\": 10003,\r\n    \"Customer\": {\r\n      \"Details\": {\r\n        \"Name\": \"Emily Wilson\",\r\n        \"Address\": {\r\n          \"City\": \"Toronto\",\r\n          \"Country\": \"Canada\"\r\n        }\r\n      }\r\n    },\r\n    \"OrderDate\": new Date(2025, 0, 10),\r\n    \"OrderAmount\": 420.30,\r\n    \"OrderStatus\": \"Pending\",\r\n    \"ProductCategory\": \"Books\"\r\n  },\r\n  {\r\n    \"OrderID\": 10004,\r\n    \"Customer\": {\r\n      \"Details\": {\r\n        \"Name\": \"Robert Tanaka\",\r\n        \"Address\": {\r\n          \"City\": \"New York\",\r\n          \"Country\": \"USA\"\r\n        }\r\n      }\r\n    },\r\n    \"OrderDate\": new Date(2024, 2, 25),\r\n    \"OrderAmount\": 780.90,\r\n    \"OrderStatus\": \"Delivered\",\r\n    \"ProductCategory\": \"Home\"\r\n  },\r\n  {\r\n    \"OrderID\": 10005,\r\n    \"Customer\": {\r\n      \"Details\": {\r\n        \"Name\": \"Maria Kelly\",\r\n        \"Address\": {\r\n          \"City\": \"Singapore\",\r\n          \"Country\": \"Singapore\"\r\n        }\r\n      }\r\n    },\r\n    \"OrderDate\": new Date(2024, 10, 30),\r\n    \"OrderAmount\": 210.20,\r\n    \"OrderStatus\": \"Cancelled\",\r\n    \"ProductCategory\": \"Toys\"\r\n  },\r\n  {\r\n    \"OrderID\": 10006,\r\n    \"Customer\": {\r\n      \"Details\": {\r\n        \"Name\": \"Andrew Garcia\",\r\n        \"Address\": {\r\n          \"City\": \"Stockholm\",\r\n          \"Country\": \"Sweden\"\r\n        }\r\n      }\r\n    },\r\n    \"OrderDate\": new Date(2024, 6, 15),\r\n    \"OrderAmount\": 560.40,\r\n    \"OrderStatus\": \"Shipped\",\r\n    \"ProductCategory\": \"Electronics\"\r\n  },\r\n  {\r\n    \"OrderID\": 10007,\r\n    \"Customer\": {\r\n      \"Details\": {\r\n        \"Name\": \"Andrew Young\",\r\n        \"Address\": {\r\n          \"City\": \"Sydney\",\r\n          \"Country\": \"Australia\"\r\n        }\r\n      }\r\n    },\r\n    \"OrderDate\": new Date(2024, 8, 22),\r\n    \"OrderAmount\": 95.60,\r\n    \"OrderStatus\": \"Delivered\",\r\n    \"ProductCategory\": \"Clothing\"\r\n  },\r\n  {\r\n    \"OrderID\": 10008,\r\n    \"Customer\": {\r\n      \"Details\": {\r\n        \"Name\": \"Emily Brown\",\r\n        \"Address\": {\r\n          \"City\": \"New York\",\r\n          \"Country\": \"USA\"\r\n        }\r\n      }\r\n    },\r\n    \"OrderDate\": new Date(2025, 2, 5),\r\n    \"OrderAmount\": 670.10,\r\n    \"OrderStatus\": \"Pending\",\r\n    \"ProductCategory\": \"Books\"\r\n  },\r\n  {\r\n    \"OrderID\": 10009,\r\n    \"Customer\": {\r\n      \"Details\": {\r\n        \"Name\": \"Robert Garcia\",\r\n        \"Address\": {\r\n          \"City\": \"Stockholm\",\r\n          \"Country\": \"Sweden\"\r\n        }\r\n      }\r\n    },\r\n    \"OrderDate\": new Date(2024, 1, 18),\r\n    \"OrderAmount\": 430.25,\r\n    \"OrderStatus\": \"Delivered\",\r\n    \"ProductCategory\": \"Home\"\r\n  },\r\n  {\r\n    \"OrderID\": 10010,\r\n    \"Customer\": {\r\n      \"Details\": {\r\n        \"Name\": \"Emily Perez\",\r\n        \"Address\": {\r\n          \"City\": \"Stockholm\",\r\n          \"Country\": \"Sweden\"\r\n        }\r\n      }\r\n    },\r\n    \"OrderDate\": new Date(2024, 11, 7),\r\n    \"OrderAmount\": 180.90,\r\n    \"OrderStatus\": \"Shipped\",\r\n    \"ProductCategory\": \"Toys\"\r\n  },\r\n  {\r\n    \"OrderID\": 10011,\r\n    \"Customer\": {\r\n      \"Details\": {\r\n        \"Name\": \"David Wilson\",\r\n        \"Address\": {\r\n          \"City\": \"Paris\",\r\n          \"Country\": \"France\"\r\n        }\r\n      }\r\n    },\r\n    \"OrderDate\": new Date(2024, 5, 30),\r\n    \"OrderAmount\": 520.45,\r\n    \"OrderStatus\": \"Delivered\",\r\n    \"ProductCategory\": \"Electronics\"\r\n  },\r\n  {\r\n    \"OrderID\": 10012,\r\n    \"Customer\": {\r\n      \"Details\": {\r\n        \"Name\": \"Emily Garcia\",\r\n        \"Address\": {\r\n          \"City\": \"Paris\",\r\n          \"Country\": \"France\"\r\n        }\r\n      }\r\n    },\r\n    \"OrderDate\": new Date(2025, 1, 14),\r\n    \"OrderAmount\": 310.70,\r\n    \"OrderStatus\": \"Pending\",\r\n    \"ProductCategory\": \"Clothing\"\r\n  },\r\n  {\r\n    \"OrderID\": 10013,\r\n    \"Customer\": {\r\n      \"Details\": {\r\n        \"Name\": \"James Tanaka\",\r\n        \"Address\": {\r\n          \"City\": \"Cape Town\",\r\n          \"Country\": \"South Africa\"\r\n        }\r\n      }\r\n    },\r\n    \"OrderDate\": new Date(2024, 3, 9),\r\n    \"OrderAmount\": 890.15,\r\n    \"OrderStatus\": \"Shipped\",\r\n    \"ProductCategory\": \"Books\"\r\n  },\r\n  {\r\n    \"OrderID\": 10014,\r\n    \"Customer\": {\r\n      \"Details\": {\r\n        \"Name\": \"Emily Young\",\r\n        \"Address\": {\r\n          \"City\": \"Stockholm\",\r\n          \"Country\": \"Sweden\"\r\n        }\r\n      }\r\n    },\r\n    \"OrderDate\": new Date(2024, 9, 25),\r\n    \"OrderAmount\": 245.30,\r\n    \"OrderStatus\": \"Delivered\",\r\n    \"ProductCategory\": \"Home\"\r\n  },\r\n  {\r\n    \"OrderID\": 10015,\r\n    \"Customer\": {\r\n      \"Details\": {\r\n        \"Name\": \"Linda Tanaka\",\r\n        \"Address\": {\r\n          \"City\": \"Berlin\",\r\n          \"Country\": \"Germany\"\r\n        }\r\n      }\r\n    },\r\n    \"OrderDate\": new Date(2025, 0, 28),\r\n    \"OrderAmount\": 615.80,\r\n    \"OrderStatus\": \"Cancelled\",\r\n    \"ProductCategory\": \"Toys\"\r\n  },\r\n  {\r\n    \"OrderID\": 10016,\r\n    \"Customer\": {\r\n      \"Details\": {\r\n        \"Name\": \"Emily Kelly\",\r\n        \"Address\": {\r\n          \"City\": \"Rome\",\r\n          \"Country\": \"Italy\"\r\n        }\r\n      }\r\n    },\r\n    \"OrderDate\": new Date(2024, 7, 3),\r\n    \"OrderAmount\": 370.50,\r\n    \"OrderStatus\": \"Delivered\",\r\n    \"ProductCategory\": \"Electronics\"\r\n  },\r\n  {\r\n    \"OrderID\": 10017,\r\n    \"Customer\": {\r\n      \"Details\": {\r\n        \"Name\": \"Akira Evans\",\r\n        \"Address\": {\r\n          \"City\": \"Paris\",\r\n          \"Country\": \"France\"\r\n        }\r\n      }\r\n    },\r\n    \"OrderDate\": new Date(2024, 10, 12),\r\n    \"OrderAmount\": 125.40,\r\n    \"OrderStatus\": \"Shipped\",\r\n    \"ProductCategory\": \"Clothing\"\r\n  },\r\n  {\r\n    \"OrderID\": 10018,\r\n    \"Customer\": {\r\n      \"Details\": {\r\n        \"Name\": \"Andrew Campbell\",\r\n        \"Address\": {\r\n          \"City\": \"Toronto\",\r\n          \"Country\": \"Canada\"\r\n        }\r\n      }\r\n    },\r\n    \"OrderDate\": new Date(2024, 2, 15),\r\n    \"OrderAmount\": 450.20,\r\n    \"OrderStatus\": \"Pending\",\r\n    \"ProductCategory\": \"Books\"\r\n  },\r\n  {\r\n    \"OrderID\": 10019,\r\n    \"Customer\": {\r\n      \"Details\": {\r\n        \"Name\": \"Anna Smith\",\r\n        \"Address\": {\r\n          \"City\": \"New York\",\r\n          \"Country\": \"USA\"\r\n        }\r\n      }\r\n    },\r\n    \"OrderDate\": new Date(2025, 3, 10),\r\n    \"OrderAmount\": 720.60,\r\n    \"OrderStatus\": \"Delivered\",\r\n    \"ProductCategory\": \"Home\"\r\n  },\r\n  {\r\n    \"OrderID\": 10020,\r\n    \"Customer\": {\r\n      \"Details\": {\r\n        \"Name\": \"Anna Campbell\",\r\n        \"Address\": {\r\n          \"City\": \"Singapore\",\r\n          \"Country\": \"Singapore\"\r\n        }\r\n      }\r\n    },\r\n    \"OrderDate\": new Date(2024, 8, 8),\r\n    \"OrderAmount\": 195.25,\r\n    \"OrderStatus\": \"Cancelled\",\r\n    \"ProductCategory\": \"Toys\"\r\n  },\r\n  {\r\n    \"OrderID\": 10021,\r\n    \"Customer\": {\r\n      \"Details\": {\r\n        \"Name\": \"Robert Perez\",\r\n        \"Address\": {\r\n          \"City\": \"Stockholm\",\r\n          \"Country\": \"Sweden\"\r\n        }\r\n      }\r\n    },\r\n    \"OrderDate\": new Date(2024, 5, 20),\r\n    \"OrderAmount\": 580.90,\r\n    \"OrderStatus\": \"Shipped\",\r\n    \"ProductCategory\": \"Electronics\"\r\n  },\r\n  {\r\n    \"OrderID\": 10022,\r\n    \"Customer\": {\r\n      \"Details\": {\r\n        \"Name\": \"Emily Campbell\",\r\n        \"Address\": {\r\n          \"City\": \"New York\",\r\n          \"Country\": \"USA\"\r\n        }\r\n      }\r\n    },\r\n    \"OrderDate\": new Date(2024, 11, 15),\r\n    \"OrderAmount\": 265.70,\r\n    \"OrderStatus\": \"Delivered\",\r\n    \"ProductCategory\": \"Clothing\"\r\n  },\r\n  {\r\n    \"OrderID\": 10023,\r\n    \"Customer\": {\r\n      \"Details\": {\r\n        \"Name\": \"James Smith\",\r\n        \"Address\": {\r\n          \"City\": \"Singapore\",\r\n          \"Country\": \"Singapore\"\r\n        }\r\n      }\r\n    },\r\n    \"OrderDate\": new Date(2025, 1, 1),\r\n    \"OrderAmount\": 410.30,\r\n    \"OrderStatus\": \"Pending\",\r\n    \"ProductCategory\": \"Books\"\r\n  },\r\n  {\r\n    \"OrderID\": 10024,\r\n    \"Customer\": {\r\n      \"Details\": {\r\n        \"Name\": \"Maria Perez\",\r\n        \"Address\": {\r\n          \"City\": \"Toronto\",\r\n          \"Country\": \"Canada\"\r\n        }\r\n      }\r\n    },\r\n    \"OrderDate\": new Date(2024, 3, 22),\r\n    \"OrderAmount\": 850.10,\r\n    \"OrderStatus\": \"Delivered\",\r\n    \"ProductCategory\": \"Home\"\r\n  },\r\n  {\r\n    \"OrderID\": 10025,\r\n    \"Customer\": {\r\n      \"Details\": {\r\n        \"Name\": \"Andrew Campbell\",\r\n        \"Address\": {\r\n          \"City\": \"Sydney\",\r\n          \"Country\": \"Australia\"\r\n        }\r\n      }\r\n    },\r\n    \"OrderDate\": new Date(2024, 9, 10),\r\n    \"OrderAmount\": 175.80,\r\n    \"OrderStatus\": \"Shipped\",\r\n    \"ProductCategory\": \"Toys\"\r\n  },\r\n  {\r\n    \"OrderID\": 10026,\r\n    \"Customer\": {\r\n      \"Details\": {\r\n        \"Name\": \"Emily Evans\",\r\n        \"Address\": {\r\n          \"City\": \"Sydney\",\r\n          \"Country\": \"Australia\"\r\n        }\r\n      }\r\n    },\r\n    \"OrderDate\": new Date(2025, 2, 20),\r\n    \"OrderAmount\": 630.45,\r\n    \"OrderStatus\": \"Delivered\",\r\n    \"ProductCategory\": \"Electronics\"\r\n  },\r\n  {\r\n    \"OrderID\": 10027,\r\n    \"Customer\": {\r\n      \"Details\": {\r\n        \"Name\": \"Emily Wilson\",\r\n        \"Address\": {\r\n          \"City\": \"Paris\",\r\n          \"Country\": \"France\"\r\n        }\r\n      }\r\n    },\r\n    \"OrderDate\": new Date(2024, 6, 28),\r\n    \"OrderAmount\": 320.60,\r\n    \"OrderStatus\": \"Pending\",\r\n    \"ProductCategory\": \"Clothing\"\r\n  },\r\n  {\r\n    \"OrderID\": 10028,\r\n    \"Customer\": {\r\n      \"Details\": {\r\n        \"Name\": \"Andrew Garcia\",\r\n        \"Address\": {\r\n          \"City\": \"Paris\",\r\n          \"Country\": \"France\"\r\n        }\r\n      }\r\n    },\r\n    \"OrderDate\": new Date(2024, 10, 5),\r\n    \"OrderAmount\": 490.25,\r\n    \"OrderStatus\": \"Shipped\",\r\n    \"ProductCategory\": \"Books\"\r\n  },\r\n  {\r\n    \"OrderID\": 10029,\r\n    \"Customer\": {\r\n      \"Details\": {\r\n        \"Name\": \"Andrew Evans\",\r\n        \"Address\": {\r\n          \"City\": \"New York\",\r\n          \"Country\": \"USA\"\r\n        }\r\n      }\r\n    },\r\n    \"OrderDate\": new Date(2024, 4, 1),\r\n    \"OrderAmount\": 710.90,\r\n    \"OrderStatus\": \"Delivered\",\r\n    \"ProductCategory\": \"Home\"\r\n  },\r\n  {\r\n    \"OrderID\": 10030,\r\n    \"Customer\": {\r\n      \"Details\": {\r\n        \"Name\": \"James Tanaka\",\r\n        \"Address\": {\r\n          \"City\": \"Rome\",\r\n          \"Country\": \"Italy\"\r\n        }\r\n      }\r\n    },\r\n    \"OrderDate\": new Date(2024, 8, 15),\r\n    \"OrderAmount\": 155.30,\r\n    \"OrderStatus\": \"Cancelled\",\r\n    \"ProductCategory\": \"Toys\"\r\n  },\r\n  {\r\n    \"OrderID\": 10031,\r\n    \"Customer\": {\r\n      \"Details\": {\r\n        \"Name\": \"James Evans\",\r\n        \"Address\": {\r\n          \"City\": \"Paris\",\r\n          \"Country\": \"France\"\r\n        }\r\n      }\r\n    },\r\n    \"OrderDate\": new Date(2025, 0, 15),\r\n    \"OrderAmount\": 545.70,\r\n    \"OrderStatus\": \"Delivered\",\r\n    \"ProductCategory\": \"Electronics\"\r\n  },\r\n  {\r\n    \"OrderID\": 10032,\r\n    \"Customer\": {\r\n      \"Details\": {\r\n        \"Name\": \"Maria Wilson\",\r\n        \"Address\": {\r\n          \"City\": \"Stockholm\",\r\n          \"Country\": \"Sweden\"\r\n        }\r\n      }\r\n    },\r\n    \"OrderDate\": new Date(2024, 5, 10),\r\n    \"OrderAmount\": 290.40,\r\n    \"OrderStatus\": \"Shipped\",\r\n    \"ProductCategory\": \"Clothing\"\r\n  },\r\n  {\r\n    \"OrderID\": 10033,\r\n    \"Customer\": {\r\n      \"Details\": {\r\n        \"Name\": \"Andrew Tanaka\",\r\n        \"Address\": {\r\n          \"City\": \"Toronto\",\r\n          \"Country\": \"Canada\"\r\n        }\r\n      }\r\n    },\r\n    \"OrderDate\": new Date(2024, 11, 20),\r\n    \"OrderAmount\": 675.80,\r\n    \"OrderStatus\": \"Pending\",\r\n    \"ProductCategory\": \"Books\"\r\n  },\r\n  {\r\n    \"OrderID\": 10034,\r\n    \"Customer\": {\r\n      \"Details\": {\r\n        \"Name\": \"James Perez\",\r\n        \"Address\": {\r\n          \"City\": \"Rome\",\r\n          \"Country\": \"Italy\"\r\n        }\r\n      }\r\n    },\r\n    \"OrderDate\": new Date(2024, 2, 30),\r\n    \"OrderAmount\": 430.15,\r\n    \"OrderStatus\": \"Delivered\",\r\n    \"ProductCategory\": \"Home\"\r\n  },\r\n  {\r\n    \"OrderID\": 10035,\r\n    \"Customer\": {\r\n      \"Details\": {\r\n        \"Name\": \"Joseph Young\",\r\n        \"Address\": {\r\n          \"City\": \"Cape Town\",\r\n          \"Country\": \"South Africa\"\r\n        }\r\n      }\r\n    },\r\n    \"OrderDate\": new Date(2025, 1, 25),\r\n    \"OrderAmount\": 220.90,\r\n    \"OrderStatus\": \"Cancelled\",\r\n    \"ProductCategory\": \"Toys\"\r\n  },\r\n  {\r\n    \"OrderID\": 10036,\r\n    \"Customer\": {\r\n      \"Details\": {\r\n        \"Name\": \"Robert Campbell\",\r\n        \"Address\": {\r\n          \"City\": \"Stockholm\",\r\n          \"Country\": \"Sweden\"\r\n        }\r\n      }\r\n    },\r\n    \"OrderDate\": new Date(2024, 7, 20),\r\n    \"OrderAmount\": 590.60,\r\n    \"OrderStatus\": \"Shipped\",\r\n    \"ProductCategory\": \"Electronics\"\r\n  },\r\n  {\r\n    \"OrderID\": 10037,\r\n    \"Customer\": {\r\n      \"Details\": {\r\n        \"Name\": \"David Smith\",\r\n        \"Address\": {\r\n          \"City\": \"Sydney\",\r\n          \"Country\": \"Australia\"\r\n        }\r\n      }\r\n    },\r\n    \"OrderDate\": new Date(2024, 10, 25),\r\n    \"OrderAmount\": 145.30,\r\n    \"OrderStatus\": \"Delivered\",\r\n    \"ProductCategory\": \"Clothing\"\r\n  },\r\n  {\r\n    \"OrderID\": 10038,\r\n    \"Customer\": {\r\n      \"Details\": {\r\n        \"Name\": \"Akira Kelly\",\r\n        \"Address\": {\r\n          \"City\": \"Stockholm\",\r\n          \"Country\": \"Sweden\"\r\n        }\r\n      }\r\n    },\r\n    \"OrderDate\": new Date(2024, 3, 5),\r\n    \"OrderAmount\": 680.45,\r\n    \"OrderStatus\": \"Pending\",\r\n    \"ProductCategory\": \"Books\"\r\n  },\r\n  {\r\n    \"OrderID\": 10039,\r\n    \"Customer\": {\r\n      \"Details\": {\r\n        \"Name\": \"Andrew Tanaka\",\r\n        \"Address\": {\r\n          \"City\": \"Singapore\",\r\n          \"Country\": \"Singapore\"\r\n        }\r\n      }\r\n    },\r\n    \"OrderDate\": new Date(2025, 0, 5),\r\n    \"OrderAmount\": 310.20,\r\n    \"OrderStatus\": \"Delivered\",\r\n    \"ProductCategory\": \"Home\"\r\n  },\r\n  {\r\n    \"OrderID\": 10040,\r\n    \"Customer\": {\r\n      \"Details\": {\r\n        \"Name\": \"Maria Brown\",\r\n        \"Address\": {\r\n          \"City\": \"Sydney\",\r\n          \"Country\": \"Australia\"\r\n        }\r\n      }\r\n    },\r\n    \"OrderDate\": new Date(2024, 6, 10),\r\n    \"OrderAmount\": 195.75,\r\n    \"OrderStatus\": \"Shipped\",\r\n    \"ProductCategory\": \"Toys\"\r\n  },\r\n  {\r\n    \"OrderID\": 10041,\r\n    \"Customer\": {\r\n      \"Details\": {\r\n        \"Name\": \"Joseph Campbell\",\r\n        \"Address\": {\r\n          \"City\": \"Stockholm\",\r\n          \"Country\": \"Sweden\"\r\n        }\r\n      }\r\n    },\r\n    \"OrderDate\": new Date(2024, 9, 15),\r\n    \"OrderAmount\": 550.90,\r\n    \"OrderStatus\": \"Delivered\",\r\n    \"ProductCategory\": \"Electronics\"\r\n  },\r\n  {\r\n    \"OrderID\": 10042,\r\n    \"Customer\": {\r\n      \"Details\": {\r\n        \"Name\": \"Maria Perez\",\r\n        \"Address\": {\r\n          \"City\": \"New York\",\r\n          \"Country\": \"USA\"\r\n        }\r\n      }\r\n    },\r\n    \"OrderDate\": new Date(2025, 2, 15),\r\n    \"OrderAmount\": 270.40,\r\n    \"OrderStatus\": \"Pending\",\r\n    \"ProductCategory\": \"Clothing\"\r\n  },\r\n  {\r\n    \"OrderID\": 10043,\r\n    \"Customer\": {\r\n      \"Details\": {\r\n        \"Name\": \"Akira Kelly\",\r\n        \"Address\": {\r\n          \"City\": \"Rome\",\r\n          \"Country\": \"Italy\"\r\n        }\r\n      }\r\n    },\r\n    \"OrderDate\": new Date(2024, 5, 25),\r\n    \"OrderAmount\": 720.30,\r\n    \"OrderStatus\": \"Shipped\",\r\n    \"ProductCategory\": \"Books\"\r\n  },\r\n  {\r\n    \"OrderID\": 10044,\r\n    \"Customer\": {\r\n      \"Details\": {\r\n        \"Name\": \"James Evans\",\r\n        \"Address\": {\r\n          \"City\": \"Singapore\",\r\n          \"Country\": \"Singapore\"\r\n        }\r\n      }\r\n    },\r\n    \"OrderDate\": new Date(2024, 11, 1),\r\n    \"OrderAmount\": 415.80,\r\n    \"OrderStatus\": \"Delivered\",\r\n    \"ProductCategory\": \"Home\"\r\n  },\r\n  {\r\n    \"OrderID\": 10045,\r\n    \"Customer\": {\r\n      \"Details\": {\r\n        \"Name\": \"David Kelly\",\r\n        \"Address\": {\r\n          \"City\": \"Stockholm\",\r\n          \"Country\": \"Sweden\"\r\n        }\r\n      }\r\n    },\r\n    \"OrderDate\": new Date(2024, 8, 20),\r\n    \"OrderAmount\": 185.60,\r\n    \"OrderStatus\": \"Cancelled\",\r\n    \"ProductCategory\": \"Toys\"\r\n  },\r\n  {\r\n    \"OrderID\": 10046,\r\n    \"Customer\": {\r\n      \"Details\": {\r\n        \"Name\": \"Anna Garcia\",\r\n        \"Address\": {\r\n          \"City\": \"Sydney\",\r\n          \"Country\": \"Australia\"\r\n        }\r\n      }\r\n    },\r\n    \"OrderDate\": new Date(2025, 1, 10),\r\n    \"OrderAmount\": 610.25,\r\n    \"OrderStatus\": \"Delivered\",\r\n    \"ProductCategory\": \"Electronics\"\r\n  },\r\n  {\r\n    \"OrderID\": 10047,\r\n    \"Customer\": {\r\n      \"Details\": {\r\n        \"Name\": \"Robert Wilson\",\r\n        \"Address\": {\r\n          \"City\": \"Berlin\",\r\n          \"Country\": \"Germany\"\r\n        }\r\n      }\r\n    },\r\n    \"OrderDate\": new Date(2024, 4, 20),\r\n    \"OrderAmount\": 330.90,\r\n    \"OrderStatus\": \"Shipped\",\r\n    \"ProductCategory\": \"Clothing\"\r\n  },\r\n  {\r\n    \"OrderID\": 10048,\r\n    \"Customer\": {\r\n      \"Details\": {\r\n        \"Name\": \"James Brown\",\r\n        \"Address\": {\r\n          \"City\": \"Tokyo\",\r\n          \"Country\": \"Japan\"\r\n        }\r\n      }\r\n    },\r\n    \"OrderDate\": new Date(2024, 10, 10),\r\n    \"OrderAmount\": 695.40,\r\n    \"OrderStatus\": \"Pending\",\r\n    \"ProductCategory\": \"Books\"\r\n  },\r\n  {\r\n    \"OrderID\": 10049,\r\n    \"Customer\": {\r\n      \"Details\": {\r\n        \"Name\": \"Robert Tanaka\",\r\n        \"Address\": {\r\n          \"City\": \"Cape Town\",\r\n          \"Country\": \"South Africa\"\r\n        }\r\n      }\r\n    },\r\n    \"OrderDate\": new Date(2024, 2, 10),\r\n    \"OrderAmount\": 455.20,\r\n    \"OrderStatus\": \"Delivered\",\r\n    \"ProductCategory\": \"Home\"\r\n  },\r\n  {\r\n    \"OrderID\": 10050,\r\n    \"Customer\": {\r\n      \"Details\": {\r\n        \"Name\": \"David Tanaka\",\r\n        \"Address\": {\r\n          \"City\": \"New York\",\r\n          \"Country\": \"USA\"\r\n        }\r\n      }\r\n    },\r\n    \"OrderDate\": new Date(2025, 0, 20),\r\n    \"OrderAmount\": 205.70,\r\n    \"OrderStatus\": \"Shipped\",\r\n    \"ProductCategory\": \"Toys\"\r\n  },\r\n  {\r\n    \"OrderID\": 10051,\r\n    \"Customer\": {\r\n      \"Details\": {\r\n        \"Name\": \"David Campbell\",\r\n        \"Address\": {\r\n          \"City\": \"Rome\",\r\n          \"Country\": \"Italy\"\r\n        }\r\n      }\r\n    },\r\n    \"OrderDate\": new Date(2024, 7, 15),\r\n    \"OrderAmount\": 570.30,\r\n    \"OrderStatus\": \"Delivered\",\r\n    \"ProductCategory\": \"Electronics\"\r\n  },\r\n  {\r\n    \"OrderID\": 10052,\r\n    \"Customer\": {\r\n      \"Details\": {\r\n        \"Name\": \"Linda Garcia\",\r\n        \"Address\": {\r\n          \"City\": \"Toronto\",\r\n          \"Country\": \"Canada\"\r\n        }\r\n      }\r\n    },\r\n    \"OrderDate\": new Date(2024, 11, 25),\r\n    \"OrderAmount\": 295.40,\r\n    \"OrderStatus\": \"Pending\",\r\n    \"ProductCategory\": \"Clothing\"\r\n  },\r\n  {\r\n    \"OrderID\": 10053,\r\n    \"Customer\": {\r\n      \"Details\": {\r\n        \"Name\": \"James Perez\",\r\n        \"Address\": {\r\n          \"City\": \"New York\",\r\n          \"Country\": \"USA\"\r\n        }\r\n      }\r\n    },\r\n    \"OrderDate\": new Date(2024, 5, 5),\r\n    \"OrderAmount\": 650.80,\r\n    \"OrderStatus\": \"Shipped\",\r\n    \"ProductCategory\": \"Books\"\r\n  },\r\n  {\r\n    \"OrderID\": 10054,\r\n    \"Customer\": {\r\n      \"Details\": {\r\n        \"Name\": \"Robert Evans\",\r\n        \"Address\": {\r\n          \"City\": \"Toronto\",\r\n          \"Country\": \"Canada\"\r\n        }\r\n      }\r\n    },\r\n    \"OrderDate\": new Date(2025, 2, 1),\r\n    \"OrderAmount\": 420.15,\r\n    \"OrderStatus\": \"Delivered\",\r\n    \"ProductCategory\": \"Home\"\r\n  },\r\n  {\r\n    \"OrderID\": 10055,\r\n    \"Customer\": {\r\n      \"Details\": {\r\n        \"Name\": \"Robert Perez\",\r\n        \"Address\": {\r\n          \"City\": \"Toronto\",\r\n          \"Country\": \"Canada\"\r\n        }\r\n      }\r\n    },\r\n    \"OrderDate\": new Date(2024, 8, 5),\r\n    \"OrderAmount\": 175.90,\r\n    \"OrderStatus\": \"Cancelled\",\r\n    \"ProductCategory\": \"Toys\"\r\n  },\r\n  {\r\n    \"OrderID\": 10056,\r\n    \"Customer\": {\r\n      \"Details\": {\r\n        \"Name\": \"Emily Evans\",\r\n        \"Address\": {\r\n          \"City\": \"Cape Town\",\r\n          \"Country\": \"South Africa\"\r\n        }\r\n      }\r\n    },\r\n    \"OrderDate\": new Date(2024, 10, 20),\r\n    \"OrderAmount\": 590.60,\r\n    \"OrderStatus\": \"Delivered\",\r\n    \"ProductCategory\": \"Electronics\"\r\n  },\r\n  {\r\n    \"OrderID\": 10057,\r\n    \"Customer\": {\r\n      \"Details\": {\r\n        \"Name\": \"Linda Brown\",\r\n        \"Address\": {\r\n          \"City\": \"Singapore\",\r\n          \"Country\": \"Singapore\"\r\n        }\r\n      }\r\n    },\r\n    \"OrderDate\": new Date(2024, 3, 15),\r\n    \"OrderAmount\": 310.25,\r\n    \"OrderStatus\": \"Shipped\",\r\n    \"ProductCategory\": \"Clothing\"\r\n  },\r\n  {\r\n    \"OrderID\": 10058,\r\n    \"Customer\": {\r\n      \"Details\": {\r\n        \"Name\": \"Andrew Wilson\",\r\n        \"Address\": {\r\n          \"City\": \"Toronto\",\r\n          \"Country\": \"Canada\"\r\n        }\r\n      }\r\n    },\r\n    \"OrderDate\": new Date(2025, 1, 5),\r\n    \"OrderAmount\": 675.40,\r\n    \"OrderStatus\": \"Pending\",\r\n    \"ProductCategory\": \"Books\"\r\n  },\r\n  {\r\n    \"OrderID\": 10059,\r\n    \"Customer\": {\r\n      \"Details\": {\r\n        \"Name\": \"Linda Wilson\",\r\n        \"Address\": {\r\n          \"City\": \"Stockholm\",\r\n          \"Country\": \"Sweden\"\r\n        }\r\n      }\r\n    },\r\n    \"OrderDate\": new Date(2024, 6, 25),\r\n    \"OrderAmount\": 430.80,\r\n    \"OrderStatus\": \"Delivered\",\r\n    \"ProductCategory\": \"Home\"\r\n  },\r\n  {\r\n    \"OrderID\": 10060,\r\n    \"Customer\": {\r\n      \"Details\": {\r\n        \"Name\": \"Maria Garcia\",\r\n        \"Address\": {\r\n          \"City\": \"Berlin\",\r\n          \"Country\": \"Germany\"\r\n        }\r\n      }\r\n    },\r\n    \"OrderDate\": new Date(2024, 9, 20),\r\n    \"OrderAmount\": 195.30,\r\n    \"OrderStatus\": \"Shipped\",\r\n    \"ProductCategory\": \"Toys\"\r\n  },\r\n  {\r\n    \"OrderID\": 10061,\r\n    \"Customer\": {\r\n      \"Details\": {\r\n        \"Name\": \"Akira Evans\",\r\n        \"Address\": {\r\n          \"City\": \"Tokyo\",\r\n          \"Country\": \"Japan\"\r\n        }\r\n      }\r\n    },\r\n    \"OrderDate\": new Date(2025, 0, 10),\r\n    \"OrderAmount\": 550.90,\r\n    \"OrderStatus\": \"Delivered\",\r\n    \"ProductCategory\": \"Electronics\"\r\n  },\r\n  {\r\n    \"OrderID\": 10062,\r\n    \"Customer\": {\r\n      \"Details\": {\r\n        \"Name\": \"Joseph Young\",\r\n        \"Address\": {\r\n          \"City\": \"Rome\",\r\n          \"Country\": \"Italy\"\r\n        }\r\n      }\r\n    },\r\n    \"OrderDate\": new Date(2024, 5, 15),\r\n    \"OrderAmount\": 270.60,\r\n    \"OrderStatus\": \"Pending\",\r\n    \"ProductCategory\": \"Clothing\"\r\n  },\r\n  {\r\n    \"OrderID\": 10063,\r\n    \"Customer\": {\r\n      \"Details\": {\r\n        \"Name\": \"James Garcia\",\r\n        \"Address\": {\r\n          \"City\": \"Berlin\",\r\n          \"Country\": \"Germany\"\r\n        }\r\n      }\r\n    },\r\n    \"OrderDate\": new Date(2024, 11, 10),\r\n    \"OrderAmount\": 720.45,\r\n    \"OrderStatus\": \"Shipped\",\r\n    \"ProductCategory\": \"Books\"\r\n  },\r\n  {\r\n    \"OrderID\": 10064,\r\n    \"Customer\": {\r\n      \"Details\": {\r\n        \"Name\": \"James Young\",\r\n        \"Address\": {\r\n          \"City\": \"Singapore\",\r\n          \"Country\": \"Singapore\"\r\n        }\r\n      }\r\n    },\r\n    \"OrderDate\": new Date(2025, 2, 10),\r\n    \"OrderAmount\": 415.20,\r\n    \"OrderStatus\": \"Delivered\",\r\n    \"ProductCategory\": \"Home\"\r\n  },\r\n  {\r\n    \"OrderID\": 10065,\r\n    \"Customer\": {\r\n      \"Details\": {\r\n        \"Name\": \"David Brown\",\r\n        \"Address\": {\r\n          \"City\": \"Tokyo\",\r\n          \"Country\": \"Japan\"\r\n        }\r\n      }\r\n    },\r\n    \"OrderDate\": new Date(2024, 7, 10),\r\n    \"OrderAmount\": 185.75,\r\n    \"OrderStatus\": \"Cancelled\",\r\n    \"ProductCategory\": \"Toys\"\r\n  },\r\n  {\r\n    \"OrderID\": 10066,\r\n    \"Customer\": {\r\n      \"Details\": {\r\n        \"Name\": \"Joseph Garcia\",\r\n        \"Address\": {\r\n          \"City\": \"Berlin\",\r\n          \"Country\": \"Germany\"\r\n        }\r\n      }\r\n    },\r\n    \"OrderDate\": new Date(2024, 10, 15),\r\n    \"OrderAmount\": 610.30,\r\n    \"OrderStatus\": \"Delivered\",\r\n    \"ProductCategory\": \"Electronics\"\r\n  },\r\n  {\r\n    \"OrderID\": 10067,\r\n    \"Customer\": {\r\n      \"Details\": {\r\n        \"Name\": \"Linda Smith\",\r\n        \"Address\": {\r\n          \"City\": \"Paris\",\r\n          \"Country\": \"France\"\r\n        }\r\n      }\r\n    },\r\n    \"OrderDate\": new Date(2024, 4, 25),\r\n    \"OrderAmount\": 330.90,\r\n    \"OrderStatus\": \"Shipped\",\r\n    \"ProductCategory\": \"Clothing\"\r\n  },\r\n  {\r\n    \"OrderID\": 10068,\r\n    \"Customer\": {\r\n      \"Details\": {\r\n        \"Name\": \"Maria Young\",\r\n        \"Address\": {\r\n          \"City\": \"Rome\",\r\n          \"Country\": \"Italy\"\r\n        }\r\n      }\r\n    },\r\n    \"OrderDate\": new Date(2025, 1, 15),\r\n    \"OrderAmount\": 695.60,\r\n    \"OrderStatus\": \"Pending\",\r\n    \"ProductCategory\": \"Books\"\r\n  },\r\n  {\r\n    \"OrderID\": 10069,\r\n    \"Customer\": {\r\n      \"Details\": {\r\n        \"Name\": \"Joseph Kelly\",\r\n        \"Address\": {\r\n          \"City\": \"Sydney\",\r\n          \"Country\": \"Australia\"\r\n        }\r\n      }\r\n    },\r\n    \"OrderDate\": new Date(2024, 6, 20),\r\n    \"OrderAmount\": 455.40,\r\n    \"OrderStatus\": \"Delivered\",\r\n    \"ProductCategory\": \"Home\"\r\n  },\r\n  {\r\n    \"OrderID\": 10070,\r\n    \"Customer\": {\r\n      \"Details\": {\r\n        \"Name\": \"Emily Perez\",\r\n        \"Address\": {\r\n          \"City\": \"Sydney\",\r\n          \"Country\": \"Australia\"\r\n        }\r\n      }\r\n    },\r\n    \"OrderDate\": new Date(2024, 9, 5),\r\n    \"OrderAmount\": 205.80,\r\n    \"OrderStatus\": \"Shipped\",\r\n    \"ProductCategory\": \"Toys\"\r\n  }\r\n];",
  "dependencies": "{\"@syncfusion/react-grid\":\"*\",\"@syncfusion/react-locale\":\"*\",\"@syncfusion/react-cldr-data\":\"*\"}"
}