{
  "src/App.css": "@import \"@syncfusion/react-base/styles/material3.css\";\n@import \"@syncfusion/react-buttons/styles/material3.css\";\n@import \"@syncfusion/react-popups/styles/material3.css\";\n@import \"@syncfusion/react-splitbuttons/styles/material3.css\";\n@import \"@syncfusion/react-inputs/styles/material3.css\";\n@import \"@syncfusion/react-calendars/styles/material3.css\";\n@import \"@syncfusion/react-lists/styles/material3.css\";\n@import \"@syncfusion/react-dropdowns/styles/material3.css\";\n@import \"@syncfusion/react-navigations/styles/material3.css\";\n@import \"@syncfusion/react-notifications/styles/material3.css\";\n@import \"@syncfusion/react-pager/styles/material3.css\";\n@import \"@syncfusion/react-grid/styles/material3.css\";\n",
  "src/App.tsx": "import { Grid, Column, Columns, EditTemplateProps, SortSettings, PageSettings, EditSettings, TextAlign, ClipMode, EditType, ColumnType } from '@syncfusion/react-grid';\r\nimport { useMemo, useCallback, useState } from 'react';\r\nimport { complexData, Employees } from './employeeData';\r\nimport { TextBox, TextBoxChangeEvent } from '@syncfusion/react-inputs';\r\n\r\nexport default function App() {\r\n  // State to manage sort, page, edit and toolbar settings.    \r\n  const [sortSettings] = useState<SortSettings>({enabled: true});\r\n  const [pageSettings] = useState<PageSettings>({ enabled: true, pageSize: 8, pageCount: 4 });\r\n  const [editSettings] = useState<EditSettings>({ allowEdit: true, allowAdd: true, allowDelete: true });\r\n  const [toolbarSettings] = useState<string[]>(['Add', 'Edit', 'Delete', 'Update', 'Cancel']);\r\n  const employeeIDRules = { required: true, number: true };\r\n  const stringValidationRules = { required: true };\r\n\r\n  // Edit template for First Name field.\r\n  const firstNameTemplate = useCallback((props: EditTemplateProps) => {\r\n  const data = props.data as Employees;\r\n  return (\r\n    <TextBox\r\n      name='Name__FirstName'\r\n      defaultValue={data.Name?.FirstName}\r\n      onChange={(args: TextBoxChangeEvent) => {\r\n        props.onChange(args?.value as string);\r\n      }}\r\n    />\r\n  );\r\n}, []);\r\n\r\n  // Edit template for Last Name field.\r\n  const lastNameTemplate = useCallback((props: EditTemplateProps) => {\r\n    const data = props.data as Employees;\r\n    return (\r\n      <TextBox      \r\n        name='Name__LastName'\r\n        defaultValue={data.Name?.LastName}\r\n        onChange={(args: TextBoxChangeEvent) => {\r\n          props.onChange(args?.value as string);\r\n        }}\r\n      />\r\n    );\r\n  }, []);\r\n\r\n\r\n  return useMemo(() => (\r\n    // Memoized Grid component with custom edit templates for nested name fields.\r\n    <div>\r\n      <Grid id=\"grid\" dataSource={complexData} editSettings={editSettings} toolbar={toolbarSettings} sortSettings={sortSettings} pageSettings={pageSettings}>\r\n        <Columns>\r\n          <Column field='EmployeeID' headerText='Employee ID' width='110' textAlign={TextAlign.Right} isPrimaryKey={true} validationRules={employeeIDRules} />\r\n          <Column field='Name.FirstName' headerText='First Name' width='100' editTemplate={firstNameTemplate} />\r\n          <Column field='Name.LastName' headerText='Last Name' width='100' editTemplate={lastNameTemplate} />\r\n          <Column field='Title' headerText='Designation' edit={{type: EditType.DropDownList}} validationRules={stringValidationRules} width='170' clipMode={ClipMode.EllipsisWithTooltip} />\r\n          <Column field='HireDate' headerText='Hire Date' width=\"120\" edit={{ type: EditType.DatePicker }} type={ColumnType.Date} format=\"yMd\" textAlign={TextAlign.Right} />\r\n          <Column field='City' headerText='City' validationRules={stringValidationRules} width='90'  />\r\n        </Columns>\r\n      </Grid>\r\n    </div>\r\n  ), []);\r\n}\r\n",
  "src/employeeData.ts": "export interface Employees {\r\n  EmployeeID: number;\r\n  Name: {\r\n    FirstName: string;\r\n    LastName: string;\r\n  };\r\n  City: string;\r\n}\r\n\r\nexport const complexData: object[] = [\r\n    {\r\n        \"EmployeeID\": 1,\r\n        \"Name\": {\r\n            \"LastName\": \"Thompson\",\r\n            \"FirstName\": \"Emma\"\r\n        },\r\n        \"Title\": \"Sales Executive\",\r\n        \"TitleOfCourtesy\": \"Mr.\",\r\n        \"BirthDate\": new Date(1985, 2, 15),\r\n        \"HireDate\": new Date(2020, 5, 20),\r\n        \"Address\": \"1234 Pine St.\\r\\nApt. 5B\",\r\n        \"City\": \"London\",\r\n        \"Region\": \"WA\",\r\n        \"PostalCode\": \"98122\",\r\n        \"Country\": \"Canada\",\r\n        \"HomePhone\": \"(206) 555-9857\",\r\n        \"Extension\": \"5467\",\r\n        \"Photo\": {\r\n            \"Length\": 21626\r\n        },\r\n        \"Notes\": \"Education includes a BA in psychology from Colorado State University in 2007. Emma also completed 'The Art of the Cold Call.' She is a member of Toastmasters International.\",\r\n        \"ReportsTo\": 6,\r\n        \"PhotoPath\": \"http://accweb/emmployees/thompson.bmp\"\r\n    },\r\n    {\r\n        \"EmployeeID\": 2,\r\n        \"Name\": {\r\n            \"LastName\": \"Rodriguez\",\r\n            \"FirstName\": \"Liam\"\r\n        },\r\n        \"Title\": \"Customer Relations Officer\",\r\n        \"TitleOfCourtesy\": \"Ms.\",\r\n        \"BirthDate\": new Date(1975, 8, 10),\r\n        \"HireDate\": new Date(2020, 10, 15),\r\n        \"Address\": \"456 Oak Ave.\",\r\n        \"City\": \"Kirkland\",\r\n        \"Region\": \"WA\",\r\n        \"PostalCode\": \"98033\",\r\n        \"Country\": \"USA\",\r\n        \"HomePhone\": \"(206) 555-3412\",\r\n        \"Extension\": \"3355\",\r\n        \"Photo\": {\r\n            \"Length\": 21722\r\n        },\r\n        \"Notes\": \"Liam has a BS degree in chemistry from Boston College (1997). He has also completed a certificate program in food retailing management.\",\r\n        \"ReportsTo\": 0,\r\n        \"PhotoPath\": \"http://accweb/emmployees/rodriguez.bmp\"\r\n    },\r\n    {\r\n        \"EmployeeID\": 3,\r\n        \"Name\": {\r\n            \"LastName\": \"Bennett\",\r\n            \"FirstName\": \"Olivia\"\r\n        },\r\n        \"Title\": \"Digital Marketing Specialist\",\r\n        \"TitleOfCourtesy\": \"Mr.\",\r\n        \"BirthDate\": new Date(1990, 6, 22),\r\n        \"HireDate\": new Date(2020, 3, 10),\r\n        \"Address\": \"789 Cedar Rd.\\r\\nApt. 3C\",\r\n        \"City\": \"London\",\r\n        \"Region\": \"WA\",\r\n        \"PostalCode\": \"98122\",\r\n        \"Country\": \"Canada\",\r\n        \"HomePhone\": \"(206) 555-9857\",\r\n        \"Extension\": \"5467\",\r\n        \"Photo\": {\r\n            \"Length\": 21626\r\n        },\r\n        \"Notes\": \"Education includes a BA in psychology from Colorado State University in 2012. Olivia also completed 'The Art of the Cold Call.' She is a member of Toastmasters International.\",\r\n        \"ReportsTo\": 6,\r\n        \"PhotoPath\": \"http://accweb/emmployees/bennett.bmp\"\r\n    },\r\n    {\r\n        \"EmployeeID\": 4,\r\n        \"Name\": {\r\n            \"LastName\": \"Martinez\",\r\n            \"FirstName\": \"Noah\"\r\n        },\r\n        \"Title\": \"Regional Sales Manager\",\r\n        \"TitleOfCourtesy\": \"Ms.\",\r\n        \"BirthDate\": new Date(1980, 0, 30),\r\n        \"HireDate\": new Date(2021, 7, 5),\r\n        \"Address\": \"101 Maple Dr.\",\r\n        \"City\": \"Kirkland\",\r\n        \"Region\": \"WA\",\r\n        \"PostalCode\": \"98033\",\r\n        \"Country\": \"USA\",\r\n        \"HomePhone\": \"(206) 555-3412\",\r\n        \"Extension\": \"3355\",\r\n        \"Photo\": {\r\n            \"Length\": 21722\r\n        },\r\n        \"Notes\": \"Noah has a BS degree in chemistry from Boston College (2002). He has also completed a certificate program in food retailing management.\",\r\n        \"ReportsTo\": 0,\r\n        \"PhotoPath\": \"http://accweb/emmployees/martinez.bmp\"\r\n    },\r\n    {\r\n        \"EmployeeID\": 5,\r\n        \"Name\": {\r\n            \"LastName\": \"Wilson\",\r\n            \"FirstName\": \"Sophia\"\r\n        },\r\n        \"Title\": \"Content Marketing Coordinator\",\r\n        \"TitleOfCourtesy\": \"Mr.\",\r\n        \"BirthDate\": new Date(1993, 10, 12),\r\n        \"HireDate\": new Date(2020, 1, 25),\r\n        \"Address\": \"234 Elm St.\\r\\nApt. 4A\",\r\n        \"City\": \"London\",\r\n        \"Region\": \"WA\",\r\n        \"PostalCode\": \"98122\",\r\n        \"Country\": \"Canada\",\r\n        \"HomePhone\": \"(206) 555-9857\",\r\n        \"Extension\": \"5467\",\r\n        \"Photo\": {\r\n            \"Length\": 21626\r\n        },\r\n        \"Notes\": \"Education includes a BA in psychology from Colorado State University in 2015. Sophia also completed 'The Art of the Cold Call.' She is a member of Toastmasters International.\",\r\n        \"ReportsTo\": 6,\r\n        \"PhotoPath\": \"http://accweb/emmployees/wilson.bmp\"\r\n    },\r\n    {\r\n        \"EmployeeID\": 6,\r\n        \"Name\": {\r\n            \"LastName\": \"Garcia\",\r\n            \"FirstName\": \"James\"\r\n        },\r\n        \"Title\": \"Business Development Specialist\",\r\n        \"TitleOfCourtesy\": \"Ms.\",\r\n        \"BirthDate\": new Date(1978, 5, 18),\r\n        \"HireDate\": new Date(2021, 8, 30),\r\n        \"Address\": \"567 Birch Ln.\",\r\n        \"City\": \"Kirkland\",\r\n        \"Region\": \"WA\",\r\n        \"PostalCode\": \"98033\",\r\n        \"Country\": \"USA\",\r\n        \"HomePhone\": \"(206) 555-3412\",\r\n        \"Extension\": \"3355\",\r\n        \"Photo\": {\r\n            \"Length\": 21722\r\n        },\r\n        \"Notes\": \"James has a BS degree in chemistry from Boston College (2000). He has also completed a certificate program in food retailing management.\",\r\n        \"ReportsTo\": 0,\r\n        \"PhotoPath\": \"http://accweb/emmployees/garcia.bmp\"\r\n    },\r\n    {\r\n        \"EmployeeID\": 7,\r\n        \"Name\": {\r\n            \"LastName\": \"Clark\",\r\n            \"FirstName\": \"Ava\"\r\n        },\r\n        \"Title\": \"Social Media Manager\",\r\n        \"TitleOfCourtesy\": \"Mr.\",\r\n        \"BirthDate\": new Date(1987, 3, 5),\r\n        \"HireDate\": new Date(2020, 2, 12),\r\n        \"Address\": \"890 Spruce Ave.\\r\\nApt. 2B\",\r\n        \"City\": \"London\",\r\n        \"Region\": \"WA\",\r\n        \"PostalCode\": \"98122\",\r\n        \"Country\": \"Canada\",\r\n        \"HomePhone\": \"(206) 555-9857\",\r\n        \"Extension\": \"5467\",\r\n        \"Photo\": {\r\n            \"Length\": 21626\r\n        },\r\n        \"Notes\": \"Education includes a BA in psychology from Colorado State University in 2009. Ava also completed 'The Art of the Cold Call.' She is a member of Toastmasters International.\",\r\n        \"ReportsTo\": 6,\r\n        \"PhotoPath\": \"http://accweb/emmployees/clark.bmp\"\r\n    },\r\n    {\r\n        \"EmployeeID\": 8,\r\n        \"Name\": {\r\n            \"LastName\": \"Lewis\",\r\n            \"FirstName\": \"William\"\r\n        },\r\n        \"Title\": \"Market Research Analyst\",\r\n        \"TitleOfCourtesy\": \"Ms.\",\r\n        \"BirthDate\": new Date(1976, 11, 20),\r\n        \"HireDate\": new Date(2021, 6, 18),\r\n        \"Address\": \"321 Willow Rd.\",\r\n        \"City\": \"Kirkland\",\r\n        \"Region\": \"WA\",\r\n        \"PostalCode\": \"98033\",\r\n        \"Country\": \"USA\",\r\n        \"HomePhone\": \"(206) 555-3412\",\r\n        \"Extension\": \"3355\",\r\n        \"Photo\": {\r\n            \"Length\": 21722\r\n        },\r\n        \"Notes\": \"William has a BS degree in chemistry from Boston College (1998). He has also completed a certificate program in food retailing management.\",\r\n        \"ReportsTo\": 0,\r\n        \"PhotoPath\": \"http://accweb/emmployees/lewis.bmp\"\r\n    },\r\n    {\r\n        \"EmployeeID\": 9,\r\n        \"Name\": {\r\n            \"LastName\": \"Walker\",\r\n            \"FirstName\": \"Isabella\"\r\n        },\r\n        \"Title\": \"Brand Strategy Associate\",\r\n        \"TitleOfCourtesy\": \"Mr.\",\r\n        \"BirthDate\": new Date(1991, 7, 14),\r\n        \"HireDate\": new Date(2022, 0, 22),\r\n        \"Address\": \"654 Magnolia St.\\r\\nApt. 6C\",\r\n        \"City\": \"London\",\r\n        \"Region\": \"WA\",\r\n        \"PostalCode\": \"98122\",\r\n        \"Country\": \"Canada\",\r\n        \"HomePhone\": \"(206) 555-9857\",\r\n        \"Extension\": \"5467\",\r\n        \"Photo\": {\r\n            \"Length\": 21626\r\n        },\r\n        \"Notes\": \"Education includes a BA in psychology from Colorado State University in 2013. Isabella also completed 'The Art of the Cold Call.' She is a member of Toastmasters International.\",\r\n        \"ReportsTo\": 6,\r\n        \"PhotoPath\": \"http://accweb/emmployees/walker.bmp\"\r\n    },\r\n    {\r\n        \"EmployeeID\": 10,\r\n        \"Name\": {\r\n            \"LastName\": \"Hall\",\r\n            \"FirstName\": \"Alexander\"\r\n        },\r\n        \"Title\": \"Account Manager\",\r\n        \"TitleOfCourtesy\": \"Ms.\",\r\n        \"BirthDate\": new Date(1982, 1, 28),\r\n        \"HireDate\": new Date(2020, 4, 15),\r\n        \"Address\": \"987 Aspen Way\",\r\n        \"City\": \"Kirkland\",\r\n        \"Region\": \"WA\",\r\n        \"PostalCode\": \"98033\",\r\n        \"Country\": \"USA\",\r\n        \"HomePhone\": \"(206) 555-3412\",\r\n        \"Extension\": \"3355\",\r\n        \"Photo\": {\r\n            \"Length\": 21722\r\n        },\r\n        \"Notes\": \"Alexander has a BS degree in chemistry from Boston College (2004). He has also completed a certificate program in food retailing management.\",\r\n        \"ReportsTo\": 0,\r\n        \"PhotoPath\": \"http://accweb/emmployees/hall.bmp\"\r\n    },\r\n    {\r\n        \"EmployeeID\": 11,\r\n        \"Name\": {\r\n            \"LastName\": \"Allen\",\r\n            \"FirstName\": \"Mia\"\r\n        },\r\n        \"Title\": \"Sales Executive\",\r\n        \"TitleOfCourtesy\": \"Mr.\",\r\n        \"BirthDate\": new Date(1988, 8, 9),\r\n        \"HireDate\": new Date(2021, 2, 10),\r\n        \"Address\": \"432 Laurel Ave.\\r\\nApt. 7A\",\r\n        \"City\": \"London\",\r\n        \"Region\": \"WA\",\r\n        \"PostalCode\": \"98122\",\r\n        \"Country\": \"Canada\",\r\n        \"HomePhone\": \"(206) 555-9857\",\r\n        \"Extension\": \"5467\",\r\n        \"Photo\": {\r\n            \"Length\": 21626\r\n        },\r\n        \"Notes\": \"Education includes a BA in psychology from Colorado State University in 2010. Mia also completed 'The Art of the Cold Call.' She is a member of Toastmasters International.\",\r\n        \"ReportsTo\": 6,\r\n        \"PhotoPath\": \"http://accweb/emmployees/allen.bmp\"\r\n    },\r\n    {\r\n        \"EmployeeID\": 12,\r\n        \"Name\": {\r\n            \"LastName\": \"Young\",\r\n            \"FirstName\": \"Ethan\"\r\n        },\r\n        \"Title\": \"Customer Relations Officer\",\r\n        \"TitleOfCourtesy\": \"Ms.\",\r\n        \"BirthDate\": new Date(1977, 10, 3),\r\n        \"HireDate\": new Date(2022, 5, 25),\r\n        \"Address\": \"765 Sycamore Dr.\",\r\n        \"City\": \"Kirkland\",\r\n        \"Region\": \"WA\",\r\n        \"PostalCode\": \"98033\",\r\n        \"Country\": \"USA\",\r\n        \"HomePhone\": \"(206) 555-3412\",\r\n        \"Extension\": \"3355\",\r\n        \"Photo\": {\r\n            \"Length\": 21722\r\n        },\r\n        \"Notes\": \"Ethan has a BS degree in chemistry from Boston College (1999). He has also completed a certificate program in food retailing management.\",\r\n        \"ReportsTo\": 0,\r\n        \"PhotoPath\": \"http://accweb/emmployees/young.bmp\"\r\n    },\r\n    {\r\n        \"EmployeeID\": 13,\r\n        \"Name\": {\r\n            \"LastName\": \"King\",\r\n            \"FirstName\": \"Charlotte\"\r\n        },\r\n        \"Title\": \"Digital Marketing Specialist\",\r\n        \"TitleOfCourtesy\": \"Mr.\",\r\n        \"BirthDate\": new Date(1992, 4, 17),\r\n        \"HireDate\": new Date(2023, 0, 15),\r\n        \"Address\": \"321 Chestnut St.\\r\\nApt. 8B\",\r\n        \"City\": \"London\",\r\n        \"Region\": \"WA\",\r\n        \"PostalCode\": \"98122\",\r\n        \"Country\": \"Canada\",\r\n        \"HomePhone\": \"(206) 555-9857\",\r\n        \"Extension\": \"5467\",\r\n        \"Photo\": {\r\n            \"Length\": 21626\r\n        },\r\n        \"Notes\": \"Education includes a BA in psychology from Colorado State University in 2014. Charlotte also completed 'The Art of the Cold Call.' She is a member of Toastmasters International.\",\r\n        \"ReportsTo\": 6,\r\n        \"PhotoPath\": \"http://accweb/emmployees/king.bmp\"\r\n    },\r\n    {\r\n        \"EmployeeID\": 14,\r\n        \"Name\": {\r\n            \"LastName\": \"Wright\",\r\n            \"FirstName\": \"Mason\"\r\n        },\r\n        \"Title\": \"Regional Sales Manager\",\r\n        \"TitleOfCourtesy\": \"Ms.\",\r\n        \"BirthDate\": new Date(1979, 9, 22),\r\n        \"HireDate\": new Date(2024, 3, 30),\r\n        \"Address\": \"654 Poplar Rd.\",\r\n        \"City\": \"Kirkland\",\r\n        \"Region\": \"WA\",\r\n        \"PostalCode\": \"98033\",\r\n        \"Country\": \"USA\",\r\n        \"HomePhone\": \"(206) 555-3412\",\r\n        \"Extension\": \"3355\",\r\n        \"Photo\": {\r\n            \"Length\": 21722\r\n        },\r\n        \"Notes\": \"Mason has a BS degree in chemistry from Boston College (2001). He has also completed a certificate program in food retailing management.\",\r\n        \"ReportsTo\": 0,\r\n        \"PhotoPath\": \"http://accweb/emmployees/wright.bmp\"\r\n    },\r\n    {\r\n        \"EmployeeID\": 15,\r\n        \"Name\": {\r\n            \"LastName\": \"Scott\",\r\n            \"FirstName\": \"Amelia\"\r\n        },\r\n        \"Title\": \"Content Marketing Coordinator\",\r\n        \"TitleOfCourtesy\": \"Mr.\",\r\n        \"BirthDate\": new Date(1994, 1, 14),\r\n        \"HireDate\": new Date(2020, 10, 5),\r\n        \"Address\": \"987 Hazel St.\\r\\nApt. 9C\",\r\n        \"City\": \"London\",\r\n        \"Region\": \"WA\",\r\n        \"PostalCode\": \"98122\",\r\n        \"Country\": \"Canada\",\r\n        \"HomePhone\": \"(206) 555-9857\",\r\n        \"Extension\": \"5467\",\r\n        \"Photo\": {\r\n            \"Length\": 21626\r\n        },\r\n        \"Notes\": \"Education includes a BA in psychology from Colorado State University in 2016. Amelia also completed 'The Art of the Cold Call.' She is a member of Toastmasters International.\",\r\n        \"ReportsTo\": 6,\r\n        \"PhotoPath\": \"http://accweb/emmployees/scott.bmp\"\r\n    },\r\n    {\r\n        \"EmployeeID\": 16,\r\n        \"Name\": {\r\n            \"LastName\": \"Green\",\r\n            \"FirstName\": \"Jacob\"\r\n        },\r\n        \"Title\": \"Business Development Specialist\",\r\n        \"TitleOfCourtesy\": \"Ms.\",\r\n        \"BirthDate\": new Date(1981, 6, 8),\r\n        \"HireDate\": new Date(2020, 7, 12),\r\n        \"Address\": \"123 Linden Ave.\",\r\n        \"City\": \"Kirkland\",\r\n        \"Region\": \"WA\",\r\n        \"PostalCode\": \"98033\",\r\n        \"Country\": \"USA\",\r\n        \"HomePhone\": \"(206) 555-3412\",\r\n        \"Extension\": \"3355\",\r\n        \"Photo\": {\r\n            \"Length\": 21722\r\n        },\r\n        \"Notes\": \"Jacob has a BS degree in chemistry from Boston College (2003). He has also completed a certificate program in food retailing management.\",\r\n        \"ReportsTo\": 0,\r\n        \"PhotoPath\": \"http://accweb/emmployees/green.bmp\"\r\n    },\r\n    {\r\n        \"EmployeeID\": 17,\r\n        \"Name\": {\r\n            \"LastName\": \"Baker\",\r\n            \"FirstName\": \"Harper\"\r\n        },\r\n        \"Title\": \"Social Media Manager\",\r\n        \"TitleOfCourtesy\": \"Mr.\",\r\n        \"BirthDate\": new Date(1989, 11, 1),\r\n        \"HireDate\": new Date(2020, 8, 20),\r\n        \"Address\": \"456 Walnut St.\\r\\nApt. 1A\",\r\n        \"City\": \"London\",\r\n        \"Region\": \"WA\",\r\n        \"PostalCode\": \"98122\",\r\n        \"Country\": \"Canada\",\r\n        \"HomePhone\": \"(206) 555-9857\",\r\n        \"Extension\": \"5467\",\r\n        \"Photo\": {\r\n            \"Length\": 21626\r\n        },\r\n        \"Notes\": \"Education includes a BA in psychology from Colorado State University in 2011. Harper also completed 'The Art of the Cold Call.' She is a member of Toastmasters International.\",\r\n        \"ReportsTo\": 6,\r\n        \"PhotoPath\": \"http://accweb/emmployees/baker.bmp\"\r\n    },\r\n    {\r\n        \"EmployeeID\": 18,\r\n        \"Name\": {\r\n            \"LastName\": \"Gonzalez\",\r\n            \"FirstName\": \"Logan\"\r\n        },\r\n        \"Title\": \"Market Research Analyst\",\r\n        \"TitleOfCourtesy\": \"Ms.\",\r\n        \"BirthDate\": new Date(1976, 2, 25),\r\n        \"HireDate\": new Date(2021, 11, 15),\r\n        \"Address\": \"789 Oakwood Dr.\",\r\n        \"City\": \"Kirkland\",\r\n        \"Region\": \"WA\",\r\n        \"PostalCode\": \"98033\",\r\n        \"Country\": \"USA\",\r\n        \"HomePhone\": \"(206) 555-3412\",\r\n        \"Extension\": \"3355\",\r\n        \"Photo\": {\r\n            \"Length\": 21722\r\n        },\r\n        \"Notes\": \"Logan has a BS degree in chemistry from Boston College (1998). He has also completed a certificate program in food retailing management.\",\r\n        \"ReportsTo\": 0,\r\n        \"PhotoPath\": \"http://accweb/emmployees/gonzalez.bmp\"\r\n    },\r\n    {\r\n        \"EmployeeID\": 19,\r\n        \"Name\": {\r\n            \"LastName\": \"Nelson\",\r\n            \"FirstName\": \"Evelyn\"\r\n        },\r\n        \"Title\": \"Brand Strategy Associate\",\r\n        \"TitleOfCourtesy\": \"Mr.\",\r\n        \"BirthDate\": new Date(1990, 5, 30),\r\n        \"HireDate\": new Date(2022, 5, 10),\r\n        \"Address\": \"101 Birchwood Ave.\\r\\nApt. 2C\",\r\n        \"City\": \"London\",\r\n        \"Region\": \"WA\",\r\n        \"PostalCode\": \"98122\",\r\n        \"Country\": \"Canada\",\r\n        \"HomePhone\": \"(206) 555-9857\",\r\n        \"Extension\": \"5467\",\r\n        \"Photo\": {\r\n            \"Length\": 21626\r\n        },\r\n        \"Notes\": \"Education includes a BA in psychology from Colorado State University in 2012. Evelyn also completed 'The Art of the Cold Call.' She is a member of Toastmasters International.\",\r\n        \"ReportsTo\": 6,\r\n        \"PhotoPath\": \"http://accweb/emmployees/nelson.bmp\"\r\n    },\r\n    {\r\n        \"EmployeeID\": 20,\r\n        \"Name\": {\r\n            \"LastName\": \"Carter\",\r\n            \"FirstName\": \"Elijah\"\r\n        },\r\n        \"Title\": \"Account Manager\",\r\n        \"TitleOfCourtesy\": \"Ms.\",\r\n        \"BirthDate\": new Date(1983, 3, 12),\r\n        \"HireDate\": new Date(2020, 9, 5),\r\n        \"Address\": \"234 Pinewood Dr.\",\r\n        \"City\": \"Kirkland\",\r\n        \"Region\": \"WA\",\r\n        \"PostalCode\": \"98033\",\r\n        \"Country\": \"USA\",\r\n        \"HomePhone\": \"(206) 555-3412\",\r\n        \"Extension\": \"3355\",\r\n        \"Photo\": {\r\n            \"Length\": 21722\r\n        },\r\n        \"Notes\": \"Elijah has a BS degree in chemistry from Boston College (2005). He has also completed a certificate program in food retailing management.\",\r\n        \"ReportsTo\": 0,\r\n        \"PhotoPath\": \"http://accweb/emmployees/carter.bmp\"\r\n    },\r\n    {\r\n        \"EmployeeID\": 21,\r\n        \"Name\": {\r\n            \"LastName\": \"Mitchell\",\r\n            \"FirstName\": \"Luna\"\r\n        },\r\n        \"Title\": \"Sales Executive\",\r\n        \"TitleOfCourtesy\": \"Mr.\",\r\n        \"BirthDate\": new Date(1992, 9, 25),\r\n        \"HireDate\": new Date(2021, 6, 20),\r\n        \"Address\": \"567 Cedarwood St.\\r\\nApt. 3B\",\r\n        \"City\": \"London\",\r\n        \"Region\": \"WA\",\r\n        \"PostalCode\": \"98122\",\r\n        \"Country\": \"Canada\",\r\n        \"HomePhone\": \"(206) 555-9857\",\r\n        \"Extension\": \"5467\",\r\n        \"Photo\": {\r\n            \"Length\": 21626\r\n        },\r\n        \"Notes\": \"Education includes a BA in psychology from Colorado State University in 2014. Luna also completed 'The Art of the Cold Call.' She is a member of Toastmasters International.\",\r\n        \"ReportsTo\": 6,\r\n        \"PhotoPath\": \"http://accweb/emmployees/mitchell.bmp\"\r\n    },\r\n    {\r\n        \"EmployeeID\": 22,\r\n        \"Name\": {\r\n            \"LastName\": \"Perez\",\r\n            \"FirstName\": \"Henry\"\r\n        },\r\n        \"Title\": \"Customer Relations Officer\",\r\n        \"TitleOfCourtesy\": \"Ms.\",\r\n        \"BirthDate\": new Date(1978, 7, 15),\r\n        \"HireDate\": new Date(2022, 1, 28),\r\n        \"Address\": \"890 Maplewood Ln.\",\r\n        \"City\": \"Kirkland\",\r\n        \"Region\": \"WA\",\r\n        \"PostalCode\": \"98033\",\r\n        \"Country\": \"USA\",\r\n        \"HomePhone\": \"(206) 555-3412\",\r\n        \"Extension\": \"3355\",\r\n        \"Photo\": {\r\n            \"Length\": 21722\r\n        },\r\n        \"Notes\": \"Henry has a BS degree in chemistry from Boston College (2000). He has also completed a certificate program in food retailing management.\",\r\n        \"ReportsTo\": 0,\r\n        \"PhotoPath\": \"http://accweb/emmployees/perez.bmp\"\r\n    },\r\n    {\r\n        \"EmployeeID\": 23,\r\n        \"Name\": {\r\n            \"LastName\": \"Roberts\",\r\n            \"FirstName\": \"Mila\"\r\n        },\r\n        \"Title\": \"Digital Marketing Specialist\",\r\n        \"TitleOfCourtesy\": \"Mr.\",\r\n        \"BirthDate\": new Date(1993, 2, 20),\r\n        \"HireDate\": new Date(2023, 4, 15),\r\n        \"Address\": \"123 Elmwood Ave.\\r\\nApt. 4C\",\r\n        \"City\": \"London\",\r\n        \"Region\": \"WA\",\r\n        \"PostalCode\": \"98122\",\r\n        \"Country\": \"Canada\",\r\n        \"HomePhone\": \"(206) 555-9857\",\r\n        \"Extension\": \"5467\",\r\n        \"Photo\": {\r\n            \"Length\": 21626\r\n        },\r\n        \"Notes\": \"Education includes a BA in psychology from Colorado State University in 2015. Mila also completed 'The Art of the Cold Call.' She is a member of Toastmasters International.\",\r\n        \"ReportsTo\": 6,\r\n        \"PhotoPath\": \"http://accweb/emmployees/roberts.bmp\"\r\n    },\r\n    {\r\n        \"EmployeeID\": 24,\r\n        \"Name\": {\r\n            \"LastName\": \"Turner\",\r\n            \"FirstName\": \"Benjamin\"\r\n        },\r\n        \"Title\": \"Regional Sales Manager\",\r\n        \"TitleOfCourtesy\": \"Ms.\",\r\n        \"BirthDate\": new Date(1977, 0, 10),\r\n        \"HireDate\": new Date(2020, 3, 22),\r\n        \"Address\": \"456 Sprucewood Dr.\",\r\n        \"City\": \"Kirkland\",\r\n        \"Region\": \"WA\",\r\n        \"PostalCode\": \"98033\",\r\n        \"Country\": \"USA\",\r\n        \"HomePhone\": \"(206) 555-3412\",\r\n        \"Extension\": \"3355\",\r\n        \"Photo\": {\r\n            \"Length\": 21722\r\n        },\r\n        \"Notes\": \"Benjamin has a BS degree in chemistry from Boston College (1999). He has also completed a certificate program in food retailing management.\",\r\n        \"ReportsTo\": 0,\r\n        \"PhotoPath\": \"http://accweb/emmployees/turner.bmp\"\r\n    },\r\n    {\r\n        \"EmployeeID\": 25,\r\n        \"Name\": {\r\n            \"LastName\": \"Phillips\",\r\n            \"FirstName\": \"Aria\"\r\n        },\r\n        \"Title\": \"Content Marketing Coordinator\",\r\n        \"TitleOfCourtesy\": \"Mr.\",\r\n        \"BirthDate\": new Date(1991, 5, 5),\r\n        \"HireDate\": new Date(2020, 9, 10),\r\n        \"Address\": \"789 Pinecrest St.\\r\\nApt. 5A\",\r\n        \"City\": \"London\",\r\n        \"Region\": \"WA\",\r\n        \"PostalCode\": \"98122\",\r\n        \"Country\": \"Canada\",\r\n        \"HomePhone\": \"(206) 555-9857\",\r\n        \"Extension\": \"5467\",\r\n        \"Photo\": {\r\n            \"Length\": 21626\r\n        },\r\n        \"Notes\": \"Education includes a BA in psychology from Colorado State University in 2013. Aria also completed 'The Art of the Cold Call.' She is a member of Toastmasters International.\",\r\n        \"ReportsTo\": 6,\r\n        \"PhotoPath\": \"http://accweb/emmployees/phillips.bmp\"\r\n    },\r\n    {\r\n        \"EmployeeID\": 26,\r\n        \"Name\": {\r\n            \"LastName\": \"Campbell\",\r\n            \"FirstName\": \"Lucas\"\r\n        },\r\n        \"Title\": \"Business Development Specialist\",\r\n        \"TitleOfCourtesy\": \"Ms.\",\r\n        \"BirthDate\": new Date(1980, 4, 12),\r\n        \"HireDate\": new Date(2021, 2, 25),\r\n        \"Address\": \"101 Cedarcrest Dr.\",\r\n        \"City\": \"Kirkland\",\r\n        \"Region\": \"WA\",\r\n        \"PostalCode\": \"98033\",\r\n        \"Country\": \"USA\",\r\n        \"HomePhone\": \"(206) 555-3412\",\r\n        \"Extension\": \"3355\",\r\n        \"Photo\": {\r\n            \"Length\": 21722\r\n        },\r\n        \"Notes\": \"Lucas has a BS degree in chemistry from Boston College (2002). He has also completed a certificate program in food retailing management.\",\r\n        \"ReportsTo\": 0,\r\n        \"PhotoPath\": \"http://accweb/emmployees/campbell.bmp\"\r\n    },\r\n    {\r\n        \"EmployeeID\": 27,\r\n        \"Name\": {\r\n            \"LastName\": \"Parker\",\r\n            \"FirstName\": \"Sofia\"\r\n        },\r\n        \"Title\": \"Social Media Manager\",\r\n        \"TitleOfCourtesy\": \"Mr.\",\r\n        \"BirthDate\": new Date(1989, 8, 30),\r\n        \"HireDate\": new Date(2022, 10, 15),\r\n        \"Address\": \"234 Oakcrest Ave.\\r\\nApt. 6B\",\r\n        \"City\": \"London\",\r\n        \"Region\": \"WA\",\r\n        \"PostalCode\": \"98122\",\r\n        \"Country\": \"Canada\",\r\n        \"HomePhone\": \"(206) 555-9857\",\r\n        \"Extension\": \"5467\",\r\n        \"Photo\": {\r\n            \"Length\": 21626\r\n        },\r\n        \"Notes\": \"Education includes a BA in psychology from Colorado State University in 2011. Sofia also completed 'The Art of the Cold Call.' She is a member of Toastmasters International.\",\r\n        \"ReportsTo\": 6,\r\n        \"PhotoPath\": \"http://accweb/emmployees/parker.bmp\"\r\n    },\r\n    {\r\n        \"EmployeeID\": 28,\r\n        \"Name\": {\r\n            \"LastName\": \"Evans\",\r\n            \"FirstName\": \"Jack\"\r\n        },\r\n        \"Title\": \"Market Research Analyst\",\r\n        \"TitleOfCourtesy\": \"Ms.\",\r\n        \"BirthDate\": new Date(1978, 1, 18),\r\n        \"HireDate\": new Date(2020, 3, 30),\r\n        \"Address\": \"567 Maplegrove Rd.\",\r\n        \"City\": \"Kirkland\",\r\n        \"Region\": \"WA\",\r\n        \"PostalCode\": \"98033\",\r\n        \"Country\": \"USA\",\r\n        \"HomePhone\": \"(206) 555-3412\",\r\n        \"Extension\": \"3355\",\r\n        \"Photo\": {\r\n            \"Length\": 21722\r\n        },\r\n        \"Notes\": \"Jack has a BS degree in chemistry from Boston College (2000). He has also completed a certificate program in food retailing management.\",\r\n        \"ReportsTo\": 0,\r\n        \"PhotoPath\": \"http://accweb/emmployees/evans.bmp\"\r\n    },\r\n    {\r\n        \"EmployeeID\": 29,\r\n        \"Name\": {\r\n            \"LastName\": \"Edwards\",\r\n            \"FirstName\": \"Avery\"\r\n        },\r\n        \"Title\": \"Brand Strategy Associate\",\r\n        \"TitleOfCourtesy\": \"Mr.\",\r\n        \"BirthDate\": new Date(1992, 0, 25),\r\n        \"HireDate\": new Date(2021, 7, 10),\r\n        \"Address\": \"890 Elmcrest St.\\r\\nApt. 7C\",\r\n        \"City\": \"London\",\r\n        \"Region\": \"WA\",\r\n        \"PostalCode\": \"98122\",\r\n        \"Country\": \"Canada\",\r\n        \"HomePhone\": \"(206) 555-9857\",\r\n        \"Extension\": \"5467\",\r\n        \"Photo\": {\r\n            \"Length\": 21626\r\n        },\r\n        \"Notes\": \"Education includes a BA in psychology from Colorado State University in 2014. Avery also completed 'The Art of the Cold Call.' She is a member of Toastmasters International.\",\r\n        \"ReportsTo\": 6,\r\n        \"PhotoPath\": \"http://accweb/emmployees/edwards.bmp\"\r\n    },\r\n    {\r\n        \"EmployeeID\": 30,\r\n        \"Name\": {\r\n            \"LastName\": \"Collins\",\r\n            \"FirstName\": \"Daniel\"\r\n        },\r\n        \"Title\": \"Account Manager\",\r\n        \"TitleOfCourtesy\": \"Ms.\",\r\n        \"BirthDate\": new Date(1979, 6, 15),\r\n        \"HireDate\": new Date(2022, 11, 5),\r\n        \"Address\": \"123 Sprucegrove Dr.\",\r\n        \"City\": \"Kirkland\",\r\n        \"Region\": \"WA\",\r\n        \"PostalCode\": \"98033\",\r\n        \"Country\": \"USA\",\r\n        \"HomePhone\": \"(206) 555-3412\",\r\n        \"Extension\": \"3355\",\r\n        \"Photo\": {\r\n            \"Length\": 21722\r\n        },\r\n        \"Notes\": \"Daniel has a BS degree in chemistry from Boston College (2001). He has also completed a certificate program in food retailing management.\",\r\n        \"ReportsTo\": 0,\r\n        \"PhotoPath\": \"http://accweb/emmployees/collins.bmp\"\r\n    }\r\n]\r\n",
  "dependencies": "{\"@syncfusion/react-grid\":\"*\",\"@syncfusion/react-inputs\":\"*\",\"@syncfusion/react-locale\":\"*\",\"@syncfusion/react-cldr-data\":\"*\"}"
}