{
  "src/App.css": "@import \"@syncfusion/react-base/styles/material3.css\";\n@import \"@syncfusion/react-buttons/styles/material3.css\";\n@import \"@syncfusion/react-popups/styles/material3.css\";\n@import \"@syncfusion/react-splitbuttons/styles/material3.css\";\n@import \"@syncfusion/react-inputs/styles/material3.css\";\n@import \"@syncfusion/react-calendars/styles/material3.css\";\n@import \"@syncfusion/react-lists/styles/material3.css\";\n@import \"@syncfusion/react-dropdowns/styles/material3.css\";\n@import \"@syncfusion/react-navigations/styles/material3.css\";\n@import \"@syncfusion/react-notifications/styles/material3.css\";\n@import \"@syncfusion/react-pager/styles/material3.css\";\n@import \"@syncfusion/react-grid/styles/material3.css\";\n",
  "src/App.tsx": "import { Grid, Columns, Column, FilterSettings, SortSettings, TextAlign, FilterBarType, ColumnType } from '@syncfusion/react-grid';\r\nimport { employeeAssetRegistry } from './employeeProfileDetails';\r\nimport { useState } from 'react';\r\nimport './employeeProfile.css';\r\n\r\nexport default function App() {\r\n    // Initialize state for filter, and sort settings.\r\n    const [filterSettings] = useState<FilterSettings>({enabled: true});\r\n    const [sortSettings] = useState<SortSettings>({enabled: true});\r\n    // Render grid with manufacturing data and configured settings.\r\n    return (\r\n        <div>\r\n            <Grid className=\"machine-monitor\" dataSource={employeeAssetRegistry} filterSettings={filterSettings} sortSettings={sortSettings} height={300}>\r\n                <Columns>\r\n                    <Column field='EmployeeID' headerText='Employee ID' width='120' textAlign={TextAlign.Right}></Column>\r\n                    <Column field='EmployeeName' headerText='Employee Name' width='140'></Column>\r\n                    <Column field='Team' headerText='Team' width='150' />\r\n                    <Column field='Designation' headerText='Designation' width='160' />\r\n                    <Column field='DateOfJoining' headerText='Date Of Joining' width='160' type={ColumnType.Date} textAlign={TextAlign.Right} filter={{filterBarType:FilterBarType.DatePicker}} format='yMd' />\r\n                </Columns>\r\n            </Grid>\r\n        </div>\r\n    );\r\n};",
  "src/employeeProfileDetails.ts": "export interface EmployeeAssetDetail {\r\n  EmployeeName: string;\r\n  EmployeeID: string;\r\n  MailID: string;\r\n  DateOfJoining: Date | string;\r\n  Designation: string;\r\n  EmployeeAvailability: string;\r\n  AssetKit: string;\r\n  AssetKitDistribution: Date | string;\r\n  Location: string;\r\n  PhoneNumber: string | number;\r\n  Team: string;\r\n  SoftwareTeam: string;\r\n  ReportTo: string;\r\n  YearOfExperience: string;\r\n}\r\n\r\nexport const employeeAssetRegistry: EmployeeAssetDetail[] = [\r\n    {\r\n        \"EmployeeID\": 'EMP-1001',\r\n        \"EmployeeName\": \"Emma\",\r\n        \"MailID\": \"emma@example.com\",\r\n        \"PhoneNumber\": '(711) 555-4444',\r\n        \"Designation\": \"Sales Representative\",\r\n        \"Team\": \"Sales\",\r\n        \"SoftwareTeam\": \"Web-General\",\r\n        \"ReportTo\": \"Vinet\",\r\n        \"DateOfJoining\": new Date(2022, 4, 1),\r\n        \"YearOfExperience\": \"3 Years\",\r\n        \"Location\": \"Reims\",\r\n        \"AssetKit\": \"Headset, Laptop\",\r\n        \"AssetKitDistribution\": new Date(2022, 4, 1),\r\n        \"EmployeeAvailability\": \"Available\"\r\n    },\r\n    {\r\n        \"EmployeeID\": 'EMP-1002',\r\n        \"EmployeeName\": \"James\",\r\n        \"MailID\": \"james@example.com\",\r\n        \"PhoneNumber\": '(206) 555-1189',\r\n        \"Designation\": \"Marketing Manager\",\r\n        \"Team\": \"Marketing\",\r\n        \"SoftwareTeam\": \"Web-Server\",\r\n        \"ReportTo\": \"Suprd\",\r\n        \"DateOfJoining\": new Date(2022, 7, 16),\r\n        \"YearOfExperience\": \"1 Year 10 Months\",\r\n        \"Location\": \"Albuquerque\",\r\n        \"AssetKit\": \"Laptop, Projector\",\r\n        \"AssetKitDistribution\": new Date(2022, 7, 16),\r\n        \"EmployeeAvailability\": \"Available\"\r\n    },\r\n    {\r\n        \"EmployeeID\": 'EMP-1003',\r\n        \"EmployeeName\": \"Olivia\",\r\n        \"MailID\": \"olivia@example.com\",\r\n        \"PhoneNumber\": '(710) 555-5598',\r\n        \"Designation\": \"HR Specialist\",\r\n        \"Team\": \"Human Resources\",\r\n        \"SoftwareTeam\": \"Web-General\",\r\n        \"ReportTo\": \"Hanar\",\r\n        \"DateOfJoining\": new Date(2022, 3, 1),\r\n        \"YearOfExperience\": \"1 Year\",\r\n        \"Location\": \"Barquisimeto\",\r\n        \"AssetKit\": \"Headset, Laptop\",\r\n        \"AssetKitDistribution\": new Date(2022, 3, 1),\r\n        \"EmployeeAvailability\": \"Not available\"\r\n    },\r\n    {\r\n        \"EmployeeID\": 'EMP-1004',\r\n        \"EmployeeName\": \"Isabella\",\r\n        \"MailID\": \"isabella@example.com\",\r\n        \"PhoneNumber\": '(811) 555-7773',\r\n        \"Designation\": \"Sales Representative\",\r\n        \"Team\": \"Sales\",\r\n        \"SoftwareTeam\": \"Window\",\r\n        \"ReportTo\": \"Vinet\",\r\n        \"DateOfJoining\": new Date(2023, 4, 3),\r\n        \"YearOfExperience\": \"2 Years\",\r\n        \"Location\": \"Albuquerque\",\r\n        \"AssetKit\": \"Headset, Laptop\",\r\n        \"AssetKitDistribution\": new Date(2023, 4, 3),\r\n        \"EmployeeAvailability\": \"Available\"\r\n    },\r\n    {\r\n        \"EmployeeID\": 'EMP-1005',\r\n        \"EmployeeName\": \"William\",\r\n        \"MailID\": \"william@example.com\",\r\n        \"PhoneNumber\": '(712) 555-4848',\r\n        \"Designation\": \"IT Support\",\r\n        \"Team\": \"IT Department\",\r\n        \"SoftwareTeam\": \"Web-Server\",\r\n        \"ReportTo\": \"Tomsp\",\r\n        \"DateOfJoining\": new Date(2023, 9, 17),\r\n        \"YearOfExperience\": \"5 Years 3 Months\",\r\n        \"Location\": \"Reims\",\r\n        \"AssetKit\": \"Keyboard, Laptop\",\r\n        \"AssetKitDistribution\": new Date(2023, 9, 17),\r\n        \"EmployeeAvailability\": \"Not available\"\r\n    },\r\n    {\r\n        \"EmployeeID\": 'EMP-1006',\r\n        \"EmployeeName\": \"Michael\",\r\n        \"MailID\": \"michael@example.com\",\r\n        \"PhoneNumber\": '(206) 555-8122',\r\n        \"Designation\": \"HR Specialist\",\r\n        \"Team\": \"Human Resources\",\r\n        \"SoftwareTeam\": \"Designer\",\r\n        \"ReportTo\": \"Victe\",\r\n        \"DateOfJoining\": new Date(2023, 9, 17),\r\n        \"YearOfExperience\": \"3 Years 1 Month\",\r\n        \"Location\": \"Barquisimeto\",\r\n        \"AssetKit\": \"Headset, Laptop\",\r\n        \"AssetKitDistribution\": new Date(2023, 9, 17),\r\n        \"EmployeeAvailability\": \"Available\"\r\n    },\r\n    {\r\n        \"EmployeeID\": 'EMP-1007',\r\n        \"EmployeeName\": \"Benjamin\",\r\n        \"MailID\": \"benjamin@example.com\",\r\n        \"PhoneNumber\": '(206) 555-3412',\r\n        \"Designation\": \"Marketing Manager\",\r\n        \"Team\": \"Marketing\",\r\n        \"SoftwareTeam\": \"Support\",\r\n        \"ReportTo\": \"Hanar\",\r\n        \"DateOfJoining\": new Date(2024, 0, 2),\r\n        \"YearOfExperience\": \"4 Years\",\r\n        \"Location\": \"Reims\",\r\n        \"AssetKit\": \"Laptop, Projector\",\r\n        \"AssetKitDistribution\": new Date(2024, 0, 2),\r\n        \"EmployeeAvailability\": \"Not available\"\r\n    },\r\n    {\r\n        \"EmployeeID\": 'EMP-1008',\r\n        \"EmployeeName\": \"Sophia\",\r\n        \"MailID\": \"sophia@example.com\",\r\n        \"PhoneNumber\": '(206) 555-9482',\r\n        \"Designation\": \"Customer Service\",\r\n        \"Team\": \"Customer Support\",\r\n        \"SoftwareTeam\": \"Web-Server\",\r\n        \"ReportTo\": \"Vinet\",\r\n        \"DateOfJoining\": new Date(2024, 2, 5),\r\n        \"YearOfExperience\": \"11 Months\",\r\n        \"Location\": \"Albuquerque\",\r\n        \"AssetKit\": \"Headset, Phone\",\r\n        \"AssetKitDistribution\": new Date(2024, 2, 5),\r\n        \"EmployeeAvailability\": \"Not available\"\r\n    },\r\n    {\r\n        \"EmployeeID\": 'EMP-1009',\r\n        \"EmployeeName\": \"Elizabeth\",\r\n        \"MailID\": \"elizabeth@example.com\",\r\n        \"PhoneNumber\": '(206) 555-9857',\r\n        \"Designation\": \"Finance Analyst\",\r\n        \"Team\": \"Finance\",\r\n        \"SoftwareTeam\": \"Testing\",\r\n        \"ReportTo\": \"Suprd\",\r\n        \"DateOfJoining\": new Date(2025, 6, 15),\r\n        \"YearOfExperience\": \"3 Years 5 Months\",\r\n        \"Location\": \"Reims\",\r\n        \"AssetKit\": \"Calculator, Headset\",\r\n        \"AssetKitDistribution\": new Date(2025, 6, 15),\r\n        \"EmployeeAvailability\": \"Available\"\r\n    }\r\n];\r\n",
  "src/employeeProfile.css": ".machine-monitor .sf-grid-content-row:not(.sf-grid-edit-row):hover .sf-cell:not(.sf-active),\r\n.machine-monitor .sf-grid-content-row:not(.sf-grid-edit-row):hover .sf-cell {\r\n    background-color:  #e90b7b24;\r\n}\r\n\r\n.machine-monitor .sf-active {\r\n    background: #e90b7b4a ; \r\n}\r\n\r\n.dark-theme .machine-monitor .sf-grid-content-row:not(.sf-grid-edit-row):hover .sf-cell:not(.sf-active),\r\n.dark-theme .machine-monitor .sf-grid-content-row:not(.sf-grid-edit-row):hover .sf-cell {\r\n    background-color: #b9236ead;\r\n}\r\n\r\n.dark-theme .machine-monitor .sf-active {\r\n    background: #aa1a638f;\r\n}\r\n",
  "dependencies": "{\"@syncfusion/react-grid\":\"*\",\"@syncfusion/react-locale\":\"*\",\"@syncfusion/react-cldr-data\":\"*\"}"
}