{
  "src/App.css": "@import \"@syncfusion/react-base/styles/material3.css\";\n@import \"@syncfusion/react-buttons/styles/material3.css\";\n@import \"@syncfusion/react-popups/styles/material3.css\";\n@import \"@syncfusion/react-splitbuttons/styles/material3.css\";\n@import \"@syncfusion/react-inputs/styles/material3.css\";\n@import \"@syncfusion/react-calendars/styles/material3.css\";\n@import \"@syncfusion/react-lists/styles/material3.css\";\n@import \"@syncfusion/react-dropdowns/styles/material3.css\";\n@import \"@syncfusion/react-navigations/styles/material3.css\";\n@import \"@syncfusion/react-notifications/styles/material3.css\";\n@import \"@syncfusion/react-pager/styles/material3.css\";\n@import \"@syncfusion/react-grid/styles/material3.css\";\n",
  "src/App.tsx": "import { Grid, Columns, Column, Aggregates, AggregateColumn, AggregateRow, FilterSettings, SortSettings, AggregateColumnProps, FilterBarType, TextAlign, ClipMode, AggregateType } from '@syncfusion/react-grid';\r\nimport { foodOrderQueue, FoodOrderItem } from './foodOrderDetails';\r\nimport { ReactElement, useState } from 'react';\r\n\r\n\r\nexport type CustomSummaryType = (data: object[] | object, column: AggregateColumnProps) => number;\r\n\r\nexport default function App() {\r\n// Initialize state for filter and sort settings.    \r\n  const [filterSettings] = useState<FilterSettings>({ enabled: true });\r\n  const [sortSettings] = useState<SortSettings>({ enabled: true });\r\n\r\n  // Custom aggregate function to count the number of Margherita Pizza orders.\r\n  const customAggregateFn: CustomSummaryType = (data) => {\r\n    const dataArray = Array.isArray(data) ? data as FoodOrderItem[] : (data as { result: FoodOrderItem[] }).result || [];\r\n    const count = dataArray.filter((item: FoodOrderItem) => item.FoodName === 'Margherita Pizza').length;\r\n    return count;\r\n  };\r\n\r\n  // Custom aggregate function to sum the Price for Margherita Pizza orders.\r\n  const pizzaPriceSumAggregateFn: CustomSummaryType = (data) => {\r\n    const dataArray = Array.isArray(data) ? data as FoodOrderItem[] : (data as { result: FoodOrderItem[] }).result || [];\r\n    const sum = dataArray\r\n      .filter((item: FoodOrderItem) => item.FoodName === 'Margherita Pizza')\r\n      .reduce((total: number, item: FoodOrderItem) => total + (item.Price || 0), 0);\r\n    return sum;\r\n  };\r\n\r\n  // Footer templates for displaying the results.\r\n  const pizzaCountFooter = (props: object | undefined): ReactElement => {\r\n    const typedProps = props as { Custom: number | string };\r\n    return (<span>Pizza Count: {typedProps.Custom}</span>);\r\n  };\r\n\r\n  // Footer template for Pizza Revenue.\r\n  const pizzaPriceFooter = (props: object | undefined): ReactElement => {\r\n    const typedProps = props as { Custom: number | string };\r\n    return (<span>Pizza Revenue: ${typedProps.Custom}</span>);\r\n  };\r\n  // Render grid with food order data, settings, and aggregates.\r\n  return (\r\n    <div>\r\n      <Grid dataSource={foodOrderQueue} filterSettings={filterSettings} sortSettings={sortSettings} height={300}>\r\n        <Columns>\r\n          <Column field=\"OrderNumber\" headerText=\"Order ID\" width=\"100\" textAlign={TextAlign.Right} />\r\n          <Column field=\"CustomerName\" headerText=\"Customer Name\" width=\"150\" />\r\n          <Column field=\"FoodName\" headerText=\"Food Name\" width=\"150\" clipMode={ClipMode.EllipsisWithTooltip} />\r\n          <Column field=\"Price\" headerText=\"Price\" width=\"180\" textAlign={TextAlign.Right} format=\"C2\"  filter={{ filterBarType: FilterBarType.NumericTextBox }} />\r\n          <Column field=\"CuisineType\" headerText=\"Cuisine Type\" width=\"130\" />\r\n          <Column field=\"Status\" headerText=\"Status\" width=\"100\" />\r\n        </Columns>\r\n        <Aggregates>\r\n          <AggregateRow>\r\n            <AggregateColumn field=\"FoodName\" type={AggregateType.Custom} customAggregate={customAggregateFn} footerTemplate={pizzaCountFooter} />\r\n            <AggregateColumn field=\"Price\" type={AggregateType.Custom} customAggregate={pizzaPriceSumAggregateFn} footerTemplate={pizzaPriceFooter} />\r\n          </AggregateRow>          \r\n        </Aggregates>\r\n      </Grid>\r\n    </div>\r\n  );\r\n}",
  "src/foodOrderDetails.ts": "\r\nexport interface FoodOrderItem {\r\n  OrderNumber: string;\r\n  ChefId: string;\r\n  ChefName: string;\r\n  Status: string;\r\n  FoodName: string;\r\n  CustomerName: string;\r\n  OrderTime: string | Date; \r\n  EstimatedTime: string | Date; \r\n  Notified: string;\r\n  Price: number;\r\n  TableNumber: number;\r\n  CuisineType: string;\r\n}\r\n\r\nexport const foodOrderQueue: FoodOrderItem[] = [\r\n  {\r\n    \"OrderNumber\": \"ORD-001\",\r\n    \"ChefId\": \"CH-001\",\r\n    \"ChefName\": \"Alice Smith\",\r\n    \"Status\": \"Completed\",\r\n    \"FoodName\": \"Margherita Pizza\",\r\n    \"CustomerName\": \"John Doe\",\r\n    \"OrderTime\": \"2025-08-07T11:30:00\",\r\n    \"EstimatedTime\": \"2025-08-07T11:45:00\",\r\n    \"Notified\": \"Yes\",\r\n    \"Price\": 12.99,\r\n    \"TableNumber\": 8,\r\n    \"CuisineType\": \"Italian\"\r\n  },\r\n  {\r\n    \"OrderNumber\": \"ORD-002\",\r\n    \"ChefId\": \"CH-002\",\r\n    \"ChefName\": \"Bob Johnson\",\r\n    \"Status\": \"Not Started\",\r\n    \"FoodName\": \"Chicken Alfredo\",\r\n    \"CustomerName\": \"Emma Wilson\",\r\n    \"OrderTime\": \"2025-08-07T11:45:00\",\r\n    \"EstimatedTime\": \"2025-08-07T12:05:00\",\r\n    \"Notified\": \"No\",\r\n    \"Price\": 14.5,\r\n    \"TableNumber\": 12,\r\n    \"CuisineType\": \"Indian\"\r\n  },\r\n  {\r\n    \"OrderNumber\": \"ORD-003\",\r\n    \"ChefId\": \"CH-003\",\r\n    \"ChefName\": \"Michael Lee\",\r\n    \"Status\": \"In Progress\",\r\n    \"FoodName\": \"Vegetable Stir Fry\",\r\n    \"CustomerName\": \"Michael Lee\",\r\n    \"OrderTime\": \"2025-08-07T11:50:00\",\r\n    \"EstimatedTime\": \"2025-08-07T12:05:00\",\r\n    \"Notified\": \"No\",\r\n    \"Price\": 10.99,\r\n    \"TableNumber\": 1,\r\n    \"CuisineType\": \"Indian\"\r\n  },\r\n  {\r\n    \"OrderNumber\": \"ORD-004\",\r\n    \"ChefId\": \"CH-001\",\r\n    \"ChefName\": \"Alice Smith\",\r\n    \"Status\": \"In Progress\",\r\n    \"FoodName\": \"Spaghetti Carbonara\",\r\n    \"CustomerName\": \"Sarah Davis\",\r\n    \"OrderTime\": \"2025-08-07T12:00:00\",\r\n    \"EstimatedTime\": \"2025-08-07T12:20:00\",\r\n    \"Notified\": \"No\",\r\n    \"Price\": 13.75,\r\n    \"TableNumber\": 19,\r\n    \"CuisineType\": \"Mexican\"\r\n  },\r\n  {\r\n    \"OrderNumber\": \"ORD-005\",\r\n    \"ChefId\": \"CH-002\",\r\n    \"ChefName\": \"Bob Johnson\",\r\n    \"Status\": \"Completed\",\r\n    \"FoodName\": \"Grilled Salmon\",\r\n    \"CustomerName\": \"David Kim\",\r\n    \"OrderTime\": \"2025-08-07T11:40:00\",\r\n    \"EstimatedTime\": \"2025-08-07T12:05:00\",\r\n    \"Notified\": \"Yes\",\r\n    \"Price\": 18.99,\r\n    \"TableNumber\": 3,\r\n    \"CuisineType\": \"Mexican\"\r\n  },\r\n  {\r\n    \"OrderNumber\": \"ORD-006\",\r\n    \"ChefId\": \"CH-003\",\r\n    \"ChefName\": \"Michael Lee\",\r\n    \"Status\": \"Completed\",\r\n    \"FoodName\": \"Caesar Salad\",\r\n    \"CustomerName\": \"Lisa Taylor\",\r\n    \"OrderTime\": \"2025-08-07T11:35:00\",\r\n    \"EstimatedTime\": \"2025-08-07T11:45:00\",\r\n    \"Notified\": \"Yes\",\r\n    \"Price\": 8.5,\r\n    \"TableNumber\": 11,\r\n    \"CuisineType\": \"Italian\"\r\n  },\r\n  {\r\n    \"OrderNumber\": \"ORD-007\",\r\n    \"ChefId\": \"CH-001\",\r\n    \"ChefName\": \"Alice Smith\",\r\n    \"Status\": \"Not Started\",\r\n    \"FoodName\": \"Beef Tacos\",\r\n    \"CustomerName\": \"James Martinez\",\r\n    \"OrderTime\": \"2025-08-07T12:05:00\",\r\n    \"EstimatedTime\": \"2025-08-07T12:20:00\",\r\n    \"Notified\": \"No\",\r\n    \"Price\": 9.99,\r\n    \"TableNumber\": 18,\r\n    \"CuisineType\": \"Indian\"\r\n  },\r\n  {\r\n    \"OrderNumber\": \"ORD-008\",\r\n    \"ChefId\": \"CH-002\",\r\n    \"ChefName\": \"Bob Johnson\",\r\n    \"Status\": \"In Progress\",\r\n    \"FoodName\": \"Pad Thai\",\r\n    \"CustomerName\": \"Olivia Chen\",\r\n    \"OrderTime\": \"2025-08-07T12:10:00\",\r\n    \"EstimatedTime\": \"2025-08-07T12:30:00\",\r\n    \"Notified\": \"No\",\r\n    \"Price\": 11.99,\r\n    \"TableNumber\": 15,\r\n    \"CuisineType\": \"Thai\"\r\n  },\r\n  {\r\n    \"OrderNumber\": \"ORD-009\",\r\n    \"ChefId\": \"CH-003\",\r\n    \"ChefName\": \"Michael Lee\",\r\n    \"Status\": \"Not Started\",\r\n    \"FoodName\": \"Margherita Pizza\",\r\n    \"CustomerName\": \"Ethan Patel\",\r\n    \"OrderTime\": \"2025-08-07T12:15:00\",\r\n    \"EstimatedTime\": \"2025-08-07T12:40:00\",\r\n    \"Notified\": \"No\",\r\n    \"Price\": 12.99,\r\n    \"TableNumber\": 18,\r\n    \"CuisineType\": \"Italian\"\r\n  },\r\n  {\r\n    \"OrderNumber\": \"ORD-010\",\r\n    \"ChefId\": \"CH-001\",\r\n    \"ChefName\": \"Alice Smith\",\r\n    \"Status\": \"Completed\",\r\n    \"FoodName\": \"Butter Chicken\",\r\n    \"CustomerName\": \"Sophia Adams\",\r\n    \"OrderTime\": \"2025-08-07T11:55:00\",\r\n    \"EstimatedTime\": \"2025-08-07T12:15:00\",\r\n    \"Notified\": \"Yes\",\r\n    \"Price\": 15.5,\r\n    \"TableNumber\": 19,\r\n    \"CuisineType\": \"Thai\"\r\n  },\r\n  {\r\n    \"OrderNumber\": \"ORD-011\",\r\n    \"ChefId\": \"CH-001\",\r\n    \"ChefName\": \"Alice Smith\",\r\n    \"Status\": \"In Progress\",\r\n    \"FoodName\": \"Spaghetti Carbonara\",\r\n    \"CustomerName\": \"Sarah Davis\",\r\n    \"OrderTime\": \"2025-08-07T12:00:00\",\r\n    \"EstimatedTime\": \"2025-08-07T12:20:00\",\r\n    \"Notified\": \"No\",\r\n    \"Price\": 13.75,\r\n    \"TableNumber\": 15,\r\n    \"CuisineType\": \"Mexican\"\r\n  },\r\n  {\r\n    \"OrderNumber\": \"ORD-012\",\r\n    \"ChefId\": \"CH-003\",\r\n    \"ChefName\": \"Michael Lee\",\r\n    \"Status\": \"Not Started\",\r\n    \"FoodName\": \"Margherita Pizza\",\r\n    \"CustomerName\": \"Ethan Patel\",\r\n    \"OrderTime\": \"2025-08-07T12:15:00\",\r\n    \"EstimatedTime\": \"2025-08-07T12:40:00\",\r\n    \"Notified\": \"No\",\r\n    \"Price\": 12.99,\r\n    \"TableNumber\": 9,\r\n    \"CuisineType\": \"American\"\r\n  },\r\n  {\r\n    \"OrderNumber\": \"ORD-013\",\r\n    \"ChefId\": \"CH-003\",\r\n    \"ChefName\": \"Michael Lee\",\r\n    \"Status\": \"In Progress\",\r\n    \"FoodName\": \"Vegetable Stir Fry\",\r\n    \"CustomerName\": \"Michael Lee\",\r\n    \"OrderTime\": \"2025-08-07T11:50:00\",\r\n    \"EstimatedTime\": \"2025-08-07T12:05:00\",\r\n    \"Notified\": \"No\",\r\n    \"Price\": 10.99,\r\n    \"TableNumber\": 16,\r\n    \"CuisineType\": \"Thai\"\r\n  }\r\n];",
  "dependencies": "{\"@syncfusion/react-grid\":\"*\",\"@syncfusion/react-locale\":\"*\",\"@syncfusion/react-cldr-data\":\"*\"}"
}