{
  "src/App.css": "@import \"@syncfusion/react-base/styles/material3.css\";\n@import \"@syncfusion/react-buttons/styles/material3.css\";\n@import \"@syncfusion/react-popups/styles/material3.css\";\n@import \"@syncfusion/react-splitbuttons/styles/material3.css\";\n@import \"@syncfusion/react-inputs/styles/material3.css\";\n@import \"@syncfusion/react-calendars/styles/material3.css\";\n@import \"@syncfusion/react-lists/styles/material3.css\";\n@import \"@syncfusion/react-dropdowns/styles/material3.css\";\n@import \"@syncfusion/react-navigations/styles/material3.css\";\n@import \"@syncfusion/react-notifications/styles/material3.css\";\n@import \"@syncfusion/react-pager/styles/material3.css\";\n@import \"@syncfusion/react-grid/styles/material3.css\";\n",
  "src/App.tsx": "import { Grid, Column, Columns, SortSettings, PageSettings, ClipMode, TextAlign, FilterSettings, EditSettings, FilterBarType, EditType, ColumnType } from '@syncfusion/react-grid';\r\nimport { appointmentSchedule } from './appointmentData';\r\nimport { useState } from 'react';\r\n\r\nexport default function App() {\r\n    // Initialize state for filter, sort, edit and toolbar settings.   \r\n    const [filterSettings] = useState<FilterSettings>({enabled: true});\r\n    const [sortSettings] = useState<SortSettings>({enabled: true});   \r\n    const [editSettings] = useState<EditSettings>({ allowEdit: true, allowAdd: true, allowDelete: true });\r\n    const [toolbarSettings] = useState<string[]>(['Add', 'Edit', 'Delete', 'Update', 'Cancel']);\r\n    // Initialize page settings with pagination enabled, page size, and count.\r\n    const [pageSettings] = useState<PageSettings>({ enabled: true, pageSize: 8, pageCount: 4 });\r\n    // Validation rules for primary key and customer name.\r\n    const primaryValueRules = { required: true, number: true };\r\n    const customerNameRules = { required: true };\r\n    // Initialize static minimum and maximum dates for the DatePicker.\r\n    const bookingDateParams = {\r\n      type: EditType.DatePicker,\r\n      params: {          \r\n        minDate: new Date(2025, 0, 1), \r\n        maxDate: new Date(2025, 1, 28), \r\n      },\r\n    };\r\n    const appointmentDateParams = {\r\n      type: EditType.DatePicker,\r\n      params: {          \r\n        minDate: new Date(2025, 2, 1), \r\n        maxDate: new Date(2025, 3, 30),\r\n      },\r\n    };\r\n  return (\r\n    <div>\r\n      <Grid dataSource={appointmentSchedule} editSettings={editSettings} toolbar={toolbarSettings} filterSettings={filterSettings} sortSettings={sortSettings} pageSettings={pageSettings} >    \r\n        <Columns>\r\n          <Column field='AppointmentID' headerText='ID' isPrimaryKey={true} textAlign={TextAlign.Right} filter={{filterBarType:FilterBarType.NumericTextBox}} validationRules={primaryValueRules} width=\"100px\"/>\r\n          <Column field=\"ServiceItem\" headerText=\"Product\" width=\"130px\" />\r\n          <Column field=\"CustomerName\" headerText=\"Customer Name\" validationRules={customerNameRules} width=\"150px\" />\r\n          <Column field=\"CreatedDate\" headerText=\"Booking Date\" type={ColumnType.Date} format= {{type:'date', format : 'dd.MM.yyyy'}} textAlign={TextAlign.Right} edit={bookingDateParams} filter={{filterBarType:FilterBarType.DatePicker}} width=\"160px\" />\r\n          <Column field=\"AppointmentDate\" headerText=\"Appointment Date\" type={ColumnType.Date} format= {{type:'date', format: 'dd/MM/yyyy'}} textAlign={TextAlign.Right} edit={appointmentDateParams} filter={{filterBarType:FilterBarType.DatePicker}} width=\"160px\" clipMode={ClipMode.EllipsisWithTooltip}/>\r\n          <Column field=\"ServiceFee\" headerText=\"Service Fee\" format=\"C2\" textAlign={TextAlign.Right} edit={{ type:EditType.NumericTextBox}} filter={{filterBarType:FilterBarType.NumericTextBox}} width=\"140px\" />\r\n        </Columns>\r\n      </Grid>\r\n    </div>\r\n  );\r\n};",
  "src/appointmentData.ts": "export interface AppointmentItem {\r\n  AppointmentID: number;\r\n  CustomerName: string;\r\n  ServiceDurationHours: number;\r\n  ServiceType: string;\r\n  IsCompleted: boolean;\r\n  TechnicianID: number;\r\n  Location: string;\r\n  ServiceFee: number;\r\n  ServiceItem: string;\r\n  AppointmentDate: Date;\r\n  FollowUpDate: Date;\r\n  CreatedDate: Date;\r\n}\r\n\r\nexport const appointmentSchedule: AppointmentItem[] = [\r\n  {\r\n    \"AppointmentID\": 1,\r\n    \"CustomerName\": \"James Smith\",\r\n    \"ServiceDurationHours\": 1.54,\r\n    \"ServiceType\": \"Inspection\",\r\n    \"IsCompleted\": true,\r\n    \"TechnicianID\": 562,\r\n    \"Location\": \"Austin\",\r\n    \"ServiceFee\": 335.39,\r\n    \"ServiceItem\": \"Thermostat\",\r\n    \"AppointmentDate\": new Date(1742486400000),\r\n    \"FollowUpDate\": new Date(1738602000000),\r\n    \"CreatedDate\": new Date(1736956800000)\r\n  },\r\n  {\r\n    \"AppointmentID\": 2,\r\n    \"CustomerName\": \"Emily Davis\",\r\n    \"ServiceDurationHours\": 2.25,\r\n    \"ServiceType\": \"Installation\",\r\n    \"IsCompleted\": true,\r\n    \"TechnicianID\": 589,\r\n    \"Location\": \"Houston\",\r\n    \"ServiceFee\": 289.99,\r\n    \"ServiceItem\": \"Microwave Oven\",\r\n    \"AppointmentDate\": new Date(1743253200000),\r\n    \"FollowUpDate\": new Date(1740319200000),\r\n    \"CreatedDate\": new Date(1737723600000)\r\n  },\r\n  {\r\n    \"AppointmentID\": 3,\r\n    \"CustomerName\": \"Michael Brown\",\r\n    \"ServiceDurationHours\": 1.75,\r\n    \"ServiceType\": \"Maintenance\",\r\n    \"IsCompleted\": true,\r\n    \"TechnicianID\": 555,\r\n    \"Location\": \"Dallas\",\r\n    \"ServiceFee\": 199.5,\r\n    \"ServiceItem\": \"Refrigerator\",\r\n    \"AppointmentDate\": new Date(1744794000000),\r\n    \"FollowUpDate\": new Date(1740744000000),\r\n    \"CreatedDate\": new Date(1739610000000)\r\n  },\r\n  {\r\n    \"AppointmentID\": 4,\r\n    \"CustomerName\": \"Maria Garcia\",\r\n    \"ServiceDurationHours\": 3.0,\r\n    \"ServiceType\": \"Inspection\",\r\n    \"IsCompleted\": true,\r\n    \"TechnicianID\": 600,\r\n    \"Location\": \"San Antonio\",\r\n    \"ServiceFee\": 410.75,\r\n    \"ServiceItem\": \"Smoke Detector\",\r\n    \"AppointmentDate\": new Date(1744189200000),\r\n    \"FollowUpDate\": new Date(1741168800000),\r\n    \"CreatedDate\": new Date(1738918800000)\r\n  },\r\n  {\r\n    \"AppointmentID\": 5,\r\n    \"CustomerName\": \"David Wilson\",\r\n    \"ServiceDurationHours\": 2.1,\r\n    \"ServiceType\": \"Installation\",\r\n    \"IsCompleted\": true,\r\n    \"TechnicianID\": 593,\r\n    \"Location\": \"Austin\",\r\n    \"ServiceFee\": 320.0,\r\n    \"ServiceItem\": \"Security System\",\r\n    \"AppointmentDate\": new Date(1741078800000),\r\n    \"FollowUpDate\": new Date(1741176000000),\r\n    \"CreatedDate\": new Date(1738227600000)\r\n  },\r\n  {\r\n    \"AppointmentID\": 6,\r\n    \"CustomerName\": \"James Smith\",\r\n    \"ServiceDurationHours\": 1.54,\r\n    \"ServiceType\": \"Inspection\",\r\n    \"IsCompleted\": true,\r\n    \"TechnicianID\": 562,\r\n    \"Location\": \"Austin\",\r\n    \"ServiceFee\": 335.39,\r\n    \"ServiceItem\": \"Thermostat\",\r\n    \"AppointmentDate\": new Date(1743076800000),\r\n    \"FollowUpDate\": new Date(1739541600000),\r\n    \"CreatedDate\": new Date(1737547200000)\r\n  },\r\n  {\r\n    \"AppointmentID\": 7,\r\n    \"CustomerName\": \"Emily Davis\",\r\n    \"ServiceDurationHours\": 2.25,\r\n    \"ServiceType\": \"Installation\",\r\n    \"IsCompleted\": true,\r\n    \"TechnicianID\": 589,\r\n    \"Location\": \"Houston\",\r\n    \"ServiceFee\": 289.99,\r\n    \"ServiceItem\": \"Microwave Oven\",\r\n    \"AppointmentDate\": new Date(1741597200000),\r\n    \"FollowUpDate\": new Date(1738411200000),\r\n    \"CreatedDate\": new Date(1736240400000)\r\n  },\r\n  {\r\n    \"AppointmentID\": 8,\r\n    \"CustomerName\": \"Michael Brown\",\r\n    \"ServiceDurationHours\": 1.75,\r\n    \"ServiceType\": \"Maintenance\",\r\n    \"IsCompleted\": true,\r\n    \"TechnicianID\": 555,\r\n    \"Location\": \"Dallas\",\r\n    \"ServiceFee\": 199.5,\r\n    \"ServiceItem\": \"Refrigerator\",\r\n    \"AppointmentDate\": new Date(1745330400000),\r\n    \"FollowUpDate\": new Date(1742742000000),\r\n    \"CreatedDate\": new Date(1739800800000)\r\n  },\r\n  {\r\n    \"AppointmentID\": 9,\r\n    \"CustomerName\": \"Maria Garcia\",\r\n    \"ServiceDurationHours\": 3.0,\r\n    \"ServiceType\": \"Inspection\",\r\n    \"IsCompleted\": true,\r\n    \"TechnicianID\": 600,\r\n    \"Location\": \"San Antonio\",\r\n    \"ServiceFee\": 410.75,\r\n    \"ServiceItem\": \"Smoke Detector\",\r\n    \"AppointmentDate\": new Date(1743595200000),\r\n    \"FollowUpDate\": new Date(1743339600000),\r\n    \"CreatedDate\": new Date(1740571200000)\r\n  },\r\n  {\r\n    \"AppointmentID\": 10,\r\n    \"CustomerName\": \"David Wilson\",\r\n    \"ServiceDurationHours\": 2.1,\r\n    \"ServiceType\": \"Installation\",\r\n    \"IsCompleted\": true,\r\n    \"TechnicianID\": 593,\r\n    \"Location\": \"Austin\",\r\n    \"ServiceFee\": 320.0,\r\n    \"ServiceItem\": \"Security System\",\r\n    \"AppointmentDate\": new Date(1744736400000),\r\n    \"FollowUpDate\": new Date(1741114800000),\r\n    \"CreatedDate\": new Date(1739466000000)\r\n  },\r\n  {\r\n    \"AppointmentID\": 11,\r\n    \"CustomerName\": \"James Smith\",\r\n    \"ServiceDurationHours\": 1.54,\r\n    \"ServiceType\": \"Inspection\",\r\n    \"IsCompleted\": true,\r\n    \"TechnicianID\": 562,\r\n    \"Location\": \"Austin\",\r\n    \"ServiceFee\": 335.39,\r\n    \"ServiceItem\": \"Thermostat\",\r\n    \"AppointmentDate\": new Date(1744027200000),\r\n    \"FollowUpDate\": new Date(1739890800000),\r\n    \"CreatedDate\": new Date(1738670400000)\r\n  },\r\n  {\r\n    \"AppointmentID\": 12,\r\n    \"CustomerName\": \"Emily Davis\",\r\n    \"ServiceDurationHours\": 2.25,\r\n    \"ServiceType\": \"Installation\",\r\n    \"IsCompleted\": true,\r\n    \"TechnicianID\": 589,\r\n    \"Location\": \"Houston\",\r\n    \"ServiceFee\": 289.99,\r\n    \"ServiceItem\": \"Microwave Oven\",\r\n    \"AppointmentDate\": new Date(1745593200000),\r\n    \"FollowUpDate\": new Date(1741975200000),\r\n    \"CreatedDate\": new Date(1740322800000)\r\n  },\r\n  {\r\n    \"AppointmentID\": 13,\r\n    \"CustomerName\": \"Michael Brown\",\r\n    \"ServiceDurationHours\": 1.75,\r\n    \"ServiceType\": \"Maintenance\",\r\n    \"IsCompleted\": true,\r\n    \"TechnicianID\": 555,\r\n    \"Location\": \"Dallas\",\r\n    \"ServiceFee\": 199.5,\r\n    \"ServiceItem\": \"Refrigerator\",\r\n    \"AppointmentDate\": new Date(1741712400000),\r\n    \"FollowUpDate\": new Date(1738951200000),\r\n    \"CreatedDate\": new Date(1736182800000)\r\n  },\r\n  {\r\n    \"AppointmentID\": 14,\r\n    \"CustomerName\": \"Maria Garcia\",\r\n    \"ServiceDurationHours\": 3.0,\r\n    \"ServiceType\": \"Inspection\",\r\n    \"IsCompleted\": true,\r\n    \"TechnicianID\": 600,\r\n    \"Location\": \"San Antonio\",\r\n    \"ServiceFee\": 410.75,\r\n    \"ServiceItem\": \"Smoke Detector\",\r\n    \"AppointmentDate\": new Date(1744390800000),\r\n    \"FollowUpDate\": new Date(1740769200000),\r\n    \"CreatedDate\": new Date(1739120400000)\r\n  },\r\n  {\r\n    \"AppointmentID\": 15,\r\n    \"CustomerName\": \"David Wilson\",\r\n    \"ServiceDurationHours\": 2.1,\r\n    \"ServiceType\": \"Installation\",\r\n    \"IsCompleted\": true,\r\n    \"TechnicianID\": 593,\r\n    \"Location\": \"Austin\",\r\n    \"ServiceFee\": 320.0,\r\n    \"ServiceItem\": \"Security System\",\r\n    \"AppointmentDate\": new Date(1742475600000),\r\n    \"FollowUpDate\": new Date(1739282400000),\r\n    \"CreatedDate\": new Date(1737205200000)\r\n  },\r\n  {\r\n    \"AppointmentID\": 16,\r\n    \"CustomerName\": \"James Smith\",\r\n    \"ServiceDurationHours\": 1.54,\r\n    \"ServiceType\": \"Inspection\",\r\n    \"IsCompleted\": true,\r\n    \"TechnicianID\": 562,\r\n    \"Location\": \"Austin\",\r\n    \"ServiceFee\": 335.39,\r\n    \"ServiceItem\": \"Thermostat\",\r\n    \"AppointmentDate\": new Date(1742115600000),\r\n    \"FollowUpDate\": new Date(1737975600000),\r\n    \"CreatedDate\": new Date(1736586000000)\r\n  },\r\n  {\r\n    \"AppointmentID\": 17,\r\n    \"CustomerName\": \"Emily Davis\",\r\n    \"ServiceDurationHours\": 2.25,\r\n    \"ServiceType\": \"Installation\",\r\n    \"IsCompleted\": true,\r\n    \"TechnicianID\": 589,\r\n    \"Location\": \"Houston\",\r\n    \"ServiceFee\": 289.99,\r\n    \"ServiceItem\": \"Microwave Oven\",\r\n    \"AppointmentDate\": new Date(1743872400000),\r\n    \"FollowUpDate\": new Date(1739991600000),\r\n    \"CreatedDate\": new Date(1738429200000)\r\n  },\r\n  {\r\n    \"AppointmentID\": 18,\r\n    \"CustomerName\": \"Michael Brown\",\r\n    \"ServiceDurationHours\": 1.75,\r\n    \"ServiceType\": \"Maintenance\",\r\n    \"IsCompleted\": true,\r\n    \"TechnicianID\": 555,\r\n    \"Location\": \"Dallas\",\r\n    \"ServiceFee\": 199.5,\r\n    \"ServiceItem\": \"Refrigerator\",\r\n    \"AppointmentDate\": new Date(1742137200000),\r\n    \"FollowUpDate\": new Date(1738173600000),\r\n    \"CreatedDate\": new Date(1736953200000)\r\n  },\r\n  {\r\n    \"AppointmentID\": 19,\r\n    \"CustomerName\": \"Maria Garcia\",\r\n    \"ServiceDurationHours\": 3.0,\r\n    \"ServiceType\": \"Inspection\",\r\n    \"IsCompleted\": true,\r\n    \"TechnicianID\": 600,\r\n    \"Location\": \"San Antonio\",\r\n    \"ServiceFee\": 410.75,\r\n    \"ServiceItem\": \"Smoke Detector\",\r\n    \"AppointmentDate\": new Date(1744902000000),\r\n    \"FollowUpDate\": new Date(1741968000000),\r\n    \"CreatedDate\": new Date(1739458800000)\r\n  },\r\n  {\r\n    \"AppointmentID\": 20,\r\n    \"CustomerName\": \"David Wilson\",\r\n    \"ServiceDurationHours\": 2.1,\r\n    \"ServiceType\": \"Installation\",\r\n    \"IsCompleted\": true,\r\n    \"TechnicianID\": 593,\r\n    \"Location\": \"Austin\",\r\n    \"ServiceFee\": 320.0,\r\n    \"ServiceItem\": \"Security System\",\r\n    \"AppointmentDate\": new Date(1743840000000),\r\n    \"FollowUpDate\": new Date(1739610000000),\r\n    \"CreatedDate\": new Date(1738396800000)\r\n  },\r\n  {\r\n    \"AppointmentID\": 21,\r\n    \"CustomerName\": \"James Smith\",\r\n    \"ServiceDurationHours\": 1.54,\r\n    \"ServiceType\": \"Inspection\",\r\n    \"IsCompleted\": true,\r\n    \"TechnicianID\": 562,\r\n    \"Location\": \"Austin\",\r\n    \"ServiceFee\": 335.39,\r\n    \"ServiceItem\": \"Thermostat\",\r\n    \"AppointmentDate\": new Date(1745586000000),\r\n    \"FollowUpDate\": new Date(1741356000000),\r\n    \"CreatedDate\": new Date(1740229200000)\r\n  },\r\n  {\r\n    \"AppointmentID\": 22,\r\n    \"CustomerName\": \"Emily Davis\",\r\n    \"ServiceDurationHours\": 2.25,\r\n    \"ServiceType\": \"Installation\",\r\n    \"IsCompleted\": true,\r\n    \"TechnicianID\": 589,\r\n    \"Location\": \"Houston\",\r\n    \"ServiceFee\": 289.99,\r\n    \"ServiceItem\": \"Microwave Oven\",\r\n    \"AppointmentDate\": new Date(1745067600000),\r\n    \"FollowUpDate\": new Date(1742133600000),\r\n    \"CreatedDate\": new Date(1739797200000)\r\n  },\r\n  {\r\n    \"AppointmentID\": 23,\r\n    \"CustomerName\": \"Michael Brown\",\r\n    \"ServiceDurationHours\": 1.75,\r\n    \"ServiceType\": \"Maintenance\",\r\n    \"IsCompleted\": true,\r\n    \"TechnicianID\": 555,\r\n    \"Location\": \"Dallas\",\r\n    \"ServiceFee\": 199.5,\r\n    \"ServiceItem\": \"Refrigerator\",\r\n    \"AppointmentDate\": new Date(1742209200000),\r\n    \"FollowUpDate\": new Date(1738497600000),\r\n    \"CreatedDate\": new Date(1736852400000)\r\n  },\r\n  {\r\n    \"AppointmentID\": 24,\r\n    \"CustomerName\": \"Maria Garcia\",\r\n    \"ServiceDurationHours\": 3.0,\r\n    \"ServiceType\": \"Inspection\",\r\n    \"IsCompleted\": true,\r\n    \"TechnicianID\": 600,\r\n    \"Location\": \"San Antonio\",\r\n    \"ServiceFee\": 410.75,\r\n    \"ServiceItem\": \"Smoke Detector\",\r\n    \"AppointmentDate\": new Date(1745424000000),\r\n    \"FollowUpDate\": new Date(1741370400000),\r\n    \"CreatedDate\": new Date(1739894400000)\r\n  },\r\n  {\r\n    \"AppointmentID\": 25,\r\n    \"CustomerName\": \"David Wilson\",\r\n    \"ServiceDurationHours\": 2.1,\r\n    \"ServiceType\": \"Installation\",\r\n    \"IsCompleted\": true,\r\n    \"TechnicianID\": 593,\r\n    \"Location\": \"Austin\",\r\n    \"ServiceFee\": 320.0,\r\n    \"ServiceItem\": \"Security System\",\r\n    \"AppointmentDate\": new Date(1744545600000),\r\n    \"FollowUpDate\": new Date(1741006800000),\r\n    \"CreatedDate\": new Date(1739275200000)\r\n  },\r\n  {\r\n    \"AppointmentID\": 26,\r\n    \"CustomerName\": \"James Smith\",\r\n    \"ServiceDurationHours\": 1.54,\r\n    \"ServiceType\": \"Inspection\",\r\n    \"IsCompleted\": true,\r\n    \"TechnicianID\": 562,\r\n    \"Location\": \"Austin\",\r\n    \"ServiceFee\": 335.39,\r\n    \"ServiceItem\": \"Thermostat\",\r\n    \"AppointmentDate\": new Date(1741885200000),\r\n    \"FollowUpDate\": new Date(1737745200000),\r\n    \"CreatedDate\": new Date(1736614800000)\r\n  },\r\n  {\r\n    \"AppointmentID\": 27,\r\n    \"CustomerName\": \"Emily Davis\",\r\n    \"ServiceDurationHours\": 2.25,\r\n    \"ServiceType\": \"Installation\",\r\n    \"IsCompleted\": true,\r\n    \"TechnicianID\": 589,\r\n    \"Location\": \"Houston\",\r\n    \"ServiceFee\": 289.99,\r\n    \"ServiceItem\": \"Microwave Oven\",\r\n    \"AppointmentDate\": new Date(1742464800000),\r\n    \"FollowUpDate\": new Date(1738929600000),\r\n    \"CreatedDate\": new Date(1737194400000)\r\n  },\r\n  {\r\n    \"AppointmentID\": 28,\r\n    \"CustomerName\": \"Michael Brown\",\r\n    \"ServiceDurationHours\": 1.75,\r\n    \"ServiceType\": \"Maintenance\",\r\n    \"IsCompleted\": true,\r\n    \"TechnicianID\": 555,\r\n    \"Location\": \"Dallas\",\r\n    \"ServiceFee\": 199.5,\r\n    \"ServiceItem\": \"Refrigerator\",\r\n    \"AppointmentDate\": new Date(1741352400000),\r\n    \"FollowUpDate\": new Date(1738512000000),\r\n    \"CreatedDate\": new Date(1736168400000)\r\n  },\r\n  {\r\n    \"AppointmentID\": 29,\r\n    \"CustomerName\": \"Maria Garcia\",\r\n    \"ServiceDurationHours\": 3.0,\r\n    \"ServiceType\": \"Inspection\",\r\n    \"IsCompleted\": true,\r\n    \"TechnicianID\": 600,\r\n    \"Location\": \"San Antonio\",\r\n    \"ServiceFee\": 410.75,\r\n    \"ServiceItem\": \"Smoke Detector\",\r\n    \"AppointmentDate\": new Date(1741420800000),\r\n    \"FollowUpDate\": new Date(1737284400000),\r\n    \"CreatedDate\": new Date(1735977600000)\r\n  },\r\n  {\r\n    \"AppointmentID\": 30,\r\n    \"CustomerName\": \"David Wilson\",\r\n    \"ServiceDurationHours\": 2.1,\r\n    \"ServiceType\": \"Installation\",\r\n    \"IsCompleted\": true,\r\n    \"TechnicianID\": 593,\r\n    \"Location\": \"Austin\",\r\n    \"ServiceFee\": 320.0,\r\n    \"ServiceItem\": \"Security System\",\r\n    \"AppointmentDate\": new Date(1742464800000),\r\n    \"FollowUpDate\": new Date(1739530800000),\r\n    \"CreatedDate\": new Date(1737021600000)\r\n  },\r\n  {\r\n    \"AppointmentID\": 31,\r\n    \"CustomerName\": \"James Smith\",\r\n    \"ServiceDurationHours\": 1.54,\r\n    \"ServiceType\": \"Inspection\",\r\n    \"IsCompleted\": true,\r\n    \"TechnicianID\": 562,\r\n    \"Location\": \"Austin\",\r\n    \"ServiceFee\": 335.39,\r\n    \"ServiceItem\": \"Thermostat\",\r\n    \"AppointmentDate\": new Date(1742655600000),\r\n    \"FollowUpDate\": new Date(1740157200000),\r\n    \"CreatedDate\": new Date(1737126000000)\r\n  },\r\n  {\r\n    \"AppointmentID\": 32,\r\n    \"CustomerName\": \"Emily Davis\",\r\n    \"ServiceDurationHours\": 2.25,\r\n    \"ServiceType\": \"Installation\",\r\n    \"IsCompleted\": true,\r\n    \"TechnicianID\": 589,\r\n    \"Location\": \"Houston\",\r\n    \"ServiceFee\": 289.99,\r\n    \"ServiceItem\": \"Microwave Oven\",\r\n    \"AppointmentDate\": new Date(1741176000000),\r\n    \"FollowUpDate\": new Date(1738422000000),\r\n    \"CreatedDate\": new Date(1735905600000)\r\n  },\r\n  {\r\n    \"AppointmentID\": 33,\r\n    \"CustomerName\": \"Michael Brown\",\r\n    \"ServiceDurationHours\": 1.75,\r\n    \"ServiceType\": \"Maintenance\",\r\n    \"IsCompleted\": true,\r\n    \"TechnicianID\": 555,\r\n    \"Location\": \"Dallas\",\r\n    \"ServiceFee\": 199.5,\r\n    \"ServiceItem\": \"Refrigerator\",\r\n    \"AppointmentDate\": new Date(1742043600000),\r\n    \"FollowUpDate\": new Date(1738076400000),\r\n    \"CreatedDate\": new Date(1736600400000)\r\n  },\r\n  {\r\n    \"AppointmentID\": 34,\r\n    \"CustomerName\": \"Maria Garcia\",\r\n    \"ServiceDurationHours\": 3.0,\r\n    \"ServiceType\": \"Inspection\",\r\n    \"IsCompleted\": true,\r\n    \"TechnicianID\": 600,\r\n    \"Location\": \"San Antonio\",\r\n    \"ServiceFee\": 410.75,\r\n    \"ServiceItem\": \"Smoke Detector\",\r\n    \"AppointmentDate\": new Date(1744815600000),\r\n    \"FollowUpDate\": new Date(1740758400000),\r\n    \"CreatedDate\": new Date(1739458800000)\r\n  },\r\n  {\r\n    \"AppointmentID\": 35,\r\n    \"CustomerName\": \"David Wilson\",\r\n    \"ServiceDurationHours\": 2.1,\r\n    \"ServiceType\": \"Installation\",\r\n    \"IsCompleted\": true,\r\n    \"TechnicianID\": 593,\r\n    \"Location\": \"Austin\",\r\n    \"ServiceFee\": 320.0,\r\n    \"ServiceItem\": \"Security System\",\r\n    \"AppointmentDate\": new Date(1743598800000),\r\n    \"FollowUpDate\": new Date(1743523200000),\r\n    \"CreatedDate\": new Date(1740661200000)\r\n  },\r\n  {\r\n    \"AppointmentID\": 36,\r\n    \"CustomerName\": \"James Smith\",\r\n    \"ServiceDurationHours\": 1.54,\r\n    \"ServiceType\": \"Inspection\",\r\n    \"IsCompleted\": true,\r\n    \"TechnicianID\": 562,\r\n    \"Location\": \"Austin\",\r\n    \"ServiceFee\": 335.39,\r\n    \"ServiceItem\": \"Thermostat\",\r\n    \"AppointmentDate\": new Date(1744974000000),\r\n    \"FollowUpDate\": new Date(1741438800000),\r\n    \"CreatedDate\": new Date(1739703600000)\r\n  },\r\n  {\r\n    \"AppointmentID\": 37,\r\n    \"CustomerName\": \"Emily Davis\",\r\n    \"ServiceDurationHours\": 2.25,\r\n    \"ServiceType\": \"Installation\",\r\n    \"IsCompleted\": true,\r\n    \"TechnicianID\": 589,\r\n    \"Location\": \"Houston\",\r\n    \"ServiceFee\": 289.99,\r\n    \"ServiceItem\": \"Microwave Oven\",\r\n    \"AppointmentDate\": new Date(1742655600000),\r\n    \"FollowUpDate\": new Date(1740157200000),\r\n    \"CreatedDate\": new Date(1737126000000)\r\n  },\r\n  {\r\n    \"AppointmentID\": 38,\r\n    \"CustomerName\": \"Michael Brown\",\r\n    \"ServiceDurationHours\": 1.75,\r\n    \"ServiceType\": \"Maintenance\",\r\n    \"IsCompleted\": true,\r\n    \"TechnicianID\": 555,\r\n    \"Location\": \"Dallas\",\r\n    \"ServiceFee\": 199.5,\r\n    \"ServiceItem\": \"Refrigerator\",\r\n    \"AppointmentDate\": new Date(1745226000000),\r\n    \"FollowUpDate\": new Date(1742641200000),\r\n    \"CreatedDate\": new Date(1739782800000)\r\n  },\r\n  {\r\n    \"AppointmentID\": 39,\r\n    \"CustomerName\": \"Maria Garcia\",\r\n    \"ServiceDurationHours\": 3.0,\r\n    \"ServiceType\": \"Inspection\",\r\n    \"IsCompleted\": true,\r\n    \"TechnicianID\": 600,\r\n    \"Location\": \"San Antonio\",\r\n    \"ServiceFee\": 410.75,\r\n    \"ServiceItem\": \"Smoke Detector\",\r\n    \"AppointmentDate\": new Date(1742655600000),\r\n    \"FollowUpDate\": new Date(1740157200000),\r\n    \"CreatedDate\": new Date(1737126000000)\r\n  },\r\n  {\r\n    \"AppointmentID\": 40,\r\n    \"CustomerName\": \"David Wilson\",\r\n    \"ServiceDurationHours\": 2.1,\r\n    \"ServiceType\": \"Installation\",\r\n    \"IsCompleted\": true,\r\n    \"TechnicianID\": 593,\r\n    \"Location\": \"Austin\",\r\n    \"ServiceFee\": 320.0,\r\n    \"ServiceItem\": \"Security System\",\r\n    \"AppointmentDate\": new Date(1740848400000),\r\n    \"FollowUpDate\": new Date(1739991600000),\r\n    \"CreatedDate\": new Date(1738170000000)\r\n  },\r\n  {\r\n    \"AppointmentID\": 41,\r\n    \"CustomerName\": \"James Smith\",\r\n    \"ServiceDurationHours\": 1.54,\r\n    \"ServiceType\": \"Inspection\",\r\n    \"IsCompleted\": true,\r\n    \"TechnicianID\": 562,\r\n    \"Location\": \"Austin\",\r\n    \"ServiceFee\": 335.39,\r\n    \"ServiceItem\": \"Thermostat\",\r\n    \"AppointmentDate\": new Date(1744822800000),\r\n    \"FollowUpDate\": new Date(1741118400000),\r\n    \"CreatedDate\": new Date(1739466000000)\r\n  },\r\n  {\r\n    \"AppointmentID\": 42,\r\n    \"CustomerName\": \"Emily Davis\",\r\n    \"ServiceDurationHours\": 2.25,\r\n    \"ServiceType\": \"Installation\",\r\n    \"IsCompleted\": true,\r\n    \"TechnicianID\": 589,\r\n    \"Location\": \"Houston\",\r\n    \"ServiceFee\": 289.99,\r\n    \"ServiceItem\": \"Microwave Oven\",\r\n    \"AppointmentDate\": new Date(1742806800000),\r\n    \"FollowUpDate\": new Date(1740218400000),\r\n    \"CreatedDate\": new Date(1737536400000)\r\n  },\r\n  {\r\n    \"AppointmentID\": 43,\r\n    \"CustomerName\": \"Michael Brown\",\r\n    \"ServiceDurationHours\": 1.75,\r\n    \"ServiceType\": \"Maintenance\",\r\n    \"IsCompleted\": true,\r\n    \"TechnicianID\": 555,\r\n    \"Location\": \"Dallas\",\r\n    \"ServiceFee\": 199.5,\r\n    \"ServiceItem\": \"Refrigerator\",\r\n    \"AppointmentDate\": new Date(1743764400000),\r\n    \"FollowUpDate\": new Date(1739620800000),\r\n    \"CreatedDate\": new Date(1738407600000)\r\n  },\r\n  {\r\n    \"AppointmentID\": 44,\r\n    \"CustomerName\": \"Maria Garcia\",\r\n    \"ServiceDurationHours\": 3.0,\r\n    \"ServiceType\": \"Inspection\",\r\n    \"IsCompleted\": true,\r\n    \"TechnicianID\": 600,\r\n    \"Location\": \"San Antonio\",\r\n    \"ServiceFee\": 410.75,\r\n    \"ServiceItem\": \"Smoke Detector\",\r\n    \"AppointmentDate\": new Date(1741863600000),\r\n    \"FollowUpDate\": new Date(1738843200000),\r\n    \"CreatedDate\": new Date(1736679600000)\r\n  },\r\n  {\r\n    \"AppointmentID\": 45,\r\n    \"CustomerName\": \"David Wilson\",\r\n    \"ServiceDurationHours\": 2.1,\r\n    \"ServiceType\": \"Installation\",\r\n    \"IsCompleted\": true,\r\n    \"TechnicianID\": 593,\r\n    \"Location\": \"Austin\",\r\n    \"ServiceFee\": 320.0,\r\n    \"ServiceItem\": \"Security System\",\r\n    \"AppointmentDate\": new Date(1745071200000),\r\n    \"FollowUpDate\": new Date(1741622400000),\r\n    \"CreatedDate\": new Date(1739800800000)\r\n  },\r\n  {\r\n    \"AppointmentID\": 46,\r\n    \"CustomerName\": \"James Smith\",\r\n    \"ServiceDurationHours\": 1.54,\r\n    \"ServiceType\": \"Inspection\",\r\n    \"IsCompleted\": true,\r\n    \"TechnicianID\": 562,\r\n    \"Location\": \"Austin\",\r\n    \"ServiceFee\": 335.39,\r\n    \"ServiceItem\": \"Thermostat\",\r\n    \"AppointmentDate\": new Date(1740913200000),\r\n    \"FollowUpDate\": new Date(1739887200000),\r\n    \"CreatedDate\": new Date(1738148400000)\r\n  },\r\n  {\r\n    \"AppointmentID\": 47,\r\n    \"CustomerName\": \"Emily Davis\",\r\n    \"ServiceDurationHours\": 2.25,\r\n    \"ServiceType\": \"Installation\",\r\n    \"IsCompleted\": true,\r\n    \"TechnicianID\": 589,\r\n    \"Location\": \"Houston\",\r\n    \"ServiceFee\": 289.99,\r\n    \"ServiceItem\": \"Microwave Oven\",\r\n    \"AppointmentDate\": new Date(1742299200000),\r\n    \"FollowUpDate\": new Date(1738760400000),\r\n    \"CreatedDate\": new Date(1737115200000)\r\n  },\r\n  {\r\n    \"AppointmentID\": 48,\r\n    \"CustomerName\": \"Michael Brown\",\r\n    \"ServiceDurationHours\": 1.75,\r\n    \"ServiceType\": \"Maintenance\",\r\n    \"IsCompleted\": true,\r\n    \"TechnicianID\": 555,\r\n    \"Location\": \"Dallas\",\r\n    \"ServiceFee\": 199.5,\r\n    \"ServiceItem\": \"Refrigerator\",\r\n    \"AppointmentDate\": new Date(1743001200000),\r\n    \"FollowUpDate\": new Date(1739124000000),\r\n    \"CreatedDate\": new Date(1737730800000)\r\n  },\r\n  {\r\n    \"AppointmentID\": 49,\r\n    \"CustomerName\": \"Maria Garcia\",\r\n    \"ServiceDurationHours\": 3.0,\r\n    \"ServiceType\": \"Inspection\",\r\n    \"IsCompleted\": true,\r\n    \"TechnicianID\": 600,\r\n    \"Location\": \"San Antonio\",\r\n    \"ServiceFee\": 410.75,\r\n    \"ServiceItem\": \"Smoke Detector\",\r\n    \"AppointmentDate\": new Date(1745600400000),\r\n    \"FollowUpDate\": new Date(1742670000000),\r\n    \"CreatedDate\": new Date(1740330000000)\r\n  },\r\n  {\r\n    \"AppointmentID\": 50,\r\n    \"CustomerName\": \"David Wilson\",\r\n    \"ServiceDurationHours\": 2.1,\r\n    \"ServiceType\": \"Installation\",\r\n    \"IsCompleted\": true,\r\n    \"TechnicianID\": 593,\r\n    \"Location\": \"Austin\",\r\n    \"ServiceFee\": 320.0,\r\n    \"ServiceItem\": \"Security System\",\r\n    \"AppointmentDate\": new Date(1745334000000),\r\n    \"FollowUpDate\": new Date(1741111200000),\r\n    \"CreatedDate\": new Date(1739890800000)\r\n  }\r\n];",
  "dependencies": "{\"@syncfusion/react-grid\":\"*\",\"@syncfusion/react-locale\":\"*\",\"@syncfusion/react-cldr-data\":\"*\"}"
}