{
  "src/App.css": "@import \"@syncfusion/react-base/styles/material3.css\";\n@import \"@syncfusion/react-buttons/styles/material3.css\";\n@import \"@syncfusion/react-popups/styles/material3.css\";\n@import \"@syncfusion/react-splitbuttons/styles/material3.css\";\n@import \"@syncfusion/react-inputs/styles/material3.css\";\n@import \"@syncfusion/react-calendars/styles/material3.css\";\n@import \"@syncfusion/react-lists/styles/material3.css\";\n@import \"@syncfusion/react-dropdowns/styles/material3.css\";\n@import \"@syncfusion/react-navigations/styles/material3.css\";\n@import \"@syncfusion/react-notifications/styles/material3.css\";\n@import \"@syncfusion/react-pager/styles/material3.css\";\n@import \"@syncfusion/react-grid/styles/material3.css\";\n",
  "src/App.tsx": "import { Grid, Column, Columns, PageSettings, FilterSettings, ColumnType, TextAlign, FilterBarType, EditType } from '@syncfusion/react-grid';\r\nimport { feedbackData } from './feedbackData.ts';\r\nimport { useState } from 'react';\r\n\r\nexport default function App() {\r\n    // State to manage filter,toolbar, edit and page settings.    \r\n    const [editSettings] = useState({ allowEdit: true, allowAdd: true, allowDelete: true });\r\n    const [filterSettings] = useState<FilterSettings>({ enabled: true });\r\n    const [pageSettings] = useState<PageSettings>({ enabled: true, pageSize: 8, pageCount: 4 });\r\n    const toolbarOptions = ['Add', 'Edit', 'Delete', 'Update', 'Cancel'];\r\n    const productIDRules = { required: true };\r\n    const productNameRules = { required: true };\r\n\r\n    return (\r\n        <div>\r\n            <Grid dataSource={feedbackData} editSettings={editSettings} toolbar={toolbarOptions} filterSettings={filterSettings} pageSettings={pageSettings}>\r\n                <Columns>\r\n                  <Column field='CustomerID' headerText='Customer ID' width='120' isPrimaryKey={true} validationRules={productIDRules}/>\r\n                  <Column field='CustomerName' defaultValue='Aisha Khan' headerText='Customer Name' width='140' validationRules={productNameRules}/>\r\n                  <Column field='Product' headerText='Product' edit={{type: EditType.DropDownList}} width='150'></Column>\r\n                  <Column field='Rating' headerText='Customer Rating' width='150' textAlign={TextAlign.Right} edit= {{type: EditType.NumericTextBox}} filter={{ filterBarType: FilterBarType.NumericTextBox }} />\r\n                  <Column field='Date' headerText='Shipped Date' width='190' format='yMd' type={ColumnType.Date} textAlign={TextAlign.Right} edit={{ type: EditType.DatePicker }} filter={{ filterBarType: FilterBarType.DatePicker }} />\r\n                  <Column field='SupportAgent' headerText='Support Agent' width='130' />\r\n                </Columns>\r\n            </Grid>\r\n        </div>\r\n    );\r\n}",
  "src/feedbackData.ts": "export const feedbackData = [\r\n  { CustomerID: 'C-001', CustomerName: 'John Smith', Product: 'Smartphone', Feedback: 'Positive', Rating: 4.5, Date: new Date('2025-08-01'), Resolved: true, SupportAgent: 'Ava' },\r\n  { CustomerID: 'C-002', CustomerName: 'Emily Johnson', Product: 'Laptop', Feedback: 'Negative', Rating: 2.0, Date: new Date('2025-08-02'), Resolved: false, SupportAgent: 'Liam' },\r\n  { CustomerID: 'C-003', CustomerName: 'Michael Brown', Product: 'Headphones', Feedback: 'Positive', Rating: 4.8, Date: new Date('2025-08-03'), Resolved: true, SupportAgent: 'Noah' },\r\n  { CustomerID: 'C-004', CustomerName: 'Sarah Davis', Product: 'Smartwatch', Feedback: 'Negative', Rating: 2.5, Date: new Date('2025-08-04'), Resolved: false, SupportAgent: 'Emma' },\r\n  { CustomerID: 'C-005', CustomerName: 'David Wilson', Product: 'Tablet', Feedback: 'Positive', Rating: 4.2, Date: new Date('2025-08-05'), Resolved: true, SupportAgent: 'Olivia' },\r\n  { CustomerID: 'C-006', CustomerName: 'Ashley Martinez', Product: 'Monitor', Feedback: 'Positive', Rating: 4.6, Date: new Date('2025-08-06'), Resolved: true, SupportAgent: 'James' },\r\n  { CustomerID: 'C-007', CustomerName: 'James Anderson', Product: 'Keyboard', Feedback: 'Negative', Rating: 2.8, Date: new Date('2025-08-07'), Resolved: false, SupportAgent: 'Sophia' },\r\n  { CustomerID: 'C-008', CustomerName: 'Jessica Taylor', Product: 'Mouse', Feedback: 'Positive', Rating: 4.7, Date: new Date('2025-08-08'), Resolved: true, SupportAgent: 'Benjamin' },\r\n  { CustomerID: 'C-009', CustomerName: 'Christopher Thomas', Product: 'Printer', Feedback: 'Negative', Rating: 3.0, Date: new Date('2025-08-09'), Resolved: false, SupportAgent: 'Mia' },\r\n  { CustomerID: 'C-010', CustomerName: 'Amanda Moore', Product: 'Router', Feedback: 'Positive', Rating: 4.3, Date: new Date('2025-08-10'), Resolved: true, SupportAgent: 'Lucas' },\r\n  { CustomerID: 'C-011', CustomerName: 'Matthew Jackson', Product: 'Speaker', Feedback: 'Positive', Rating: 4.9, Date: new Date('2025-08-11'), Resolved: true, SupportAgent: 'Charlotte' },\r\n  { CustomerID: 'C-012', CustomerName: 'Olivia White', Product: 'Webcam', Feedback: 'Negative', Rating: 2.2, Date: new Date('2025-08-12'), Resolved: false, SupportAgent: 'Henry' },\r\n  { CustomerID: 'C-013', CustomerName: 'Joshua Harris', Product: 'Charger', Feedback: 'Positive', Rating: 4.4, Date: new Date('2025-08-13'), Resolved: true, SupportAgent: 'Amelia' },\r\n  { CustomerID: 'C-014', CustomerName: 'Megan Martin', Product: 'Power Bank', Feedback: 'Negative', Rating: 3.1, Date: new Date('2025-08-14'), Resolved: false, SupportAgent: 'Ethan' },\r\n  { CustomerID: 'C-015', CustomerName: 'Andrew Thompson', Product: 'External HDD', Feedback: 'Positive', Rating: 4.6, Date: new Date('2025-08-15'), Resolved: true, SupportAgent: 'Harper' },\r\n];",
  "dependencies": "{\"@syncfusion/react-grid\":\"*\",\"@syncfusion/react-locale\":\"*\",\"@syncfusion/react-cldr-data\":\"*\"}"
}