{
  "src/App.css": "@import \"@syncfusion/react-base/styles/material3.css\";\n@import \"@syncfusion/react-buttons/styles/material3.css\";\n@import \"@syncfusion/react-popups/styles/material3.css\";\n@import \"@syncfusion/react-splitbuttons/styles/material3.css\";\n@import \"@syncfusion/react-inputs/styles/material3.css\";\n@import \"@syncfusion/react-calendars/styles/material3.css\";\n@import \"@syncfusion/react-lists/styles/material3.css\";\n@import \"@syncfusion/react-dropdowns/styles/material3.css\";\n@import \"@syncfusion/react-navigations/styles/material3.css\";\n@import \"@syncfusion/react-notifications/styles/material3.css\";\n@import \"@syncfusion/react-pager/styles/material3.css\";\n@import \"@syncfusion/react-grid/styles/material3.css\";\n",
  "src/App.tsx": "import { useState } from 'react';\r\nimport { Grid, Columns, Column, FilterSettings, PageSettings, SortSettings, FilterBarType, ClipMode, TextAlign } from '@syncfusion/react-grid';\r\nimport { innovationRecords } from './manufacturingDetails';\r\nimport { Button } from '@syncfusion/react-buttons';\r\nimport { PropertyPane, PropertyColumn, PropertyRow } from './property-pane';\r\n\r\nexport default function App() {\r\n  // State to toggle row hover effect.\r\n  const [hoverEnabled, setHoverEnabled] = useState(true);\r\n\r\n // State to enable filtering in the grid.\r\n  const [filterSettings] = useState<FilterSettings>({ enabled: true });\r\n  // State to enable sorting in the grid.\r\n  const [sortSettings] = useState<SortSettings>({ enabled: true }); \r\n\r\n  // State to enable paging with page size and count.\r\n  const [pageSettings] = useState<PageSettings>({ enabled: true, pageSize: 8, pageCount: 4 });\r\n\r\n  return (\r\n    <>\r\n      <PropertyPane>\r\n        <PropertyColumn>\r\n          <PropertyRow>\r\n            <div>\r\n              <Button onClick={() => setHoverEnabled(prev => !prev)}>\r\n                {hoverEnabled ? 'Disable Row Hover' : 'Enable Row Hover'}\r\n              </Button>\r\n            </div>\r\n          </PropertyRow>\r\n        </PropertyColumn>\r\n      </PropertyPane>\r\n      <Grid dataSource={innovationRecords} enableHover={hoverEnabled} pageSettings={pageSettings} filterSettings={filterSettings} sortSettings={sortSettings} >\r\n        <Columns>\r\n        <Column field=\"MachineID\" headerText=\"Machine ID\" width=\"110\" />\r\n          <Column field=\"OperatorID\" headerText=\"Operator ID\" width=\"120\"/>\r\n          <Column field='Temperature' headerText='Temperature (°C)' format={'N'} width='140' filter={{filterBarType:FilterBarType.NumericTextBox}} textAlign={TextAlign.Right} clipMode={ClipMode.EllipsisWithTooltip}/>\r\n           <Column field='Vibration' headerText='Vibration (mm/s)' format={'N'} width='150' filter={{filterBarType:FilterBarType.NumericTextBox}} textAlign={TextAlign.Right} clipMode={ClipMode.EllipsisWithTooltip}/>\r\n           <Column field=\"EnergyConsumption\" headerText=\"Energy (kWh)\" filter={{filterBarType:FilterBarType.NumericTextBox}} width=\"130\" textAlign={TextAlign.Right}/>\r\n           <Column field=\"OutputUnits\" headerText=\"Output Units\" width=\"120\" filter={{filterBarType:FilterBarType.NumericTextBox}} textAlign={TextAlign.Right} clipMode={ClipMode.EllipsisWithTooltip} />\r\n          <Column field=\"Status\" headerText=\"Status\" width=\"120\" />\r\n        </Columns>\r\n      </Grid>\r\n    </>\r\n  );\r\n}\r\n",
  "src/manufacturingDetails.ts": "\r\nexport interface ManufacturingLog {\r\n  Timestamp: Date;\r\n  MachineID: string;\r\n  Stage: string;\r\n  Temperature: number;\r\n  Vibration: number;\r\n  OutputUnits: number;\r\n  UnitCost: number;\r\n  Status: string;\r\n  EnergyConsumption: number;\r\n  DowntimeMinutes: number;\r\n  OperatorID: string;\r\n  TotalCost: number;\r\n  EfficiencyScore: number;\r\n}\r\n\r\nexport const innovationRecords: ManufacturingLog[] = [\r\n  {\r\n    \"Timestamp\": new Date(\"2025-07-25T08:00:00Z\"),\r\n    \"MachineID\": \"M-100\",\r\n    \"Stage\": \"Packaging\",\r\n    \"Temperature\": 66.48,\r\n    \"Vibration\": 0.028,\r\n    \"OutputUnits\": 129,\r\n    \"UnitCost\": 6.41,\r\n    \"Status\": \"Idle\",\r\n    \"EnergyConsumption\": 13.25,\r\n    \"DowntimeMinutes\": 10,\r\n    \"OperatorID\": \"OP-9820\",\r\n    \"TotalCost\": 826.89,\r\n    \"EfficiencyScore\": 1.94\r\n  },\r\n  {\r\n    \"Timestamp\": new Date(\"2025-07-25T08:05:00Z\"),\r\n    \"MachineID\": \"M-101\",\r\n    \"Stage\": \"Assembly\",\r\n    \"Temperature\": 72.85,\r\n    \"Vibration\": 0.017,\r\n    \"OutputUnits\": 117,\r\n    \"UnitCost\": 7.3,\r\n    \"Status\": \"Idle\",\r\n    \"EnergyConsumption\": 10.27,\r\n    \"DowntimeMinutes\": 0,\r\n    \"OperatorID\": \"OP-2845\",\r\n    \"TotalCost\": 854.1,\r\n    \"EfficiencyScore\": 1.61\r\n  },\r\n  {\r\n    \"Timestamp\": new Date(\"2025-07-25T08:10:00Z\"),\r\n    \"MachineID\": \"M-102\",\r\n    \"Stage\": \"packaging\",\r\n    \"Temperature\": 71.23,\r\n    \"Vibration\": 0.031,\r\n    \"OutputUnits\": 129,\r\n    \"UnitCost\": 6.44,\r\n    \"Status\": \"Operational\",\r\n    \"EnergyConsumption\": 10.3,\r\n    \"DowntimeMinutes\": 15,\r\n    \"OperatorID\": \"OP-5752\",\r\n    \"TotalCost\": 830.76,\r\n    \"EfficiencyScore\": 1.81\r\n  },\r\n  {\r\n    \"Timestamp\": new Date(\"2025-07-25T08:15:00Z\"),\r\n    \"MachineID\": \"M-103\",\r\n    \"Stage\": \"Welding\",\r\n    \"Temperature\": 67.47,\r\n    \"Vibration\": 0.035,\r\n    \"OutputUnits\": 133,\r\n    \"UnitCost\": 7.49,\r\n    \"Status\": \"Idle\",\r\n    \"EnergyConsumption\": 17.55,\r\n    \"DowntimeMinutes\": 10,\r\n    \"OperatorID\": \"OP-4198\",\r\n    \"TotalCost\": 996.17,\r\n    \"EfficiencyScore\": 1.97\r\n  },\r\n  {\r\n    \"Timestamp\": new Date(\"2025-07-25T08:20:00Z\"),\r\n    \"MachineID\": \"M-104\",\r\n    \"Stage\": \"welding\",\r\n    \"Temperature\": 70.37,\r\n    \"Vibration\": 0.037,\r\n    \"OutputUnits\": 111,\r\n    \"UnitCost\": 5.56,\r\n    \"Status\": \"Idle\",\r\n    \"EnergyConsumption\": 20.97,\r\n    \"DowntimeMinutes\": 15,\r\n    \"OperatorID\": \"OP-8206\",\r\n    \"TotalCost\": 617.16,\r\n    \"EfficiencyScore\": 1.58\r\n  },\r\n  {\r\n    \"Timestamp\": new Date(\"2025-07-25T08:25:00Z\"),\r\n    \"MachineID\": \"M-105\",\r\n    \"Stage\": \"welding\",\r\n    \"Temperature\": 74.79,\r\n    \"Vibration\": 0.03,\r\n    \"OutputUnits\": 102,\r\n    \"UnitCost\": 7.9,\r\n    \"Status\": \"Maintenance\",\r\n    \"EnergyConsumption\": 10.53,\r\n    \"DowntimeMinutes\": 15,\r\n    \"OperatorID\": \"OP-4275\",\r\n    \"TotalCost\": 805.8,\r\n    \"EfficiencyScore\": 1.36\r\n  },\r\n  {\r\n    \"Timestamp\": new Date(\"2025-07-25T08:30:00Z\"),\r\n    \"MachineID\": \"M-106\",\r\n    \"Stage\": \"Welding\",\r\n    \"Temperature\": 71.63,\r\n    \"Vibration\": 0.037,\r\n    \"OutputUnits\": 144,\r\n    \"UnitCost\": 7.64,\r\n    \"Status\": \"Operational\",\r\n    \"EnergyConsumption\": 18.35,\r\n    \"DowntimeMinutes\": 5,\r\n    \"OperatorID\": \"OP-5573\",\r\n    \"TotalCost\": 1100.16,\r\n    \"EfficiencyScore\": 2.01\r\n  },\r\n  {\r\n    \"Timestamp\": new Date(\"2025-07-25T08:35:00Z\"),\r\n    \"MachineID\": \"M-107\",\r\n    \"Stage\": \"Welding\",\r\n    \"Temperature\": 68.4,\r\n    \"Vibration\": 0.014,\r\n    \"OutputUnits\": 133,\r\n    \"UnitCost\": 5.93,\r\n    \"Status\": \"Maintenance\",\r\n    \"EnergyConsumption\": 19.89,\r\n    \"DowntimeMinutes\": 10,\r\n    \"OperatorID\": \"OP-2582\",\r\n    \"TotalCost\": 788.69,\r\n    \"EfficiencyScore\": 1.94\r\n  },\r\n  {\r\n    \"Timestamp\": new Date(\"2025-07-25T08:40:00Z\"),\r\n    \"MachineID\": \"M-108\",\r\n    \"Stage\": \"assembly\",\r\n    \"Temperature\": 66.92,\r\n    \"Vibration\": 0.03,\r\n    \"OutputUnits\": 132,\r\n    \"UnitCost\": 5.77,\r\n    \"Status\": \"Maintenance\",\r\n    \"EnergyConsumption\": 20.82,\r\n    \"DowntimeMinutes\": 10,\r\n    \"OperatorID\": \"OP-1391\",\r\n    \"TotalCost\": 761.64,\r\n    \"EfficiencyScore\": 1.97\r\n  },\r\n  {\r\n    \"Timestamp\": new Date(\"2025-07-25T08:45:00Z\"),\r\n    \"MachineID\": \"M-109\",\r\n    \"Stage\": \"packaging\",\r\n    \"Temperature\": 70.66,\r\n    \"Vibration\": 0.017,\r\n    \"OutputUnits\": 128,\r\n    \"UnitCost\": 6.92,\r\n    \"Status\": \"Maintenance\",\r\n    \"EnergyConsumption\": 16.03,\r\n    \"DowntimeMinutes\": 0,\r\n    \"OperatorID\": \"OP-6842\",\r\n    \"TotalCost\": 885.76,\r\n    \"EfficiencyScore\": 1.81\r\n  },\r\n  {\r\n    \"Timestamp\": new Date(\"2025-07-25T08:50:00Z\"),\r\n    \"MachineID\": \"M-110\",\r\n    \"Stage\": \"Packaging\",\r\n    \"Temperature\": 69.71,\r\n    \"Vibration\": 0.016,\r\n    \"OutputUnits\": 116,\r\n    \"UnitCost\": 7.68,\r\n    \"Status\": \"Operational\",\r\n    \"EnergyConsumption\": 19.5,\r\n    \"DowntimeMinutes\": 10,\r\n    \"OperatorID\": \"OP-2491\",\r\n    \"TotalCost\": 890.88,\r\n    \"EfficiencyScore\": 1.66\r\n  },\r\n  {\r\n    \"Timestamp\": new Date(\"2025-07-25T08:55:00Z\"),\r\n    \"MachineID\": \"M-111\",\r\n    \"Stage\": \"Packaging\",\r\n    \"Temperature\": 74.95,\r\n    \"Vibration\": 0.022,\r\n    \"OutputUnits\": 129,\r\n    \"UnitCost\": 7.64,\r\n    \"Status\": \"Idle\",\r\n    \"EnergyConsumption\": 21.35,\r\n    \"DowntimeMinutes\": 15,\r\n    \"OperatorID\": \"OP-8350\",\r\n    \"TotalCost\": 985.56,\r\n    \"EfficiencyScore\": 1.72\r\n  },\r\n  {\r\n    \"Timestamp\": new Date(\"2025-07-25T09:00:00Z\"),\r\n    \"MachineID\": \"M-112\",\r\n    \"Stage\": \"Packaging\",\r\n    \"Temperature\": 67.39,\r\n    \"Vibration\": 0.026,\r\n    \"OutputUnits\": 112,\r\n    \"UnitCost\": 7.19,\r\n    \"Status\": \"Operational\",\r\n    \"EnergyConsumption\": 23.53,\r\n    \"DowntimeMinutes\": 5,\r\n    \"OperatorID\": \"OP-5870\",\r\n    \"TotalCost\": 805.28,\r\n    \"EfficiencyScore\": 1.66\r\n  },\r\n  {\r\n    \"Timestamp\": new Date(\"2025-07-25T09:05:00Z\"),\r\n    \"MachineID\": \"M-113\",\r\n    \"Stage\": \"Assembly\",\r\n    \"Temperature\": 67.53,\r\n    \"Vibration\": 0.031,\r\n    \"OutputUnits\": 110,\r\n    \"UnitCost\": 5.44,\r\n    \"Status\": \"Maintenance\",\r\n    \"EnergyConsumption\": 11.53,\r\n    \"DowntimeMinutes\": 10,\r\n    \"OperatorID\": \"OP-5297\",\r\n    \"TotalCost\": 598.4,\r\n    \"EfficiencyScore\": 1.63\r\n  },\r\n  {\r\n    \"Timestamp\": new Date(\"2025-07-25T09:10:00Z\"),\r\n    \"MachineID\": \"M-114\",\r\n    \"Stage\": \"Packaging\",\r\n    \"Temperature\": 69.67,\r\n    \"Vibration\": 0.022,\r\n    \"OutputUnits\": 114,\r\n    \"UnitCost\": 7.4,\r\n    \"Status\": \"Operational\",\r\n    \"EnergyConsumption\": 12.0,\r\n    \"DowntimeMinutes\": 5,\r\n    \"OperatorID\": \"OP-4686\",\r\n    \"TotalCost\": 843.6,\r\n    \"EfficiencyScore\": 1.64\r\n  },\r\n  {\r\n    \"Timestamp\": new Date(\"2025-07-25T09:15:00Z\"),\r\n    \"MachineID\": \"M-115\",\r\n    \"Stage\": \"Assembly\",\r\n    \"Temperature\": 68.04,\r\n    \"Vibration\": 0.03,\r\n    \"OutputUnits\": 147,\r\n    \"UnitCost\": 7.45,\r\n    \"Status\": \"Operational\",\r\n    \"EnergyConsumption\": 15.93,\r\n    \"DowntimeMinutes\": 20,\r\n    \"OperatorID\": \"OP-7796\",\r\n    \"TotalCost\": 1095.15,\r\n    \"EfficiencyScore\": 2.16\r\n  },\r\n  {\r\n    \"Timestamp\": new Date(\"2025-07-25T09:20:00Z\"),\r\n    \"MachineID\": \"M-116\",\r\n    \"Stage\": \"Assembly\",\r\n    \"Temperature\": 70.08,\r\n    \"Vibration\": 0.016,\r\n    \"OutputUnits\": 130,\r\n    \"UnitCost\": 5.33,\r\n    \"Status\": \"Idle\",\r\n    \"EnergyConsumption\": 10.61,\r\n    \"DowntimeMinutes\": 0,\r\n    \"OperatorID\": \"OP-3322\",\r\n    \"TotalCost\": 692.9,\r\n    \"EfficiencyScore\": 1.86\r\n  },\r\n  {\r\n    \"Timestamp\": new Date(\"2025-07-25T09:25:00Z\"),\r\n    \"MachineID\": \"M-117\",\r\n    \"Stage\": \"Packaging\",\r\n    \"Temperature\": 74.2,\r\n    \"Vibration\": 0.028,\r\n    \"OutputUnits\": 150,\r\n    \"UnitCost\": 8.0,\r\n    \"Status\": \"Idle\",\r\n    \"EnergyConsumption\": 22.73,\r\n    \"DowntimeMinutes\": 5,\r\n    \"OperatorID\": \"OP-8206\",\r\n    \"TotalCost\": 1200.0,\r\n    \"EfficiencyScore\": 2.02\r\n  },\r\n  {\r\n    \"Timestamp\": new Date(\"2025-07-25T09:30:00Z\"),\r\n    \"MachineID\": \"M-118\",\r\n    \"Stage\": \"Assembly\",\r\n    \"Temperature\": 73.66,\r\n    \"Vibration\": 0.019,\r\n    \"OutputUnits\": 109,\r\n    \"UnitCost\": 7.66,\r\n    \"Status\": \"Idle\",\r\n    \"EnergyConsumption\": 15.43,\r\n    \"DowntimeMinutes\": 5,\r\n    \"OperatorID\": \"OP-4754\",\r\n    \"TotalCost\": 834.94,\r\n    \"EfficiencyScore\": 1.48\r\n  },\r\n  {\r\n    \"Timestamp\": new Date(\"2025-07-25T09:35:00Z\"),\r\n    \"MachineID\": \"M-119\",\r\n    \"Stage\": \"Welding\",\r\n    \"Temperature\": 69.34,\r\n    \"Vibration\": 0.03,\r\n    \"OutputUnits\": 106,\r\n    \"UnitCost\": 7.65,\r\n    \"Status\": \"Maintenance\",\r\n    \"EnergyConsumption\": 16.81,\r\n    \"DowntimeMinutes\": 20,\r\n    \"OperatorID\": \"OP-4801\",\r\n    \"TotalCost\": 810.9,\r\n    \"EfficiencyScore\": 1.53\r\n  },\r\n  {\r\n    \"Timestamp\": new Date(\"2025-07-25T09:40:00Z\"),\r\n    \"MachineID\": \"M-120\",\r\n    \"Stage\": \"Welding\",\r\n    \"Temperature\": 69.14,\r\n    \"Vibration\": 0.027,\r\n    \"OutputUnits\": 144,\r\n    \"UnitCost\": 5.43,\r\n    \"Status\": \"Maintenance\",\r\n    \"EnergyConsumption\": 14.96,\r\n    \"DowntimeMinutes\": 10,\r\n    \"OperatorID\": \"OP-9751\",\r\n    \"TotalCost\": 781.92,\r\n    \"EfficiencyScore\": 2.08\r\n  },\r\n  {\r\n    \"Timestamp\": new Date(\"2025-07-25T09:45:00Z\"),\r\n    \"MachineID\": \"M-121\",\r\n    \"Stage\": \"Welding\",\r\n    \"Temperature\": 70.77,\r\n    \"Vibration\": 0.02,\r\n    \"OutputUnits\": 119,\r\n    \"UnitCost\": 6.2,\r\n    \"Status\": \"Maintenance\",\r\n    \"EnergyConsumption\": 23.51,\r\n    \"DowntimeMinutes\": 0,\r\n    \"OperatorID\": \"OP-5752\",\r\n    \"TotalCost\": 737.8,\r\n    \"EfficiencyScore\": 1.68\r\n  },\r\n  {\r\n    \"Timestamp\": new Date(\"2025-07-25T09:50:00Z\"),\r\n    \"MachineID\": \"M-122\",\r\n    \"Stage\": \"Assembly\",\r\n    \"Temperature\": 71.79,\r\n    \"Vibration\": 0.022,\r\n    \"OutputUnits\": 125,\r\n    \"UnitCost\": 7.45,\r\n    \"Status\": \"Operational\",\r\n    \"EnergyConsumption\": 18.46,\r\n    \"DowntimeMinutes\": 10,\r\n    \"OperatorID\": \"OP-2333\",\r\n    \"TotalCost\": 931.25,\r\n    \"EfficiencyScore\": 1.74\r\n  },\r\n  {\r\n    \"Timestamp\": new Date(\"2025-07-25T09:55:00Z\"),\r\n    \"MachineID\": \"M-123\",\r\n    \"Stage\": \"Welding\",\r\n    \"Temperature\": 73.02,\r\n    \"Vibration\": 0.035,\r\n    \"OutputUnits\": 110,\r\n    \"UnitCost\": 6.08,\r\n    \"Status\": \"Operational\",\r\n    \"EnergyConsumption\": 19.41,\r\n    \"DowntimeMinutes\": 20,\r\n    \"OperatorID\": \"OP-8206\",\r\n    \"TotalCost\": 668.8,\r\n    \"EfficiencyScore\": 1.51\r\n  },\r\n  {\r\n    \"Timestamp\": new Date(\"2025-07-25T10:00:00Z\"),\r\n    \"MachineID\": \"M-124\",\r\n    \"Stage\": \"Packaging\",\r\n    \"Temperature\": 70.58,\r\n    \"Vibration\": 0.035,\r\n    \"OutputUnits\": 104,\r\n    \"UnitCost\": 5.9,\r\n    \"Status\": \"Idle\",\r\n    \"EnergyConsumption\": 18.25,\r\n    \"DowntimeMinutes\": 15,\r\n    \"OperatorID\": \"OP-6097\",\r\n    \"TotalCost\": 613.6,\r\n    \"EfficiencyScore\": 1.47\r\n  },\r\n  {\r\n    \"Timestamp\": new Date(\"2025-07-25T10:05:00Z\"),\r\n    \"MachineID\": \"M-125\",\r\n    \"Stage\": \"Welding\",\r\n    \"Temperature\": 68.09,\r\n    \"Vibration\": 0.011,\r\n    \"OutputUnits\": 123,\r\n    \"UnitCost\": 6.51,\r\n    \"Status\": \"Maintenance\",\r\n    \"EnergyConsumption\": 21.7,\r\n    \"DowntimeMinutes\": 20,\r\n    \"OperatorID\": \"OP-7942\",\r\n    \"TotalCost\": 800.73,\r\n    \"EfficiencyScore\": 1.81\r\n  },\r\n  {\r\n    \"Timestamp\": new Date(\"2025-07-25T10:10:00Z\"),\r\n    \"MachineID\": \"M-126\",\r\n    \"Stage\": \"Packaging\",\r\n    \"Temperature\": 69.24,\r\n    \"Vibration\": 0.037,\r\n    \"OutputUnits\": 149,\r\n    \"UnitCost\": 7.7,\r\n    \"Status\": \"Operational\",\r\n    \"EnergyConsumption\": 21.45,\r\n    \"DowntimeMinutes\": 15,\r\n    \"OperatorID\": \"OP-8760\",\r\n    \"TotalCost\": 1147.3,\r\n    \"EfficiencyScore\": 2.15\r\n  },\r\n  {\r\n    \"Timestamp\": new Date(\"2025-07-25T10:15:00Z\"),\r\n    \"MachineID\": \"M-127\",\r\n    \"Stage\": \"Welding\",\r\n    \"Temperature\": 68.29,\r\n    \"Vibration\": 0.011,\r\n    \"OutputUnits\": 107,\r\n    \"UnitCost\": 5.2,\r\n    \"Status\": \"Operational\",\r\n    \"EnergyConsumption\": 12.86,\r\n    \"DowntimeMinutes\": 10,\r\n    \"OperatorID\": \"OP-9820\",\r\n    \"TotalCost\": 556.4,\r\n    \"EfficiencyScore\": 1.57\r\n  },\r\n  {\r\n    \"Timestamp\": new Date(\"2025-07-25T10:20:00Z\"),\r\n    \"MachineID\": \"M-128\",\r\n    \"Stage\": \"Welding\",\r\n    \"Temperature\": 70.45,\r\n    \"Vibration\": 0.023,\r\n    \"OutputUnits\": 131,\r\n    \"UnitCost\": 6.87,\r\n    \"Status\": \"Operational\",\r\n    \"EnergyConsumption\": 20.69,\r\n    \"DowntimeMinutes\": 10,\r\n    \"OperatorID\": \"OP-5752\",\r\n    \"TotalCost\": 899.97,\r\n    \"EfficiencyScore\": 1.86\r\n  },\r\n  {\r\n    \"Timestamp\": new Date(\"2025-07-25T10:25:00Z\"),\r\n    \"MachineID\": \"M-129\",\r\n    \"Stage\": \"Packaging\",\r\n    \"Temperature\": 73.44,\r\n    \"Vibration\": 0.039,\r\n    \"OutputUnits\": 132,\r\n    \"UnitCost\": 5.31,\r\n    \"Status\": \"Idle\",\r\n    \"EnergyConsumption\": 23.25,\r\n    \"DowntimeMinutes\": 15,\r\n    \"OperatorID\": \"OP-7761\",\r\n    \"TotalCost\": 700.92,\r\n    \"EfficiencyScore\": 1.8\r\n  },\r\n  {\r\n    \"Timestamp\": new Date(\"2025-07-25T10:30:00Z\"),\r\n    \"MachineID\": \"M-130\",\r\n    \"Stage\": \"Packaging\",\r\n    \"Temperature\": 73.72,\r\n    \"Vibration\": 0.014,\r\n    \"OutputUnits\": 138,\r\n    \"UnitCost\": 7.51,\r\n    \"Status\": \"Maintenance\",\r\n    \"EnergyConsumption\": 21.57,\r\n    \"DowntimeMinutes\": 10,\r\n    \"OperatorID\": \"OP-8467\",\r\n    \"TotalCost\": 1036.38,\r\n    \"EfficiencyScore\": 1.87\r\n  },\r\n  {\r\n    \"Timestamp\": new Date(\"2025-07-25T10:35:00Z\"),\r\n    \"MachineID\": \"M-131\",\r\n    \"Stage\": \"Assembly\",\r\n    \"Temperature\": 68.16,\r\n    \"Vibration\": 0.011,\r\n    \"OutputUnits\": 144,\r\n    \"UnitCost\": 6.59,\r\n    \"Status\": \"Operational\",\r\n    \"EnergyConsumption\": 12.53,\r\n    \"DowntimeMinutes\": 15,\r\n    \"OperatorID\": \"OP-6384\",\r\n    \"TotalCost\": 948.96,\r\n    \"EfficiencyScore\": 2.11\r\n  },\r\n  {\r\n    \"Timestamp\": new Date(\"2025-07-25T10:40:00Z\"),\r\n    \"MachineID\": \"M-132\",\r\n    \"Stage\": \"Packaging\",\r\n    \"Temperature\": 74.57,\r\n    \"Vibration\": 0.032,\r\n    \"OutputUnits\": 101,\r\n    \"UnitCost\": 5.65,\r\n    \"Status\": \"Idle\",\r\n    \"EnergyConsumption\": 19.07,\r\n    \"DowntimeMinutes\": 10,\r\n    \"OperatorID\": \"OP-5897\",\r\n    \"TotalCost\": 570.65,\r\n    \"EfficiencyScore\": 1.35\r\n  },\r\n  {\r\n    \"Timestamp\": new Date(\"2025-07-25T10:45:00Z\"),\r\n    \"MachineID\": \"M-133\",\r\n    \"Stage\": \"Assembly\",\r\n    \"Temperature\": 70.12,\r\n    \"Vibration\": 0.033,\r\n    \"OutputUnits\": 122,\r\n    \"UnitCost\": 6.91,\r\n    \"Status\": \"Operational\",\r\n    \"EnergyConsumption\": 23.53,\r\n    \"DowntimeMinutes\": 20,\r\n    \"OperatorID\": \"OP-5241\",\r\n    \"TotalCost\": 843.02,\r\n    \"EfficiencyScore\": 1.74\r\n  },\r\n  {\r\n    \"Timestamp\": new Date(\"2025-07-25T10:50:00Z\"),\r\n    \"MachineID\": \"M-134\",\r\n    \"Stage\": \"Packaging\",\r\n    \"Temperature\": 74.71,\r\n    \"Vibration\": 0.022,\r\n    \"OutputUnits\": 146,\r\n    \"UnitCost\": 7.49,\r\n    \"Status\": \"Idle\",\r\n    \"EnergyConsumption\": 15.07,\r\n    \"DowntimeMinutes\": 20,\r\n    \"OperatorID\": \"OP-5897\",\r\n    \"TotalCost\": 1093.54,\r\n    \"EfficiencyScore\": 1.95\r\n  },\r\n  {\r\n    \"Timestamp\": new Date(\"2025-07-25T10:55:00Z\"),\r\n    \"MachineID\": \"M-135\",\r\n    \"Stage\": \"Welding\",\r\n    \"Temperature\": 74.59,\r\n    \"Vibration\": 0.034,\r\n    \"OutputUnits\": 109,\r\n    \"UnitCost\": 7.62,\r\n    \"Status\": \"Maintenance\",\r\n    \"EnergyConsumption\": 16.31,\r\n    \"DowntimeMinutes\": 5,\r\n    \"OperatorID\": \"OP-5503\",\r\n    \"TotalCost\": 830.58,\r\n    \"EfficiencyScore\": 1.46\r\n  },\r\n  {\r\n    \"Timestamp\": new Date(\"2025-07-25T11:00:00Z\"),\r\n    \"MachineID\": \"M-136\",\r\n    \"Stage\": \"Welding\",\r\n    \"Temperature\": 66.95,\r\n    \"Vibration\": 0.036,\r\n    \"OutputUnits\": 109,\r\n    \"UnitCost\": 5.86,\r\n    \"Status\": \"Idle\",\r\n    \"EnergyConsumption\": 24.9,\r\n    \"DowntimeMinutes\": 15,\r\n    \"OperatorID\": \"OP-3549\",\r\n    \"TotalCost\": 638.74,\r\n    \"EfficiencyScore\": 1.63\r\n  },\r\n  {\r\n    \"Timestamp\": new Date(\"2025-07-25T11:05:00Z\"),\r\n    \"MachineID\": \"M-137\",\r\n    \"Stage\": \"Packaging\",\r\n    \"Temperature\": 66.33,\r\n    \"Vibration\": 0.02,\r\n    \"OutputUnits\": 106,\r\n    \"UnitCost\": 7.81,\r\n    \"Status\": \"Operational\",\r\n    \"EnergyConsumption\": 13.76,\r\n    \"DowntimeMinutes\": 5,\r\n    \"OperatorID\": \"OP-2855\",\r\n    \"TotalCost\": 827.86,\r\n    \"EfficiencyScore\": 1.6\r\n  },\r\n  {\r\n    \"Timestamp\": new Date(\"2025-07-25T11:10:00Z\"),\r\n    \"MachineID\": \"M-138\",\r\n    \"Stage\": \"Welding\",\r\n    \"Temperature\": 67.29,\r\n    \"Vibration\": 0.027,\r\n    \"OutputUnits\": 128,\r\n    \"UnitCost\": 5.7,\r\n    \"Status\": \"Maintenance\",\r\n    \"EnergyConsumption\": 14.97,\r\n    \"DowntimeMinutes\": 0,\r\n    \"OperatorID\": \"OP-1760\",\r\n    \"TotalCost\": 729.6,\r\n    \"EfficiencyScore\": 1.9\r\n  },\r\n  {\r\n    \"Timestamp\": new Date(\"2025-07-25T11:15:00Z\"),\r\n    \"MachineID\": \"M-139\",\r\n    \"Stage\": \"Packaging\",\r\n    \"Temperature\": 69.14,\r\n    \"Vibration\": 0.021,\r\n    \"OutputUnits\": 150,\r\n    \"UnitCost\": 7.03,\r\n    \"Status\": \"Operational\",\r\n    \"EnergyConsumption\": 10.08,\r\n    \"DowntimeMinutes\": 0,\r\n    \"OperatorID\": \"OP-3105\",\r\n    \"TotalCost\": 1054.5,\r\n    \"EfficiencyScore\": 2.17\r\n  },\r\n  {\r\n    \"Timestamp\": new Date(\"2025-07-25T11:20:00Z\"),\r\n    \"MachineID\": \"M-140\",\r\n    \"Stage\": \"Assembly\",\r\n    \"Temperature\": 71.75,\r\n    \"Vibration\": 0.035,\r\n    \"OutputUnits\": 139,\r\n    \"UnitCost\": 6.13,\r\n    \"Status\": \"Idle\",\r\n    \"EnergyConsumption\": 14.06,\r\n    \"DowntimeMinutes\": 10,\r\n    \"OperatorID\": \"OP-7076\",\r\n    \"TotalCost\": 852.07,\r\n    \"EfficiencyScore\": 1.94\r\n  },\r\n  {\r\n    \"Timestamp\": new Date(\"2025-07-25T11:25:00Z\"),\r\n    \"MachineID\": \"M-141\",\r\n    \"Stage\": \"Welding\",\r\n    \"Temperature\": 67.23,\r\n    \"Vibration\": 0.038,\r\n    \"OutputUnits\": 121,\r\n    \"UnitCost\": 7.23,\r\n    \"Status\": \"Idle\",\r\n    \"EnergyConsumption\": 15.56,\r\n    \"DowntimeMinutes\": 5,\r\n    \"OperatorID\": \"OP-3459\",\r\n    \"TotalCost\": 874.83,\r\n    \"EfficiencyScore\": 1.8\r\n  },\r\n  {\r\n    \"Timestamp\": new Date(\"2025-07-25T11:30:00Z\"),\r\n    \"MachineID\": \"M-142\",\r\n    \"Stage\": \"Assembly\",\r\n    \"Temperature\": 70.24,\r\n    \"Vibration\": 0.018,\r\n    \"OutputUnits\": 121,\r\n    \"UnitCost\": 5.51,\r\n    \"Status\": \"Idle\",\r\n    \"EnergyConsumption\": 12.01,\r\n    \"DowntimeMinutes\": 0,\r\n    \"OperatorID\": \"OP-5752\",\r\n    \"TotalCost\": 666.71,\r\n    \"EfficiencyScore\": 1.72\r\n  },\r\n  {\r\n    \"Timestamp\": new Date(\"2025-07-25T11:35:00Z\"),\r\n    \"MachineID\": \"M-143\",\r\n    \"Stage\": \"Packaging\",\r\n    \"Temperature\": 71.15,\r\n    \"Vibration\": 0.039,\r\n    \"OutputUnits\": 113,\r\n    \"UnitCost\": 5.8,\r\n    \"Status\": \"Operational\",\r\n    \"EnergyConsumption\": 13.65,\r\n    \"DowntimeMinutes\": 0,\r\n    \"OperatorID\": \"OP-7718\",\r\n    \"TotalCost\": 655.4,\r\n    \"EfficiencyScore\": 1.59\r\n  },\r\n  {\r\n    \"Timestamp\": new Date(\"2025-07-25T11:40:00Z\"),\r\n    \"MachineID\": \"M-144\",\r\n    \"Stage\": \"Assembly\",\r\n    \"Temperature\": 70.98,\r\n    \"Vibration\": 0.027,\r\n    \"OutputUnits\": 111,\r\n    \"UnitCost\": 5.76,\r\n    \"Status\": \"Maintenance\",\r\n    \"EnergyConsumption\": 13.23,\r\n    \"DowntimeMinutes\": 5,\r\n    \"OperatorID\": \"OP-8565\",\r\n    \"TotalCost\": 639.36,\r\n    \"EfficiencyScore\": 1.56\r\n  },\r\n  {\r\n    \"Timestamp\": new Date(\"2025-07-25T11:45:00Z\"),\r\n    \"MachineID\": \"M-145\",\r\n    \"Stage\": \"Welding\",\r\n    \"Temperature\": 72.43,\r\n    \"Vibration\": 0.025,\r\n    \"OutputUnits\": 122,\r\n    \"UnitCost\": 5.19,\r\n    \"Status\": \"Operational\",\r\n    \"EnergyConsumption\": 19.01,\r\n    \"DowntimeMinutes\": 10,\r\n    \"OperatorID\": \"OP-5664\",\r\n    \"TotalCost\": 633.18,\r\n    \"EfficiencyScore\": 1.68\r\n  },\r\n  {\r\n    \"Timestamp\": new Date(\"2025-07-25T11:50:00Z\"),\r\n    \"MachineID\": \"M-146\",\r\n    \"Stage\": \"Packaging\",\r\n    \"Temperature\": 67.34,\r\n    \"Vibration\": 0.02,\r\n    \"OutputUnits\": 140,\r\n    \"UnitCost\": 6.84,\r\n    \"Status\": \"Idle\",\r\n    \"EnergyConsumption\": 18.53,\r\n    \"DowntimeMinutes\": 15,\r\n    \"OperatorID\": \"OP-4686\",\r\n    \"TotalCost\": 957.6,\r\n    \"EfficiencyScore\": 2.08\r\n  },\r\n  {\r\n    \"Timestamp\": new Date(\"2025-07-25T11:55:00Z\"),\r\n    \"MachineID\": \"M-147\",\r\n    \"Stage\": \"Packaging\",\r\n    \"Temperature\": 65.31,\r\n    \"Vibration\": 0.016,\r\n    \"OutputUnits\": 129,\r\n    \"UnitCost\": 6.31,\r\n    \"Status\": \"Maintenance\",\r\n    \"EnergyConsumption\": 14.41,\r\n    \"DowntimeMinutes\": 10,\r\n    \"OperatorID\": \"OP-8206\",\r\n    \"TotalCost\": 813.99,\r\n    \"EfficiencyScore\": 1.98\r\n  },\r\n  {\r\n    \"Timestamp\": new Date(\"2025-07-25T12:00:00Z\"),\r\n    \"MachineID\": \"M-148\",\r\n    \"Stage\": \"Welding\",\r\n    \"Temperature\": 71.75,\r\n    \"Vibration\": 0.016,\r\n    \"OutputUnits\": 123,\r\n    \"UnitCost\": 6.38,\r\n    \"Status\": \"Operational\",\r\n    \"EnergyConsumption\": 20.07,\r\n    \"DowntimeMinutes\": 15,\r\n    \"OperatorID\": \"OP-6630\",\r\n    \"TotalCost\": 784.74,\r\n    \"EfficiencyScore\": 1.71\r\n  },\r\n  {\r\n    \"Timestamp\": new Date(\"2025-07-25T12:05:00Z\"),\r\n    \"MachineID\": \"M-149\",\r\n    \"Stage\": \"Assembly\",\r\n    \"Temperature\": 70.82,\r\n    \"Vibration\": 0.022,\r\n    \"OutputUnits\": 138,\r\n    \"UnitCost\": 7.55,\r\n    \"Status\": \"Operational\",\r\n    \"EnergyConsumption\": 12.3,\r\n    \"DowntimeMinutes\": 15,\r\n    \"OperatorID\": \"OP-8062\",\r\n    \"TotalCost\": 1041.9,\r\n    \"EfficiencyScore\": 1.95\r\n  },\r\n  {\r\n    \"Timestamp\": new Date(\"2025-07-25T12:10:00Z\"),\r\n    \"MachineID\": \"M-150\",\r\n    \"Stage\": \"Welding\",\r\n    \"Temperature\": 69.93,\r\n    \"Vibration\": 0.031,\r\n    \"OutputUnits\": 129,\r\n    \"UnitCost\": 6.71,\r\n    \"Status\": \"Maintenance\",\r\n    \"EnergyConsumption\": 14.08,\r\n    \"DowntimeMinutes\": 15,\r\n    \"OperatorID\": \"OP-3459\",\r\n    \"TotalCost\": 865.59,\r\n    \"EfficiencyScore\": 1.84\r\n  },\r\n  {\r\n    \"Timestamp\": new Date(\"2025-07-25T12:15:00Z\"),\r\n    \"MachineID\": \"M-151\",\r\n    \"Stage\": \"Assembly\",\r\n    \"Temperature\": 72.29,\r\n    \"Vibration\": 0.03,\r\n    \"OutputUnits\": 127,\r\n    \"UnitCost\": 6.73,\r\n    \"Status\": \"Operational\",\r\n    \"EnergyConsumption\": 21.47,\r\n    \"DowntimeMinutes\": 5,\r\n    \"OperatorID\": \"OP-3549\",\r\n    \"TotalCost\": 854.71,\r\n    \"EfficiencyScore\": 1.76\r\n  },\r\n  {\r\n    \"Timestamp\": new Date(\"2025-07-25T12:20:00Z\"),\r\n    \"MachineID\": \"M-152\",\r\n    \"Stage\": \"Welding\",\r\n    \"Temperature\": 74.05,\r\n    \"Vibration\": 0.038,\r\n    \"OutputUnits\": 109,\r\n    \"UnitCost\": 6.84,\r\n    \"Status\": \"Operational\",\r\n    \"EnergyConsumption\": 18.11,\r\n    \"DowntimeMinutes\": 10,\r\n    \"OperatorID\": \"OP-5297\",\r\n    \"TotalCost\": 745.56,\r\n    \"EfficiencyScore\": 1.47\r\n  },\r\n  {\r\n    \"Timestamp\": new Date(\"2025-07-25T12:25:00Z\"),\r\n    \"MachineID\": \"M-153\",\r\n    \"Stage\": \"Assembly\",\r\n    \"Temperature\": 69.5,\r\n    \"Vibration\": 0.027,\r\n    \"OutputUnits\": 106,\r\n    \"UnitCost\": 7.45,\r\n    \"Status\": \"Maintenance\",\r\n    \"EnergyConsumption\": 22.54,\r\n    \"DowntimeMinutes\": 10,\r\n    \"OperatorID\": \"OP-3219\",\r\n    \"TotalCost\": 789.7,\r\n    \"EfficiencyScore\": 1.53\r\n  },\r\n  {\r\n    \"Timestamp\": new Date(\"2025-07-25T12:30:00Z\"),\r\n    \"MachineID\": \"M-154\",\r\n    \"Stage\": \"Welding\",\r\n    \"Temperature\": 65.0,\r\n    \"Vibration\": 0.039,\r\n    \"OutputUnits\": 104,\r\n    \"UnitCost\": 6.09,\r\n    \"Status\": \"Operational\",\r\n    \"EnergyConsumption\": 10.54,\r\n    \"DowntimeMinutes\": 10,\r\n    \"OperatorID\": \"OP-9061\",\r\n    \"TotalCost\": 633.36,\r\n    \"EfficiencyScore\": 1.6\r\n  },\r\n  {\r\n    \"Timestamp\": new Date(\"2025-07-25T12:35:00Z\"),\r\n    \"MachineID\": \"M-155\",\r\n    \"Stage\": \"Assembly\",\r\n    \"Temperature\": 70.1,\r\n    \"Vibration\": 0.01,\r\n    \"OutputUnits\": 102,\r\n    \"UnitCost\": 7.87,\r\n    \"Status\": \"Maintenance\",\r\n    \"EnergyConsumption\": 14.43,\r\n    \"DowntimeMinutes\": 5,\r\n    \"OperatorID\": \"OP-7718\",\r\n    \"TotalCost\": 802.74,\r\n    \"EfficiencyScore\": 1.46\r\n  },\r\n  {\r\n    \"Timestamp\": new Date(\"2025-07-25T12:40:00Z\"),\r\n    \"MachineID\": \"M-156\",\r\n    \"Stage\": \"Packaging\",\r\n    \"Temperature\": 68.56,\r\n    \"Vibration\": 0.037,\r\n    \"OutputUnits\": 110,\r\n    \"UnitCost\": 5.11,\r\n    \"Status\": \"Maintenance\",\r\n    \"EnergyConsumption\": 16.5,\r\n    \"DowntimeMinutes\": 15,\r\n    \"OperatorID\": \"OP-6273\",\r\n    \"TotalCost\": 562.1,\r\n    \"EfficiencyScore\": 1.6\r\n  },\r\n  {\r\n    \"Timestamp\": new Date(\"2025-07-25T12:45:00Z\"),\r\n    \"MachineID\": \"M-157\",\r\n    \"Stage\": \"Assembly\",\r\n    \"Temperature\": 70.64,\r\n    \"Vibration\": 0.012,\r\n    \"OutputUnits\": 132,\r\n    \"UnitCost\": 5.61,\r\n    \"Status\": \"Operational\",\r\n    \"EnergyConsumption\": 14.29,\r\n    \"DowntimeMinutes\": 10,\r\n    \"OperatorID\": \"OP-4507\",\r\n    \"TotalCost\": 740.52,\r\n    \"EfficiencyScore\": 1.87\r\n  },\r\n  {\r\n    \"Timestamp\": new Date(\"2025-07-25T12:50:00Z\"),\r\n    \"MachineID\": \"M-158\",\r\n    \"Stage\": \"Packaging\",\r\n    \"Temperature\": 70.38,\r\n    \"Vibration\": 0.012,\r\n    \"OutputUnits\": 100,\r\n    \"UnitCost\": 5.16,\r\n    \"Status\": \"Idle\",\r\n    \"EnergyConsumption\": 12.46,\r\n    \"DowntimeMinutes\": 10,\r\n    \"OperatorID\": \"OP-6097\",\r\n    \"TotalCost\": 516.0,\r\n    \"EfficiencyScore\": 1.42\r\n  },\r\n  {\r\n    \"Timestamp\": new Date(\"2025-07-25T12:55:00Z\"),\r\n    \"MachineID\": \"M-159\",\r\n    \"Stage\": \"Packaging\",\r\n    \"Temperature\": 73.07,\r\n    \"Vibration\": 0.028,\r\n    \"OutputUnits\": 150,\r\n    \"UnitCost\": 7.9,\r\n    \"Status\": \"Operational\",\r\n    \"EnergyConsumption\": 21.71,\r\n    \"DowntimeMinutes\": 5,\r\n    \"OperatorID\": \"OP-8565\",\r\n    \"TotalCost\": 1185.0,\r\n    \"EfficiencyScore\": 2.05\r\n  },\r\n  {\r\n    \"Timestamp\": new Date(\"2025-07-25T13:00:00Z\"),\r\n    \"MachineID\": \"M-160\",\r\n    \"Stage\": \"Assembly\",\r\n    \"Temperature\": 69.69,\r\n    \"Vibration\": 0.035,\r\n    \"OutputUnits\": 141,\r\n    \"UnitCost\": 5.39,\r\n    \"Status\": \"Operational\",\r\n    \"EnergyConsumption\": 12.91,\r\n    \"DowntimeMinutes\": 10,\r\n    \"OperatorID\": \"OP-8760\",\r\n    \"TotalCost\": 759.99,\r\n    \"EfficiencyScore\": 2.02\r\n  },\r\n  {\r\n    \"Timestamp\": new Date(\"2025-07-25T13:05:00Z\"),\r\n    \"MachineID\": \"M-161\",\r\n    \"Stage\": \"Assembly\",\r\n    \"Temperature\": 70.27,\r\n    \"Vibration\": 0.015,\r\n    \"OutputUnits\": 150,\r\n    \"UnitCost\": 7.01,\r\n    \"Status\": \"Operational\",\r\n    \"EnergyConsumption\": 23.56,\r\n    \"DowntimeMinutes\": 15,\r\n    \"OperatorID\": \"OP-5870\",\r\n    \"TotalCost\": 1051.5,\r\n    \"EfficiencyScore\": 2.13\r\n  },\r\n  {\r\n    \"Timestamp\": new Date(\"2025-07-25T13:10:00Z\"),\r\n    \"MachineID\": \"M-162\",\r\n    \"Stage\": \"Packaging\",\r\n    \"Temperature\": 74.86,\r\n    \"Vibration\": 0.031,\r\n    \"OutputUnits\": 133,\r\n    \"UnitCost\": 5.64,\r\n    \"Status\": \"Idle\",\r\n    \"EnergyConsumption\": 13.29,\r\n    \"DowntimeMinutes\": 5,\r\n    \"OperatorID\": \"OP-9061\",\r\n    \"TotalCost\": 750.12,\r\n    \"EfficiencyScore\": 1.78\r\n  },\r\n  {\r\n    \"Timestamp\": new Date(\"2025-07-25T13:15:00Z\"),\r\n    \"MachineID\": \"M-163\",\r\n    \"Stage\": \"Packaging\",\r\n    \"Temperature\": 68.82,\r\n    \"Vibration\": 0.023,\r\n    \"OutputUnits\": 134,\r\n    \"UnitCost\": 6.16,\r\n    \"Status\": \"Maintenance\",\r\n    \"EnergyConsumption\": 12.39,\r\n    \"DowntimeMinutes\": 0,\r\n    \"OperatorID\": \"OP-5241\",\r\n    \"TotalCost\": 825.44,\r\n    \"EfficiencyScore\": 1.95\r\n  },\r\n  {\r\n    \"Timestamp\": new Date(\"2025-07-25T13:20:00Z\"),\r\n    \"MachineID\": \"M-164\",\r\n    \"Stage\": \"Welding\",\r\n    \"Temperature\": 72.16,\r\n    \"Vibration\": 0.02,\r\n    \"OutputUnits\": 101,\r\n    \"UnitCost\": 7.75,\r\n    \"Status\": \"Operational\",\r\n    \"EnergyConsumption\": 14.61,\r\n    \"DowntimeMinutes\": 15,\r\n    \"OperatorID\": \"OP-1893\",\r\n    \"TotalCost\": 782.75,\r\n    \"EfficiencyScore\": 1.4\r\n  },\r\n  {\r\n    \"Timestamp\": new Date(\"2025-07-25T13:25:00Z\"),\r\n    \"MachineID\": \"M-165\",\r\n    \"Stage\": \"Assembly\",\r\n    \"Temperature\": 73.44,\r\n    \"Vibration\": 0.038,\r\n    \"OutputUnits\": 104,\r\n    \"UnitCost\": 7.25,\r\n    \"Status\": \"Idle\",\r\n    \"EnergyConsumption\": 14.19,\r\n    \"DowntimeMinutes\": 0,\r\n    \"OperatorID\": \"OP-5870\",\r\n    \"TotalCost\": 754.0,\r\n    \"EfficiencyScore\": 1.42\r\n  },\r\n  {\r\n    \"Timestamp\": new Date(\"2025-07-25T13:30:00Z\"),\r\n    \"MachineID\": \"M-166\",\r\n    \"Stage\": \"Assembly\",\r\n    \"Temperature\": 71.17,\r\n    \"Vibration\": 0.021,\r\n    \"OutputUnits\": 136,\r\n    \"UnitCost\": 6.71,\r\n    \"Status\": \"Operational\",\r\n    \"EnergyConsumption\": 13.5,\r\n    \"DowntimeMinutes\": 15,\r\n    \"OperatorID\": \"OP-3803\",\r\n    \"TotalCost\": 912.56,\r\n    \"EfficiencyScore\": 1.91\r\n  },\r\n  {\r\n    \"Timestamp\": new Date(\"2025-07-25T13:35:00Z\"),\r\n    \"MachineID\": \"M-167\",\r\n    \"Stage\": \"Welding\",\r\n    \"Temperature\": 65.03,\r\n    \"Vibration\": 0.02,\r\n    \"OutputUnits\": 110,\r\n    \"UnitCost\": 7.42,\r\n    \"Status\": \"Maintenance\",\r\n    \"EnergyConsumption\": 16.96,\r\n    \"DowntimeMinutes\": 0,\r\n    \"OperatorID\": \"OP-7745\",\r\n    \"TotalCost\": 816.2,\r\n    \"EfficiencyScore\": 1.69\r\n  },\r\n  {\r\n    \"Timestamp\": new Date(\"2025-07-25T13:40:00Z\"),\r\n    \"MachineID\": \"M-168\",\r\n    \"Stage\": \"Packaging\",\r\n    \"Temperature\": 65.01,\r\n    \"Vibration\": 0.04,\r\n    \"OutputUnits\": 105,\r\n    \"UnitCost\": 6.08,\r\n    \"Status\": \"Maintenance\",\r\n    \"EnergyConsumption\": 11.82,\r\n    \"DowntimeMinutes\": 10,\r\n    \"OperatorID\": \"OP-2595\",\r\n    \"TotalCost\": 638.4,\r\n    \"EfficiencyScore\": 1.62\r\n  },\r\n  {\r\n    \"Timestamp\": new Date(\"2025-07-25T13:45:00Z\"),\r\n    \"MachineID\": \"M-169\",\r\n    \"Stage\": \"Packaging\",\r\n    \"Temperature\": 73.55,\r\n    \"Vibration\": 0.01,\r\n    \"OutputUnits\": 139,\r\n    \"UnitCost\": 7.88,\r\n    \"Status\": \"Idle\",\r\n    \"EnergyConsumption\": 10.89,\r\n    \"DowntimeMinutes\": 5,\r\n    \"OperatorID\": \"OP-1722\",\r\n    \"TotalCost\": 1095.32,\r\n    \"EfficiencyScore\": 1.89\r\n  },\r\n  {\r\n    \"Timestamp\": new Date(\"2025-07-25T13:50:00Z\"),\r\n    \"MachineID\": \"M-170\",\r\n    \"Stage\": \"Assembly\",\r\n    \"Temperature\": 65.28,\r\n    \"Vibration\": 0.015,\r\n    \"OutputUnits\": 108,\r\n    \"UnitCost\": 5.51,\r\n    \"Status\": \"Idle\",\r\n    \"EnergyConsumption\": 22.81,\r\n    \"DowntimeMinutes\": 20,\r\n    \"OperatorID\": \"OP-5297\",\r\n    \"TotalCost\": 595.08,\r\n    \"EfficiencyScore\": 1.65\r\n  },\r\n  {\r\n    \"Timestamp\": new Date(\"2025-07-25T13:55:00Z\"),\r\n    \"MachineID\": \"M-171\",\r\n    \"Stage\": \"Assembly\",\r\n    \"Temperature\": 73.23,\r\n    \"Vibration\": 0.034,\r\n    \"OutputUnits\": 124,\r\n    \"UnitCost\": 6.83,\r\n    \"Status\": \"Idle\",\r\n    \"EnergyConsumption\": 24.54,\r\n    \"DowntimeMinutes\": 10,\r\n    \"OperatorID\": \"OP-7718\",\r\n    \"TotalCost\": 846.92,\r\n    \"EfficiencyScore\": 1.69\r\n  },\r\n  {\r\n    \"Timestamp\": new Date(\"2025-07-25T14:00:00Z\"),\r\n    \"MachineID\": \"M-172\",\r\n    \"Stage\": \"Welding\",\r\n    \"Temperature\": 71.75,\r\n    \"Vibration\": 0.028,\r\n    \"OutputUnits\": 106,\r\n    \"UnitCost\": 7.34,\r\n    \"Status\": \"Operational\",\r\n    \"EnergyConsumption\": 14.22,\r\n    \"DowntimeMinutes\": 0,\r\n    \"OperatorID\": \"OP-3219\",\r\n    \"TotalCost\": 778.04,\r\n    \"EfficiencyScore\": 1.48\r\n  },\r\n  {\r\n    \"Timestamp\": new Date(\"2025-07-25T14:05:00Z\"),\r\n    \"MachineID\": \"M-173\",\r\n    \"Stage\": \"Assembly\",\r\n    \"Temperature\": 66.46,\r\n    \"Vibration\": 0.036,\r\n    \"OutputUnits\": 111,\r\n    \"UnitCost\": 5.64,\r\n    \"Status\": \"Idle\",\r\n    \"EnergyConsumption\": 11.12,\r\n    \"DowntimeMinutes\": 5,\r\n    \"OperatorID\": \"OP-5026\",\r\n    \"TotalCost\": 626.04,\r\n    \"EfficiencyScore\": 1.67\r\n  },\r\n  {\r\n    \"Timestamp\": new Date(\"2025-07-25T14:10:00Z\"),\r\n    \"MachineID\": \"M-174\",\r\n    \"Stage\": \"Packaging\",\r\n    \"Temperature\": 74.51,\r\n    \"Vibration\": 0.032,\r\n    \"OutputUnits\": 103,\r\n    \"UnitCost\": 5.24,\r\n    \"Status\": \"Idle\",\r\n    \"EnergyConsumption\": 17.5,\r\n    \"DowntimeMinutes\": 15,\r\n    \"OperatorID\": \"OP-4036\",\r\n    \"TotalCost\": 539.72,\r\n    \"EfficiencyScore\": 1.38\r\n  },\r\n  {\r\n    \"Timestamp\": new Date(\"2025-07-25T14:15:00Z\"),\r\n    \"MachineID\": \"M-175\",\r\n    \"Stage\": \"Welding\",\r\n    \"Temperature\": 68.05,\r\n    \"Vibration\": 0.035,\r\n    \"OutputUnits\": 103,\r\n    \"UnitCost\": 7.37,\r\n    \"Status\": \"Operational\",\r\n    \"EnergyConsumption\": 24.33,\r\n    \"DowntimeMinutes\": 5,\r\n    \"OperatorID\": \"OP-7076\",\r\n    \"TotalCost\": 759.11,\r\n    \"EfficiencyScore\": 1.51\r\n  },\r\n  {\r\n    \"Timestamp\": new Date(\"2025-07-25T14:20:00Z\"),\r\n    \"MachineID\": \"M-176\",\r\n    \"Stage\": \"Welding\",\r\n    \"Temperature\": 70.1,\r\n    \"Vibration\": 0.015,\r\n    \"OutputUnits\": 115,\r\n    \"UnitCost\": 6.71,\r\n    \"Status\": \"Operational\",\r\n    \"EnergyConsumption\": 17.51,\r\n    \"DowntimeMinutes\": 10,\r\n    \"OperatorID\": \"OP-7942\",\r\n    \"TotalCost\": 771.65,\r\n    \"EfficiencyScore\": 1.64\r\n  },\r\n  {\r\n    \"Timestamp\": new Date(\"2025-07-25T14:25:00Z\"),\r\n    \"MachineID\": \"M-177\",\r\n    \"Stage\": \"Welding\",\r\n    \"Temperature\": 72.4,\r\n    \"Vibration\": 0.034,\r\n    \"OutputUnits\": 126,\r\n    \"UnitCost\": 6.0,\r\n    \"Status\": \"Idle\",\r\n    \"EnergyConsumption\": 13.48,\r\n    \"DowntimeMinutes\": 0,\r\n    \"OperatorID\": \"OP-5803\",\r\n    \"TotalCost\": 756.0,\r\n    \"EfficiencyScore\": 1.74\r\n  },\r\n  {\r\n    \"Timestamp\": new Date(\"2025-07-25T14:30:00Z\"),\r\n    \"MachineID\": \"M-178\",\r\n    \"Stage\": \"Packaging\",\r\n    \"Temperature\": 67.67,\r\n    \"Vibration\": 0.027,\r\n    \"OutputUnits\": 118,\r\n    \"UnitCost\": 7.22,\r\n    \"Status\": \"Idle\",\r\n    \"EnergyConsumption\": 19.38,\r\n    \"DowntimeMinutes\": 20,\r\n    \"OperatorID\": \"OP-3467\",\r\n    \"TotalCost\": 851.96,\r\n    \"EfficiencyScore\": 1.74\r\n  },\r\n  {\r\n    \"Timestamp\": new Date(\"2025-07-25T14:35:00Z\"),\r\n    \"MachineID\": \"M-179\",\r\n    \"Stage\": \"Packaging\",\r\n    \"Temperature\": 67.78,\r\n    \"Vibration\": 0.017,\r\n    \"OutputUnits\": 150,\r\n    \"UnitCost\": 7.84,\r\n    \"Status\": \"Idle\",\r\n    \"EnergyConsumption\": 15.9,\r\n    \"DowntimeMinutes\": 15,\r\n    \"OperatorID\": \"OP-2333\",\r\n    \"TotalCost\": 1176.0,\r\n    \"EfficiencyScore\": 2.21\r\n  }\r\n]",
  "src/property-pane.tsx": "import React, { Children, HTMLAttributes, useEffect, useRef, useState } from 'react';\r\nimport './property-pane.css';\r\n\r\nexport interface PropertyPaneProps {\r\n  title?: string | null;\r\n  className?: string;\r\n  children: React.ReactNode;\r\n  position?: 'right' | 'top';\r\n}\r\n\r\nexport const PropertyPane: React.FC<PropertyPaneProps & HTMLAttributes<HTMLDivElement>> = ({\r\n  title = null,\r\n  className = '',\r\n  children,\r\n  position = \"top\",\r\n  ...rest\r\n}) => {\r\n  const [isSmallFrame, setIsSmallFrame] = useState(false);\r\n  const contentRef = useRef<HTMLDivElement>(null);\r\n  useEffect(() => {\r\n    const handleResize = () => {\r\n      setIsSmallFrame(window.innerWidth <= 1240);\r\n    };\r\n    handleResize();\r\n    window.addEventListener('resize', handleResize);\r\n    return () => {\r\n      window.removeEventListener('resize', handleResize);\r\n    };\r\n  }, []);\r\n  position = isSmallFrame ? 'top' : position\r\n  const childColumns = Children.toArray(children).filter(\r\n    child => React.isValidElement(child) && child.type === PropertyColumn\r\n  ).length;\r\n  useEffect(() => {\r\n    const alignRows = () => {\r\n      if (!contentRef.current || childColumns <= 1) return;\r\n      const columns = Array.from(contentRef.current.querySelectorAll('.property-col'));\r\n      if (columns.length === 0) return;\r\n      const maxRows = Math.max(...columns.map(col => col.children.length));\r\n      for (let i = 0; i < maxRows; i++) {\r\n        const rowsAtIndex = columns.map(col => col.children[i]).filter(Boolean) as HTMLElement[];\r\n        if (rowsAtIndex.length > 1) {\r\n          rowsAtIndex.forEach(row => row.style.height = 'auto');\r\n          const maxHeight = Math.max(...rowsAtIndex.map(row => row.offsetHeight));\r\n          rowsAtIndex.forEach(row => row.style.height = `${maxHeight}px`);\r\n        }\r\n      }\r\n    };\r\n    const timeout = setTimeout(alignRows, 100);\r\n    const resizeObserver = new ResizeObserver(alignRows);\r\n    if (contentRef.current) {\r\n      resizeObserver.observe(contentRef.current);\r\n    }\r\n    return () => {\r\n      clearTimeout(timeout);\r\n      resizeObserver.disconnect();\r\n    };\r\n  }, [children, childColumns]);\r\n  return (\r\n    <div\r\n      className={`property-panel ${className}`}\r\n      data-property-pane=\"true\"\r\n      data-position={position}\r\n      data-columns={childColumns}\r\n      {...rest}\r\n    >\r\n      {title && <div className=\"property-panel-header\">\r\n        <h3 className=\"property-panel-title\">{title}</h3>\r\n      </div>}\r\n      <div className=\"property-panel-content\" ref={contentRef}>\r\n        {children}\r\n      </div>\r\n    </div>\r\n  );\r\n};\r\n\r\nexport interface PropertyColumnProps {\r\n  children: React.ReactNode;\r\n  span?: number;\r\n  className?: string;\r\n}\r\n\r\nexport const PropertyColumn: React.FC<PropertyColumnProps> = ({\r\n  children,\r\n  span = 6,\r\n  className = ''\r\n}) => {\r\n  return (\r\n    <div className={`property-col property-col-${span} ${className}`}>\r\n      {children}\r\n    </div>\r\n  );\r\n};\r\n\r\nexport interface PropertyRowProps {\r\n  children: React.ReactNode;\r\n  className?: string;\r\n}\r\n\r\nexport const PropertyRow: React.FC<PropertyRowProps> = ({\r\n  children,\r\n  className = ''\r\n}) => {\r\n  return (\r\n    <div className={`property-row ${className}`}>\r\n      {children}\r\n    </div>\r\n  );\r\n};\r\n\r\nexport default PropertyPane;\r\n",
  "src/property-pane.css": ".component-content:has(.property-panel) {\r\n  padding: 0;\r\n}\r\n.component-content:has(.property-panel[data-position=\"top\"]) {\r\n  max-height: unset;\r\n}\r\n.preview-container:has(.property-panel) {\r\n  display: grid;\r\n  padding: 0;\r\n  gap: 0;\r\n}\r\n.preview-container:has(.property-panel[data-position=\"right\"]):not(.preview-container:has(.property-panel[data-position=\"top\"])) {\r\n  grid-template-columns: 1fr 270px;\r\n  grid-template-rows: 1fr;\r\n  gap: 1px;\r\n}\r\n.preview-container:has(.property-panel[data-position=\"top\"]) {\r\n  grid-template-columns: 1fr;\r\n  grid-template-rows: auto 1fr;\r\n  gap: 1px;\r\n}\r\n.preview-container:has(.property-panel:not([data-position])) {\r\n  grid-template-columns: 1fr 320px;\r\n  grid-template-rows: 1fr;\r\n  gap: 1px;\r\n}\r\n.preview-container.has-property-pane-right {\r\n  display: grid;\r\n  padding: 0;\r\n  grid-template-columns: 1fr 320px;\r\n  grid-template-rows: 1fr;\r\n  gap: 1px;\r\n}\r\n.preview-container.has-property-pane-top {\r\n  display: grid;\r\n  padding: 0;\r\n  grid-template-columns: 1fr;\r\n  grid-template-rows: auto 1fr;\r\n  gap: 1px;\r\n}\r\n.preview-container:has(.property-panel[data-position=\"right\"]) .component-section,\r\n.preview-container:has(.property-panel:not([data-position])) .component-section {\r\n  min-width: 100%;\r\n  align-items: center;\r\n  padding: 20px;\r\n  overflow: auto;\r\n}\r\n.preview-container:has(.property-panel[data-position=\"top\"]) .component-section {\r\n  max-width: unset;\r\n  padding: 20px;\r\n  overflow: auto;\r\n}\r\n.preview-container.has-property-pane-right .component-section {\r\n  display: flex;\r\n  align-items: center;\r\n  padding: 20px;\r\n  min-height: 350px;\r\n  overflow: auto;\r\n}\r\n.preview-container.has-property-pane-top .component-section {\r\n  display: flex;\r\n  align-items: center;\r\n  justify-content: center;\r\n  padding: 20px;\r\n  min-height: 350px;\r\n  border: none;\r\n  border-radius: 0;\r\n  overflow: auto;\r\n}\r\n.property-panel[data-property-pane] {\r\n  overflow: hidden;\r\n  display: flex;\r\n  flex-direction: column;\r\n  margin: 0;\r\n  background-color: rgba(163, 146, 146, 0.03); \r\n}\r\n.property-panel:not([data-position]),\r\n.property-panel[data-position=\"right\"] {\r\n  border-left: 1px solid var(--border-color);\r\n  min-width: 270px;\r\n  height: 100%;\r\n  align-self: start;\r\n}\r\n.property-panel[data-position=\"top\"] {\r\n  width: 100%;\r\n  height: auto;\r\n  border-bottom: 1px solid var(--border-color);\r\n  max-height: 200px;\r\n  grid-row: 1;\r\n}\r\n@media (max-width: 768px) {\r\n  .property-panel[data-property-pane] {\r\n    width: 100%;\r\n    min-width: unset;\r\n    height: auto;\r\n    max-height: 250px;\r\n  }\r\n}\r\n.property-panel-header {\r\n  border-bottom: 1px solid var(--border-color);\r\n  padding: 12px 20px;\r\n  flex-shrink: 0;\r\n}\r\n.property-panel-title {\r\n  margin: 0;\r\n  font-size: 16px;\r\n  font-weight: 600;\r\n  color: var(--text-color);\r\n  line-height: 1.5;\r\n}\r\n.property-panel-content {\r\n  padding: 20px;\r\n  overflow-y: auto;\r\n  flex: 1;\r\n  display: flex;\r\n  flex-direction: column;\r\n  gap: 16px;\r\n}\r\n.property-panel[data-columns=\"2\"] .property-row,\r\n.property-panel[data-columns=\"3\"] .property-row,\r\n.property-panel[data-columns=\"4\"] .property-row {\r\n  display: flex;\r\n  flex-direction: column;\r\n  justify-content: center;\r\n  align-items: stretch;\r\n}\r\n.property-panel[data-columns=\"2\"] .property-panel-content {\r\n  display: grid;\r\n  grid-template-columns: 1fr 1fr;\r\n  gap: 16px 12px;\r\n  align-items: start;\r\n}\r\n.property-panel[data-columns=\"3\"] .property-panel-content {\r\n  display: grid;\r\n  grid-template-columns: repeat(3, 1fr);\r\n  gap: 16px 12px;\r\n  align-items: start;\r\n}\r\n.property-panel[data-columns=\"4\"] .property-panel-content {\r\n  display: grid;\r\n  grid-template-columns: repeat(4, 1fr);\r\n  gap: 16px 12px;\r\n  align-items: start;\r\n}\r\n.property-col {\r\n  display: flex;\r\n  flex-direction: column;\r\n  gap: 16px;\r\n  align-self: start;\r\n}\r\n.property-panel[data-columns=\"2\"] .property-col-6 { \r\n  grid-column: span 1;\r\n}\r\n.property-panel[data-columns=\"2\"] .property-col-12 { \r\n  grid-column: span 2;\r\n}\r\n.property-panel[data-columns=\"3\"] .property-col-4 { \r\n  grid-column: span 1;\r\n}\r\n.property-panel[data-columns=\"3\"] .property-col-8 { \r\n  grid-column: span 2;\r\n}\r\n.property-panel[data-columns=\"3\"] .property-col-12 { \r\n  grid-column: span 3;\r\n}\r\n.property-panel[data-columns=\"4\"] .property-col-3 { \r\n  grid-column: span 1;\r\n}\r\n.property-panel[data-columns=\"4\"] .property-col-6 { \r\n  grid-column: span 2;\r\n}\r\n.property-panel[data-columns=\"4\"] .property-col-9 { \r\n  grid-column: span 3;\r\n}\r\n.property-panel[data-columns=\"4\"] .property-col-12 { \r\n  grid-column: span 4;\r\n}\r\n.property-panel[data-columns=\"1\"] .property-col,\r\n.property-panel:not([data-columns]) .property-col {\r\n  width: 100%;\r\n}\r\n.property-row {\r\n  display: flex;\r\n  flex-direction: column;\r\n  gap: 8px;\r\n  width: 100%;\r\n}\r\n.property-col .property-row {\r\n  margin-bottom: 0;\r\n}\r\n.property-row .property-label {\r\n  display: block;\r\n  font-size: 13px;\r\n  font-weight: 500;\r\n  color: var(--button-primary-bg);\r\n  line-height: 1.4;\r\n}\r\n.preview-container:has(.property-panel) > *:not(.component-section,.typography-section):not(.property-panel),\r\n.preview-container.has-property-pane-right > *:not(.component-section,.typography-section):not(.property-panel),\r\n.preview-container.has-property-pane-top > *:not(.component-section,.typography-section):not(.property-panel) {\r\n  align-items: center;\r\n  max-width: 100%;\r\n  min-height: 350px;\r\n  padding: 20px;\r\n  overflow: auto;\r\n}\r\n@media (max-width: 768px) {\r\n  .property-col {\r\n    grid-column: span 1 !important;\r\n  }\r\n  \r\n  .preview-container {\r\n    padding: 10px;\r\n    gap: 10px;\r\n  }\r\n  \r\n  .preview-container .component-section {\r\n    padding: 15px;\r\n  }\r\n  \r\n  .property-panel-content {\r\n    padding: 15px;\r\n  }\r\n  \r\n  .property-panel-header {\r\n    padding: 12px 15px;\r\n  }\r\n  \r\n  .property-panel-title {\r\n    font-size: 14px;\r\n  }\r\n}\r\n.property-panel-content::-webkit-scrollbar {\r\n  width: 0.275rem;\r\n}\r\n.property-panel-content::-webkit-scrollbar-track {\r\n   background: transparent;\r\n  border-radius: 3px;\r\n}\r\n.property-panel-content::-webkit-scrollbar-thumb {\r\n  background:var(--scrollbar-thumb);\r\n  border: 0.0625rem solid var(--scrollbar-thumb);\r\n}\r\n.property-panel-content::-webkit-scrollbar-thumb:hover {\r\n  background:var(--scrollbar-thumb-hover);\r\n}\r\n.preview-container {\r\n  transition: grid-template-columns 0.3s ease, grid-template-rows 0.3s ease;\r\n}\r\n.sb-no-frame .property-panel[data-position=\"top\"] {\r\n  border: 1px solid var(--border-color);\r\n  margin-bottom: 8px;\r\n}\r\n.sb-no-frame .preview-container:has(.property-panel) > *:not(.component-section):not(.property-panel)\r\n{\r\n padding: 0;\r\n}",
  "dependencies": "{\"@syncfusion/react-grid\":\"*\",\"@syncfusion/react-buttons\":\"*\",\"@syncfusion/react-locale\":\"*\",\"@syncfusion/react-cldr-data\":\"*\"}"
}