{
  "src/App.css": "@import \"@syncfusion/react-base/styles/material3.css\";\n@import \"@syncfusion/react-buttons/styles/material3.css\";\n@import \"@syncfusion/react-popups/styles/material3.css\";\n@import \"@syncfusion/react-splitbuttons/styles/material3.css\";\n@import \"@syncfusion/react-inputs/styles/material3.css\";\n@import \"@syncfusion/react-calendars/styles/material3.css\";\n@import \"@syncfusion/react-lists/styles/material3.css\";\n@import \"@syncfusion/react-dropdowns/styles/material3.css\";\n@import \"@syncfusion/react-navigations/styles/material3.css\";\n@import \"@syncfusion/react-notifications/styles/material3.css\";\n@import \"@syncfusion/react-pager/styles/material3.css\";\n@import \"@syncfusion/react-grid/styles/material3.css\";\n",
  "src/App.tsx": "import { Grid, Columns, Column, FilterSettings, SortSettings, PageSettings, FilterBarType, TextAlign } from '@syncfusion/react-grid';\r\nimport { foodNutritionList } from './nutritionDetails';\r\nimport { useState } from 'react';\r\n\r\nexport default function App() {\r\n    // Initialize state for filter, sort, and pagination settings.    \r\n    const [filterSettings] = useState<FilterSettings>({enabled: true});\r\n    const [sortSettings] = useState<SortSettings>({enabled: true});\r\n    const [pageSettings] = useState<PageSettings>({ enabled: true, pageSize: 8, pageCount: 4  });\r\n    // Render grid with nutrition data and configured settings.\r\n    return (\r\n        <div>\r\n            <Grid dataSource={foodNutritionList} sortSettings={sortSettings} filterSettings={filterSettings} pageSettings={pageSettings} >\r\n                <Columns>\r\n                    <Column field=\"FoodID\" headerText=\"Food ID\" width=\"90\" textAlign='Right' filter={{filterBarType:FilterBarType.NumericTextBox}}/>\r\n                    <Column field=\"FoodName\" headerText=\"Food Name\" width=\"120\" />\r\n                    <Column field=\"Protein\" headerText=\"Protein (g)\" width=\"100\" textAlign={TextAlign.Right} allowSort={false} filter={{filterBarType:FilterBarType.NumericTextBox}} />\r\n                    <Column field=\"Fat\" headerText=\"Fat (g)\" width=\"90\" textAlign={TextAlign.Right} filter={{filterBarType:FilterBarType.NumericTextBox}} />\r\n                    <Column field=\"Carbohydrate\" headerText=\"Carbohydrate (g)\" width=\"130\" textAlign={TextAlign.Right} filter={{filterBarType:FilterBarType.NumericTextBox}} />\r\n                    <Column field=\"Fiber\" headerText=\"Fiber (g)\" width=\"100\" textAlign='Right' filter={{filterBarType:FilterBarType.NumericTextBox}} />\r\n                    <Column field=\"Calories\" headerText=\"Calories (kcal)\" width=\"120\" textAlign='Right' filter={{filterBarType:FilterBarType.NumericTextBox}} />\r\n                </Columns>\r\n            </Grid>\r\n        </div>\r\n    );\r\n};\r\n\r\n",
  "src/nutritionDetails.ts": "export interface NutritionEntry {\r\n  FoodID: number;\r\n  FoodName: string;\r\n  Protein: number;\r\n  Fat: number;\r\n  Carbohydrate: number;\r\n  Fiber: number;\r\n  Calories: number;\r\n  Sugar: number;\r\n  Sodium: number;\r\n  Cholesterol: number;\r\n  Calcium: number;\r\n}\r\n\r\n\r\nexport const foodNutritionList : NutritionEntry[] = [\r\n    {\r\n        \"FoodID\": 1,\r\n        \"FoodName\": \"Chicken Salad\",\r\n        \"Protein\": 27,\r\n        \"Fat\": 6,\r\n        \"Carbohydrate\": 41,\r\n        \"Fiber\": 6,\r\n        \"Calories\": 199,\r\n        \"Sugar\": 10,\r\n        \"Sodium\": 387,\r\n        \"Cholesterol\": 56,\r\n        \"Calcium\": 145\r\n    },\r\n    {\r\n        \"FoodID\": 2,\r\n        \"FoodName\": \"Pasta\",\r\n        \"Protein\": 9,\r\n        \"Fat\": 13,\r\n        \"Carbohydrate\": 18,\r\n        \"Fiber\": 3,\r\n        \"Calories\": 129,\r\n        \"Sugar\": 16,\r\n        \"Sodium\": 359,\r\n        \"Cholesterol\": 53,\r\n        \"Calcium\": 55\r\n    },\r\n    {\r\n        \"FoodID\": 3,\r\n        \"FoodName\": \"Grilled Salmon\",\r\n        \"Protein\": 24,\r\n        \"Fat\": 6,\r\n        \"Carbohydrate\": 47,\r\n        \"Fiber\": 12,\r\n        \"Calories\": 271,\r\n        \"Sugar\": 13,\r\n        \"Sodium\": 447,\r\n        \"Cholesterol\": 68,\r\n        \"Calcium\": 223\r\n    },\r\n    {\r\n        \"FoodID\": 4,\r\n        \"FoodName\": \"Veggie Burger\",\r\n        \"Protein\": 20,\r\n        \"Fat\": 8,\r\n        \"Carbohydrate\": 18,\r\n        \"Fiber\": 13,\r\n        \"Calories\": 117,\r\n        \"Sugar\": 2,\r\n        \"Sodium\": 375,\r\n        \"Cholesterol\": 50,\r\n        \"Calcium\": 106\r\n    },\r\n    {\r\n        \"FoodID\": 5,\r\n        \"FoodName\": \"Fruit Smoothie\",\r\n        \"Protein\": 11,\r\n        \"Fat\": 20,\r\n        \"Carbohydrate\": 35,\r\n        \"Fiber\": 2,\r\n        \"Calories\": 321,\r\n        \"Sugar\": 13,\r\n        \"Sodium\": 467,\r\n        \"Cholesterol\": 72,\r\n        \"Calcium\": 299\r\n    },\r\n    {\r\n        \"FoodID\": 6,\r\n        \"FoodName\": \"Tofu Stir Fry\",\r\n        \"Protein\": 8,\r\n        \"Fat\": 8,\r\n        \"Carbohydrate\": 47,\r\n        \"Fiber\": 12,\r\n        \"Calories\": 337,\r\n        \"Sugar\": 7,\r\n        \"Sodium\": 233,\r\n        \"Cholesterol\": 30,\r\n        \"Calcium\": 112\r\n    },\r\n    {\r\n        \"FoodID\": 7,\r\n        \"FoodName\": \"Beef Steak\",\r\n        \"Protein\": 9,\r\n        \"Fat\": 17,\r\n        \"Carbohydrate\": 16,\r\n        \"Fiber\": 8,\r\n        \"Calories\": 217,\r\n        \"Sugar\": 5,\r\n        \"Sodium\": 56,\r\n        \"Cholesterol\": 32,\r\n        \"Calcium\": 235\r\n    },\r\n    {\r\n        \"FoodID\": 8,\r\n        \"FoodName\": \"Quinoa Bowl\",\r\n        \"Protein\": 17,\r\n        \"Fat\": 17,\r\n        \"Carbohydrate\": 50,\r\n        \"Fiber\": 5,\r\n        \"Calories\": 322,\r\n        \"Sugar\": 14,\r\n        \"Sodium\": 359,\r\n        \"Cholesterol\": 78,\r\n        \"Calcium\": 87\r\n    },\r\n    {\r\n        \"FoodID\": 9,\r\n        \"FoodName\": \"Turkey Sandwich\",\r\n        \"Protein\": 24,\r\n        \"Fat\": 12,\r\n        \"Carbohydrate\": 21,\r\n        \"Fiber\": 5,\r\n        \"Calories\": 197,\r\n        \"Sugar\": 15,\r\n        \"Sodium\": 491,\r\n        \"Cholesterol\": 74,\r\n        \"Calcium\": 243\r\n    },\r\n    {\r\n        \"FoodID\": 10,\r\n        \"FoodName\": \"Lentil Soup\",\r\n        \"Protein\": 20,\r\n        \"Fat\": 16,\r\n        \"Carbohydrate\": 38,\r\n        \"Fiber\": 8,\r\n        \"Calories\": 160,\r\n        \"Sugar\": 1,\r\n        \"Sodium\": 446,\r\n        \"Cholesterol\": 61,\r\n        \"Calcium\": 277\r\n    },\r\n    {\r\n        \"FoodID\": 11,\r\n        \"FoodName\": \"Caesar Salad\",\r\n        \"Protein\": 17,\r\n        \"Fat\": 11,\r\n        \"Carbohydrate\": 42,\r\n        \"Fiber\": 15,\r\n        \"Calories\": 401,\r\n        \"Sugar\": 16,\r\n        \"Sodium\": 379,\r\n        \"Cholesterol\": 46,\r\n        \"Calcium\": 197\r\n    },\r\n    {\r\n        \"FoodID\": 12,\r\n        \"FoodName\": \"Rice Pilaf\",\r\n        \"Protein\": 23,\r\n        \"Fat\": 14,\r\n        \"Carbohydrate\": 20,\r\n        \"Fiber\": 6,\r\n        \"Calories\": 425,\r\n        \"Sugar\": 19,\r\n        \"Sodium\": 429,\r\n        \"Cholesterol\": 57,\r\n        \"Calcium\": 276\r\n    },\r\n    {\r\n        \"FoodID\": 13,\r\n        \"FoodName\": \"Shrimp Tacos\",\r\n        \"Protein\": 20,\r\n        \"Fat\": 14,\r\n        \"Carbohydrate\": 43,\r\n        \"Fiber\": 7,\r\n        \"Calories\": 364,\r\n        \"Sugar\": 13,\r\n        \"Sodium\": 380,\r\n        \"Cholesterol\": 48,\r\n        \"Calcium\": 212\r\n    },\r\n    {\r\n        \"FoodID\": 14,\r\n        \"FoodName\": \"Oatmeal\",\r\n        \"Protein\": 20,\r\n        \"Fat\": 5,\r\n        \"Carbohydrate\": 43,\r\n        \"Fiber\": 4,\r\n        \"Calories\": 355,\r\n        \"Sugar\": 7,\r\n        \"Sodium\": 358,\r\n        \"Cholesterol\": 26,\r\n        \"Calcium\": 271\r\n    },\r\n    {\r\n        \"FoodID\": 15,\r\n        \"FoodName\": \"Greek Yogurt\",\r\n        \"Protein\": 5,\r\n        \"Fat\": 5,\r\n        \"Carbohydrate\": 15,\r\n        \"Fiber\": 15,\r\n        \"Calories\": 291,\r\n        \"Sugar\": 14,\r\n        \"Sodium\": 142,\r\n        \"Cholesterol\": 21,\r\n        \"Calcium\": 263\r\n    },\r\n    {\r\n        \"FoodID\": 16,\r\n        \"FoodName\": \"Avocado Toast\",\r\n        \"Protein\": 13,\r\n        \"Fat\": 8,\r\n        \"Carbohydrate\": 44,\r\n        \"Fiber\": 10,\r\n        \"Calories\": 184,\r\n        \"Sugar\": 11,\r\n        \"Sodium\": 497,\r\n        \"Cholesterol\": 52,\r\n        \"Calcium\": 249\r\n    },\r\n    {\r\n        \"FoodID\": 17,\r\n        \"FoodName\": \"Egg Omelette\",\r\n        \"Protein\": 11,\r\n        \"Fat\": 6,\r\n        \"Carbohydrate\": 10,\r\n        \"Fiber\": 4,\r\n        \"Calories\": 383,\r\n        \"Sugar\": 17,\r\n        \"Sodium\": 250,\r\n        \"Cholesterol\": 56,\r\n        \"Calcium\": 219\r\n    },\r\n    {\r\n        \"FoodID\": 18,\r\n        \"FoodName\": \"Sweet Potato Fries\",\r\n        \"Protein\": 13,\r\n        \"Fat\": 4,\r\n        \"Carbohydrate\": 17,\r\n        \"Fiber\": 6,\r\n        \"Calories\": 359,\r\n        \"Sugar\": 11,\r\n        \"Sodium\": 155,\r\n        \"Cholesterol\": 20,\r\n        \"Calcium\": 142\r\n    },\r\n    {\r\n        \"FoodID\": 19,\r\n        \"FoodName\": \"Broccoli Soup\",\r\n        \"Protein\": 15,\r\n        \"Fat\": 18,\r\n        \"Carbohydrate\": 43,\r\n        \"Fiber\": 9,\r\n        \"Calories\": 233,\r\n        \"Sugar\": 3,\r\n        \"Sodium\": 121,\r\n        \"Cholesterol\": 29,\r\n        \"Calcium\": 226\r\n    },\r\n    {\r\n        \"FoodID\": 20,\r\n        \"FoodName\": \"Mushroom Risotto\",\r\n        \"Protein\": 16,\r\n        \"Fat\": 10,\r\n        \"Carbohydrate\": 22,\r\n        \"Fiber\": 4,\r\n        \"Calories\": 134,\r\n        \"Sugar\": 4,\r\n        \"Sodium\": 422,\r\n        \"Cholesterol\": 57,\r\n        \"Calcium\": 274\r\n    },\r\n    {\r\n        \"FoodID\": 21,\r\n        \"FoodName\": \"Chickpea Curry\",\r\n        \"Protein\": 21,\r\n        \"Fat\": 1,\r\n        \"Carbohydrate\": 20,\r\n        \"Fiber\": 12,\r\n        \"Calories\": 458,\r\n        \"Sugar\": 13,\r\n        \"Sodium\": 387,\r\n        \"Cholesterol\": 73,\r\n        \"Calcium\": 77\r\n    },\r\n    {\r\n        \"FoodID\": 22,\r\n        \"FoodName\": \"Spinach Wrap\",\r\n        \"Protein\": 23,\r\n        \"Fat\": 4,\r\n        \"Carbohydrate\": 24,\r\n        \"Fiber\": 8,\r\n        \"Calories\": 404,\r\n        \"Sugar\": 0,\r\n        \"Sodium\": 140,\r\n        \"Cholesterol\": 5,\r\n        \"Calcium\": 266\r\n    },\r\n    {\r\n        \"FoodID\": 23,\r\n        \"FoodName\": \"Banana Pancakes\",\r\n        \"Protein\": 12,\r\n        \"Fat\": 15,\r\n        \"Carbohydrate\": 11,\r\n        \"Fiber\": 15,\r\n        \"Calories\": 335,\r\n        \"Sugar\": 12,\r\n        \"Sodium\": 366,\r\n        \"Cholesterol\": 17,\r\n        \"Calcium\": 177\r\n    },\r\n    {\r\n        \"FoodID\": 24,\r\n        \"FoodName\": \"Zucchini Noodles\",\r\n        \"Protein\": 17,\r\n        \"Fat\": 13,\r\n        \"Carbohydrate\": 14,\r\n        \"Fiber\": 1,\r\n        \"Calories\": 464,\r\n        \"Sugar\": 20,\r\n        \"Sodium\": 424,\r\n        \"Cholesterol\": 2,\r\n        \"Calcium\": 69\r\n    },\r\n    {\r\n        \"FoodID\": 25,\r\n        \"FoodName\": \"Tomato Soup\",\r\n        \"Protein\": 15,\r\n        \"Fat\": 10,\r\n        \"Carbohydrate\": 11,\r\n        \"Fiber\": 6,\r\n        \"Calories\": 229,\r\n        \"Sugar\": 10,\r\n        \"Sodium\": 402,\r\n        \"Cholesterol\": 99,\r\n        \"Calcium\": 189\r\n    },\r\n    {\r\n        \"FoodID\": 26,\r\n        \"FoodName\": \"Cottage Cheese\",\r\n        \"Protein\": 29,\r\n        \"Fat\": 18,\r\n        \"Carbohydrate\": 35,\r\n        \"Fiber\": 4,\r\n        \"Calories\": 114,\r\n        \"Sugar\": 11,\r\n        \"Sodium\": 52,\r\n        \"Cholesterol\": 49,\r\n        \"Calcium\": 274\r\n    },\r\n    {\r\n        \"FoodID\": 27,\r\n        \"FoodName\": \"Grilled Cheese\",\r\n        \"Protein\": 7,\r\n        \"Fat\": 3,\r\n        \"Carbohydrate\": 27,\r\n        \"Fiber\": 11,\r\n        \"Calories\": 172,\r\n        \"Sugar\": 18,\r\n        \"Sodium\": 492,\r\n        \"Cholesterol\": 35,\r\n        \"Calcium\": 92\r\n    },\r\n    {\r\n        \"FoodID\": 28,\r\n        \"FoodName\": \"Peanut Butter Toast\",\r\n        \"Protein\": 22,\r\n        \"Fat\": 10,\r\n        \"Carbohydrate\": 19,\r\n        \"Fiber\": 1,\r\n        \"Calories\": 480,\r\n        \"Sugar\": 11,\r\n        \"Sodium\": 303,\r\n        \"Cholesterol\": 23,\r\n        \"Calcium\": 170\r\n    },\r\n    {\r\n        \"FoodID\": 29,\r\n        \"FoodName\": \"Berry Parfait\",\r\n        \"Protein\": 29,\r\n        \"Fat\": 20,\r\n        \"Carbohydrate\": 14,\r\n        \"Fiber\": 13,\r\n        \"Calories\": 238,\r\n        \"Sugar\": 13,\r\n        \"Sodium\": 280,\r\n        \"Cholesterol\": 24,\r\n        \"Calcium\": 201\r\n    },\r\n    {\r\n        \"FoodID\": 30,\r\n        \"FoodName\": \"Stuffed Peppers\",\r\n        \"Protein\": 7,\r\n        \"Fat\": 4,\r\n        \"Carbohydrate\": 43,\r\n        \"Fiber\": 8,\r\n        \"Calories\": 278,\r\n        \"Sugar\": 8,\r\n        \"Sodium\": 270,\r\n        \"Cholesterol\": 46,\r\n        \"Calcium\": 238\r\n    },\r\n    {\r\n        \"FoodID\": 31,\r\n        \"FoodName\": \"Baked Cod\",\r\n        \"Protein\": 15,\r\n        \"Fat\": 13,\r\n        \"Carbohydrate\": 12,\r\n        \"Fiber\": 5,\r\n        \"Calories\": 202,\r\n        \"Sugar\": 16,\r\n        \"Sodium\": 441,\r\n        \"Cholesterol\": 78,\r\n        \"Calcium\": 289\r\n    },\r\n    {\r\n        \"FoodID\": 32,\r\n        \"FoodName\": \"Veggie Pizza\",\r\n        \"Protein\": 12,\r\n        \"Fat\": 14,\r\n        \"Carbohydrate\": 29,\r\n        \"Fiber\": 15,\r\n        \"Calories\": 222,\r\n        \"Sugar\": 16,\r\n        \"Sodium\": 436,\r\n        \"Cholesterol\": 10,\r\n        \"Calcium\": 257\r\n    },\r\n    {\r\n        \"FoodID\": 33,\r\n        \"FoodName\": \"Chicken Wrap\",\r\n        \"Protein\": 19,\r\n        \"Fat\": 13,\r\n        \"Carbohydrate\": 28,\r\n        \"Fiber\": 2,\r\n        \"Calories\": 218,\r\n        \"Sugar\": 19,\r\n        \"Sodium\": 219,\r\n        \"Cholesterol\": 57,\r\n        \"Calcium\": 99\r\n    },\r\n    {\r\n        \"FoodID\": 34,\r\n        \"FoodName\": \"Beef Burrito\",\r\n        \"Protein\": 29,\r\n        \"Fat\": 11,\r\n        \"Carbohydrate\": 40,\r\n        \"Fiber\": 9,\r\n        \"Calories\": 227,\r\n        \"Sugar\": 11,\r\n        \"Sodium\": 168,\r\n        \"Cholesterol\": 93,\r\n        \"Calcium\": 143\r\n    },\r\n    {\r\n        \"FoodID\": 35,\r\n        \"FoodName\": \"Tofu Burger\",\r\n        \"Protein\": 16,\r\n        \"Fat\": 4,\r\n        \"Carbohydrate\": 32,\r\n        \"Fiber\": 7,\r\n        \"Calories\": 343,\r\n        \"Sugar\": 17,\r\n        \"Sodium\": 164,\r\n        \"Cholesterol\": 98,\r\n        \"Calcium\": 241\r\n    },\r\n    {\r\n        \"FoodID\": 36,\r\n        \"FoodName\": \"Egg Salad\",\r\n        \"Protein\": 20,\r\n        \"Fat\": 5,\r\n        \"Carbohydrate\": 23,\r\n        \"Fiber\": 10,\r\n        \"Calories\": 332,\r\n        \"Sugar\": 7,\r\n        \"Sodium\": 366,\r\n        \"Cholesterol\": 59,\r\n        \"Calcium\": 174\r\n    },\r\n    {\r\n        \"FoodID\": 37,\r\n        \"FoodName\": \"Pumpkin Soup\",\r\n        \"Protein\": 25,\r\n        \"Fat\": 12,\r\n        \"Carbohydrate\": 12,\r\n        \"Fiber\": 4,\r\n        \"Calories\": 142,\r\n        \"Sugar\": 4,\r\n        \"Sodium\": 378,\r\n        \"Cholesterol\": 23,\r\n        \"Calcium\": 204\r\n    },\r\n    {\r\n        \"FoodID\": 38,\r\n        \"FoodName\": \"Rice and Beans\",\r\n        \"Protein\": 12,\r\n        \"Fat\": 16,\r\n        \"Carbohydrate\": 20,\r\n        \"Fiber\": 14,\r\n        \"Calories\": 243,\r\n        \"Sugar\": 9,\r\n        \"Sodium\": 331,\r\n        \"Cholesterol\": 36,\r\n        \"Calcium\": 155\r\n    },\r\n    {\r\n        \"FoodID\": 39,\r\n        \"FoodName\": \"Fish Curry\",\r\n        \"Protein\": 9,\r\n        \"Fat\": 16,\r\n        \"Carbohydrate\": 15,\r\n        \"Fiber\": 15,\r\n        \"Calories\": 375,\r\n        \"Sugar\": 6,\r\n        \"Sodium\": 244,\r\n        \"Cholesterol\": 35,\r\n        \"Calcium\": 159\r\n    },\r\n    {\r\n        \"FoodID\": 40,\r\n        \"FoodName\": \"Veggie Lasagna\",\r\n        \"Protein\": 8,\r\n        \"Fat\": 6,\r\n        \"Carbohydrate\": 13,\r\n        \"Fiber\": 15,\r\n        \"Calories\": 300,\r\n        \"Sugar\": 5,\r\n        \"Sodium\": 217,\r\n        \"Cholesterol\": 48,\r\n        \"Calcium\": 83\r\n    },\r\n    {\r\n        \"FoodID\": 41,\r\n        \"FoodName\": \"Ham Sandwich\",\r\n        \"Protein\": 13,\r\n        \"Fat\": 6,\r\n        \"Carbohydrate\": 35,\r\n        \"Fiber\": 4,\r\n        \"Calories\": 171,\r\n        \"Sugar\": 12,\r\n        \"Sodium\": 89,\r\n        \"Cholesterol\": 80,\r\n        \"Calcium\": 228\r\n    },\r\n    {\r\n        \"FoodID\": 42,\r\n        \"FoodName\": \"Cucumber Salad\",\r\n        \"Protein\": 11,\r\n        \"Fat\": 10,\r\n        \"Carbohydrate\": 17,\r\n        \"Fiber\": 6,\r\n        \"Calories\": 388,\r\n        \"Sugar\": 17,\r\n        \"Sodium\": 148,\r\n        \"Cholesterol\": 100,\r\n        \"Calcium\": 53\r\n    },\r\n    {\r\n        \"FoodID\": 43,\r\n        \"FoodName\": \"Apple Pie\",\r\n        \"Protein\": 23,\r\n        \"Fat\": 19,\r\n        \"Carbohydrate\": 27,\r\n        \"Fiber\": 3,\r\n        \"Calories\": 127,\r\n        \"Sugar\": 13,\r\n        \"Sodium\": 330,\r\n        \"Cholesterol\": 1,\r\n        \"Calcium\": 53\r\n    },\r\n    {\r\n        \"FoodID\": 44,\r\n        \"FoodName\": \"Carrot Cake\",\r\n        \"Protein\": 6,\r\n        \"Fat\": 15,\r\n        \"Carbohydrate\": 12,\r\n        \"Fiber\": 6,\r\n        \"Calories\": 498,\r\n        \"Sugar\": 12,\r\n        \"Sodium\": 182,\r\n        \"Cholesterol\": 78,\r\n        \"Calcium\": 293\r\n    },\r\n    {\r\n        \"FoodID\": 45,\r\n        \"FoodName\": \"Green Smoothie\",\r\n        \"Protein\": 16,\r\n        \"Fat\": 11,\r\n        \"Carbohydrate\": 37,\r\n        \"Fiber\": 11,\r\n        \"Calories\": 425,\r\n        \"Sugar\": 6,\r\n        \"Sodium\": 368,\r\n        \"Cholesterol\": 22,\r\n        \"Calcium\": 91\r\n    },\r\n    {\r\n        \"FoodID\": 46,\r\n        \"FoodName\": \"Protein Bar\",\r\n        \"Protein\": 8,\r\n        \"Fat\": 15,\r\n        \"Carbohydrate\": 22,\r\n        \"Fiber\": 14,\r\n        \"Calories\": 499,\r\n        \"Sugar\": 19,\r\n        \"Sodium\": 332,\r\n        \"Cholesterol\": 61,\r\n        \"Calcium\": 222\r\n    },\r\n    {\r\n        \"FoodID\": 47,\r\n        \"FoodName\": \"Trail Mix\",\r\n        \"Protein\": 9,\r\n        \"Fat\": 10,\r\n        \"Carbohydrate\": 35,\r\n        \"Fiber\": 14,\r\n        \"Calories\": 423,\r\n        \"Sugar\": 20,\r\n        \"Sodium\": 416,\r\n        \"Cholesterol\": 72,\r\n        \"Calcium\": 220\r\n    },\r\n    {\r\n        \"FoodID\": 48,\r\n        \"FoodName\": \"Granola Bowl\",\r\n        \"Protein\": 22,\r\n        \"Fat\": 1,\r\n        \"Carbohydrate\": 46,\r\n        \"Fiber\": 7,\r\n        \"Calories\": 312,\r\n        \"Sugar\": 13,\r\n        \"Sodium\": 441,\r\n        \"Cholesterol\": 9,\r\n        \"Calcium\": 58\r\n    },\r\n    {\r\n        \"FoodID\": 49,\r\n        \"FoodName\": \"Mixed Nuts\",\r\n        \"Protein\": 6,\r\n        \"Fat\": 6,\r\n        \"Carbohydrate\": 45,\r\n        \"Fiber\": 4,\r\n        \"Calories\": 464,\r\n        \"Sugar\": 2,\r\n        \"Sodium\": 370,\r\n        \"Cholesterol\": 51,\r\n        \"Calcium\": 195\r\n    },\r\n    {\r\n        \"FoodID\": 50,\r\n        \"FoodName\": \"Hummus Plate\",\r\n        \"Protein\": 18,\r\n        \"Fat\": 10,\r\n        \"Carbohydrate\": 34,\r\n        \"Fiber\": 3,\r\n        \"Calories\": 412,\r\n        \"Sugar\": 9,\r\n        \"Sodium\": 467,\r\n        \"Cholesterol\": 66,\r\n        \"Calcium\": 119\r\n    }\r\n]",
  "dependencies": "{\"@syncfusion/react-grid\":\"*\",\"@syncfusion/react-locale\":\"*\",\"@syncfusion/react-cldr-data\":\"*\"}"
}