{
  "src/App.css": "@import \"@syncfusion/react-base/styles/material3.css\";\n@import \"@syncfusion/react-buttons/styles/material3.css\";\n@import \"@syncfusion/react-popups/styles/material3.css\";\n@import \"@syncfusion/react-splitbuttons/styles/material3.css\";\n@import \"@syncfusion/react-inputs/styles/material3.css\";\n@import \"@syncfusion/react-calendars/styles/material3.css\";\n@import \"@syncfusion/react-lists/styles/material3.css\";\n@import \"@syncfusion/react-dropdowns/styles/material3.css\";\n@import \"@syncfusion/react-navigations/styles/material3.css\";\n@import \"@syncfusion/react-notifications/styles/material3.css\";\n@import \"@syncfusion/react-pager/styles/material3.css\";\n@import \"@syncfusion/react-grid/styles/material3.css\";\n",
  "src/App.tsx": "import { Grid, Columns, Column, FilterSettings, SortSettings, PageSettings, FilterBarType, ColumnType, TextAlign } from '@syncfusion/react-grid';\r\nimport { shipmentDetails } from './warehouseDetails';\r\nimport { useState } from 'react';\r\nimport { RadioButton, RadioButtonChangeEvent } from '@syncfusion/react-buttons';\r\nimport './warehouseDetails.css';\r\nimport { PropertyPane, PropertyColumn, PropertyRow } from './property-pane';\r\n\r\nexport default function App() {\r\n  // State for filter, sort, and page settings.\r\n  const [filterSettings] = useState<FilterSettings>({ enabled: true });\r\n  const [sortSettings] = useState<SortSettings>({ enabled: true });\r\n  const [pageSettings] = useState<PageSettings>({ enabled: true, pageSize: 8, pageCount: 4 });\r\n\r\n  // State for selected width type.\r\n  const [widthType, setWidthType] = useState<'auto' | 'pixel' | 'percentage'>('auto');\r\n\r\n  // Define column widths for each type.\r\n  const columnWidths = {\r\n    auto: ['auto', 'auto', 'auto', 'auto', 'auto', 'auto', 'auto'],\r\n    pixel: ['100px', '150px', '100px', '170px', '120px', '100px', '110px'],\r\n    percentage: ['15%', '25%', '15%', '25%', '15%', '20%', '15%'],\r\n  };\r\n\r\n  // Handle radio button change.\r\n  const handleWidthChange = (event: RadioButtonChangeEvent) => {\r\n    setWidthType(event.value as 'auto' | 'pixel' | 'percentage');\r\n  };\r\n\r\n  return (\r\n    <>\r\n      {/* Radio buttons for width selection. */}\r\n      <PropertyPane position=\"top\" >\r\n        <PropertyColumn>\r\n          <PropertyRow>\r\n            <div className=\"property-panel-section\">\r\n              <span className=\"property-panel-label\">Select column width type:</span>\r\n              <RadioButton\r\n                label=\"Auto\"\r\n                name=\"role\"\r\n                value=\"auto\"\r\n                checked={widthType === 'auto'}\r\n                onChange={handleWidthChange}\r\n              />\r\n              <RadioButton\r\n                label=\"Pixel\"\r\n                name=\"role\"\r\n                value=\"pixel\"\r\n                checked={widthType === 'pixel'}\r\n                onChange={handleWidthChange}\r\n              />\r\n              <RadioButton\r\n                label=\"Percentage\"\r\n                name=\"role\"\r\n                value=\"percentage\"\r\n                checked={widthType === 'percentage'}\r\n                onChange={handleWidthChange}\r\n              />\r\n            </div>\r\n          </PropertyRow>\r\n        </PropertyColumn>\r\n      </PropertyPane>\r\n      {/* Grid with dynamic width. */}\r\n      <Grid\r\n        dataSource={shipmentDetails}\r\n        filterSettings={filterSettings}\r\n        sortSettings={sortSettings}\r\n        pageSettings={pageSettings}\r\n        width=\"auto\"\r\n      >\r\n        <Columns>\r\n          <Column field=\"ShipmentID\" headerText=\"Shipment ID\" width={columnWidths[widthType][0]} />\r\n          <Column field=\"ItemDescription\" headerText=\"Item\" width={columnWidths[widthType][1]} />\r\n          <Column\r\n            field=\"Quantity\"\r\n            headerText=\"Quantity\"\r\n            filter={{ filterBarType: FilterBarType.NumericTextBox }}\r\n            textAlign={TextAlign.Right}\r\n            width={columnWidths[widthType][2]}\r\n          />\r\n          <Column\r\n            field=\"Date\"\r\n            headerText=\"Shipped Date\"\r\n            textAlign={TextAlign.Right}\r\n            type={ColumnType.Date}\r\n            filter={{ filterBarType: FilterBarType.DatePicker }}\r\n            format=\"yMd\"\r\n            width={columnWidths[widthType][3]}\r\n          />\r\n          <Column\r\n            field=\"CarrierName\"\r\n            headerText=\"Carrier Name\"\r\n            textAlign={TextAlign.Center}\r\n            width={columnWidths[widthType][4]}\r\n          />\r\n          <Column field=\"Status\" headerText=\"Status\" width={columnWidths[widthType][5]} />\r\n          <Column field=\"WarehouseLocation\" headerText=\"Location\" width={columnWidths[widthType][6]} />\r\n        </Columns>\r\n      </Grid>\r\n    </>\r\n  );\r\n}",
  "src/warehouseDetails.ts": "export interface WarehouseShipment {\r\n  ShipmentID: string;\r\n  Date: Date;\r\n  WarehouseLocation: string;\r\n  ItemDescription: string;\r\n  Quantity: number;\r\n  Status: string;\r\n  CarrierName: string;\r\n  ShipmentMethod: string;\r\n  ExpectedDeliveryDate: Date;\r\n}\r\n\r\nexport const shipmentDetails: WarehouseShipment[] = [\r\n  {\r\n    \"ShipmentID\": \"SHP-0001\",\r\n    \"Date\": new Date(1683849600000),\r\n    \"WarehouseLocation\": \"Chicago\",\r\n    \"ItemDescription\": \"Phone Case\",\r\n    \"Quantity\": 34,\r\n    \"Status\": \"In Transit\",\r\n    \"CarrierName\": \"UPS\",\r\n    \"ShipmentMethod\": \"Air\",\r\n    \"ExpectedDeliveryDate\": new Date(1684454400000)\r\n  },\r\n  {\r\n    \"ShipmentID\": \"SHP-0002\",\r\n    \"Date\": new Date(1683849600000),\r\n    \"WarehouseLocation\": \"Seattle\",\r\n    \"ItemDescription\": \"Laptop Sleeve\",\r\n    \"Quantity\": 72,\r\n    \"Status\": \"Cancelled\",\r\n    \"CarrierName\": \"USPS\",\r\n    \"ShipmentMethod\": \"Air\",\r\n    \"ExpectedDeliveryDate\": new Date(1684713600000)\r\n  },\r\n  {\r\n    \"ShipmentID\": \"SHP-0003\",\r\n    \"Date\": new Date(1684022400000),\r\n    \"WarehouseLocation\": \"Phoenix\",\r\n    \"ItemDescription\": \"Phone Case\",\r\n    \"Quantity\": 11,\r\n    \"Status\": \"Cancelled\",\r\n    \"CarrierName\": \"FedEx\",\r\n    \"ShipmentMethod\": \"Air\",\r\n    \"ExpectedDeliveryDate\": new Date(1684627200000)\r\n  },\r\n  {\r\n    \"ShipmentID\": \"SHP-0004\",\r\n    \"Date\": new Date(1686441600000),\r\n    \"WarehouseLocation\": \"Miami\",\r\n    \"ItemDescription\": \"Phone Case\",\r\n    \"Quantity\": 89,\r\n    \"Status\": \"Pending\",\r\n    \"CarrierName\": \"DHL\",\r\n    \"ShipmentMethod\": \"Air\",\r\n    \"ExpectedDeliveryDate\": new Date(1686960000000)\r\n  },\r\n  {\r\n    \"ShipmentID\": \"SHP-0005\",\r\n    \"Date\": new Date(1685664000000),\r\n    \"WarehouseLocation\": \"Miami\",\r\n    \"ItemDescription\": \"Monitor Stand\",\r\n    \"Quantity\": 38,\r\n    \"Status\": \"Delivered\",\r\n    \"CarrierName\": \"USPS\",\r\n    \"ShipmentMethod\": \"Sea\",\r\n    \"ExpectedDeliveryDate\": new Date(1686096000000)\r\n  },\r\n  {\r\n    \"ShipmentID\": \"SHP-0006\",\r\n    \"Date\": new Date(1684368000000),\r\n    \"WarehouseLocation\": \"Chicago\",\r\n    \"ItemDescription\": \"Keyboard\",\r\n    \"Quantity\": 50,\r\n    \"Status\": \"Pending\",\r\n    \"CarrierName\": \"DHL\",\r\n    \"ShipmentMethod\": \"Air\",\r\n    \"ExpectedDeliveryDate\": new Date(1684540800000)\r\n  },\r\n  {\r\n    \"ShipmentID\": \"SHP-0007\",\r\n    \"Date\": new Date(1684713600000),\r\n    \"WarehouseLocation\": \"Phoenix\",\r\n    \"ItemDescription\": \"Keyboard\",\r\n    \"Quantity\": 92,\r\n    \"Status\": \"Pending\",\r\n    \"CarrierName\": \"DHL\",\r\n    \"ShipmentMethod\": \"Air\",\r\n    \"ExpectedDeliveryDate\": new Date(1684886400000)\r\n  },\r\n  {\r\n    \"ShipmentID\": \"SHP-0008\",\r\n    \"Date\": new Date(1685923200000),\r\n    \"WarehouseLocation\": \"Seattle\",\r\n    \"ItemDescription\": \"Laptop Sleeve\",\r\n    \"Quantity\": 88,\r\n    \"Status\": \"In Transit\",\r\n    \"CarrierName\": \"USPS\",\r\n    \"ShipmentMethod\": \"Sea\",\r\n    \"ExpectedDeliveryDate\": new Date(1686700800000)\r\n  },\r\n  {\r\n    \"ShipmentID\": \"SHP-0009\",\r\n    \"Date\": new Date(1686441600000),\r\n    \"WarehouseLocation\": \"Phoenix\",\r\n    \"ItemDescription\": \"Phone Case\",\r\n    \"Quantity\": 24,\r\n    \"Status\": \"Pending\",\r\n    \"CarrierName\": \"FedEx\",\r\n    \"ShipmentMethod\": \"Ground\",\r\n    \"ExpectedDeliveryDate\": new Date(1687046400000)\r\n  },\r\n  {\r\n    \"ShipmentID\": \"SHP-0010\",\r\n    \"Date\": new Date(1686096000000),\r\n    \"WarehouseLocation\": \"Phoenix\",\r\n    \"ItemDescription\": \"Monitor Stand\",\r\n    \"Quantity\": 11,\r\n    \"Status\": \"In Transit\",\r\n    \"CarrierName\": \"DHL\",\r\n    \"ShipmentMethod\": \"Sea\",\r\n    \"ExpectedDeliveryDate\": new Date(1686960000000)\r\n  },\r\n  {\r\n    \"ShipmentID\": \"SHP-0011\",\r\n    \"Date\": new Date(1684108800000),\r\n    \"WarehouseLocation\": \"Phoenix\",\r\n    \"ItemDescription\": \"Keyboard\",\r\n    \"Quantity\": 22,\r\n    \"Status\": \"Delivered\",\r\n    \"CarrierName\": \"FedEx\",\r\n    \"ShipmentMethod\": \"Air\",\r\n    \"ExpectedDeliveryDate\": new Date(1684368000000)\r\n  },\r\n  {\r\n    \"ShipmentID\": \"SHP-0012\",\r\n    \"Date\": new Date(1686009600000),\r\n    \"WarehouseLocation\": \"Seattle\",\r\n    \"ItemDescription\": \"Laptop Sleeve\",\r\n    \"Quantity\": 37,\r\n    \"Status\": \"Cancelled\",\r\n    \"CarrierName\": \"DHL\",\r\n    \"ShipmentMethod\": \"Sea\",\r\n    \"ExpectedDeliveryDate\": new Date(1686441600000)\r\n  },\r\n  {\r\n    \"ShipmentID\": \"SHP-0013\",\r\n    \"Date\": new Date(1686355200000),\r\n    \"WarehouseLocation\": \"Miami\",\r\n    \"ItemDescription\": \"Phone Case\",\r\n    \"Quantity\": 32,\r\n    \"Status\": \"Cancelled\",\r\n    \"CarrierName\": \"DHL\",\r\n    \"ShipmentMethod\": \"Ground\",\r\n    \"ExpectedDeliveryDate\": new Date(1686700800000)\r\n  },\r\n  {\r\n    \"ShipmentID\": \"SHP-0014\",\r\n    \"Date\": new Date(1684800000000),\r\n    \"WarehouseLocation\": \"Dallas\",\r\n    \"ItemDescription\": \"Keyboard\",\r\n    \"Quantity\": 56,\r\n    \"Status\": \"Pending\",\r\n    \"CarrierName\": \"DHL\",\r\n    \"ShipmentMethod\": \"Air\",\r\n    \"ExpectedDeliveryDate\": new Date(1685577600000)\r\n  },\r\n  {\r\n    \"ShipmentID\": \"SHP-0015\",\r\n    \"Date\": new Date(1684713600000),\r\n    \"WarehouseLocation\": \"Miami\",\r\n    \"ItemDescription\": \"Monitor Stand\",\r\n    \"Quantity\": 83,\r\n    \"Status\": \"Pending\",\r\n    \"CarrierName\": \"FedEx\",\r\n    \"ShipmentMethod\": \"Sea\",\r\n    \"ExpectedDeliveryDate\": new Date(1685577600000)\r\n  },\r\n  {\r\n    \"ShipmentID\": \"SHP-0016\",\r\n    \"Date\": new Date(1685404800000),\r\n    \"WarehouseLocation\": \"Dallas\",\r\n    \"ItemDescription\": \"Phone Case\",\r\n    \"Quantity\": 77,\r\n    \"Status\": \"Delivered\",\r\n    \"CarrierName\": \"DHL\",\r\n    \"ShipmentMethod\": \"Sea\",\r\n    \"ExpectedDeliveryDate\": new Date(1685664000000)\r\n  },\r\n  {\r\n    \"ShipmentID\": \"SHP-0017\",\r\n    \"Date\": new Date(1685145600000),\r\n    \"WarehouseLocation\": \"Phoenix\",\r\n    \"ItemDescription\": \"Laptop Sleeve\",\r\n    \"Quantity\": 61,\r\n    \"Status\": \"Cancelled\",\r\n    \"CarrierName\": \"USPS\",\r\n    \"ShipmentMethod\": \"Ground\",\r\n    \"ExpectedDeliveryDate\": new Date(1685577600000)\r\n  },\r\n  {\r\n    \"ShipmentID\": \"SHP-0018\",\r\n    \"Date\": new Date(1684368000000),\r\n    \"WarehouseLocation\": \"Phoenix\",\r\n    \"ItemDescription\": \"Monitor Stand\",\r\n    \"Quantity\": 39,\r\n    \"Status\": \"In Transit\",\r\n    \"CarrierName\": \"DHL\",\r\n    \"ShipmentMethod\": \"Sea\",\r\n    \"ExpectedDeliveryDate\": new Date(1684540800000)\r\n  },\r\n  {\r\n    \"ShipmentID\": \"SHP-0019\",\r\n    \"Date\": new Date(1684627200000),\r\n    \"WarehouseLocation\": \"Miami\",\r\n    \"ItemDescription\": \"Monitor Stand\",\r\n    \"Quantity\": 31,\r\n    \"Status\": \"Cancelled\",\r\n    \"CarrierName\": \"DHL\",\r\n    \"ShipmentMethod\": \"Sea\",\r\n    \"ExpectedDeliveryDate\": new Date(1685059200000)\r\n  },\r\n  {\r\n    \"ShipmentID\": \"SHP-0020\",\r\n    \"Date\": new Date(1684022400000),\r\n    \"WarehouseLocation\": \"Seattle\",\r\n    \"ItemDescription\": \"Phone Case\",\r\n    \"Quantity\": 11,\r\n    \"Status\": \"Cancelled\",\r\n    \"CarrierName\": \"DHL\",\r\n    \"ShipmentMethod\": \"Air\",\r\n    \"ExpectedDeliveryDate\": new Date(1684540800000)\r\n  },\r\n  {\r\n    \"ShipmentID\": \"SHP-0021\",\r\n    \"Date\": new Date(1684454400000),\r\n    \"WarehouseLocation\": \"Chicago\",\r\n    \"ItemDescription\": \"Phone Case\",\r\n    \"Quantity\": 24,\r\n    \"Status\": \"Delivered\",\r\n    \"CarrierName\": \"UPS\",\r\n    \"ShipmentMethod\": \"Sea\",\r\n    \"ExpectedDeliveryDate\": new Date(1684713600000)\r\n  },\r\n  {\r\n    \"ShipmentID\": \"SHP-0022\",\r\n    \"Date\": new Date(1685577600000),\r\n    \"WarehouseLocation\": \"Seattle\",\r\n    \"ItemDescription\": \"Laptop Sleeve\",\r\n    \"Quantity\": 94,\r\n    \"Status\": \"In Transit\",\r\n    \"CarrierName\": \"UPS\",\r\n    \"ShipmentMethod\": \"Air\",\r\n    \"ExpectedDeliveryDate\": new Date(1685750400000)\r\n  },\r\n  {\r\n    \"ShipmentID\": \"SHP-0023\",\r\n    \"Date\": new Date(1683936000000),\r\n    \"WarehouseLocation\": \"Dallas\",\r\n    \"ItemDescription\": \"Keyboard\",\r\n    \"Quantity\": 50,\r\n    \"Status\": \"Pending\",\r\n    \"CarrierName\": \"DHL\",\r\n    \"ShipmentMethod\": \"Ground\",\r\n    \"ExpectedDeliveryDate\": new Date(1684627200000)\r\n  },\r\n  {\r\n    \"ShipmentID\": \"SHP-0024\",\r\n    \"Date\": new Date(1685059200000),\r\n    \"WarehouseLocation\": \"Chicago\",\r\n    \"ItemDescription\": \"Monitor Stand\",\r\n    \"Quantity\": 53,\r\n    \"Status\": \"Delivered\",\r\n    \"CarrierName\": \"FedEx\",\r\n    \"ShipmentMethod\": \"Ground\",\r\n    \"ExpectedDeliveryDate\": new Date(1685836800000)\r\n  },\r\n  {\r\n    \"ShipmentID\": \"SHP-0025\",\r\n    \"Date\": new Date(1684368000000),\r\n    \"WarehouseLocation\": \"Miami\",\r\n    \"ItemDescription\": \"Phone Case\",\r\n    \"Quantity\": 48,\r\n    \"Status\": \"Cancelled\",\r\n    \"CarrierName\": \"USPS\",\r\n    \"ShipmentMethod\": \"Sea\",\r\n    \"ExpectedDeliveryDate\": new Date(1684886400000)\r\n  },\r\n  {\r\n    \"ShipmentID\": \"SHP-0026\",\r\n    \"Date\": new Date(1686441600000),\r\n    \"WarehouseLocation\": \"Seattle\",\r\n    \"ItemDescription\": \"Wireless Mouse\",\r\n    \"Quantity\": 43,\r\n    \"Status\": \"Pending\",\r\n    \"CarrierName\": \"USPS\",\r\n    \"ShipmentMethod\": \"Ground\",\r\n    \"ExpectedDeliveryDate\": new Date(1686960000000)\r\n  },\r\n  {\r\n    \"ShipmentID\": \"SHP-0027\",\r\n    \"Date\": new Date(1683849600000),\r\n    \"WarehouseLocation\": \"Dallas\",\r\n    \"ItemDescription\": \"Laptop Sleeve\",\r\n    \"Quantity\": 23,\r\n    \"Status\": \"Pending\",\r\n    \"CarrierName\": \"USPS\",\r\n    \"ShipmentMethod\": \"Ground\",\r\n    \"ExpectedDeliveryDate\": new Date(1684022400000)\r\n  },\r\n  {\r\n    \"ShipmentID\": \"SHP-0028\",\r\n    \"Date\": new Date(1685491200000),\r\n    \"WarehouseLocation\": \"Miami\",\r\n    \"ItemDescription\": \"Monitor Stand\",\r\n    \"Quantity\": 49,\r\n    \"Status\": \"Delivered\",\r\n    \"CarrierName\": \"USPS\",\r\n    \"ShipmentMethod\": \"Sea\",\r\n    \"ExpectedDeliveryDate\": new Date(1686355200000)\r\n  },\r\n  {\r\n    \"ShipmentID\": \"SHP-0029\",\r\n    \"Date\": new Date(1685923200000),\r\n    \"WarehouseLocation\": \"Chicago\",\r\n    \"ItemDescription\": \"Monitor Stand\",\r\n    \"Quantity\": 54,\r\n    \"Status\": \"Cancelled\",\r\n    \"CarrierName\": \"USPS\",\r\n    \"ShipmentMethod\": \"Sea\",\r\n    \"ExpectedDeliveryDate\": new Date(1686268800000)\r\n  },\r\n  {\r\n    \"ShipmentID\": \"SHP-0030\",\r\n    \"Date\": new Date(1684713600000),\r\n    \"WarehouseLocation\": \"Dallas\",\r\n    \"ItemDescription\": \"Keyboard\",\r\n    \"Quantity\": 64,\r\n    \"Status\": \"In Transit\",\r\n    \"CarrierName\": \"USPS\",\r\n    \"ShipmentMethod\": \"Air\",\r\n    \"ExpectedDeliveryDate\": new Date(1684972800000)\r\n  },\r\n  {\r\n    \"ShipmentID\": \"SHP-0031\",\r\n    \"Date\": new Date(1686182400000),\r\n    \"WarehouseLocation\": \"Chicago\",\r\n    \"ItemDescription\": \"Laptop Sleeve\",\r\n    \"Quantity\": 38,\r\n    \"Status\": \"In Transit\",\r\n    \"CarrierName\": \"USPS\",\r\n    \"ShipmentMethod\": \"Air\",\r\n    \"ExpectedDeliveryDate\": new Date(1686528000000)\r\n  },\r\n  {\r\n    \"ShipmentID\": \"SHP-0032\",\r\n    \"Date\": new Date(1684540800000),\r\n    \"WarehouseLocation\": \"Dallas\",\r\n    \"ItemDescription\": \"Monitor Stand\",\r\n    \"Quantity\": 86,\r\n    \"Status\": \"Cancelled\",\r\n    \"CarrierName\": \"FedEx\",\r\n    \"ShipmentMethod\": \"Air\",\r\n    \"ExpectedDeliveryDate\": new Date(1684713600000)\r\n  },\r\n  {\r\n    \"ShipmentID\": \"SHP-0033\",\r\n    \"Date\": new Date(1685577600000),\r\n    \"WarehouseLocation\": \"Dallas\",\r\n    \"ItemDescription\": \"Phone Case\",\r\n    \"Quantity\": 63,\r\n    \"Status\": \"Delivered\",\r\n    \"CarrierName\": \"FedEx\",\r\n    \"ShipmentMethod\": \"Ground\",\r\n    \"ExpectedDeliveryDate\": new Date(1685836800000)\r\n  },\r\n  {\r\n    \"ShipmentID\": \"SHP-0034\",\r\n    \"Date\": new Date(1685923200000),\r\n    \"WarehouseLocation\": \"Chicago\",\r\n    \"ItemDescription\": \"Laptop Sleeve\",\r\n    \"Quantity\": 81,\r\n    \"Status\": \"In Transit\",\r\n    \"CarrierName\": \"DHL\",\r\n    \"ShipmentMethod\": \"Sea\",\r\n    \"ExpectedDeliveryDate\": new Date(1686614400000)\r\n  },\r\n  {\r\n    \"ShipmentID\": \"SHP-0035\",\r\n    \"Date\": new Date(1685664000000),\r\n    \"WarehouseLocation\": \"Dallas\",\r\n    \"ItemDescription\": \"Phone Case\",\r\n    \"Quantity\": 69,\r\n    \"Status\": \"In Transit\",\r\n    \"CarrierName\": \"USPS\",\r\n    \"ShipmentMethod\": \"Air\",\r\n    \"ExpectedDeliveryDate\": new Date(1686009600000)\r\n  },\r\n  {\r\n    \"ShipmentID\": \"SHP-0036\",\r\n    \"Date\": new Date(1684195200000),\r\n    \"WarehouseLocation\": \"Dallas\",\r\n    \"ItemDescription\": \"Keyboard\",\r\n    \"Quantity\": 81,\r\n    \"Status\": \"Pending\",\r\n    \"CarrierName\": \"DHL\",\r\n    \"ShipmentMethod\": \"Sea\",\r\n    \"ExpectedDeliveryDate\": new Date(1684713600000)\r\n  },\r\n  {\r\n    \"ShipmentID\": \"SHP-0037\",\r\n    \"Date\": new Date(1684108800000),\r\n    \"WarehouseLocation\": \"Seattle\",\r\n    \"ItemDescription\": \"Monitor Stand\",\r\n    \"Quantity\": 23,\r\n    \"Status\": \"Pending\",\r\n    \"CarrierName\": \"DHL\",\r\n    \"ShipmentMethod\": \"Ground\",\r\n    \"ExpectedDeliveryDate\": new Date(1684627200000)\r\n  },\r\n  {\r\n    \"ShipmentID\": \"SHP-0038\",\r\n    \"Date\": new Date(1685145600000),\r\n    \"WarehouseLocation\": \"Dallas\",\r\n    \"ItemDescription\": \"Keyboard\",\r\n    \"Quantity\": 58,\r\n    \"Status\": \"Cancelled\",\r\n    \"CarrierName\": \"DHL\",\r\n    \"ShipmentMethod\": \"Ground\",\r\n    \"ExpectedDeliveryDate\": new Date(1685750400000)\r\n  },\r\n  {\r\n    \"ShipmentID\": \"SHP-0039\",\r\n    \"Date\": new Date(1685491200000),\r\n    \"WarehouseLocation\": \"Dallas\",\r\n    \"ItemDescription\": \"Wireless Mouse\",\r\n    \"Quantity\": 11,\r\n    \"Status\": \"Pending\",\r\n    \"CarrierName\": \"UPS\",\r\n    \"ShipmentMethod\": \"Sea\",\r\n    \"ExpectedDeliveryDate\": new Date(1685923200000)\r\n  },\r\n  {\r\n    \"ShipmentID\": \"SHP-0040\",\r\n    \"Date\": new Date(1684627200000),\r\n    \"WarehouseLocation\": \"Dallas\",\r\n    \"ItemDescription\": \"Phone Case\",\r\n    \"Quantity\": 11,\r\n    \"Status\": \"Cancelled\",\r\n    \"CarrierName\": \"USPS\",\r\n    \"ShipmentMethod\": \"Ground\",\r\n    \"ExpectedDeliveryDate\": new Date(1685232000000)\r\n  },\r\n  {\r\n    \"ShipmentID\": \"SHP-0041\",\r\n    \"Date\": new Date(1684281600000),\r\n    \"WarehouseLocation\": \"Phoenix\",\r\n    \"ItemDescription\": \"Keyboard\",\r\n    \"Quantity\": 52,\r\n    \"Status\": \"Pending\",\r\n    \"CarrierName\": \"UPS\",\r\n    \"ShipmentMethod\": \"Ground\",\r\n    \"ExpectedDeliveryDate\": new Date(1684972800000)\r\n  },\r\n  {\r\n    \"ShipmentID\": \"SHP-0042\",\r\n    \"Date\": new Date(1685750400000),\r\n    \"WarehouseLocation\": \"Seattle\",\r\n    \"ItemDescription\": \"Keyboard\",\r\n    \"Quantity\": 97,\r\n    \"Status\": \"In Transit\",\r\n    \"CarrierName\": \"DHL\",\r\n    \"ShipmentMethod\": \"Ground\",\r\n    \"ExpectedDeliveryDate\": new Date(1686614400000)\r\n  },\r\n  {\r\n    \"ShipmentID\": \"SHP-0043\",\r\n    \"Date\": new Date(1684800000000),\r\n    \"WarehouseLocation\": \"Seattle\",\r\n    \"ItemDescription\": \"Wireless Mouse\",\r\n    \"Quantity\": 27,\r\n    \"Status\": \"Cancelled\",\r\n    \"CarrierName\": \"UPS\",\r\n    \"ShipmentMethod\": \"Air\",\r\n    \"ExpectedDeliveryDate\": new Date(1685059200000)\r\n  },\r\n  {\r\n    \"ShipmentID\": \"SHP-0044\",\r\n    \"Date\": new Date(1685491200000),\r\n    \"WarehouseLocation\": \"Seattle\",\r\n    \"ItemDescription\": \"Keyboard\",\r\n    \"Quantity\": 41,\r\n    \"Status\": \"In Transit\",\r\n    \"CarrierName\": \"FedEx\",\r\n    \"ShipmentMethod\": \"Ground\",\r\n    \"ExpectedDeliveryDate\": new Date(1685664000000)\r\n  },\r\n  {\r\n    \"ShipmentID\": \"SHP-0045\",\r\n    \"Date\": new Date(1683849600000),\r\n    \"WarehouseLocation\": \"Seattle\",\r\n    \"ItemDescription\": \"Monitor Stand\",\r\n    \"Quantity\": 51,\r\n    \"Status\": \"Delivered\",\r\n    \"CarrierName\": \"FedEx\",\r\n    \"ShipmentMethod\": \"Ground\",\r\n    \"ExpectedDeliveryDate\": new Date(1684627200000)\r\n  },\r\n  {\r\n    \"ShipmentID\": \"SHP-0046\",\r\n    \"Date\": new Date(1684540800000),\r\n    \"WarehouseLocation\": \"Seattle\",\r\n    \"ItemDescription\": \"Wireless Mouse\",\r\n    \"Quantity\": 20,\r\n    \"Status\": \"Pending\",\r\n    \"CarrierName\": \"DHL\",\r\n    \"ShipmentMethod\": \"Air\",\r\n    \"ExpectedDeliveryDate\": new Date(1685145600000)\r\n  },\r\n  {\r\n    \"ShipmentID\": \"SHP-0047\",\r\n    \"Date\": new Date(1684972800000),\r\n    \"WarehouseLocation\": \"Seattle\",\r\n    \"ItemDescription\": \"Phone Case\",\r\n    \"Quantity\": 35,\r\n    \"Status\": \"Pending\",\r\n    \"CarrierName\": \"FedEx\",\r\n    \"ShipmentMethod\": \"Air\",\r\n    \"ExpectedDeliveryDate\": new Date(1685232000000)\r\n  },\r\n  {\r\n    \"ShipmentID\": \"SHP-0048\",\r\n    \"Date\": new Date(1683849600000),\r\n    \"WarehouseLocation\": \"Seattle\",\r\n    \"ItemDescription\": \"Laptop Sleeve\",\r\n    \"Quantity\": 32,\r\n    \"Status\": \"Cancelled\",\r\n    \"CarrierName\": \"DHL\",\r\n    \"ShipmentMethod\": \"Air\",\r\n    \"ExpectedDeliveryDate\": new Date(1684454400000)\r\n  },\r\n  {\r\n    \"ShipmentID\": \"SHP-0049\",\r\n    \"Date\": new Date(1685059200000),\r\n    \"WarehouseLocation\": \"Chicago\",\r\n    \"ItemDescription\": \"Wireless Mouse\",\r\n    \"Quantity\": 28,\r\n    \"Status\": \"Delivered\",\r\n    \"CarrierName\": \"UPS\",\r\n    \"ShipmentMethod\": \"Sea\",\r\n    \"ExpectedDeliveryDate\": new Date(1685750400000)\r\n  },\r\n  {\r\n    \"ShipmentID\": \"SHP-0050\",\r\n    \"Date\": new Date(1685059200000),\r\n    \"WarehouseLocation\": \"Phoenix\",\r\n    \"ItemDescription\": \"Keyboard\",\r\n    \"Quantity\": 100,\r\n    \"Status\": \"Delivered\",\r\n    \"CarrierName\": \"DHL\",\r\n    \"ShipmentMethod\": \"Ground\",\r\n    \"ExpectedDeliveryDate\": new Date(1685664000000)\r\n  },\r\n  {\r\n    \"ShipmentID\": \"SHP-0051\",\r\n    \"Date\": new Date(1686096000000),\r\n    \"WarehouseLocation\": \"Seattle\",\r\n    \"ItemDescription\": \"Phone Case\",\r\n    \"Quantity\": 34,\r\n    \"Status\": \"In Transit\",\r\n    \"CarrierName\": \"UPS\",\r\n    \"ShipmentMethod\": \"Air\",\r\n    \"ExpectedDeliveryDate\": new Date(1686528000000)\r\n  },\r\n  {\r\n    \"ShipmentID\": \"SHP-0052\",\r\n    \"Date\": new Date(1685232000000),\r\n    \"WarehouseLocation\": \"Chicago\",\r\n    \"ItemDescription\": \"Keyboard\",\r\n    \"Quantity\": 11,\r\n    \"Status\": \"Pending\",\r\n    \"CarrierName\": \"UPS\",\r\n    \"ShipmentMethod\": \"Ground\",\r\n    \"ExpectedDeliveryDate\": new Date(1685664000000)\r\n  },\r\n  {\r\n    \"ShipmentID\": \"SHP-0053\",\r\n    \"Date\": new Date(1686009600000),\r\n    \"WarehouseLocation\": \"Chicago\",\r\n    \"ItemDescription\": \"Keyboard\",\r\n    \"Quantity\": 25,\r\n    \"Status\": \"Pending\",\r\n    \"CarrierName\": \"FedEx\",\r\n    \"ShipmentMethod\": \"Sea\",\r\n    \"ExpectedDeliveryDate\": new Date(1686614400000)\r\n  },\r\n  {\r\n    \"ShipmentID\": \"SHP-0054\",\r\n    \"Date\": new Date(1684281600000),\r\n    \"WarehouseLocation\": \"Miami\",\r\n    \"ItemDescription\": \"Wireless Mouse\",\r\n    \"Quantity\": 85,\r\n    \"Status\": \"In Transit\",\r\n    \"CarrierName\": \"DHL\",\r\n    \"ShipmentMethod\": \"Ground\",\r\n    \"ExpectedDeliveryDate\": new Date(1684454400000)\r\n  },\r\n  {\r\n    \"ShipmentID\": \"SHP-0055\",\r\n    \"Date\": new Date(1683849600000),\r\n    \"WarehouseLocation\": \"Dallas\",\r\n    \"ItemDescription\": \"Phone Case\",\r\n    \"Quantity\": 55,\r\n    \"Status\": \"In Transit\",\r\n    \"CarrierName\": \"UPS\",\r\n    \"ShipmentMethod\": \"Air\",\r\n    \"ExpectedDeliveryDate\": new Date(1684627200000)\r\n  },\r\n  {\r\n    \"ShipmentID\": \"SHP-0056\",\r\n    \"Date\": new Date(1685491200000),\r\n    \"WarehouseLocation\": \"Dallas\",\r\n    \"ItemDescription\": \"Laptop Sleeve\",\r\n    \"Quantity\": 60,\r\n    \"Status\": \"In Transit\",\r\n    \"CarrierName\": \"USPS\",\r\n    \"ShipmentMethod\": \"Air\",\r\n    \"ExpectedDeliveryDate\": new Date(1686268800000)\r\n  },\r\n  {\r\n    \"ShipmentID\": \"SHP-0057\",\r\n    \"Date\": new Date(1685923200000),\r\n    \"WarehouseLocation\": \"Seattle\",\r\n    \"ItemDescription\": \"Wireless Mouse\",\r\n    \"Quantity\": 15,\r\n    \"Status\": \"Delivered\",\r\n    \"CarrierName\": \"UPS\",\r\n    \"ShipmentMethod\": \"Ground\",\r\n    \"ExpectedDeliveryDate\": new Date(1686528000000)\r\n  },\r\n  {\r\n    \"ShipmentID\": \"SHP-0058\",\r\n    \"Date\": new Date(1686096000000),\r\n    \"WarehouseLocation\": \"Phoenix\",\r\n    \"ItemDescription\": \"Phone Case\",\r\n    \"Quantity\": 78,\r\n    \"Status\": \"Delivered\",\r\n    \"CarrierName\": \"FedEx\",\r\n    \"ShipmentMethod\": \"Sea\",\r\n    \"ExpectedDeliveryDate\": new Date(1686614400000)\r\n  },\r\n  {\r\n    \"ShipmentID\": \"SHP-0059\",\r\n    \"Date\": new Date(1686009600000),\r\n    \"WarehouseLocation\": \"Dallas\",\r\n    \"ItemDescription\": \"Laptop Sleeve\",\r\n    \"Quantity\": 44,\r\n    \"Status\": \"Delivered\",\r\n    \"CarrierName\": \"DHL\",\r\n    \"ShipmentMethod\": \"Air\",\r\n    \"ExpectedDeliveryDate\": new Date(1686355200000)\r\n  },\r\n  {\r\n    \"ShipmentID\": \"SHP-0060\",\r\n    \"Date\": new Date(1684627200000),\r\n    \"WarehouseLocation\": \"Phoenix\",\r\n    \"ItemDescription\": \"Laptop Sleeve\",\r\n    \"Quantity\": 39,\r\n    \"Status\": \"Pending\",\r\n    \"CarrierName\": \"FedEx\",\r\n    \"ShipmentMethod\": \"Sea\",\r\n    \"ExpectedDeliveryDate\": new Date(1684886400000)\r\n  }\r\n]",
  "src/property-pane.tsx": "import React, { Children, HTMLAttributes, useEffect, useRef, useState } from 'react';\r\nimport './property-pane.css';\r\n\r\nexport interface PropertyPaneProps {\r\n  title?: string | null;\r\n  className?: string;\r\n  children: React.ReactNode;\r\n  position?: 'right' | 'top';\r\n}\r\n\r\nexport const PropertyPane: React.FC<PropertyPaneProps & HTMLAttributes<HTMLDivElement>> = ({\r\n  title = null,\r\n  className = '',\r\n  children,\r\n  position = \"top\",\r\n  ...rest\r\n}) => {\r\n  const [isSmallFrame, setIsSmallFrame] = useState(false);\r\n  const contentRef = useRef<HTMLDivElement>(null);\r\n  useEffect(() => {\r\n    const handleResize = () => {\r\n      setIsSmallFrame(window.innerWidth <= 1240);\r\n    };\r\n    handleResize();\r\n    window.addEventListener('resize', handleResize);\r\n    return () => {\r\n      window.removeEventListener('resize', handleResize);\r\n    };\r\n  }, []);\r\n  position = isSmallFrame ? 'top' : position\r\n  const childColumns = Children.toArray(children).filter(\r\n    child => React.isValidElement(child) && child.type === PropertyColumn\r\n  ).length;\r\n  useEffect(() => {\r\n    const alignRows = () => {\r\n      if (!contentRef.current || childColumns <= 1) return;\r\n      const columns = Array.from(contentRef.current.querySelectorAll('.property-col'));\r\n      if (columns.length === 0) return;\r\n      const maxRows = Math.max(...columns.map(col => col.children.length));\r\n      for (let i = 0; i < maxRows; i++) {\r\n        const rowsAtIndex = columns.map(col => col.children[i]).filter(Boolean) as HTMLElement[];\r\n        if (rowsAtIndex.length > 1) {\r\n          rowsAtIndex.forEach(row => row.style.height = 'auto');\r\n          const maxHeight = Math.max(...rowsAtIndex.map(row => row.offsetHeight));\r\n          rowsAtIndex.forEach(row => row.style.height = `${maxHeight}px`);\r\n        }\r\n      }\r\n    };\r\n    const timeout = setTimeout(alignRows, 100);\r\n    const resizeObserver = new ResizeObserver(alignRows);\r\n    if (contentRef.current) {\r\n      resizeObserver.observe(contentRef.current);\r\n    }\r\n    return () => {\r\n      clearTimeout(timeout);\r\n      resizeObserver.disconnect();\r\n    };\r\n  }, [children, childColumns]);\r\n  return (\r\n    <div\r\n      className={`property-panel ${className}`}\r\n      data-property-pane=\"true\"\r\n      data-position={position}\r\n      data-columns={childColumns}\r\n      {...rest}\r\n    >\r\n      {title && <div className=\"property-panel-header\">\r\n        <h3 className=\"property-panel-title\">{title}</h3>\r\n      </div>}\r\n      <div className=\"property-panel-content\" ref={contentRef}>\r\n        {children}\r\n      </div>\r\n    </div>\r\n  );\r\n};\r\n\r\nexport interface PropertyColumnProps {\r\n  children: React.ReactNode;\r\n  span?: number;\r\n  className?: string;\r\n}\r\n\r\nexport const PropertyColumn: React.FC<PropertyColumnProps> = ({\r\n  children,\r\n  span = 6,\r\n  className = ''\r\n}) => {\r\n  return (\r\n    <div className={`property-col property-col-${span} ${className}`}>\r\n      {children}\r\n    </div>\r\n  );\r\n};\r\n\r\nexport interface PropertyRowProps {\r\n  children: React.ReactNode;\r\n  className?: string;\r\n}\r\n\r\nexport const PropertyRow: React.FC<PropertyRowProps> = ({\r\n  children,\r\n  className = ''\r\n}) => {\r\n  return (\r\n    <div className={`property-row ${className}`}>\r\n      {children}\r\n    </div>\r\n  );\r\n};\r\n\r\nexport default PropertyPane;\r\n",
  "src/warehouseDetails.css": ".property-panel-container {\r\n    display: flex;\r\n    align-items: center;\r\n    gap: 20px;\r\n    margin-bottom: 20px;\r\n    padding: 15px;\r\n    border: 1px solid #CAC4D0;\r\n    border-radius: 8px;\r\n    background: #F7F6F8;\r\n    box-shadow: 0 2px 4px rgba(0, 0, 0, 0.1);\r\n    flex-wrap: wrap;\r\n}\r\n\r\n.property-panel-section {\r\n    display: flex;\r\n    align-items: center;\r\n    gap: 10px;\r\n}\r\n\r\n.property-panel-label {\r\n    font-weight: 500;\r\n    font-size: 14px;\r\n    color: #1C1B1F;\r\n    padding-bottom: 4px;\r\n}\r\n\r\n/* Dark Theme Overrides */\r\n.dark-theme .property-panel-container {\r\n    border: 1px solid #424242;\r\n    background: #2E2E2E;\r\n    box-shadow: 0 2px 4px rgba(0, 0, 0, 0.2);\r\n}\r\n\r\n.dark-theme .property-panel-label {\r\n    color: #E0E0E0;\r\n}\r\n",
  "src/property-pane.css": ".component-content:has(.property-panel) {\r\n  padding: 0;\r\n}\r\n.component-content:has(.property-panel[data-position=\"top\"]) {\r\n  max-height: unset;\r\n}\r\n.preview-container:has(.property-panel) {\r\n  display: grid;\r\n  padding: 0;\r\n  gap: 0;\r\n}\r\n.preview-container:has(.property-panel[data-position=\"right\"]):not(.preview-container:has(.property-panel[data-position=\"top\"])) {\r\n  grid-template-columns: 1fr 270px;\r\n  grid-template-rows: 1fr;\r\n  gap: 1px;\r\n}\r\n.preview-container:has(.property-panel[data-position=\"top\"]) {\r\n  grid-template-columns: 1fr;\r\n  grid-template-rows: auto 1fr;\r\n  gap: 1px;\r\n}\r\n.preview-container:has(.property-panel:not([data-position])) {\r\n  grid-template-columns: 1fr 320px;\r\n  grid-template-rows: 1fr;\r\n  gap: 1px;\r\n}\r\n.preview-container.has-property-pane-right {\r\n  display: grid;\r\n  padding: 0;\r\n  grid-template-columns: 1fr 320px;\r\n  grid-template-rows: 1fr;\r\n  gap: 1px;\r\n}\r\n.preview-container.has-property-pane-top {\r\n  display: grid;\r\n  padding: 0;\r\n  grid-template-columns: 1fr;\r\n  grid-template-rows: auto 1fr;\r\n  gap: 1px;\r\n}\r\n.preview-container:has(.property-panel[data-position=\"right\"]) .component-section,\r\n.preview-container:has(.property-panel:not([data-position])) .component-section {\r\n  min-width: 100%;\r\n  align-items: center;\r\n  padding: 20px;\r\n  overflow: auto;\r\n}\r\n.preview-container:has(.property-panel[data-position=\"top\"]) .component-section {\r\n  max-width: unset;\r\n  padding: 20px;\r\n  overflow: auto;\r\n}\r\n.preview-container.has-property-pane-right .component-section {\r\n  display: flex;\r\n  align-items: center;\r\n  padding: 20px;\r\n  min-height: 350px;\r\n  overflow: auto;\r\n}\r\n.preview-container.has-property-pane-top .component-section {\r\n  display: flex;\r\n  align-items: center;\r\n  justify-content: center;\r\n  padding: 20px;\r\n  min-height: 350px;\r\n  border: none;\r\n  border-radius: 0;\r\n  overflow: auto;\r\n}\r\n.property-panel[data-property-pane] {\r\n  overflow: hidden;\r\n  display: flex;\r\n  flex-direction: column;\r\n  margin: 0;\r\n  background-color: rgba(163, 146, 146, 0.03); \r\n}\r\n.property-panel:not([data-position]),\r\n.property-panel[data-position=\"right\"] {\r\n  border-left: 1px solid var(--border-color);\r\n  min-width: 270px;\r\n  height: 100%;\r\n  align-self: start;\r\n}\r\n.property-panel[data-position=\"top\"] {\r\n  width: 100%;\r\n  height: auto;\r\n  border-bottom: 1px solid var(--border-color);\r\n  max-height: 200px;\r\n  grid-row: 1;\r\n}\r\n@media (max-width: 768px) {\r\n  .property-panel[data-property-pane] {\r\n    width: 100%;\r\n    min-width: unset;\r\n    height: auto;\r\n    max-height: 250px;\r\n  }\r\n}\r\n.property-panel-header {\r\n  border-bottom: 1px solid var(--border-color);\r\n  padding: 12px 20px;\r\n  flex-shrink: 0;\r\n}\r\n.property-panel-title {\r\n  margin: 0;\r\n  font-size: 16px;\r\n  font-weight: 600;\r\n  color: var(--text-color);\r\n  line-height: 1.5;\r\n}\r\n.property-panel-content {\r\n  padding: 20px;\r\n  overflow-y: auto;\r\n  flex: 1;\r\n  display: flex;\r\n  flex-direction: column;\r\n  gap: 16px;\r\n}\r\n.property-panel[data-columns=\"2\"] .property-row,\r\n.property-panel[data-columns=\"3\"] .property-row,\r\n.property-panel[data-columns=\"4\"] .property-row {\r\n  display: flex;\r\n  flex-direction: column;\r\n  justify-content: center;\r\n  align-items: stretch;\r\n}\r\n.property-panel[data-columns=\"2\"] .property-panel-content {\r\n  display: grid;\r\n  grid-template-columns: 1fr 1fr;\r\n  gap: 16px 12px;\r\n  align-items: start;\r\n}\r\n.property-panel[data-columns=\"3\"] .property-panel-content {\r\n  display: grid;\r\n  grid-template-columns: repeat(3, 1fr);\r\n  gap: 16px 12px;\r\n  align-items: start;\r\n}\r\n.property-panel[data-columns=\"4\"] .property-panel-content {\r\n  display: grid;\r\n  grid-template-columns: repeat(4, 1fr);\r\n  gap: 16px 12px;\r\n  align-items: start;\r\n}\r\n.property-col {\r\n  display: flex;\r\n  flex-direction: column;\r\n  gap: 16px;\r\n  align-self: start;\r\n}\r\n.property-panel[data-columns=\"2\"] .property-col-6 { \r\n  grid-column: span 1;\r\n}\r\n.property-panel[data-columns=\"2\"] .property-col-12 { \r\n  grid-column: span 2;\r\n}\r\n.property-panel[data-columns=\"3\"] .property-col-4 { \r\n  grid-column: span 1;\r\n}\r\n.property-panel[data-columns=\"3\"] .property-col-8 { \r\n  grid-column: span 2;\r\n}\r\n.property-panel[data-columns=\"3\"] .property-col-12 { \r\n  grid-column: span 3;\r\n}\r\n.property-panel[data-columns=\"4\"] .property-col-3 { \r\n  grid-column: span 1;\r\n}\r\n.property-panel[data-columns=\"4\"] .property-col-6 { \r\n  grid-column: span 2;\r\n}\r\n.property-panel[data-columns=\"4\"] .property-col-9 { \r\n  grid-column: span 3;\r\n}\r\n.property-panel[data-columns=\"4\"] .property-col-12 { \r\n  grid-column: span 4;\r\n}\r\n.property-panel[data-columns=\"1\"] .property-col,\r\n.property-panel:not([data-columns]) .property-col {\r\n  width: 100%;\r\n}\r\n.property-row {\r\n  display: flex;\r\n  flex-direction: column;\r\n  gap: 8px;\r\n  width: 100%;\r\n}\r\n.property-col .property-row {\r\n  margin-bottom: 0;\r\n}\r\n.property-row .property-label {\r\n  display: block;\r\n  font-size: 13px;\r\n  font-weight: 500;\r\n  color: var(--button-primary-bg);\r\n  line-height: 1.4;\r\n}\r\n.preview-container:has(.property-panel) > *:not(.component-section,.typography-section):not(.property-panel),\r\n.preview-container.has-property-pane-right > *:not(.component-section,.typography-section):not(.property-panel),\r\n.preview-container.has-property-pane-top > *:not(.component-section,.typography-section):not(.property-panel) {\r\n  align-items: center;\r\n  max-width: 100%;\r\n  min-height: 350px;\r\n  padding: 20px;\r\n  overflow: auto;\r\n}\r\n@media (max-width: 768px) {\r\n  .property-col {\r\n    grid-column: span 1 !important;\r\n  }\r\n  \r\n  .preview-container {\r\n    padding: 10px;\r\n    gap: 10px;\r\n  }\r\n  \r\n  .preview-container .component-section {\r\n    padding: 15px;\r\n  }\r\n  \r\n  .property-panel-content {\r\n    padding: 15px;\r\n  }\r\n  \r\n  .property-panel-header {\r\n    padding: 12px 15px;\r\n  }\r\n  \r\n  .property-panel-title {\r\n    font-size: 14px;\r\n  }\r\n}\r\n.property-panel-content::-webkit-scrollbar {\r\n  width: 0.275rem;\r\n}\r\n.property-panel-content::-webkit-scrollbar-track {\r\n   background: transparent;\r\n  border-radius: 3px;\r\n}\r\n.property-panel-content::-webkit-scrollbar-thumb {\r\n  background:var(--scrollbar-thumb);\r\n  border: 0.0625rem solid var(--scrollbar-thumb);\r\n}\r\n.property-panel-content::-webkit-scrollbar-thumb:hover {\r\n  background:var(--scrollbar-thumb-hover);\r\n}\r\n.preview-container {\r\n  transition: grid-template-columns 0.3s ease, grid-template-rows 0.3s ease;\r\n}\r\n.sb-no-frame .property-panel[data-position=\"top\"] {\r\n  border: 1px solid var(--border-color);\r\n  margin-bottom: 8px;\r\n}\r\n.sb-no-frame .preview-container:has(.property-panel) > *:not(.component-section):not(.property-panel)\r\n{\r\n padding: 0;\r\n}",
  "dependencies": "{\"@syncfusion/react-grid\":\"*\",\"@syncfusion/react-buttons\":\"*\",\"@syncfusion/react-locale\":\"*\",\"@syncfusion/react-cldr-data\":\"*\"}"
}