{
  "src/App.css": "@import \"@syncfusion/react-base/styles/material3.css\";\n@import \"@syncfusion/react-buttons/styles/material3.css\";\n@import \"@syncfusion/react-popups/styles/material3.css\";\n@import \"@syncfusion/react-splitbuttons/styles/material3.css\";\n@import \"@syncfusion/react-inputs/styles/material3.css\";\n@import \"@syncfusion/react-calendars/styles/material3.css\";\n@import \"@syncfusion/react-lists/styles/material3.css\";\n@import \"@syncfusion/react-dropdowns/styles/material3.css\";\n@import \"@syncfusion/react-navigations/styles/material3.css\";\n@import \"@syncfusion/react-notifications/styles/material3.css\";\n@import \"@syncfusion/react-pager/styles/material3.css\";\n@import \"@syncfusion/react-grid/styles/material3.css\";\n",
  "src/App.tsx": "import { Grid, Columns, Column, TextAlign } from '@syncfusion/react-grid';\r\nimport './emptyRecordTemplate.css';\r\n\r\nexport default function App() {\r\n\r\n    const emptyRecordTemplate = () => {\r\n        let src: string = '';\r\n        if (document.body.classList.value.indexOf('dark') > -1 || document.body.classList.value.indexOf('highcontrast') > -1) {\r\n            src = \"https://npmci-react.syncfusion.com/images/grid/emptyRecordTemplate_dark.svg\";\r\n        } else {\r\n            src = \"https://npmci-react.syncfusion.com/images/grid/emptyRecordTemplate_light.svg\";\r\n        }\r\n        return (\r\n            <div className='sf-empty-record-template'>\r\n                <img src={src} className=\"sf-empty-record\" alt=\"No record\"/>\r\n                <span>There is no data available to display at the moment.</span>\r\n            </div>\r\n        );\r\n    };\r\n    return (\r\n        <div>\r\n        <Grid\r\n            dataSource={[]}\r\n            emptyRecordTemplate={emptyRecordTemplate}\r\n          >\r\n            <Columns>\r\n              <Column\r\n                field=\"OrderID\"\r\n                headerText=\"Order ID\"\r\n                width={180}\r\n                textAlign={TextAlign.Right}\r\n              />\r\n              <Column\r\n                field=\"CustomerID\"\r\n                headerText=\"Customer Name\"\r\n                width={150}\r\n              />\r\n              <Column\r\n                field=\"OrderDate\"\r\n                headerText=\"Order Date\"\r\n                width={130}\r\n                textAlign={TextAlign.Right}\r\n                format='yMd'\r\n              />\r\n              <Column\r\n                field=\"ShipCountry\"\r\n                headerText=\"Ship Country\"\r\n                width={150}\r\n              />\r\n              <Column\r\n                field=\"Freight\"\r\n                headerText=\"Freight Charges\"\r\n                width={120}\r\n                textAlign={TextAlign.Right}\r\n                format='C2'\r\n              />\r\n            </Columns>\r\n          </Grid>\r\n        </div>\r\n    );\r\n};",
  "src/emptyRecordTemplate.css": ".sf-empty-record-template {\r\n    text-align: center;\r\n}\r\n\r\n.sf-empty-record { \r\n    display: block;\r\n    margin: 10px auto;\r\n}",
  "dependencies": "{\"@syncfusion/react-grid\":\"*\",\"@syncfusion/react-locale\":\"*\",\"@syncfusion/react-cldr-data\":\"*\"}"
}