{
  "src/App.css": "@import \"@syncfusion/react-base/styles/material3.css\";\n@import \"@syncfusion/react-buttons/styles/material3.css\";\n@import \"@syncfusion/react-popups/styles/material3.css\";\n@import \"@syncfusion/react-splitbuttons/styles/material3.css\";\n@import \"@syncfusion/react-inputs/styles/material3.css\";\n@import \"@syncfusion/react-calendars/styles/material3.css\";\n@import \"@syncfusion/react-lists/styles/material3.css\";\n@import \"@syncfusion/react-dropdowns/styles/material3.css\";\n@import \"@syncfusion/react-navigations/styles/material3.css\";\n@import \"@syncfusion/react-notifications/styles/material3.css\";\n@import \"@syncfusion/react-pager/styles/material3.css\";\n@import \"@syncfusion/react-grid/styles/material3.css\";\n",
  "src/App.tsx": "import { Grid, Columns, Column, GridRef, SortSettings, PageSettings, ClipMode, TextAlign, SortEvent, ActionType } from '@syncfusion/react-grid';\r\nimport { Button } from '@syncfusion/react-buttons';\r\nimport { useRef, useMemo, useState, useCallback } from 'react';\r\nimport { appointmentSchedule } from './appointmentDetails';\r\nimport { PropertyPane, PropertyColumn, PropertyRow } from './property-pane';\r\n\r\nexport default function App() {\r\n    // Initialize state for sort, and pagination settings.\r\n    const [sortSettings] = useState<SortSettings>({ enabled: true });\r\n    const [pageSettings] = useState<PageSettings>({ enabled: true, pageSize: 8, pageCount: 4 });\r\n    // Initialize grid reference for accessing grid methods.\r\n    const gridRef = useRef<GridRef>(null);\r\n    const [isSorted, setIsSorted] = useState<boolean>(false);\r\n    const [isItemSorted, setIsItemSorted] = useState<boolean>(false);\r\n\r\n    // Sorts the 'ServiceItem' column in ascending order and updates the button states.\r\n    const sortColumn = () => {\r\n        gridRef.current?.sortByColumn('ServiceItem', 'Ascending');\r\n        setIsSorted(true);\r\n        setIsItemSorted(true)\r\n    };\r\n\r\n    // Removes sorting from the 'ServiceItem' column and updates the button states.\r\n    const removeSort = () => {\r\n        gridRef.current?.removeSortColumn('ServiceItem');\r\n        setIsSorted(false);\r\n    };\r\n\r\n    // Clears all sorting applied to the grid and updates the button states.\r\n    const clearSort = () => {\r\n        gridRef.current?.clearSort();\r\n        setIsSorted(false);\r\n        setIsItemSorted(false)\r\n    };\r\n\r\n    // event fires after sort completes\r\n    const onSort = useCallback((props: SortEvent) => {\r\n        if (props.action === ActionType.Sorting) {\r\n             if(props.field ==='ServiceItem' ){\r\n                setIsItemSorted(true)\r\n             }\r\n            setIsSorted(true)\r\n        }\r\n        if (props.action === ActionType.ClearSorting) {\r\n            setIsSorted(false);\r\n            setIsItemSorted(false)\r\n        }\r\n\r\n    }, [])\r\n\r\n    return (\r\n        <>\r\n            <PropertyPane>\r\n                <PropertyColumn>\r\n                    <PropertyRow>\r\n                        <div>\r\n                            <Button onClick={sortColumn} style={{ marginLeft: '10px' }} disabled={isSorted}>Sort Item column</Button>\r\n                            <Button onClick={removeSort} style={{ marginLeft: '10px' }} disabled={!isItemSorted}>Remove Item sort</Button>\r\n                            <Button onClick={clearSort} style={{ marginLeft: '10px' }} disabled={!isSorted}>Clear sorting</Button>\r\n                        </div>\r\n                    </PropertyRow>\r\n                </PropertyColumn>\r\n            </PropertyPane>\r\n            {\r\n                useMemo(() => (\r\n                    <Grid\r\n                        ref={gridRef}\r\n                        dataSource={appointmentSchedule}\r\n                        sortSettings={sortSettings}\r\n                        pageSettings={pageSettings}\r\n                        onSort={onSort}\r\n                    >\r\n                        <Columns>\r\n                            <Column field=\"ServiceItem\" headerText=\"Item\" width=\"120px\" />\r\n                            <Column field=\"CustomerName\" headerText=\"Customer Name\" width=\"130px\" clipMode={ClipMode.EllipsisWithTooltip} />\r\n                            <Column field=\"AppointmentDate\" headerText=\"Appointment Date\" format=\"yMd\" textAlign={TextAlign.Right} width=\"130px\" clipMode={ClipMode.EllipsisWithTooltip} />\r\n                            <Column field=\"FollowUpDate\" headerText=\"Follow-Up Date\" format=\"dd/MM/yyyy hh:mm\" textAlign={TextAlign.Right} width=\"160px\" />\r\n                            <Column field=\"ServiceFee\" headerText=\"Service Fee\" format=\"C2\" textAlign={TextAlign.Right} width=\"130px\" />\r\n                        </Columns>\r\n                    </Grid>\r\n                ), [])\r\n            }\r\n        </>\r\n    );\r\n};\r\n",
  "src/appointmentDetails.ts": "export interface AppointmentItem {\r\n  AppointmentID: number;\r\n  CustomerName: string;\r\n  ServiceDurationHours: number;\r\n  ServiceType: string;\r\n  IsCompleted: boolean;\r\n  TechnicianID: number;\r\n  Location: string;\r\n  ServiceFee: number;\r\n  ServiceItem: string;\r\n  AppointmentDate: Date;\r\n  FollowUpDate: Date;\r\n  CreatedDate: Date;\r\n}\r\n\r\nexport const appointmentSchedule: AppointmentItem[] = [\r\n  {\r\n    \"AppointmentID\": 1,\r\n    \"CustomerName\": \"James Smith\",\r\n    \"ServiceDurationHours\": 1.54,\r\n    \"ServiceType\": \"Inspection\",\r\n    \"IsCompleted\": true,\r\n    \"TechnicianID\": 562,\r\n    \"Location\": \"Austin\",\r\n    \"ServiceFee\": 335.39,\r\n    \"ServiceItem\": \"Thermostat\",\r\n    \"AppointmentDate\": new Date(1737388800000),\r\n    \"FollowUpDate\": new Date(1738602000000),\r\n    \"CreatedDate\": new Date(1736956800000)\r\n  },\r\n  {\r\n    \"AppointmentID\": 2,\r\n    \"CustomerName\": \"Emily Davis\",\r\n    \"ServiceDurationHours\": 2.25,\r\n    \"ServiceType\": \"Installation\",\r\n    \"IsCompleted\": true,\r\n    \"TechnicianID\": 589,\r\n    \"Location\": \"Houston\",\r\n    \"ServiceFee\": 289.99,\r\n    \"ServiceItem\": \"Microwave Oven\",\r\n    \"AppointmentDate\": new Date(1738155600000),\r\n    \"FollowUpDate\": new Date(1740319200000),\r\n    \"CreatedDate\": new Date(1737723600000)\r\n  },\r\n  {\r\n    \"AppointmentID\": 3,\r\n    \"CustomerName\": \"Michael Brown\",\r\n    \"ServiceDurationHours\": 1.75,\r\n    \"ServiceType\": \"Maintenance\",\r\n    \"IsCompleted\": true,\r\n    \"TechnicianID\": 555,\r\n    \"Location\": \"Dallas\",\r\n    \"ServiceFee\": 199.5,\r\n    \"ServiceItem\": \"Refrigerator\",\r\n    \"AppointmentDate\": new Date(1739696400000),\r\n    \"FollowUpDate\": new Date(1740744000000),\r\n    \"CreatedDate\": new Date(1739610000000)\r\n  },\r\n  {\r\n    \"AppointmentID\": 4,\r\n    \"CustomerName\": \"Maria Garcia\",\r\n    \"ServiceDurationHours\": 3.0,\r\n    \"ServiceType\": \"Inspection\",\r\n    \"IsCompleted\": true,\r\n    \"TechnicianID\": 600,\r\n    \"Location\": \"San Antonio\",\r\n    \"ServiceFee\": 410.75,\r\n    \"ServiceItem\": \"Smoke Detector\",\r\n    \"AppointmentDate\": new Date(1739091600000),\r\n    \"FollowUpDate\": new Date(1741168800000),\r\n    \"CreatedDate\": new Date(1738918800000)\r\n  },\r\n  {\r\n    \"AppointmentID\": 5,\r\n    \"CustomerName\": \"David Wilson\",\r\n    \"ServiceDurationHours\": 2.1,\r\n    \"ServiceType\": \"Installation\",\r\n    \"IsCompleted\": true,\r\n    \"TechnicianID\": 593,\r\n    \"Location\": \"Austin\",\r\n    \"ServiceFee\": 320.0,\r\n    \"ServiceItem\": \"Security System\",\r\n    \"AppointmentDate\": new Date(1738659600000),\r\n    \"FollowUpDate\": new Date(1741176000000),\r\n    \"CreatedDate\": new Date(1738227600000)\r\n  },\r\n  {\r\n    \"AppointmentID\": 6,\r\n    \"CustomerName\": \"James Smith\",\r\n    \"ServiceDurationHours\": 1.54,\r\n    \"ServiceType\": \"Inspection\",\r\n    \"IsCompleted\": true,\r\n    \"TechnicianID\": 562,\r\n    \"Location\": \"Austin\",\r\n    \"ServiceFee\": 335.39,\r\n    \"ServiceItem\": \"Thermostat\",\r\n    \"AppointmentDate\": new Date(1737979200000),\r\n    \"FollowUpDate\": new Date(1739541600000),\r\n    \"CreatedDate\": new Date(1737547200000)\r\n  },\r\n  {\r\n    \"AppointmentID\": 7,\r\n    \"CustomerName\": \"Emily Davis\",\r\n    \"ServiceDurationHours\": 2.25,\r\n    \"ServiceType\": \"Installation\",\r\n    \"IsCompleted\": true,\r\n    \"TechnicianID\": 589,\r\n    \"Location\": \"Houston\",\r\n    \"ServiceFee\": 289.99,\r\n    \"ServiceItem\": \"Microwave Oven\",\r\n    \"AppointmentDate\": new Date(1736499600000),\r\n    \"FollowUpDate\": new Date(1738411200000),\r\n    \"CreatedDate\": new Date(1736240400000)\r\n  },\r\n  {\r\n    \"AppointmentID\": 8,\r\n    \"CustomerName\": \"Michael Brown\",\r\n    \"ServiceDurationHours\": 1.75,\r\n    \"ServiceType\": \"Maintenance\",\r\n    \"IsCompleted\": true,\r\n    \"TechnicianID\": 555,\r\n    \"Location\": \"Dallas\",\r\n    \"ServiceFee\": 199.5,\r\n    \"ServiceItem\": \"Refrigerator\",\r\n    \"AppointmentDate\": new Date(1740232800000),\r\n    \"FollowUpDate\": new Date(1742742000000),\r\n    \"CreatedDate\": new Date(1739800800000)\r\n  },\r\n  {\r\n    \"AppointmentID\": 9,\r\n    \"CustomerName\": \"Maria Garcia\",\r\n    \"ServiceDurationHours\": 3.0,\r\n    \"ServiceType\": \"Inspection\",\r\n    \"IsCompleted\": true,\r\n    \"TechnicianID\": 600,\r\n    \"Location\": \"San Antonio\",\r\n    \"ServiceFee\": 410.75,\r\n    \"ServiceItem\": \"Smoke Detector\",\r\n    \"AppointmentDate\": new Date(1740916800000),\r\n    \"FollowUpDate\": new Date(1743339600000),\r\n    \"CreatedDate\": new Date(1740571200000)\r\n  },\r\n  {\r\n    \"AppointmentID\": 10,\r\n    \"CustomerName\": \"David Wilson\",\r\n    \"ServiceDurationHours\": 2.1,\r\n    \"ServiceType\": \"Installation\",\r\n    \"IsCompleted\": true,\r\n    \"TechnicianID\": 593,\r\n    \"Location\": \"Austin\",\r\n    \"ServiceFee\": 320.0,\r\n    \"ServiceItem\": \"Security System\",\r\n    \"AppointmentDate\": new Date(1739638800000),\r\n    \"FollowUpDate\": new Date(1741114800000),\r\n    \"CreatedDate\": new Date(1739466000000)\r\n  },\r\n  {\r\n    \"AppointmentID\": 11,\r\n    \"CustomerName\": \"James Smith\",\r\n    \"ServiceDurationHours\": 1.54,\r\n    \"ServiceType\": \"Inspection\",\r\n    \"IsCompleted\": true,\r\n    \"TechnicianID\": 562,\r\n    \"Location\": \"Austin\",\r\n    \"ServiceFee\": 335.39,\r\n    \"ServiceItem\": \"Thermostat\",\r\n    \"AppointmentDate\": new Date(1738929600000),\r\n    \"FollowUpDate\": new Date(1739890800000),\r\n    \"CreatedDate\": new Date(1738670400000)\r\n  },\r\n  {\r\n    \"AppointmentID\": 12,\r\n    \"CustomerName\": \"Emily Davis\",\r\n    \"ServiceDurationHours\": 2.25,\r\n    \"ServiceType\": \"Installation\",\r\n    \"IsCompleted\": true,\r\n    \"TechnicianID\": 589,\r\n    \"Location\": \"Houston\",\r\n    \"ServiceFee\": 289.99,\r\n    \"ServiceItem\": \"Microwave Oven\",\r\n    \"AppointmentDate\": new Date(1740495600000),\r\n    \"FollowUpDate\": new Date(1741975200000),\r\n    \"CreatedDate\": new Date(1740322800000)\r\n  },\r\n  {\r\n    \"AppointmentID\": 13,\r\n    \"CustomerName\": \"Michael Brown\",\r\n    \"ServiceDurationHours\": 1.75,\r\n    \"ServiceType\": \"Maintenance\",\r\n    \"IsCompleted\": true,\r\n    \"TechnicianID\": 555,\r\n    \"Location\": \"Dallas\",\r\n    \"ServiceFee\": 199.5,\r\n    \"ServiceItem\": \"Refrigerator\",\r\n    \"AppointmentDate\": new Date(1736614800000),\r\n    \"FollowUpDate\": new Date(1738951200000),\r\n    \"CreatedDate\": new Date(1736182800000)\r\n  },\r\n  {\r\n    \"AppointmentID\": 14,\r\n    \"CustomerName\": \"Maria Garcia\",\r\n    \"ServiceDurationHours\": 3.0,\r\n    \"ServiceType\": \"Inspection\",\r\n    \"IsCompleted\": true,\r\n    \"TechnicianID\": 600,\r\n    \"Location\": \"San Antonio\",\r\n    \"ServiceFee\": 410.75,\r\n    \"ServiceItem\": \"Smoke Detector\",\r\n    \"AppointmentDate\": new Date(1739293200000),\r\n    \"FollowUpDate\": new Date(1740769200000),\r\n    \"CreatedDate\": new Date(1739120400000)\r\n  },\r\n  {\r\n    \"AppointmentID\": 15,\r\n    \"CustomerName\": \"David Wilson\",\r\n    \"ServiceDurationHours\": 2.1,\r\n    \"ServiceType\": \"Installation\",\r\n    \"IsCompleted\": true,\r\n    \"TechnicianID\": 593,\r\n    \"Location\": \"Austin\",\r\n    \"ServiceFee\": 320.0,\r\n    \"ServiceItem\": \"Security System\",\r\n    \"AppointmentDate\": new Date(1737378000000),\r\n    \"FollowUpDate\": new Date(1739282400000),\r\n    \"CreatedDate\": new Date(1737205200000)\r\n  },\r\n  {\r\n    \"AppointmentID\": 16,\r\n    \"CustomerName\": \"James Smith\",\r\n    \"ServiceDurationHours\": 1.54,\r\n    \"ServiceType\": \"Inspection\",\r\n    \"IsCompleted\": true,\r\n    \"TechnicianID\": 562,\r\n    \"Location\": \"Austin\",\r\n    \"ServiceFee\": 335.39,\r\n    \"ServiceItem\": \"Thermostat\",\r\n    \"AppointmentDate\": new Date(1737018000000),\r\n    \"FollowUpDate\": new Date(1737975600000),\r\n    \"CreatedDate\": new Date(1736586000000)\r\n  },\r\n  {\r\n    \"AppointmentID\": 17,\r\n    \"CustomerName\": \"Emily Davis\",\r\n    \"ServiceDurationHours\": 2.25,\r\n    \"ServiceType\": \"Installation\",\r\n    \"IsCompleted\": true,\r\n    \"TechnicianID\": 589,\r\n    \"Location\": \"Houston\",\r\n    \"ServiceFee\": 289.99,\r\n    \"ServiceItem\": \"Microwave Oven\",\r\n    \"AppointmentDate\": new Date(1738774800000),\r\n    \"FollowUpDate\": new Date(1739991600000),\r\n    \"CreatedDate\": new Date(1738429200000)\r\n  },\r\n  {\r\n    \"AppointmentID\": 18,\r\n    \"CustomerName\": \"Michael Brown\",\r\n    \"ServiceDurationHours\": 1.75,\r\n    \"ServiceType\": \"Maintenance\",\r\n    \"IsCompleted\": true,\r\n    \"TechnicianID\": 555,\r\n    \"Location\": \"Dallas\",\r\n    \"ServiceFee\": 199.5,\r\n    \"ServiceItem\": \"Refrigerator\",\r\n    \"AppointmentDate\": new Date(1737039600000),\r\n    \"FollowUpDate\": new Date(1738173600000),\r\n    \"CreatedDate\": new Date(1736953200000)\r\n  },\r\n  {\r\n    \"AppointmentID\": 19,\r\n    \"CustomerName\": \"Maria Garcia\",\r\n    \"ServiceDurationHours\": 3.0,\r\n    \"ServiceType\": \"Inspection\",\r\n    \"IsCompleted\": true,\r\n    \"TechnicianID\": 600,\r\n    \"Location\": \"San Antonio\",\r\n    \"ServiceFee\": 410.75,\r\n    \"ServiceItem\": \"Smoke Detector\",\r\n    \"AppointmentDate\": new Date(1739804400000),\r\n    \"FollowUpDate\": new Date(1741968000000),\r\n    \"CreatedDate\": new Date(1739458800000)\r\n  },\r\n  {\r\n    \"AppointmentID\": 20,\r\n    \"CustomerName\": \"David Wilson\",\r\n    \"ServiceDurationHours\": 2.1,\r\n    \"ServiceType\": \"Installation\",\r\n    \"IsCompleted\": true,\r\n    \"TechnicianID\": 593,\r\n    \"Location\": \"Austin\",\r\n    \"ServiceFee\": 320.0,\r\n    \"ServiceItem\": \"Security System\",\r\n    \"AppointmentDate\": new Date(1738742400000),\r\n    \"FollowUpDate\": new Date(1739610000000),\r\n    \"CreatedDate\": new Date(1738396800000)\r\n  },\r\n  {\r\n    \"AppointmentID\": 21,\r\n    \"CustomerName\": \"James Smith\",\r\n    \"ServiceDurationHours\": 1.54,\r\n    \"ServiceType\": \"Inspection\",\r\n    \"IsCompleted\": true,\r\n    \"TechnicianID\": 562,\r\n    \"Location\": \"Austin\",\r\n    \"ServiceFee\": 335.39,\r\n    \"ServiceItem\": \"Thermostat\",\r\n    \"AppointmentDate\": new Date(1740488400000),\r\n    \"FollowUpDate\": new Date(1741356000000),\r\n    \"CreatedDate\": new Date(1740229200000)\r\n  },\r\n  {\r\n    \"AppointmentID\": 22,\r\n    \"CustomerName\": \"Emily Davis\",\r\n    \"ServiceDurationHours\": 2.25,\r\n    \"ServiceType\": \"Installation\",\r\n    \"IsCompleted\": true,\r\n    \"TechnicianID\": 589,\r\n    \"Location\": \"Houston\",\r\n    \"ServiceFee\": 289.99,\r\n    \"ServiceItem\": \"Microwave Oven\",\r\n    \"AppointmentDate\": new Date(1739970000000),\r\n    \"FollowUpDate\": new Date(1742133600000),\r\n    \"CreatedDate\": new Date(1739797200000)\r\n  },\r\n  {\r\n    \"AppointmentID\": 23,\r\n    \"CustomerName\": \"Michael Brown\",\r\n    \"ServiceDurationHours\": 1.75,\r\n    \"ServiceType\": \"Maintenance\",\r\n    \"IsCompleted\": true,\r\n    \"TechnicianID\": 555,\r\n    \"Location\": \"Dallas\",\r\n    \"ServiceFee\": 199.5,\r\n    \"ServiceItem\": \"Refrigerator\",\r\n    \"AppointmentDate\": new Date(1737111600000),\r\n    \"FollowUpDate\": new Date(1738497600000),\r\n    \"CreatedDate\": new Date(1736852400000)\r\n  },\r\n  {\r\n    \"AppointmentID\": 24,\r\n    \"CustomerName\": \"Maria Garcia\",\r\n    \"ServiceDurationHours\": 3.0,\r\n    \"ServiceType\": \"Inspection\",\r\n    \"IsCompleted\": true,\r\n    \"TechnicianID\": 600,\r\n    \"Location\": \"San Antonio\",\r\n    \"ServiceFee\": 410.75,\r\n    \"ServiceItem\": \"Smoke Detector\",\r\n    \"AppointmentDate\": new Date(1740326400000),\r\n    \"FollowUpDate\": new Date(1741370400000),\r\n    \"CreatedDate\": new Date(1739894400000)\r\n  },\r\n  {\r\n    \"AppointmentID\": 25,\r\n    \"CustomerName\": \"David Wilson\",\r\n    \"ServiceDurationHours\": 2.1,\r\n    \"ServiceType\": \"Installation\",\r\n    \"IsCompleted\": true,\r\n    \"TechnicianID\": 593,\r\n    \"Location\": \"Austin\",\r\n    \"ServiceFee\": 320.0,\r\n    \"ServiceItem\": \"Security System\",\r\n    \"AppointmentDate\": new Date(1739448000000),\r\n    \"FollowUpDate\": new Date(1741006800000),\r\n    \"CreatedDate\": new Date(1739275200000)\r\n  },\r\n  {\r\n    \"AppointmentID\": 26,\r\n    \"CustomerName\": \"James Smith\",\r\n    \"ServiceDurationHours\": 1.54,\r\n    \"ServiceType\": \"Inspection\",\r\n    \"IsCompleted\": true,\r\n    \"TechnicianID\": 562,\r\n    \"Location\": \"Austin\",\r\n    \"ServiceFee\": 335.39,\r\n    \"ServiceItem\": \"Thermostat\",\r\n    \"AppointmentDate\": new Date(1736787600000),\r\n    \"FollowUpDate\": new Date(1737745200000),\r\n    \"CreatedDate\": new Date(1736614800000)\r\n  },\r\n  {\r\n    \"AppointmentID\": 27,\r\n    \"CustomerName\": \"Emily Davis\",\r\n    \"ServiceDurationHours\": 2.25,\r\n    \"ServiceType\": \"Installation\",\r\n    \"IsCompleted\": true,\r\n    \"TechnicianID\": 589,\r\n    \"Location\": \"Houston\",\r\n    \"ServiceFee\": 289.99,\r\n    \"ServiceItem\": \"Microwave Oven\",\r\n    \"AppointmentDate\": new Date(1737367200000),\r\n    \"FollowUpDate\": new Date(1738929600000),\r\n    \"CreatedDate\": new Date(1737194400000)\r\n  },\r\n  {\r\n    \"AppointmentID\": 28,\r\n    \"CustomerName\": \"Michael Brown\",\r\n    \"ServiceDurationHours\": 1.75,\r\n    \"ServiceType\": \"Maintenance\",\r\n    \"IsCompleted\": true,\r\n    \"TechnicianID\": 555,\r\n    \"Location\": \"Dallas\",\r\n    \"ServiceFee\": 199.5,\r\n    \"ServiceItem\": \"Refrigerator\",\r\n    \"AppointmentDate\": new Date(1736254800000),\r\n    \"FollowUpDate\": new Date(1738512000000),\r\n    \"CreatedDate\": new Date(1736168400000)\r\n  },\r\n  {\r\n    \"AppointmentID\": 29,\r\n    \"CustomerName\": \"Maria Garcia\",\r\n    \"ServiceDurationHours\": 3.0,\r\n    \"ServiceType\": \"Inspection\",\r\n    \"IsCompleted\": true,\r\n    \"TechnicianID\": 600,\r\n    \"Location\": \"San Antonio\",\r\n    \"ServiceFee\": 410.75,\r\n    \"ServiceItem\": \"Smoke Detector\",\r\n    \"AppointmentDate\": new Date(1736323200000),\r\n    \"FollowUpDate\": new Date(1737284400000),\r\n    \"CreatedDate\": new Date(1735977600000)\r\n  },\r\n  {\r\n    \"AppointmentID\": 30,\r\n    \"CustomerName\": \"David Wilson\",\r\n    \"ServiceDurationHours\": 2.1,\r\n    \"ServiceType\": \"Installation\",\r\n    \"IsCompleted\": true,\r\n    \"TechnicianID\": 593,\r\n    \"Location\": \"Austin\",\r\n    \"ServiceFee\": 320.0,\r\n    \"ServiceItem\": \"Security System\",\r\n    \"AppointmentDate\": new Date(1737367200000),\r\n    \"FollowUpDate\": new Date(1739530800000),\r\n    \"CreatedDate\": new Date(1737021600000)\r\n  },\r\n  {\r\n    \"AppointmentID\": 31,\r\n    \"CustomerName\": \"James Smith\",\r\n    \"ServiceDurationHours\": 1.54,\r\n    \"ServiceType\": \"Inspection\",\r\n    \"IsCompleted\": true,\r\n    \"TechnicianID\": 562,\r\n    \"Location\": \"Austin\",\r\n    \"ServiceFee\": 335.39,\r\n    \"ServiceItem\": \"Thermostat\",\r\n    \"AppointmentDate\": new Date(1735732800000),\r\n    \"FollowUpDate\": new Date(1738072800000),\r\n    \"CreatedDate\": new Date(1735473600000)\r\n  },\r\n  {\r\n    \"AppointmentID\": 32,\r\n    \"CustomerName\": \"Emily Davis\",\r\n    \"ServiceDurationHours\": 2.25,\r\n    \"ServiceType\": \"Installation\",\r\n    \"IsCompleted\": true,\r\n    \"TechnicianID\": 589,\r\n    \"Location\": \"Houston\",\r\n    \"ServiceFee\": 289.99,\r\n    \"ServiceItem\": \"Microwave Oven\",\r\n    \"AppointmentDate\": new Date(1736078400000),\r\n    \"FollowUpDate\": new Date(1738422000000),\r\n    \"CreatedDate\": new Date(1735905600000)\r\n  },\r\n  {\r\n    \"AppointmentID\": 33,\r\n    \"CustomerName\": \"Michael Brown\",\r\n    \"ServiceDurationHours\": 1.75,\r\n    \"ServiceType\": \"Maintenance\",\r\n    \"IsCompleted\": true,\r\n    \"TechnicianID\": 555,\r\n    \"Location\": \"Dallas\",\r\n    \"ServiceFee\": 199.5,\r\n    \"ServiceItem\": \"Refrigerator\",\r\n    \"AppointmentDate\": new Date(1736946000000),\r\n    \"FollowUpDate\": new Date(1738076400000),\r\n    \"CreatedDate\": new Date(1736600400000)\r\n  },\r\n  {\r\n    \"AppointmentID\": 34,\r\n    \"CustomerName\": \"Maria Garcia\",\r\n    \"ServiceDurationHours\": 3.0,\r\n    \"ServiceType\": \"Inspection\",\r\n    \"IsCompleted\": true,\r\n    \"TechnicianID\": 600,\r\n    \"Location\": \"San Antonio\",\r\n    \"ServiceFee\": 410.75,\r\n    \"ServiceItem\": \"Smoke Detector\",\r\n    \"AppointmentDate\": new Date(1739718000000),\r\n    \"FollowUpDate\": new Date(1740758400000),\r\n    \"CreatedDate\": new Date(1739458800000)\r\n  },\r\n  {\r\n    \"AppointmentID\": 35,\r\n    \"CustomerName\": \"David Wilson\",\r\n    \"ServiceDurationHours\": 2.1,\r\n    \"ServiceType\": \"Installation\",\r\n    \"IsCompleted\": true,\r\n    \"TechnicianID\": 593,\r\n    \"Location\": \"Austin\",\r\n    \"ServiceFee\": 320.0,\r\n    \"ServiceItem\": \"Security System\",\r\n    \"AppointmentDate\": new Date(1740920400000),\r\n    \"FollowUpDate\": new Date(1743523200000),\r\n    \"CreatedDate\": new Date(1740661200000)\r\n  },\r\n  {\r\n    \"AppointmentID\": 36,\r\n    \"CustomerName\": \"James Smith\",\r\n    \"ServiceDurationHours\": 1.54,\r\n    \"ServiceType\": \"Inspection\",\r\n    \"IsCompleted\": true,\r\n    \"TechnicianID\": 562,\r\n    \"Location\": \"Austin\",\r\n    \"ServiceFee\": 335.39,\r\n    \"ServiceItem\": \"Thermostat\",\r\n    \"AppointmentDate\": new Date(1739876400000),\r\n    \"FollowUpDate\": new Date(1741438800000),\r\n    \"CreatedDate\": new Date(1739703600000)\r\n  },\r\n  {\r\n    \"AppointmentID\": 37,\r\n    \"CustomerName\": \"Emily Davis\",\r\n    \"ServiceDurationHours\": 2.25,\r\n    \"ServiceType\": \"Installation\",\r\n    \"IsCompleted\": true,\r\n    \"TechnicianID\": 589,\r\n    \"Location\": \"Houston\",\r\n    \"ServiceFee\": 289.99,\r\n    \"ServiceItem\": \"Microwave Oven\",\r\n    \"AppointmentDate\": new Date(1737558000000),\r\n    \"FollowUpDate\": new Date(1740157200000),\r\n    \"CreatedDate\": new Date(1737126000000)\r\n  },\r\n  {\r\n    \"AppointmentID\": 38,\r\n    \"CustomerName\": \"Michael Brown\",\r\n    \"ServiceDurationHours\": 1.75,\r\n    \"ServiceType\": \"Maintenance\",\r\n    \"IsCompleted\": true,\r\n    \"TechnicianID\": 555,\r\n    \"Location\": \"Dallas\",\r\n    \"ServiceFee\": 199.5,\r\n    \"ServiceItem\": \"Refrigerator\",\r\n    \"AppointmentDate\": new Date(1740128400000),\r\n    \"FollowUpDate\": new Date(1742641200000),\r\n    \"CreatedDate\": new Date(1739782800000)\r\n  },\r\n  {\r\n    \"AppointmentID\": 39,\r\n    \"CustomerName\": \"Maria Garcia\",\r\n    \"ServiceDurationHours\": 3.0,\r\n    \"ServiceType\": \"Inspection\",\r\n    \"IsCompleted\": true,\r\n    \"TechnicianID\": 600,\r\n    \"Location\": \"San Antonio\",\r\n    \"ServiceFee\": 410.75,\r\n    \"ServiceItem\": \"Smoke Detector\",\r\n    \"AppointmentDate\": new Date(1735920000000),\r\n    \"FollowUpDate\": new Date(1738519200000),\r\n    \"CreatedDate\": new Date(1735488000000)\r\n  },\r\n  {\r\n    \"AppointmentID\": 40,\r\n    \"CustomerName\": \"David Wilson\",\r\n    \"ServiceDurationHours\": 2.1,\r\n    \"ServiceType\": \"Installation\",\r\n    \"IsCompleted\": true,\r\n    \"TechnicianID\": 593,\r\n    \"Location\": \"Austin\",\r\n    \"ServiceFee\": 320.0,\r\n    \"ServiceItem\": \"Security System\",\r\n    \"AppointmentDate\": new Date(1738429200000),\r\n    \"FollowUpDate\": new Date(1739991600000),\r\n    \"CreatedDate\": new Date(1738170000000)\r\n  },\r\n  {\r\n    \"AppointmentID\": 41,\r\n    \"CustomerName\": \"James Smith\",\r\n    \"ServiceDurationHours\": 1.54,\r\n    \"ServiceType\": \"Inspection\",\r\n    \"IsCompleted\": true,\r\n    \"TechnicianID\": 562,\r\n    \"Location\": \"Austin\",\r\n    \"ServiceFee\": 335.39,\r\n    \"ServiceItem\": \"Thermostat\",\r\n    \"AppointmentDate\": new Date(1739725200000),\r\n    \"FollowUpDate\": new Date(1741118400000),\r\n    \"CreatedDate\": new Date(1739466000000)\r\n  },\r\n  {\r\n    \"AppointmentID\": 42,\r\n    \"CustomerName\": \"Emily Davis\",\r\n    \"ServiceDurationHours\": 2.25,\r\n    \"ServiceType\": \"Installation\",\r\n    \"IsCompleted\": true,\r\n    \"TechnicianID\": 589,\r\n    \"Location\": \"Houston\",\r\n    \"ServiceFee\": 289.99,\r\n    \"ServiceItem\": \"Microwave Oven\",\r\n    \"AppointmentDate\": new Date(1737709200000),\r\n    \"FollowUpDate\": new Date(1740218400000),\r\n    \"CreatedDate\": new Date(1737536400000)\r\n  },\r\n  {\r\n    \"AppointmentID\": 43,\r\n    \"CustomerName\": \"Michael Brown\",\r\n    \"ServiceDurationHours\": 1.75,\r\n    \"ServiceType\": \"Maintenance\",\r\n    \"IsCompleted\": true,\r\n    \"TechnicianID\": 555,\r\n    \"Location\": \"Dallas\",\r\n    \"ServiceFee\": 199.5,\r\n    \"ServiceItem\": \"Refrigerator\",\r\n    \"AppointmentDate\": new Date(1738666800000),\r\n    \"FollowUpDate\": new Date(1739620800000),\r\n    \"CreatedDate\": new Date(1738407600000)\r\n  },\r\n  {\r\n    \"AppointmentID\": 44,\r\n    \"CustomerName\": \"Maria Garcia\",\r\n    \"ServiceDurationHours\": 3.0,\r\n    \"ServiceType\": \"Inspection\",\r\n    \"IsCompleted\": true,\r\n    \"TechnicianID\": 600,\r\n    \"Location\": \"San Antonio\",\r\n    \"ServiceFee\": 410.75,\r\n    \"ServiceItem\": \"Smoke Detector\",\r\n    \"AppointmentDate\": new Date(1736766000000),\r\n    \"FollowUpDate\": new Date(1738843200000),\r\n    \"CreatedDate\": new Date(1736679600000)\r\n  },\r\n  {\r\n    \"AppointmentID\": 45,\r\n    \"CustomerName\": \"David Wilson\",\r\n    \"ServiceDurationHours\": 2.1,\r\n    \"ServiceType\": \"Installation\",\r\n    \"IsCompleted\": true,\r\n    \"TechnicianID\": 593,\r\n    \"Location\": \"Austin\",\r\n    \"ServiceFee\": 320.0,\r\n    \"ServiceItem\": \"Security System\",\r\n    \"AppointmentDate\": new Date(1739973600000),\r\n    \"FollowUpDate\": new Date(1741622400000),\r\n    \"CreatedDate\": new Date(1739800800000)\r\n  },\r\n  {\r\n    \"AppointmentID\": 46,\r\n    \"CustomerName\": \"James Smith\",\r\n    \"ServiceDurationHours\": 1.54,\r\n    \"ServiceType\": \"Inspection\",\r\n    \"IsCompleted\": true,\r\n    \"TechnicianID\": 562,\r\n    \"Location\": \"Austin\",\r\n    \"ServiceFee\": 335.39,\r\n    \"ServiceItem\": \"Thermostat\",\r\n    \"AppointmentDate\": new Date(1738494000000),\r\n    \"FollowUpDate\": new Date(1739887200000),\r\n    \"CreatedDate\": new Date(1738148400000)\r\n  },\r\n  {\r\n    \"AppointmentID\": 47,\r\n    \"CustomerName\": \"Emily Davis\",\r\n    \"ServiceDurationHours\": 2.25,\r\n    \"ServiceType\": \"Installation\",\r\n    \"IsCompleted\": true,\r\n    \"TechnicianID\": 589,\r\n    \"Location\": \"Houston\",\r\n    \"ServiceFee\": 289.99,\r\n    \"ServiceItem\": \"Microwave Oven\",\r\n    \"AppointmentDate\": new Date(1737201600000),\r\n    \"FollowUpDate\": new Date(1738760400000),\r\n    \"CreatedDate\": new Date(1737115200000)\r\n  },\r\n  {\r\n    \"AppointmentID\": 48,\r\n    \"CustomerName\": \"Michael Brown\",\r\n    \"ServiceDurationHours\": 1.75,\r\n    \"ServiceType\": \"Maintenance\",\r\n    \"IsCompleted\": true,\r\n    \"TechnicianID\": 555,\r\n    \"Location\": \"Dallas\",\r\n    \"ServiceFee\": 199.5,\r\n    \"ServiceItem\": \"Refrigerator\",\r\n    \"AppointmentDate\": new Date(1737903600000),\r\n    \"FollowUpDate\": new Date(1739124000000),\r\n    \"CreatedDate\": new Date(1737730800000)\r\n  },\r\n  {\r\n    \"AppointmentID\": 49,\r\n    \"CustomerName\": \"Maria Garcia\",\r\n    \"ServiceDurationHours\": 3.0,\r\n    \"ServiceType\": \"Inspection\",\r\n    \"IsCompleted\": true,\r\n    \"TechnicianID\": 600,\r\n    \"Location\": \"San Antonio\",\r\n    \"ServiceFee\": 410.75,\r\n    \"ServiceItem\": \"Smoke Detector\",\r\n    \"AppointmentDate\": new Date(1740502800000),\r\n    \"FollowUpDate\": new Date(1742670000000),\r\n    \"CreatedDate\": new Date(1740330000000)\r\n  },\r\n  {\r\n    \"AppointmentID\": 50,\r\n    \"CustomerName\": \"David Wilson\",\r\n    \"ServiceDurationHours\": 2.1,\r\n    \"ServiceType\": \"Installation\",\r\n    \"IsCompleted\": true,\r\n    \"TechnicianID\": 593,\r\n    \"Location\": \"Austin\",\r\n    \"ServiceFee\": 320.0,\r\n    \"ServiceItem\": \"Security System\",\r\n    \"AppointmentDate\": new Date(1740236400000),\r\n    \"FollowUpDate\": new Date(1741111200000),\r\n    \"CreatedDate\": new Date(1739890800000)\r\n  }\r\n]",
  "src/property-pane.tsx": "import React, { Children, HTMLAttributes, useEffect, useRef, useState } from 'react';\r\nimport './property-pane.css';\r\n\r\nexport interface PropertyPaneProps {\r\n  title?: string | null;\r\n  className?: string;\r\n  children: React.ReactNode;\r\n  position?: 'right' | 'top';\r\n}\r\n\r\nexport const PropertyPane: React.FC<PropertyPaneProps & HTMLAttributes<HTMLDivElement>> = ({\r\n  title = null,\r\n  className = '',\r\n  children,\r\n  position = \"top\",\r\n  ...rest\r\n}) => {\r\n  const [isSmallFrame, setIsSmallFrame] = useState(false);\r\n  const contentRef = useRef<HTMLDivElement>(null);\r\n  useEffect(() => {\r\n    const handleResize = () => {\r\n      setIsSmallFrame(window.innerWidth <= 1240);\r\n    };\r\n    handleResize();\r\n    window.addEventListener('resize', handleResize);\r\n    return () => {\r\n      window.removeEventListener('resize', handleResize);\r\n    };\r\n  }, []);\r\n  position = isSmallFrame ? 'top' : position\r\n  const childColumns = Children.toArray(children).filter(\r\n    child => React.isValidElement(child) && child.type === PropertyColumn\r\n  ).length;\r\n  useEffect(() => {\r\n    const alignRows = () => {\r\n      if (!contentRef.current || childColumns <= 1) return;\r\n      const columns = Array.from(contentRef.current.querySelectorAll('.property-col'));\r\n      if (columns.length === 0) return;\r\n      const maxRows = Math.max(...columns.map(col => col.children.length));\r\n      for (let i = 0; i < maxRows; i++) {\r\n        const rowsAtIndex = columns.map(col => col.children[i]).filter(Boolean) as HTMLElement[];\r\n        if (rowsAtIndex.length > 1) {\r\n          rowsAtIndex.forEach(row => row.style.height = 'auto');\r\n          const maxHeight = Math.max(...rowsAtIndex.map(row => row.offsetHeight));\r\n          rowsAtIndex.forEach(row => row.style.height = `${maxHeight}px`);\r\n        }\r\n      }\r\n    };\r\n    const timeout = setTimeout(alignRows, 100);\r\n    const resizeObserver = new ResizeObserver(alignRows);\r\n    if (contentRef.current) {\r\n      resizeObserver.observe(contentRef.current);\r\n    }\r\n    return () => {\r\n      clearTimeout(timeout);\r\n      resizeObserver.disconnect();\r\n    };\r\n  }, [children, childColumns]);\r\n  return (\r\n    <div\r\n      className={`property-panel ${className}`}\r\n      data-property-pane=\"true\"\r\n      data-position={position}\r\n      data-columns={childColumns}\r\n      {...rest}\r\n    >\r\n      {title && <div className=\"property-panel-header\">\r\n        <h3 className=\"property-panel-title\">{title}</h3>\r\n      </div>}\r\n      <div className=\"property-panel-content\" ref={contentRef}>\r\n        {children}\r\n      </div>\r\n    </div>\r\n  );\r\n};\r\n\r\nexport interface PropertyColumnProps {\r\n  children: React.ReactNode;\r\n  span?: number;\r\n  className?: string;\r\n}\r\n\r\nexport const PropertyColumn: React.FC<PropertyColumnProps> = ({\r\n  children,\r\n  span = 6,\r\n  className = ''\r\n}) => {\r\n  return (\r\n    <div className={`property-col property-col-${span} ${className}`}>\r\n      {children}\r\n    </div>\r\n  );\r\n};\r\n\r\nexport interface PropertyRowProps {\r\n  children: React.ReactNode;\r\n  className?: string;\r\n}\r\n\r\nexport const PropertyRow: React.FC<PropertyRowProps> = ({\r\n  children,\r\n  className = ''\r\n}) => {\r\n  return (\r\n    <div className={`property-row ${className}`}>\r\n      {children}\r\n    </div>\r\n  );\r\n};\r\n\r\nexport default PropertyPane;\r\n",
  "src/property-pane.css": ".component-content:has(.property-panel) {\r\n  padding: 0;\r\n}\r\n.component-content:has(.property-panel[data-position=\"top\"]) {\r\n  max-height: unset;\r\n}\r\n.preview-container:has(.property-panel) {\r\n  display: grid;\r\n  padding: 0;\r\n  gap: 0;\r\n}\r\n.preview-container:has(.property-panel[data-position=\"right\"]):not(.preview-container:has(.property-panel[data-position=\"top\"])) {\r\n  grid-template-columns: 1fr 270px;\r\n  grid-template-rows: 1fr;\r\n  gap: 1px;\r\n}\r\n.preview-container:has(.property-panel[data-position=\"top\"]) {\r\n  grid-template-columns: 1fr;\r\n  grid-template-rows: auto 1fr;\r\n  gap: 1px;\r\n}\r\n.preview-container:has(.property-panel:not([data-position])) {\r\n  grid-template-columns: 1fr 320px;\r\n  grid-template-rows: 1fr;\r\n  gap: 1px;\r\n}\r\n.preview-container.has-property-pane-right {\r\n  display: grid;\r\n  padding: 0;\r\n  grid-template-columns: 1fr 320px;\r\n  grid-template-rows: 1fr;\r\n  gap: 1px;\r\n}\r\n.preview-container.has-property-pane-top {\r\n  display: grid;\r\n  padding: 0;\r\n  grid-template-columns: 1fr;\r\n  grid-template-rows: auto 1fr;\r\n  gap: 1px;\r\n}\r\n.preview-container:has(.property-panel[data-position=\"right\"]) .component-section,\r\n.preview-container:has(.property-panel:not([data-position])) .component-section {\r\n  min-width: 100%;\r\n  align-items: center;\r\n  padding: 20px;\r\n  overflow: auto;\r\n}\r\n.preview-container:has(.property-panel[data-position=\"top\"]) .component-section {\r\n  max-width: unset;\r\n  padding: 20px;\r\n  overflow: auto;\r\n}\r\n.preview-container.has-property-pane-right .component-section {\r\n  display: flex;\r\n  align-items: center;\r\n  padding: 20px;\r\n  min-height: 350px;\r\n  overflow: auto;\r\n}\r\n.preview-container.has-property-pane-top .component-section {\r\n  display: flex;\r\n  align-items: center;\r\n  justify-content: center;\r\n  padding: 20px;\r\n  min-height: 350px;\r\n  border: none;\r\n  border-radius: 0;\r\n  overflow: auto;\r\n}\r\n.property-panel[data-property-pane] {\r\n  overflow: hidden;\r\n  display: flex;\r\n  flex-direction: column;\r\n  margin: 0;\r\n  background-color: rgba(163, 146, 146, 0.03); \r\n}\r\n.property-panel:not([data-position]),\r\n.property-panel[data-position=\"right\"] {\r\n  border-left: 1px solid var(--border-color);\r\n  min-width: 270px;\r\n  height: 100%;\r\n  align-self: start;\r\n}\r\n.property-panel[data-position=\"top\"] {\r\n  width: 100%;\r\n  height: auto;\r\n  border-bottom: 1px solid var(--border-color);\r\n  max-height: 200px;\r\n  grid-row: 1;\r\n}\r\n@media (max-width: 768px) {\r\n  .property-panel[data-property-pane] {\r\n    width: 100%;\r\n    min-width: unset;\r\n    height: auto;\r\n    max-height: 250px;\r\n  }\r\n}\r\n.property-panel-header {\r\n  border-bottom: 1px solid var(--border-color);\r\n  padding: 12px 20px;\r\n  flex-shrink: 0;\r\n}\r\n.property-panel-title {\r\n  margin: 0;\r\n  font-size: 16px;\r\n  font-weight: 600;\r\n  color: var(--text-color);\r\n  line-height: 1.5;\r\n}\r\n.property-panel-content {\r\n  padding: 20px;\r\n  overflow-y: auto;\r\n  flex: 1;\r\n  display: flex;\r\n  flex-direction: column;\r\n  gap: 16px;\r\n}\r\n.property-panel[data-columns=\"2\"] .property-row,\r\n.property-panel[data-columns=\"3\"] .property-row,\r\n.property-panel[data-columns=\"4\"] .property-row {\r\n  display: flex;\r\n  flex-direction: column;\r\n  justify-content: center;\r\n  align-items: stretch;\r\n}\r\n.property-panel[data-columns=\"2\"] .property-panel-content {\r\n  display: grid;\r\n  grid-template-columns: 1fr 1fr;\r\n  gap: 16px 12px;\r\n  align-items: start;\r\n}\r\n.property-panel[data-columns=\"3\"] .property-panel-content {\r\n  display: grid;\r\n  grid-template-columns: repeat(3, 1fr);\r\n  gap: 16px 12px;\r\n  align-items: start;\r\n}\r\n.property-panel[data-columns=\"4\"] .property-panel-content {\r\n  display: grid;\r\n  grid-template-columns: repeat(4, 1fr);\r\n  gap: 16px 12px;\r\n  align-items: start;\r\n}\r\n.property-col {\r\n  display: flex;\r\n  flex-direction: column;\r\n  gap: 16px;\r\n  align-self: start;\r\n}\r\n.property-panel[data-columns=\"2\"] .property-col-6 { \r\n  grid-column: span 1;\r\n}\r\n.property-panel[data-columns=\"2\"] .property-col-12 { \r\n  grid-column: span 2;\r\n}\r\n.property-panel[data-columns=\"3\"] .property-col-4 { \r\n  grid-column: span 1;\r\n}\r\n.property-panel[data-columns=\"3\"] .property-col-8 { \r\n  grid-column: span 2;\r\n}\r\n.property-panel[data-columns=\"3\"] .property-col-12 { \r\n  grid-column: span 3;\r\n}\r\n.property-panel[data-columns=\"4\"] .property-col-3 { \r\n  grid-column: span 1;\r\n}\r\n.property-panel[data-columns=\"4\"] .property-col-6 { \r\n  grid-column: span 2;\r\n}\r\n.property-panel[data-columns=\"4\"] .property-col-9 { \r\n  grid-column: span 3;\r\n}\r\n.property-panel[data-columns=\"4\"] .property-col-12 { \r\n  grid-column: span 4;\r\n}\r\n.property-panel[data-columns=\"1\"] .property-col,\r\n.property-panel:not([data-columns]) .property-col {\r\n  width: 100%;\r\n}\r\n.property-row {\r\n  display: flex;\r\n  flex-direction: column;\r\n  gap: 8px;\r\n  width: 100%;\r\n}\r\n.property-col .property-row {\r\n  margin-bottom: 0;\r\n}\r\n.property-row .property-label {\r\n  display: block;\r\n  font-size: 13px;\r\n  font-weight: 500;\r\n  color: var(--button-primary-bg);\r\n  line-height: 1.4;\r\n}\r\n.preview-container:has(.property-panel) > *:not(.component-section,.typography-section):not(.property-panel),\r\n.preview-container.has-property-pane-right > *:not(.component-section,.typography-section):not(.property-panel),\r\n.preview-container.has-property-pane-top > *:not(.component-section,.typography-section):not(.property-panel) {\r\n  align-items: center;\r\n  max-width: 100%;\r\n  min-height: 350px;\r\n  padding: 20px;\r\n  overflow: auto;\r\n}\r\n@media (max-width: 768px) {\r\n  .property-col {\r\n    grid-column: span 1 !important;\r\n  }\r\n  \r\n  .preview-container {\r\n    padding: 10px;\r\n    gap: 10px;\r\n  }\r\n  \r\n  .preview-container .component-section {\r\n    padding: 15px;\r\n  }\r\n  \r\n  .property-panel-content {\r\n    padding: 15px;\r\n  }\r\n  \r\n  .property-panel-header {\r\n    padding: 12px 15px;\r\n  }\r\n  \r\n  .property-panel-title {\r\n    font-size: 14px;\r\n  }\r\n}\r\n.property-panel-content::-webkit-scrollbar {\r\n  width: 0.275rem;\r\n}\r\n.property-panel-content::-webkit-scrollbar-track {\r\n   background: transparent;\r\n  border-radius: 3px;\r\n}\r\n.property-panel-content::-webkit-scrollbar-thumb {\r\n  background:var(--scrollbar-thumb);\r\n  border: 0.0625rem solid var(--scrollbar-thumb);\r\n}\r\n.property-panel-content::-webkit-scrollbar-thumb:hover {\r\n  background:var(--scrollbar-thumb-hover);\r\n}\r\n.preview-container {\r\n  transition: grid-template-columns 0.3s ease, grid-template-rows 0.3s ease;\r\n}\r\n.sb-no-frame .property-panel[data-position=\"top\"] {\r\n  border: 1px solid var(--border-color);\r\n  margin-bottom: 8px;\r\n}\r\n.sb-no-frame .preview-container:has(.property-panel) > *:not(.component-section):not(.property-panel)\r\n{\r\n padding: 0;\r\n}",
  "dependencies": "{\"@syncfusion/react-grid\":\"*\",\"@syncfusion/react-buttons\":\"*\",\"@syncfusion/react-locale\":\"*\",\"@syncfusion/react-cldr-data\":\"*\"}"
}