{
  "src/App.css": "@import \"@syncfusion/react-base/styles/material3.css\";\n@import \"@syncfusion/react-buttons/styles/material3.css\";\n@import \"@syncfusion/react-popups/styles/material3.css\";\n@import \"@syncfusion/react-splitbuttons/styles/material3.css\";\n@import \"@syncfusion/react-inputs/styles/material3.css\";\n@import \"@syncfusion/react-calendars/styles/material3.css\";\n@import \"@syncfusion/react-lists/styles/material3.css\";\n@import \"@syncfusion/react-dropdowns/styles/material3.css\";\n@import \"@syncfusion/react-navigations/styles/material3.css\";\n@import \"@syncfusion/react-notifications/styles/material3.css\";\n@import \"@syncfusion/react-pager/styles/material3.css\";\n@import \"@syncfusion/react-grid/styles/material3.css\";\n",
  "src/App.tsx": "import { Grid, Columns, Column, GridRef, FilterSettings, SortSettings, PageSettings, FilterEvent, ColumnType, FilterBarType, TextAlign, ActionType } from '@syncfusion/react-grid';\r\nimport { useRef, useMemo, useState } from 'react';\r\nimport { Button } from '@syncfusion/react-buttons';\r\nimport { scheduledFlights } from './flightScheduleDetails';\r\nimport { PropertyPane, PropertyColumn, PropertyRow } from './property-pane';\r\n\r\nexport default function App() {\r\n    const gridRef = useRef<GridRef>(null);\r\n    \r\n    // state to manage sort, filter and page settings.   \r\n    const [filterSettings] = useState<FilterSettings>({enabled: true});\r\n    const [sortSettings] = useState<SortSettings>({enabled: true});\r\n    const [pageSettings] = useState<PageSettings>({ enabled: true, pageSize: 8, pageCount: 4 });\r\n    const [isFiltering, setIsFiltering] = useState<boolean>(true);\r\n\r\n    // Applies a filter to the \"FlightNumber\" column for a specific value.\r\n    const applyFilter = () => {\r\n        if (gridRef.current) {\r\n            gridRef.current?.filterByColumn('FlightNumber', 'equal', 'JE-165');\r\n            setIsFiltering(false);\r\n        }\r\n    };\r\n\r\n    const onFilter = (args: FilterEvent) => {\r\n        if (args.action === ActionType.ClearFiltering) {\r\n            setIsFiltering(true);\r\n        }\r\n        else if (args.action === ActionType.Filtering){\r\n            setIsFiltering(false)\r\n        }\r\n    }\r\n\r\n      // Clears all filters applied to the grid.\r\n    const clearFilters = () => {\r\n        if (gridRef.current) {\r\n            gridRef.current?.clearFilter?.();\r\n            setIsFiltering(true);\r\n        }\r\n    };\r\n\r\n    return (\r\n        <>\r\n            <PropertyPane>\r\n                <PropertyColumn>\r\n                    <PropertyRow>\r\n                        <div>\r\n                            <Button style={{ marginRight: '10px' }} onClick={applyFilter} disabled={!isFiltering}>Apply Filter</Button>\r\n                            <Button onClick={clearFilters} disabled={isFiltering}>Clear Filter</Button>\r\n                        </div>\r\n                    </PropertyRow>\r\n                </PropertyColumn>\r\n            </PropertyPane>\r\n            {\r\n                useMemo(() => (\r\n                    <Grid\r\n                        ref={gridRef}\r\n                        dataSource={scheduledFlights}\r\n                        sortSettings={sortSettings}\r\n                        filterSettings={filterSettings}\r\n                        pageSettings={pageSettings}\r\n                        onFilter={onFilter}\r\n                    >\r\n                        <Columns>\r\n                            <Column field=\"FlightNumber\" headerText=\"Flight Number\" width={130} />\r\n                            <Column field=\"Airline\" headerText=\"Airline\" width={145} />\r\n                            <Column field=\"Gate\" headerText=\"Gate\" width={90} />\r\n                            <Column field=\"Terminal\" headerText=\"Terminal\" width={95} />\r\n                            <Column field=\"DepartureTime\" headerText=\"Departure Time\" width={170} format='yMd' type={ColumnType.Date} filter={{ filterBarType: FilterBarType.DatePicker }} textAlign={TextAlign.Right}/>\r\n                            <Column field=\"ArrivalTime\" headerText=\"Arrival Time\" width={170} format='yMd' type={ColumnType.Date} filter={{ filterBarType: FilterBarType.DatePicker }} textAlign={TextAlign.Right} />\r\n                            <Column field=\"Status\" headerText=\"Status\" width={90} />\r\n                        </Columns>\r\n                    </Grid>\r\n                ), [isFiltering])\r\n            }\r\n        </>\r\n    );\r\n};\r\n",
  "src/flightScheduleDetails.ts": "\r\n export interface FlightSchedule {\r\n  FlightNumber: string;\r\n  Airline: string;\r\n  DepartureCity: string;\r\n  ArrivalCity: string;\r\n  DepartureTime: Date;\r\n  ArrivalTime: Date;\r\n  Duration: string;\r\n  Status: string;\r\n  Gate: string;\r\n  Terminal: string;\r\n}\r\n\r\nexport const scheduledFlights: FlightSchedule[] =\r\n [\r\n  {\r\n    \"FlightNumber\": \"AM-646\",\r\n    \"Airline\": \"American Airlines\",\r\n    \"DepartureCity\": \"Dubai\",\r\n    \"ArrivalCity\": \"London\",\r\n    \"DepartureTime\": new Date(Date.now() + 0 * 2 * 60 * 60 * 1000),\r\n    \"ArrivalTime\": new Date(Date.now() + 0 * 2 * 60 * 60 * 1000 + (13 * 3600 + 30 * 60) * 1000),\r\n    \"Duration\": \"13:30:00\",\r\n    \"Status\": \"On Time\",\r\n    \"Gate\": \"C16\",\r\n    \"Terminal\": \"T3\"\r\n  },\r\n  {\r\n    \"FlightNumber\": \"JE-165\",\r\n    \"Airline\": \"JetBlue\",\r\n    \"DepartureCity\": \"Frankfurt\",\r\n    \"ArrivalCity\": \"Chicago\",\r\n    \"DepartureTime\": new Date(Date.now() + 1 * 2 * 60 * 60 * 1000),\r\n    \"ArrivalTime\": new Date(Date.now() + 1 * 2 * 60 * 60 * 1000 + (13 * 3600 + 43 * 60) * 1000),\r\n    \"Duration\": \"13:43:00\",\r\n    \"Status\": \"Delayed\",\r\n    \"Gate\": \"D8\",\r\n    \"Terminal\": \"T3\"\r\n  },\r\n  {\r\n    \"FlightNumber\": \"DE-388\",\r\n    \"Airline\": \"Delta\",\r\n    \"DepartureCity\": \"New York\",\r\n    \"ArrivalCity\": \"Frankfurt\",\r\n    \"DepartureTime\": new Date(Date.now() + 2 * 2 * 60 * 60 * 1000),\r\n    \"ArrivalTime\": new Date(Date.now() + 2 * 2 * 60 * 60 * 1000 + (14 * 3600 + 55 * 60) * 1000),\r\n    \"Duration\": \"14:55:00\",\r\n    \"Status\": \"Delayed\",\r\n    \"Gate\": \"C16\",\r\n    \"Terminal\": \"T3\"\r\n  },\r\n  {\r\n    \"FlightNumber\": \"AM-541\",\r\n    \"Airline\": \"American Airlines\",\r\n    \"DepartureCity\": \"New York\",\r\n    \"ArrivalCity\": \"London\",\r\n    \"DepartureTime\": new Date(Date.now() + 3 * 2 * 60 * 60 * 1000),\r\n    \"ArrivalTime\": new Date(Date.now() + 3 * 2 * 60 * 60 * 1000 + (12 * 3600 + 44 * 60) * 1000),\r\n    \"Duration\": \"12:44:00\",\r\n    \"Status\": \"Cancelled\",\r\n    \"Gate\": \"A25\",\r\n    \"Terminal\": \"T3\"\r\n  },\r\n  {\r\n    \"FlightNumber\": \"AM-765\",\r\n    \"Airline\": \"American Airlines\",\r\n    \"DepartureCity\": \"Chicago\",\r\n    \"ArrivalCity\": \"Sydney\",\r\n    \"DepartureTime\": new Date(Date.now() + 4 * 2 * 60 * 60 * 1000),\r\n    \"ArrivalTime\": new Date(Date.now() + 4 * 2 * 60 * 60 * 1000 + (7 * 3600 + 49 * 60) * 1000),\r\n    \"Duration\": \"7:49:00\",\r\n    \"Status\": \"On Time\",\r\n    \"Gate\": \"F6\",\r\n    \"Terminal\": \"T3\"\r\n  },\r\n  {\r\n    \"FlightNumber\": \"SO-344\",\r\n    \"Airline\": \"Southwest\",\r\n    \"DepartureCity\": \"Dubai\",\r\n    \"ArrivalCity\": \"Chicago\",\r\n    \"DepartureTime\": new Date(Date.now() + 5 * 2 * 60 * 60 * 1000),\r\n    \"ArrivalTime\": new Date(Date.now() + 5 * 2 * 60 * 60 * 1000 + (14 * 3600 + 59 * 60) * 1000),\r\n    \"Duration\": \"14:59:00\",\r\n    \"Status\": \"Delayed\",\r\n    \"Gate\": \"D8\",\r\n    \"Terminal\": \"T3\"\r\n  },\r\n  {\r\n    \"FlightNumber\": \"SO-427\",\r\n    \"Airline\": \"Southwest\",\r\n    \"DepartureCity\": \"Paris\",\r\n    \"ArrivalCity\": \"Dubai\",\r\n    \"DepartureTime\": new Date(Date.now() + 6 * 2 * 60 * 60 * 1000),\r\n    \"ArrivalTime\": new Date(Date.now() + 6 * 2 * 60 * 60 * 1000 + (14 * 3600 + 12 * 60) * 1000),\r\n    \"Duration\": \"14:12:00\",\r\n    \"Status\": \"Cancelled\",\r\n    \"Gate\": \"E22\",\r\n    \"Terminal\": \"T3\"\r\n  },\r\n  {\r\n    \"FlightNumber\": \"AM-155\",\r\n    \"Airline\": \"American Airlines\",\r\n    \"DepartureCity\": \"New York\",\r\n    \"ArrivalCity\": \"Frankfurt\",\r\n    \"DepartureTime\": new Date(Date.now() + 7 * 2 * 60 * 60 * 1000),\r\n    \"ArrivalTime\": new Date(Date.now() + 7 * 2 * 60 * 60 * 1000 + (7 * 3600 + 34 * 60) * 1000),\r\n    \"Duration\": \"7:34:00\",\r\n    \"Status\": \"Cancelled\",\r\n    \"Gate\": \"B15\",\r\n    \"Terminal\": \"T2\"\r\n  },\r\n  {\r\n    \"FlightNumber\": \"AI-268\",\r\n    \"Airline\": \"Air Canada\",\r\n    \"DepartureCity\": \"Los Angeles\",\r\n    \"ArrivalCity\": \"Chicago\",\r\n    \"DepartureTime\": new Date(Date.now() + 8 * 2 * 60 * 60 * 1000),\r\n    \"ArrivalTime\": new Date(Date.now() + 8 * 2 * 60 * 60 * 1000 + (11 * 3600 + 38 * 60) * 1000),\r\n    \"Duration\": \"11:38:00\",\r\n    \"Status\": \"On Time\",\r\n    \"Gate\": \"B15\",\r\n    \"Terminal\": \"T1\"\r\n  },\r\n  {\r\n    \"FlightNumber\": \"UN-908\",\r\n    \"Airline\": \"United\",\r\n    \"DepartureCity\": \"Sydney\",\r\n    \"ArrivalCity\": \"Tokyo\",\r\n    \"DepartureTime\": new Date(Date.now() + 9 * 2 * 60 * 60 * 1000),\r\n    \"ArrivalTime\": new Date(Date.now() + 9 * 2 * 60 * 60 * 1000 + (8 * 3600 + 15 * 60) * 1000),\r\n    \"Duration\": \"8:15:00\",\r\n    \"Status\": \"Delayed\",\r\n    \"Gate\": \"D8\",\r\n    \"Terminal\": \"T3\"\r\n  },\r\n  {\r\n    \"FlightNumber\": \"AM-882\",\r\n    \"Airline\": \"American Airlines\",\r\n    \"DepartureCity\": \"Dubai\",\r\n    \"ArrivalCity\": \"Paris\",\r\n    \"DepartureTime\": new Date(Date.now() + 10 * 2 * 60 * 60 * 1000),\r\n    \"ArrivalTime\": new Date(Date.now() + 10 * 2 * 60 * 60 * 1000 + (12 * 3600 + 47 * 60) * 1000),\r\n    \"Duration\": \"12:47:00\",\r\n    \"Status\": \"Cancelled\",\r\n    \"Gate\": \"D8\",\r\n    \"Terminal\": \"T3\"\r\n  },\r\n  {\r\n    \"FlightNumber\": \"SO-568\",\r\n    \"Airline\": \"Southwest\",\r\n    \"DepartureCity\": \"Chicago\",\r\n    \"ArrivalCity\": \"Toronto\",\r\n    \"DepartureTime\": new Date(Date.now() + 11 * 2 * 60 * 60 * 1000),\r\n    \"ArrivalTime\": new Date(Date.now() + 11 * 2 * 60 * 60 * 1000 + (10 * 3600 + 55 * 60) * 1000),\r\n    \"Duration\": \"10:55:00\",\r\n    \"Status\": \"Delayed\",\r\n    \"Gate\": \"C16\",\r\n    \"Terminal\": \"T2\"\r\n  },\r\n  {\r\n    \"FlightNumber\": \"BR-957\",\r\n    \"Airline\": \"British Airways\",\r\n    \"DepartureCity\": \"Los Angeles\",\r\n    \"ArrivalCity\": \"Frankfurt\",\r\n    \"DepartureTime\": new Date(Date.now() + 12 * 2 * 60 * 60 * 1000),\r\n    \"ArrivalTime\": new Date(Date.now() + 12 * 2 * 60 * 60 * 1000 + (12 * 3600 + 17 * 60) * 1000),\r\n    \"Duration\": \"12:17:00\",\r\n    \"Status\": \"Cancelled\",\r\n    \"Gate\": \"A25\",\r\n    \"Terminal\": \"T3\"\r\n  },\r\n  {\r\n    \"FlightNumber\": \"UN-942\",\r\n    \"Airline\": \"United\",\r\n    \"DepartureCity\": \"Frankfurt\",\r\n    \"ArrivalCity\": \"Chicago\",\r\n    \"DepartureTime\": new Date(Date.now() + 13 * 2 * 60 * 60 * 1000),\r\n    \"ArrivalTime\": new Date(Date.now() + 13 * 2 * 60 * 60 * 1000 + (5 * 3600 + 29 * 60) * 1000),\r\n    \"Duration\": \"5:29:00\",\r\n    \"Status\": \"On Time\",\r\n    \"Gate\": \"F6\",\r\n    \"Terminal\": \"T3\"\r\n  },\r\n  {\r\n    \"FlightNumber\": \"UN-645\",\r\n    \"Airline\": \"United\",\r\n    \"DepartureCity\": \"Tokyo\",\r\n    \"ArrivalCity\": \"Frankfurt\",\r\n    \"DepartureTime\": new Date(Date.now() + 14 * 2 * 60 * 60 * 1000),\r\n    \"ArrivalTime\": new Date(Date.now() + 14 * 2 * 60 * 60 * 1000 + (15 * 3600 + 9 * 60) * 1000),\r\n    \"Duration\": \"15:09:00\",\r\n    \"Status\": \"Delayed\",\r\n    \"Gate\": \"A25\",\r\n    \"Terminal\": \"T3\"\r\n  },\r\n  {\r\n    \"FlightNumber\": \"AI-353\",\r\n    \"Airline\": \"Air Canada\",\r\n    \"DepartureCity\": \"Toronto\",\r\n    \"ArrivalCity\": \"New York\",\r\n    \"DepartureTime\": new Date(Date.now() + 15 * 2 * 60 * 60 * 1000),\r\n    \"ArrivalTime\": new Date(Date.now() + 15 * 2 * 60 * 60 * 1000 + (5 * 3600 + 50 * 60) * 1000),\r\n    \"Duration\": \"5:50:00\",\r\n    \"Status\": \"On Time\",\r\n    \"Gate\": \"D8\",\r\n    \"Terminal\": \"T1\"\r\n  },\r\n  {\r\n    \"FlightNumber\": \"JE-109\",\r\n    \"Airline\": \"JetBlue\",\r\n    \"DepartureCity\": \"Chicago\",\r\n    \"ArrivalCity\": \"Los Angeles\",\r\n    \"DepartureTime\": new Date(Date.now() + 16 * 2 * 60 * 60 * 1000),\r\n    \"ArrivalTime\": new Date(Date.now() + 16 * 2 * 60 * 60 * 1000 + (15 * 3600 + 7 * 60) * 1000),\r\n    \"Duration\": \"15:07:00\",\r\n    \"Status\": \"Delayed\",\r\n    \"Gate\": \"C16\",\r\n    \"Terminal\": \"T1\"\r\n  },\r\n  {\r\n    \"FlightNumber\": \"AM-528\",\r\n    \"Airline\": \"American Airlines\",\r\n    \"DepartureCity\": \"Los Angeles\",\r\n    \"ArrivalCity\": \"New York\",\r\n    \"DepartureTime\": new Date(Date.now() + 17 * 2 * 60 * 60 * 1000),\r\n    \"ArrivalTime\": new Date(Date.now() + 17 * 2 * 60 * 60 * 1000 + (15 * 3600 + 52 * 60) * 1000),\r\n    \"Duration\": \"15:52:00\",\r\n    \"Status\": \"On Time\",\r\n    \"Gate\": \"A25\",\r\n    \"Terminal\": \"T3\"\r\n  },\r\n  {\r\n    \"FlightNumber\": \"SO-681\",\r\n    \"Airline\": \"Southwest\",\r\n    \"DepartureCity\": \"Sydney\",\r\n    \"ArrivalCity\": \"Los Angeles\",\r\n    \"DepartureTime\": new Date(Date.now() + 18 * 2 * 60 * 60 * 1000),\r\n    \"ArrivalTime\": new Date(Date.now() + 18 * 2 * 60 * 60 * 1000 + (3 * 3600 + 56 * 60) * 1000),\r\n    \"Duration\": \"3:56:00\",\r\n    \"Status\": \"On Time\",\r\n    \"Gate\": \"C16\",\r\n    \"Terminal\": \"T3\"\r\n  },\r\n  {\r\n    \"FlightNumber\": \"AM-366\",\r\n    \"Airline\": \"American Airlines\",\r\n    \"DepartureCity\": \"New York\",\r\n    \"ArrivalCity\": \"Toronto\",\r\n    \"DepartureTime\": new Date(Date.now() + 19 * 2 * 60 * 60 * 1000),\r\n    \"ArrivalTime\": new Date(Date.now() + 19 * 2 * 60 * 60 * 1000 + (15 * 3600 + 24 * 60) * 1000),\r\n    \"Duration\": \"15:24:00\",\r\n    \"Status\": \"On Time\",\r\n    \"Gate\": \"B15\",\r\n    \"Terminal\": \"T3\"\r\n  },\r\n  {\r\n    \"FlightNumber\": \"UN-594\",\r\n    \"Airline\": \"United\",\r\n    \"DepartureCity\": \"Sydney\",\r\n    \"ArrivalCity\": \"Chicago\",\r\n    \"DepartureTime\": new Date(Date.now() + 20 * 2 * 60 * 60 * 1000),\r\n    \"ArrivalTime\": new Date(Date.now() + 20 * 2 * 60 * 60 * 1000 + (13 * 3600 + 1 * 60) * 1000),\r\n    \"Duration\": \"13:01:00\",\r\n    \"Status\": \"Delayed\",\r\n    \"Gate\": \"F6\",\r\n    \"Terminal\": \"T3\"\r\n  },\r\n  {\r\n    \"FlightNumber\": \"DE-817\",\r\n    \"Airline\": \"Delta\",\r\n    \"DepartureCity\": \"Sydney\",\r\n    \"ArrivalCity\": \"New York\",\r\n    \"DepartureTime\": new Date(Date.now() + 21 * 2 * 60 * 60 * 1000),\r\n    \"ArrivalTime\": new Date(Date.now() + 21 * 2 * 60 * 60 * 1000 + (2 * 3600 + 50 * 60) * 1000),\r\n    \"Duration\": \"2:50:00\",\r\n    \"Status\": \"Delayed\",\r\n    \"Gate\": \"A25\",\r\n    \"Terminal\": \"T3\"\r\n  },\r\n  {\r\n    \"FlightNumber\": \"AM-886\",\r\n    \"Airline\": \"American Airlines\",\r\n    \"DepartureCity\": \"Paris\",\r\n    \"ArrivalCity\": \"Sydney\",\r\n    \"DepartureTime\": new Date(Date.now() + 22 * 2 * 60 * 60 * 1000),\r\n    \"ArrivalTime\": new Date(Date.now() + 22 * 2 * 60 * 60 * 1000 + (12 * 3600 + 24 * 60) * 1000),\r\n    \"Duration\": \"12:24:00\",\r\n    \"Status\": \"Cancelled\",\r\n    \"Gate\": \"D8\",\r\n    \"Terminal\": \"T3\"\r\n  },\r\n  {\r\n    \"FlightNumber\": \"UN-617\",\r\n    \"Airline\": \"United\",\r\n    \"DepartureCity\": \"Paris\",\r\n    \"ArrivalCity\": \"New York\",\r\n    \"DepartureTime\": new Date(Date.now() + 23 * 2 * 60 * 60 * 1000),\r\n    \"ArrivalTime\": new Date(Date.now() + 23 * 2 * 60 * 60 * 1000 + (10 * 3600 + 58 * 60) * 1000),\r\n    \"Duration\": \"10:58:00\",\r\n    \"Status\": \"Delayed\",\r\n    \"Gate\": \"A25\",\r\n    \"Terminal\": \"T3\"\r\n  },\r\n  {\r\n    \"FlightNumber\": \"AI-636\",\r\n    \"Airline\": \"Air Canada\",\r\n    \"DepartureCity\": \"Los Angeles\",\r\n    \"ArrivalCity\": \"Chicago\",\r\n    \"DepartureTime\": new Date(Date.now() + 24 * 2 * 60 * 60 * 1000),\r\n    \"ArrivalTime\": new Date(Date.now() + 24 * 2 * 60 * 60 * 1000 + (14 * 3600 + 19 * 60) * 1000),\r\n    \"Duration\": \"14:19:00\",\r\n    \"Status\": \"Cancelled\",\r\n    \"Gate\": \"E22\",\r\n    \"Terminal\": \"T3\"\r\n  },\r\n  {\r\n    \"FlightNumber\": \"SO-345\",\r\n    \"Airline\": \"Southwest\",\r\n    \"DepartureCity\": \"New York\",\r\n    \"ArrivalCity\": \"Paris\",\r\n    \"DepartureTime\": new Date(Date.now() + 25 * 2 * 60 * 60 * 1000),\r\n    \"ArrivalTime\": new Date(Date.now() + 25 * 2 * 60 * 60 * 1000 + (6 * 3600 + 43 * 60) * 1000),\r\n    \"Duration\": \"6:43:00\",\r\n    \"Status\": \"Delayed\",\r\n    \"Gate\": \"E22\",\r\n    \"Terminal\": \"T3\"\r\n  },\r\n  {\r\n    \"FlightNumber\": \"AM-473\",\r\n    \"Airline\": \"American Airlines\",\r\n    \"DepartureCity\": \"London\",\r\n    \"ArrivalCity\": \"Frankfurt\",\r\n    \"DepartureTime\": new Date(Date.now() + 26 * 2 * 60 * 60 * 1000),\r\n    \"ArrivalTime\": new Date(Date.now() + 26 * 2 * 60 * 60 * 1000 + (4 * 3600 + 40 * 60) * 1000),\r\n    \"Duration\": \"4:40:00\",\r\n    \"Status\": \"On Time\",\r\n    \"Gate\": \"D8\",\r\n    \"Terminal\": \"T3\"\r\n  },\r\n  {\r\n    \"FlightNumber\": \"JE-321\",\r\n    \"Airline\": \"JetBlue\",\r\n    \"DepartureCity\": \"Dubai\",\r\n    \"ArrivalCity\": \"Sydney\",\r\n    \"DepartureTime\": new Date(Date.now() + 27 * 2 * 60 * 60 * 1000),\r\n    \"ArrivalTime\": new Date(Date.now() + 27 * 2 * 60 * 60 * 1000 + (11 * 3600 + 2 * 60) * 1000),\r\n    \"Duration\": \"11:02:00\",\r\n    \"Status\": \"On Time\",\r\n    \"Gate\": \"D8\",\r\n    \"Terminal\": \"T3\"\r\n  },\r\n  {\r\n    \"FlightNumber\": \"BR-430\",\r\n    \"Airline\": \"British Airways\",\r\n    \"DepartureCity\": \"Sydney\",\r\n    \"ArrivalCity\": \"Los Angeles\",\r\n    \"DepartureTime\": new Date(Date.now() + 28 * 2 * 60 * 60 * 1000),\r\n    \"ArrivalTime\": new Date(Date.now() + 28 * 2 * 60 * 60 * 1000 + (5 * 3600 + 48 * 60) * 1000),\r\n    \"Duration\": \"5:48:00\",\r\n    \"Status\": \"On Time\",\r\n    \"Gate\": \"E22\",\r\n    \"Terminal\": \"T3\"\r\n  },\r\n  {\r\n    \"FlightNumber\": \"BR-847\",\r\n    \"Airline\": \"British Airways\",\r\n    \"DepartureCity\": \"New York\",\r\n    \"ArrivalCity\": \"Frankfurt\",\r\n    \"DepartureTime\": new Date(Date.now() + 29 * 2 * 60 * 60 * 1000),\r\n    \"ArrivalTime\": new Date(Date.now() + 29 * 2 * 60 * 60 * 1000 + (4 * 3600 + 39 * 60) * 1000),\r\n    \"Duration\": \"4:39:00\",\r\n    \"Status\": \"Delayed\",\r\n    \"Gate\": \"B15\",\r\n    \"Terminal\": \"T1\"\r\n  },\r\n  {\r\n    \"FlightNumber\": \"DE-201\",\r\n    \"Airline\": \"Delta\",\r\n    \"DepartureCity\": \"Paris\",\r\n    \"ArrivalCity\": \"New York\",\r\n    \"DepartureTime\": new Date(Date.now() + 30 * 2 * 60 * 60 * 1000),\r\n    \"ArrivalTime\": new Date(Date.now() + 30 * 2 * 60 * 60 * 1000 + (7 * 3600 + 16 * 60) * 1000),\r\n    \"Duration\": \"7:16:00\",\r\n    \"Status\": \"Cancelled\",\r\n    \"Gate\": \"F6\",\r\n    \"Terminal\": \"T3\"\r\n  },\r\n  {\r\n    \"FlightNumber\": \"SO-851\",\r\n    \"Airline\": \"Southwest\",\r\n    \"DepartureCity\": \"New York\",\r\n    \"ArrivalCity\": \"Frankfurt\",\r\n    \"DepartureTime\": new Date(Date.now() + 31 * 2 * 60 * 60 * 1000),\r\n    \"ArrivalTime\": new Date(Date.now() + 31 * 2 * 60 * 60 * 1000 + (12 * 3600 + 39 * 60) * 1000),\r\n    \"Duration\": \"12:39:00\",\r\n    \"Status\": \"Cancelled\",\r\n    \"Gate\": \"E22\",\r\n    \"Terminal\": \"T3\"\r\n  },\r\n  {\r\n    \"FlightNumber\": \"DE-383\",\r\n    \"Airline\": \"Delta\",\r\n    \"DepartureCity\": \"Toronto\",\r\n    \"ArrivalCity\": \"Chicago\",\r\n    \"DepartureTime\": new Date(Date.now() + 32 * 2 * 60 * 60 * 1000),\r\n    \"ArrivalTime\": new Date(Date.now() + 32 * 2 * 60 * 60 * 1000 + (3 * 3600 + 4 * 60) * 1000),\r\n    \"Duration\": \"3:04:00\",\r\n    \"Status\": \"Delayed\",\r\n    \"Gate\": \"B15\",\r\n    \"Terminal\": \"T3\"\r\n  },\r\n  {\r\n    \"FlightNumber\": \"UN-380\",\r\n    \"Airline\": \"United\",\r\n    \"DepartureCity\": \"Dubai\",\r\n    \"ArrivalCity\": \"New York\",\r\n    \"DepartureTime\": new Date(Date.now() + 33 * 2 * 60 * 60 * 1000),\r\n    \"ArrivalTime\": new Date(Date.now() + 33 * 2 * 60 * 60 * 1000 + (10 * 3600 + 17 * 60) * 1000),\r\n    \"Duration\": \"10:17:00\",\r\n    \"Status\": \"Cancelled\",\r\n    \"Gate\": \"D8\",\r\n    \"Terminal\": \"T1\"\r\n  },\r\n  {\r\n    \"FlightNumber\": \"AI-872\",\r\n    \"Airline\": \"Air Canada\",\r\n    \"DepartureCity\": \"Chicago\",\r\n    \"ArrivalCity\": \"Dubai\",\r\n    \"DepartureTime\": new Date(Date.now() + 34 * 2 * 60 * 60 * 1000),\r\n    \"ArrivalTime\": new Date(Date.now() + 34 * 2 * 60 * 60 * 1000 + (12 * 3600 + 32 * 60) * 1000),\r\n    \"Duration\": \"12:32:00\",\r\n    \"Status\": \"On Time\",\r\n    \"Gate\": \"B15\",\r\n    \"Terminal\": \"T3\"\r\n  },\r\n  {\r\n    \"FlightNumber\": \"JE-617\",\r\n    \"Airline\": \"JetBlue\",\r\n    \"DepartureCity\": \"Toronto\",\r\n    \"ArrivalCity\": \"Tokyo\",\r\n    \"DepartureTime\": new Date(Date.now() + 35 * 2 * 60 * 60 * 1000),\r\n    \"ArrivalTime\": new Date(Date.now() + 35 * 2 * 60 * 60 * 1000 + (13 * 3600 + 2 * 60) * 1000),\r\n    \"Duration\": \"13:02:00\",\r\n    \"Status\": \"Delayed\",\r\n    \"Gate\": \"F6\",\r\n    \"Terminal\": \"T3\"\r\n  },\r\n  {\r\n    \"FlightNumber\": \"AI-478\",\r\n    \"Airline\": \"Air Canada\",\r\n    \"DepartureCity\": \"New York\",\r\n    \"ArrivalCity\": \"Sydney\",\r\n    \"DepartureTime\": new Date(Date.now() + 36 * 2 * 60 * 60 * 1000),\r\n    \"ArrivalTime\": new Date(Date.now() + 36 * 2 * 60 * 60 * 1000 + (3 * 3600 + 47 * 60) * 1000),\r\n    \"Duration\": \"3:47:00\",\r\n    \"Status\": \"On Time\",\r\n    \"Gate\": \"E22\",\r\n    \"Terminal\": \"T3\"\r\n  },\r\n  {\r\n    \"FlightNumber\": \"JE-406\",\r\n    \"Airline\": \"JetBlue\",\r\n    \"DepartureCity\": \"Frankfurt\",\r\n    \"ArrivalCity\": \"London\",\r\n    \"DepartureTime\": new Date(Date.now() + 37 * 2 * 60 * 60 * 1000),\r\n    \"ArrivalTime\": new Date(Date.now() + 37 * 2 * 60 * 60 * 1000 + (13 * 3600 + 17 * 60) * 1000),\r\n    \"Duration\": \"13:17:00\",\r\n    \"Status\": \"Delayed\",\r\n    \"Gate\": \"E22\",\r\n    \"Terminal\": \"T3\"\r\n  },\r\n  {\r\n    \"FlightNumber\": \"DE-588\",\r\n    \"Airline\": \"Delta\",\r\n    \"DepartureCity\": \"Chicago\",\r\n    \"ArrivalCity\": \"Sydney\",\r\n    \"DepartureTime\": new Date(Date.now() + 38 * 2 * 60 * 60 * 1000),\r\n    \"ArrivalTime\": new Date(Date.now() + 38 * 2 * 60 * 60 * 1000 + (2 * 3600 + 24 * 60) * 1000),\r\n    \"Duration\": \"2:24:00\",\r\n    \"Status\": \"On Time\",\r\n    \"Gate\": \"F6\",\r\n    \"Terminal\": \"T3\"\r\n  },\r\n  {\r\n    \"FlightNumber\": \"BR-488\",\r\n    \"Airline\": \"British Airways\",\r\n    \"DepartureCity\": \"London\",\r\n    \"ArrivalCity\": \"Tokyo\",\r\n    \"DepartureTime\": new Date(Date.now() + 39 * 2 * 60 * 60 * 1000),\r\n    \"ArrivalTime\": new Date(Date.now() + 39 * 2 * 60 * 60 * 1000 + (11 * 3600 + 11 * 60) * 1000),\r\n    \"Duration\": \"11:11:00\",\r\n    \"Status\": \"On Time\",\r\n    \"Gate\": \"B15\",\r\n    \"Terminal\": \"T2\"\r\n  },\r\n  {\r\n    \"FlightNumber\": \"AI-624\",\r\n    \"Airline\": \"Air Canada\",\r\n    \"DepartureCity\": \"Frankfurt\",\r\n    \"ArrivalCity\": \"London\",\r\n    \"DepartureTime\": new Date(Date.now() + 40 * 2 * 60 * 60 * 1000),\r\n    \"ArrivalTime\": new Date(Date.now() + 40 * 2 * 60 * 60 * 1000 + (11 * 3600 + 21 * 60) * 1000),\r\n    \"Duration\": \"11:21:00\",\r\n    \"Status\": \"Cancelled\",\r\n    \"Gate\": \"F6\",\r\n    \"Terminal\": \"T2\"\r\n  },\r\n  {\r\n    \"FlightNumber\": \"AI-862\",\r\n    \"Airline\": \"Air Canada\",\r\n    \"DepartureCity\": \"Toronto\",\r\n    \"ArrivalCity\": \"Dubai\",\r\n    \"DepartureTime\": new Date(Date.now() + 41 * 2 * 60 * 60 * 1000),\r\n    \"ArrivalTime\": new Date(Date.now() + 41 * 2 * 60 * 60 * 1000 + (15 * 3600 + 21 * 60) * 1000),\r\n    \"Duration\": \"15:21:00\",\r\n    \"Status\": \"Cancelled\",\r\n    \"Gate\": \"B15\",\r\n    \"Terminal\": \"T1\"\r\n  },\r\n  {\r\n    \"FlightNumber\": \"AI-270\",\r\n    \"Airline\": \"Air Canada\",\r\n    \"DepartureCity\": \"Sydney\",\r\n    \"ArrivalCity\": \"London\",\r\n    \"DepartureTime\": new Date(Date.now() + 42 * 2 * 60 * 60 * 1000),\r\n    \"ArrivalTime\": new Date(Date.now() + 42 * 2 * 60 * 60 * 1000 + (12 * 3600) * 1000),\r\n    \"Duration\": \"12:00:00\",\r\n    \"Status\": \"Cancelled\",\r\n    \"Gate\": \"B15\",\r\n    \"Terminal\": \"T3\"\r\n  },\r\n  {\r\n    \"FlightNumber\": \"AI-964\",\r\n    \"Airline\": \"Air Canada\",\r\n    \"DepartureCity\": \"Paris\",\r\n    \"ArrivalCity\": \"Sydney\",\r\n    \"DepartureTime\": new Date(Date.now() + 43 * 2 * 60 * 60 * 1000),\r\n    \"ArrivalTime\": new Date(Date.now() + 43 * 2 * 60 * 60 * 1000 + (4 * 3600 + 26 * 60) * 1000),\r\n    \"Duration\": \"4:26:00\",\r\n    \"Status\": \"Delayed\",\r\n    \"Gate\": \"B15\",\r\n    \"Terminal\": \"T3\"\r\n  },\r\n  {\r\n    \"FlightNumber\": \"UN-793\",\r\n    \"Airline\": \"United\",\r\n    \"DepartureCity\": \"Tokyo\",\r\n    \"ArrivalCity\": \"Los Angeles\",\r\n    \"DepartureTime\": new Date(Date.now() + 44 * 2 * 60 * 60 * 1000),\r\n    \"ArrivalTime\": new Date(Date.now() + 44 * 2 * 60 * 60 * 1000 + (8 * 3600 + 20 * 60) * 1000),\r\n    \"Duration\": \"8:20:00\",\r\n    \"Status\": \"Cancelled\",\r\n    \"Gate\": \"E22\",\r\n    \"Terminal\": \"T3\"\r\n  },\r\n  {\r\n    \"FlightNumber\": \"UN-224\",\r\n    \"Airline\": \"United\",\r\n    \"DepartureCity\": \"Dubai\",\r\n    \"ArrivalCity\": \"Paris\",\r\n    \"DepartureTime\": new Date(Date.now() + 45 * 2 * 60 * 60 * 1000),\r\n    \"ArrivalTime\": new Date(Date.now() + 45 * 2 * 60 * 60 * 1000 + (11 * 3600 + 34 * 60) * 1000),\r\n    \"Duration\": \"11:34:00\",\r\n    \"Status\": \"Cancelled\",\r\n    \"Gate\": \"E22\",\r\n    \"Terminal\": \"T2\"\r\n  },\r\n  {\r\n    \"FlightNumber\": \"AI-917\",\r\n    \"Airline\": \"Air Canada\",\r\n    \"DepartureCity\": \"Tokyo\",\r\n    \"ArrivalCity\": \"Paris\",\r\n    \"DepartureTime\": new Date(Date.now() + 46 * 2 * 60 * 60 * 1000),\r\n    \"ArrivalTime\": new Date(Date.now() + 46 * 2 * 60 * 60 * 1000 + (11 * 3600 + 58 * 60) * 1000),\r\n    \"Duration\": \"11:58:00\",\r\n    \"Status\": \"On Time\",\r\n    \"Gate\": \"E22\",\r\n    \"Terminal\": \"T1\"\r\n  },\r\n  {\r\n    \"FlightNumber\": \"BR-997\",\r\n    \"Airline\": \"British Airways\",\r\n    \"DepartureCity\": \"Chicago\",\r\n    \"ArrivalCity\": \"Paris\",\r\n    \"DepartureTime\": new Date(Date.now() + 47 * 2 * 60 * 60 * 1000),\r\n    \"ArrivalTime\": new Date(Date.now() + 47 * 2 * 60 * 60 * 1000 + (7 * 3600 + 36 * 60) * 1000),\r\n    \"Duration\": \"7:36:00\",\r\n    \"Status\": \"Delayed\",\r\n    \"Gate\": \"E22\",\r\n    \"Terminal\": \"T3\"\r\n  },\r\n  {\r\n    \"FlightNumber\": \"AM-555\",\r\n    \"Airline\": \"American Airlines\",\r\n    \"DepartureCity\": \"Sydney\",\r\n    \"ArrivalCity\": \"Tokyo\",\r\n    \"DepartureTime\": new Date(Date.now() + 48 * 2 * 60 * 60 * 1000),\r\n    \"ArrivalTime\": new Date(Date.now() + 48 * 2 * 60 * 60 * 1000 + (9 * 3600 + 38 * 60) * 1000),\r\n    \"Duration\": \"9:38:00\",\r\n    \"Status\": \"Cancelled\",\r\n    \"Gate\": \"F6\",\r\n    \"Terminal\": \"T2\"\r\n  },\r\n  {\r\n    \"FlightNumber\": \"SO-511\",\r\n    \"Airline\": \"Southwest\",\r\n    \"DepartureCity\": \"Paris\",\r\n    \"ArrivalCity\": \"New York\",\r\n    \"DepartureTime\": new Date(Date.now() + 49 * 2 * 60 * 60 * 1000),\r\n    \"ArrivalTime\": new Date(Date.now() + 49 * 2 * 60 * 60 * 1000 + (12 * 3600 + 23 * 60) * 1000),\r\n    \"Duration\": \"12:23:00\",\r\n    \"Status\": \"Cancelled\",\r\n    \"Gate\": \"A25\",\r\n    \"Terminal\": \"T2\"\r\n  },\r\n  {\r\n    \"FlightNumber\": \"BR-258\",\r\n    \"Airline\": \"British Airways\",\r\n    \"DepartureCity\": \"Paris\",\r\n    \"ArrivalCity\": \"Dubai\",\r\n    \"DepartureTime\": new Date(Date.now() + 50 * 2 * 60 * 60 * 1000),\r\n    \"ArrivalTime\": new Date(Date.now() + 50 * 2 * 60 * 60 * 1000 + (6 * 3600 + 50 * 60) * 1000),\r\n    \"Duration\": \"6:50:00\",\r\n    \"Status\": \"On Time\",\r\n    \"Gate\": \"A25\",\r\n    \"Terminal\": \"T3\"\r\n  },\r\n  {\r\n    \"FlightNumber\": \"JE-402\",\r\n    \"Airline\": \"JetBlue\",\r\n    \"DepartureCity\": \"Toronto\",\r\n    \"ArrivalCity\": \"Tokyo\",\r\n    \"DepartureTime\": new Date(Date.now() + 51 * 2 * 60 * 60 * 1000),\r\n    \"ArrivalTime\": new Date(Date.now() + 51 * 2 * 60 * 60 * 1000 + (2 * 3600 + 4 * 60) * 1000),\r\n    \"Duration\": \"2:04:00\",\r\n    \"Status\": \"Cancelled\",\r\n    \"Gate\": \"D8\",\r\n    \"Terminal\": \"T3\"\r\n  },\r\n  {\r\n    \"FlightNumber\": \"BR-489\",\r\n    \"Airline\": \"British Airways\",\r\n    \"DepartureCity\": \"Tokyo\",\r\n    \"ArrivalCity\": \"Los Angeles\",\r\n    \"DepartureTime\": new Date(Date.now() + 52 * 2 * 60 * 60 * 1000),\r\n    \"ArrivalTime\": new Date(Date.now() + 52 * 2 * 60 * 60 * 1000 + (4 * 3600 + 34 * 60) * 1000),\r\n    \"Duration\": \"4:34:00\",\r\n    \"Status\": \"On Time\",\r\n    \"Gate\": \"F6\",\r\n    \"Terminal\": \"T3\"\r\n  },\r\n  {\r\n    \"FlightNumber\": \"AI-714\",\r\n    \"Airline\": \"Air Canada\",\r\n    \"DepartureCity\": \"Tokyo\",\r\n    \"ArrivalCity\": \"Dubai\",\r\n    \"DepartureTime\": new Date(Date.now() + 53 * 2 * 60 * 60 * 1000),\r\n    \"ArrivalTime\": new Date(Date.now() + 53 * 2 * 60 * 60 * 1000 + (6 * 3600 + 2 * 60) * 1000),\r\n    \"Duration\": \"6:02:00\",\r\n    \"Status\": \"Cancelled\",\r\n    \"Gate\": \"C16\",\r\n    \"Terminal\": \"T2\"\r\n  },\r\n  {\r\n    \"FlightNumber\": \"JE-956\",\r\n    \"Airline\": \"JetBlue\",\r\n    \"DepartureCity\": \"Dubai\",\r\n    \"ArrivalCity\": \"Frankfurt\",\r\n    \"DepartureTime\": new Date(Date.now() + 54 * 2 * 60 * 60 * 1000),\r\n    \"ArrivalTime\": new Date(Date.now() + 54 * 2 * 60 * 60 * 1000 + (3 * 3600 + 50 * 60) * 1000),\r\n    \"Duration\": \"3:50:00\",\r\n    \"Status\": \"Cancelled\",\r\n    \"Gate\": \"C16\",\r\n    \"Terminal\": \"T3\"\r\n  },\r\n  {\r\n    \"FlightNumber\": \"BR-453\",\r\n    \"Airline\": \"British Airways\",\r\n    \"DepartureCity\": \"Toronto\",\r\n    \"ArrivalCity\": \"Dubai\",\r\n    \"DepartureTime\": new Date(Date.now() + 55 * 2 * 60 * 60 * 1000),\r\n    \"ArrivalTime\": new Date(Date.now() + 55 * 2 * 60 * 60 * 1000 + (14 * 3600 + 6 * 60) * 1000),\r\n    \"Duration\": \"14:06:00\",\r\n    \"Status\": \"Cancelled\",\r\n    \"Gate\": \"B15\",\r\n    \"Terminal\": \"T3\"\r\n  },\r\n  {\r\n    \"FlightNumber\": \"DE-694\",\r\n    \"Airline\": \"Delta\",\r\n    \"DepartureCity\": \"Frankfurt\",\r\n    \"ArrivalCity\": \"Toronto\",\r\n    \"DepartureTime\": new Date(Date.now() + 56 * 2 * 60 * 60 * 1000),\r\n    \"ArrivalTime\": new Date(Date.now() + 56 * 2 * 60 * 60 * 1000 + (11 * 3600 + 50 * 60) * 1000),\r\n    \"Duration\": \"11:50:00\",\r\n    \"Status\": \"Cancelled\",\r\n    \"Gate\": \"F6\",\r\n    \"Terminal\": \"T3\"\r\n  },\r\n  {\r\n    \"FlightNumber\": \"AM-100\",\r\n    \"Airline\": \"American Airlines\",\r\n    \"DepartureCity\": \"Dubai\",\r\n    \"ArrivalCity\": \"Frankfurt\",\r\n    \"DepartureTime\": new Date(Date.now() + 57 * 2 * 60 * 60 * 1000),\r\n    \"ArrivalTime\": new Date(Date.now() + 57 * 2 * 60 * 60 * 1000 + (3 * 3600 + 23 * 60) * 1000),\r\n    \"Duration\": \"3:23:00\",\r\n    \"Status\": \"On Time\",\r\n    \"Gate\": \"E22\",\r\n    \"Terminal\": \"T3\"\r\n  },\r\n  {\r\n    \"FlightNumber\": \"SO-493\",\r\n    \"Airline\": \"Southwest\",\r\n    \"DepartureCity\": \"Paris\",\r\n    \"ArrivalCity\": \"Dubai\",\r\n    \"DepartureTime\": new Date(Date.now() + 58 * 2 * 60 * 60 * 1000),\r\n    \"ArrivalTime\": new Date(Date.now() + 58 * 2 * 60 * 60 * 1000 + (10 * 3600 + 3 * 60) * 1000),\r\n    \"Duration\": \"10:03:00\",\r\n    \"Status\": \"On Time\",\r\n    \"Gate\": \"B15\",\r\n    \"Terminal\": \"T3\"\r\n  },\r\n  {\r\n    \"FlightNumber\": \"AM-172\",\r\n    \"Airline\": \"American Airlines\",\r\n    \"DepartureCity\": \"Dubai\",\r\n    \"ArrivalCity\": \"Sydney\",\r\n    \"DepartureTime\": new Date(Date.now() + 59 * 2 * 60 * 60 * 1000),\r\n    \"ArrivalTime\": new Date(Date.now() + 59 * 2 * 60 * 60 * 1000 + (13 * 3600 + 30 * 60) * 1000),\r\n    \"Duration\": \"13:30:00\",\r\n    \"Status\": \"Cancelled\",\r\n    \"Gate\": \"A25\",\r\n    \"Terminal\": \"T3\"\r\n  }\r\n];",
  "src/property-pane.tsx": "import React, { Children, HTMLAttributes, useEffect, useRef, useState } from 'react';\r\nimport './property-pane.css';\r\n\r\nexport interface PropertyPaneProps {\r\n  title?: string | null;\r\n  className?: string;\r\n  children: React.ReactNode;\r\n  position?: 'right' | 'top';\r\n}\r\n\r\nexport const PropertyPane: React.FC<PropertyPaneProps & HTMLAttributes<HTMLDivElement>> = ({\r\n  title = null,\r\n  className = '',\r\n  children,\r\n  position = \"top\",\r\n  ...rest\r\n}) => {\r\n  const [isSmallFrame, setIsSmallFrame] = useState(false);\r\n  const contentRef = useRef<HTMLDivElement>(null);\r\n  useEffect(() => {\r\n    const handleResize = () => {\r\n      setIsSmallFrame(window.innerWidth <= 1240);\r\n    };\r\n    handleResize();\r\n    window.addEventListener('resize', handleResize);\r\n    return () => {\r\n      window.removeEventListener('resize', handleResize);\r\n    };\r\n  }, []);\r\n  position = isSmallFrame ? 'top' : position\r\n  const childColumns = Children.toArray(children).filter(\r\n    child => React.isValidElement(child) && child.type === PropertyColumn\r\n  ).length;\r\n  useEffect(() => {\r\n    const alignRows = () => {\r\n      if (!contentRef.current || childColumns <= 1) return;\r\n      const columns = Array.from(contentRef.current.querySelectorAll('.property-col'));\r\n      if (columns.length === 0) return;\r\n      const maxRows = Math.max(...columns.map(col => col.children.length));\r\n      for (let i = 0; i < maxRows; i++) {\r\n        const rowsAtIndex = columns.map(col => col.children[i]).filter(Boolean) as HTMLElement[];\r\n        if (rowsAtIndex.length > 1) {\r\n          rowsAtIndex.forEach(row => row.style.height = 'auto');\r\n          const maxHeight = Math.max(...rowsAtIndex.map(row => row.offsetHeight));\r\n          rowsAtIndex.forEach(row => row.style.height = `${maxHeight}px`);\r\n        }\r\n      }\r\n    };\r\n    const timeout = setTimeout(alignRows, 100);\r\n    const resizeObserver = new ResizeObserver(alignRows);\r\n    if (contentRef.current) {\r\n      resizeObserver.observe(contentRef.current);\r\n    }\r\n    return () => {\r\n      clearTimeout(timeout);\r\n      resizeObserver.disconnect();\r\n    };\r\n  }, [children, childColumns]);\r\n  return (\r\n    <div\r\n      className={`property-panel ${className}`}\r\n      data-property-pane=\"true\"\r\n      data-position={position}\r\n      data-columns={childColumns}\r\n      {...rest}\r\n    >\r\n      {title && <div className=\"property-panel-header\">\r\n        <h3 className=\"property-panel-title\">{title}</h3>\r\n      </div>}\r\n      <div className=\"property-panel-content\" ref={contentRef}>\r\n        {children}\r\n      </div>\r\n    </div>\r\n  );\r\n};\r\n\r\nexport interface PropertyColumnProps {\r\n  children: React.ReactNode;\r\n  span?: number;\r\n  className?: string;\r\n}\r\n\r\nexport const PropertyColumn: React.FC<PropertyColumnProps> = ({\r\n  children,\r\n  span = 6,\r\n  className = ''\r\n}) => {\r\n  return (\r\n    <div className={`property-col property-col-${span} ${className}`}>\r\n      {children}\r\n    </div>\r\n  );\r\n};\r\n\r\nexport interface PropertyRowProps {\r\n  children: React.ReactNode;\r\n  className?: string;\r\n}\r\n\r\nexport const PropertyRow: React.FC<PropertyRowProps> = ({\r\n  children,\r\n  className = ''\r\n}) => {\r\n  return (\r\n    <div className={`property-row ${className}`}>\r\n      {children}\r\n    </div>\r\n  );\r\n};\r\n\r\nexport default PropertyPane;\r\n",
  "src/property-pane.css": ".component-content:has(.property-panel) {\r\n  padding: 0;\r\n}\r\n.component-content:has(.property-panel[data-position=\"top\"]) {\r\n  max-height: unset;\r\n}\r\n.preview-container:has(.property-panel) {\r\n  display: grid;\r\n  padding: 0;\r\n  gap: 0;\r\n}\r\n.preview-container:has(.property-panel[data-position=\"right\"]):not(.preview-container:has(.property-panel[data-position=\"top\"])) {\r\n  grid-template-columns: 1fr 270px;\r\n  grid-template-rows: 1fr;\r\n  gap: 1px;\r\n}\r\n.preview-container:has(.property-panel[data-position=\"top\"]) {\r\n  grid-template-columns: 1fr;\r\n  grid-template-rows: auto 1fr;\r\n  gap: 1px;\r\n}\r\n.preview-container:has(.property-panel:not([data-position])) {\r\n  grid-template-columns: 1fr 320px;\r\n  grid-template-rows: 1fr;\r\n  gap: 1px;\r\n}\r\n.preview-container.has-property-pane-right {\r\n  display: grid;\r\n  padding: 0;\r\n  grid-template-columns: 1fr 320px;\r\n  grid-template-rows: 1fr;\r\n  gap: 1px;\r\n}\r\n.preview-container.has-property-pane-top {\r\n  display: grid;\r\n  padding: 0;\r\n  grid-template-columns: 1fr;\r\n  grid-template-rows: auto 1fr;\r\n  gap: 1px;\r\n}\r\n.preview-container:has(.property-panel[data-position=\"right\"]) .component-section,\r\n.preview-container:has(.property-panel:not([data-position])) .component-section {\r\n  min-width: 100%;\r\n  align-items: center;\r\n  padding: 20px;\r\n  overflow: auto;\r\n}\r\n.preview-container:has(.property-panel[data-position=\"top\"]) .component-section {\r\n  max-width: unset;\r\n  padding: 20px;\r\n  overflow: auto;\r\n}\r\n.preview-container.has-property-pane-right .component-section {\r\n  display: flex;\r\n  align-items: center;\r\n  padding: 20px;\r\n  min-height: 350px;\r\n  overflow: auto;\r\n}\r\n.preview-container.has-property-pane-top .component-section {\r\n  display: flex;\r\n  align-items: center;\r\n  justify-content: center;\r\n  padding: 20px;\r\n  min-height: 350px;\r\n  border: none;\r\n  border-radius: 0;\r\n  overflow: auto;\r\n}\r\n.property-panel[data-property-pane] {\r\n  overflow: hidden;\r\n  display: flex;\r\n  flex-direction: column;\r\n  margin: 0;\r\n  background-color: rgba(163, 146, 146, 0.03); \r\n}\r\n.property-panel:not([data-position]),\r\n.property-panel[data-position=\"right\"] {\r\n  border-left: 1px solid var(--border-color);\r\n  min-width: 270px;\r\n  height: 100%;\r\n  align-self: start;\r\n}\r\n.property-panel[data-position=\"top\"] {\r\n  width: 100%;\r\n  height: auto;\r\n  border-bottom: 1px solid var(--border-color);\r\n  max-height: 200px;\r\n  grid-row: 1;\r\n}\r\n@media (max-width: 768px) {\r\n  .property-panel[data-property-pane] {\r\n    width: 100%;\r\n    min-width: unset;\r\n    height: auto;\r\n    max-height: 250px;\r\n  }\r\n}\r\n.property-panel-header {\r\n  border-bottom: 1px solid var(--border-color);\r\n  padding: 12px 20px;\r\n  flex-shrink: 0;\r\n}\r\n.property-panel-title {\r\n  margin: 0;\r\n  font-size: 16px;\r\n  font-weight: 600;\r\n  color: var(--text-color);\r\n  line-height: 1.5;\r\n}\r\n.property-panel-content {\r\n  padding: 20px;\r\n  overflow-y: auto;\r\n  flex: 1;\r\n  display: flex;\r\n  flex-direction: column;\r\n  gap: 16px;\r\n}\r\n.property-panel[data-columns=\"2\"] .property-row,\r\n.property-panel[data-columns=\"3\"] .property-row,\r\n.property-panel[data-columns=\"4\"] .property-row {\r\n  display: flex;\r\n  flex-direction: column;\r\n  justify-content: center;\r\n  align-items: stretch;\r\n}\r\n.property-panel[data-columns=\"2\"] .property-panel-content {\r\n  display: grid;\r\n  grid-template-columns: 1fr 1fr;\r\n  gap: 16px 12px;\r\n  align-items: start;\r\n}\r\n.property-panel[data-columns=\"3\"] .property-panel-content {\r\n  display: grid;\r\n  grid-template-columns: repeat(3, 1fr);\r\n  gap: 16px 12px;\r\n  align-items: start;\r\n}\r\n.property-panel[data-columns=\"4\"] .property-panel-content {\r\n  display: grid;\r\n  grid-template-columns: repeat(4, 1fr);\r\n  gap: 16px 12px;\r\n  align-items: start;\r\n}\r\n.property-col {\r\n  display: flex;\r\n  flex-direction: column;\r\n  gap: 16px;\r\n  align-self: start;\r\n}\r\n.property-panel[data-columns=\"2\"] .property-col-6 { \r\n  grid-column: span 1;\r\n}\r\n.property-panel[data-columns=\"2\"] .property-col-12 { \r\n  grid-column: span 2;\r\n}\r\n.property-panel[data-columns=\"3\"] .property-col-4 { \r\n  grid-column: span 1;\r\n}\r\n.property-panel[data-columns=\"3\"] .property-col-8 { \r\n  grid-column: span 2;\r\n}\r\n.property-panel[data-columns=\"3\"] .property-col-12 { \r\n  grid-column: span 3;\r\n}\r\n.property-panel[data-columns=\"4\"] .property-col-3 { \r\n  grid-column: span 1;\r\n}\r\n.property-panel[data-columns=\"4\"] .property-col-6 { \r\n  grid-column: span 2;\r\n}\r\n.property-panel[data-columns=\"4\"] .property-col-9 { \r\n  grid-column: span 3;\r\n}\r\n.property-panel[data-columns=\"4\"] .property-col-12 { \r\n  grid-column: span 4;\r\n}\r\n.property-panel[data-columns=\"1\"] .property-col,\r\n.property-panel:not([data-columns]) .property-col {\r\n  width: 100%;\r\n}\r\n.property-row {\r\n  display: flex;\r\n  flex-direction: column;\r\n  gap: 8px;\r\n  width: 100%;\r\n}\r\n.property-col .property-row {\r\n  margin-bottom: 0;\r\n}\r\n.property-row .property-label {\r\n  display: block;\r\n  font-size: 13px;\r\n  font-weight: 500;\r\n  color: var(--button-primary-bg);\r\n  line-height: 1.4;\r\n}\r\n.preview-container:has(.property-panel) > *:not(.component-section,.typography-section):not(.property-panel),\r\n.preview-container.has-property-pane-right > *:not(.component-section,.typography-section):not(.property-panel),\r\n.preview-container.has-property-pane-top > *:not(.component-section,.typography-section):not(.property-panel) {\r\n  align-items: center;\r\n  max-width: 100%;\r\n  min-height: 350px;\r\n  padding: 20px;\r\n  overflow: auto;\r\n}\r\n@media (max-width: 768px) {\r\n  .property-col {\r\n    grid-column: span 1 !important;\r\n  }\r\n  \r\n  .preview-container {\r\n    padding: 10px;\r\n    gap: 10px;\r\n  }\r\n  \r\n  .preview-container .component-section {\r\n    padding: 15px;\r\n  }\r\n  \r\n  .property-panel-content {\r\n    padding: 15px;\r\n  }\r\n  \r\n  .property-panel-header {\r\n    padding: 12px 15px;\r\n  }\r\n  \r\n  .property-panel-title {\r\n    font-size: 14px;\r\n  }\r\n}\r\n.property-panel-content::-webkit-scrollbar {\r\n  width: 0.275rem;\r\n}\r\n.property-panel-content::-webkit-scrollbar-track {\r\n   background: transparent;\r\n  border-radius: 3px;\r\n}\r\n.property-panel-content::-webkit-scrollbar-thumb {\r\n  background:var(--scrollbar-thumb);\r\n  border: 0.0625rem solid var(--scrollbar-thumb);\r\n}\r\n.property-panel-content::-webkit-scrollbar-thumb:hover {\r\n  background:var(--scrollbar-thumb-hover);\r\n}\r\n.preview-container {\r\n  transition: grid-template-columns 0.3s ease, grid-template-rows 0.3s ease;\r\n}\r\n.sb-no-frame .property-panel[data-position=\"top\"] {\r\n  border: 1px solid var(--border-color);\r\n  margin-bottom: 8px;\r\n}\r\n.sb-no-frame .preview-container:has(.property-panel) > *:not(.component-section):not(.property-panel)\r\n{\r\n padding: 0;\r\n}",
  "dependencies": "{\"@syncfusion/react-grid\":\"*\",\"@syncfusion/react-buttons\":\"*\",\"@syncfusion/react-locale\":\"*\",\"@syncfusion/react-cldr-data\":\"*\"}"
}