{
  "src/App.css": "@import \"@syncfusion/react-base/styles/material3.css\";\n@import \"@syncfusion/react-buttons/styles/material3.css\";\n@import \"@syncfusion/react-popups/styles/material3.css\";\n@import \"@syncfusion/react-splitbuttons/styles/material3.css\";\n@import \"@syncfusion/react-inputs/styles/material3.css\";\n@import \"@syncfusion/react-calendars/styles/material3.css\";\n@import \"@syncfusion/react-lists/styles/material3.css\";\n@import \"@syncfusion/react-dropdowns/styles/material3.css\";\n@import \"@syncfusion/react-navigations/styles/material3.css\";\n@import \"@syncfusion/react-notifications/styles/material3.css\";\n@import \"@syncfusion/react-pager/styles/material3.css\";\n@import \"@syncfusion/react-grid/styles/material3.css\";\n",
  "src/App.tsx": "import { Grid, Column, Columns, FilterSettings, SortSettings, PageSettings, FilterBarType, TextAlign, FilterBarMode, ColumnType } from '@syncfusion/react-grid';\r\nimport { useState } from 'react';\r\nimport { tasksData } from './tasksData';\r\n\r\nexport default function App() {\r\n    // State to enable sorting in the grid.\r\n    const [sortSettings] = useState<SortSettings>({ enabled: true });\r\n\r\n    // State to enable paging with page size and count.\r\n    const [pageSettings] = useState<PageSettings>({ enabled: true, pageSize: 8, pageCount: 4 }); \r\n    \r\n    // State to enable filtering with immediate mode and delay.\r\n    const [filterSettings] = useState<FilterSettings>({ enabled: true, mode: FilterBarMode.Immediate, type: 'FilterBar', immediateModeDelay: 2000 }); \r\n\r\n    return (\r\n        <div>\r\n            <Grid dataSource={tasksData} sortSettings={sortSettings} filterSettings={filterSettings} pageSettings={pageSettings} >\r\n                <Columns>\r\n                    <Column field=\"TaskID\" headerText=\"ID\" width={70} textAlign={TextAlign.Right} filter={{filterBarType: FilterBarType.NumericTextBox}} />\r\n                    <Column field=\"TaskName\" headerText=\"Task Name\" width={160} filter={{filterBarType: FilterBarType.TextBox}} />\r\n                    <Column field=\"AssignedTo\" headerText=\"Assigned\" width={120} filter={{filterBarType: FilterBarType.TextBox}} />\r\n                    <Column field=\"Department\" headerText=\"Department\" width={115} filter={{filterBarType: FilterBarType.TextBox}} />\r\n                    <Column field=\"Deadline\" headerText=\"Deadline\" type={ColumnType.Date} format=\"yMd\" width={180} textAlign={TextAlign.Right} filter={{filterBarType: FilterBarType.DatePicker}} />\r\n                    <Column field=\"Priority\" headerText=\"Priority\" width={100} filter={{filterBarType: FilterBarType.TextBox}} />\r\n                    <Column field=\"Status\" headerText=\"Status\" width={100} filter={{filterBarType: FilterBarType.TextBox}} />\r\n                </Columns>\r\n            </Grid>\r\n        </div>\r\n    );\r\n};",
  "src/tasksData.ts": "export interface TaskDetail {\r\n    TaskID: number;\r\n    TaskName: string;\r\n    Progress: number;\r\n    AssignedTo: string;\r\n    Deadline: Date;\r\n}\r\n\r\nexport const tasksData: object[] = [\r\n    {\r\n        \"TaskID\": 1,\r\n        \"TaskName\": \"Deployment\",\r\n        \"Progress\": 0.27,\r\n        \"AssignedTo\": \"David\",\r\n        \"Deadline\": new Date(2024, 6, 18),\r\n        \"Priority\": \"Medium\",\r\n        \"Status\": \"In Progress\",\r\n        \"Department\": \"Design\"\r\n    },\r\n    {\r\n        \"TaskID\": 2,\r\n        \"TaskName\": \"Testing\",\r\n        \"Progress\": 0.86,\r\n        \"AssignedTo\": \"Eve\",\r\n        \"Deadline\": new Date(2024, 5, 10),\r\n        \"Priority\": \"Medium\",\r\n        \"Status\": \"On Hold\",\r\n        \"Department\": \"Design\"\r\n    },\r\n    {\r\n        \"TaskID\": 3,\r\n        \"TaskName\": \"Feature Rollout\",\r\n        \"Progress\": 0.45,\r\n        \"AssignedTo\": \"Alice\",\r\n        \"Deadline\": new Date(2024, 1, 16),\r\n        \"Priority\": \"Low\",\r\n        \"Status\": \"Not Started\",\r\n        \"Department\": \"Engineering\"\r\n    },\r\n    {\r\n        \"TaskID\": 4,\r\n        \"TaskName\": \"Testing\",\r\n        \"Progress\": 0.78,\r\n        \"AssignedTo\": \"Judy\",\r\n        \"Deadline\": new Date(2024, 1, 13),\r\n        \"Priority\": \"Low\",\r\n        \"Status\": \"Not Started\",\r\n        \"Department\": \"QA\"\r\n    },\r\n    {\r\n        \"TaskID\": 5,\r\n        \"TaskName\": \"Feature Rollout\",\r\n        \"Progress\": 0.29,\r\n        \"AssignedTo\": \"Charlie\",\r\n        \"Deadline\": new Date(2023, 11, 30),\r\n        \"Priority\": \"Medium\",\r\n        \"Status\": \"On Hold\",\r\n        \"Department\": \"Engineering\"\r\n    },\r\n    {\r\n        \"TaskID\": 6,\r\n        \"TaskName\": \"Documentation\",\r\n        \"Progress\": 0.68,\r\n        \"AssignedTo\": \"David\",\r\n        \"Deadline\": new Date(2024, 2, 7),\r\n        \"Priority\": \"Medium\",\r\n        \"Status\": \"Completed\",\r\n        \"Department\": \"QA\"\r\n    },\r\n    {\r\n        \"TaskID\": 7,\r\n        \"TaskName\": \"Documentation\",\r\n        \"Progress\": 0.46,\r\n        \"AssignedTo\": \"Alice\",\r\n        \"Deadline\": new Date(2024, 1, 10),\r\n        \"Priority\": \"Low\",\r\n        \"Status\": \"In Progress\",\r\n        \"Department\": \"Support\"\r\n    },\r\n    {\r\n        \"TaskID\": 8,\r\n        \"TaskName\": \"Bug Fixing\",\r\n        \"Progress\": 0.55,\r\n        \"AssignedTo\": \"Alice\",\r\n        \"Deadline\": new Date(2023, 10, 6),\r\n        \"Priority\": \"Medium\",\r\n        \"Status\": \"In Progress\",\r\n        \"Department\": \"Engineering\"\r\n    },\r\n    {\r\n        \"TaskID\": 9,\r\n        \"TaskName\": \"Deployment\",\r\n        \"Progress\": 0.36,\r\n        \"AssignedTo\": \"David\",\r\n        \"Deadline\": new Date(2023, 11, 27),\r\n        \"Priority\": \"High\",\r\n        \"Status\": \"Completed\",\r\n        \"Department\": \"Engineering\"\r\n    },\r\n    {\r\n        \"TaskID\": 10,\r\n        \"TaskName\": \"Feature Rollout\",\r\n        \"Progress\": 0.76,\r\n        \"AssignedTo\": \"David\",\r\n        \"Deadline\": new Date(2024, 6, 4),\r\n        \"Priority\": \"High\",\r\n        \"Status\": \"Completed\",\r\n        \"Department\": \"Design\"\r\n    },\r\n    {\r\n        \"TaskID\": 11,\r\n        \"TaskName\": \"UI Design\",\r\n        \"Progress\": 0.35,\r\n        \"AssignedTo\": \"Judy\",\r\n        \"Deadline\": new Date(2025, 7, 7),\r\n        \"Priority\": \"Low\",\r\n        \"Status\": \"On Hold\",\r\n        \"Department\": \"Design\"\r\n    },\r\n    {\r\n        \"TaskID\": 12,\r\n        \"TaskName\": \"Feature Rollout\",\r\n        \"Progress\": 0.29,\r\n        \"AssignedTo\": \"Charlie\",\r\n        \"Deadline\": new Date(2024, 2, 29),\r\n        \"Priority\": \"Low\",\r\n        \"Status\": \"On Hold\",\r\n        \"Department\": \"QA\"\r\n    },\r\n    {\r\n        \"TaskID\": 13,\r\n        \"TaskName\": \"Documentation\",\r\n        \"Progress\": 0.47,\r\n        \"AssignedTo\": \"Bob\",\r\n        \"Deadline\": new Date(2024, 5, 1),\r\n        \"Priority\": \"High\",\r\n        \"Status\": \"On Hold\",\r\n        \"Department\": \"QA\"\r\n    },\r\n    {\r\n        \"TaskID\": 14,\r\n        \"TaskName\": \"Bug Fixing\",\r\n        \"Progress\": 0.69,\r\n        \"AssignedTo\": \"Heidi\",\r\n        \"Deadline\": new Date(2025, 7, 18),\r\n        \"Priority\": \"Medium\",\r\n        \"Status\": \"On Hold\",\r\n        \"Department\": \"Product\"\r\n    },\r\n    {\r\n        \"TaskID\": 15,\r\n        \"TaskName\": \"UI Design\",\r\n        \"Progress\": 0.60,\r\n        \"AssignedTo\": \"Ivan\",\r\n        \"Deadline\": new Date(2024, 3, 4),\r\n        \"Priority\": \"Low\",\r\n        \"Status\": \"On Hold\",\r\n        \"Department\": \"Support\"\r\n    },\r\n    {\r\n        \"TaskID\": 16,\r\n        \"TaskName\": \"Bug Fixing\",\r\n        \"Progress\": 0.38,\r\n        \"AssignedTo\": \"Heidi\",\r\n        \"Deadline\": new Date(2024, 0, 2),\r\n        \"Priority\": \"Low\",\r\n        \"Status\": \"Not Started\",\r\n        \"Department\": \"Product\"\r\n    },\r\n    {\r\n        \"TaskID\": 17,\r\n        \"TaskName\": \"Bug Fixing\",\r\n        \"Progress\": 0.75,\r\n        \"AssignedTo\": \"Eve\",\r\n        \"Deadline\": new Date(2024, 4, 20),\r\n        \"Priority\": \"High\",\r\n        \"Status\": \"Completed\",\r\n        \"Department\": \"Engineering\"\r\n    },\r\n    {\r\n        \"TaskID\": 18,\r\n        \"TaskName\": \"Deployment\",\r\n        \"Progress\": 0.90,\r\n        \"AssignedTo\": \"Eve\",\r\n        \"Deadline\": new Date(2024, 6, 27),\r\n        \"Priority\": \"Medium\",\r\n        \"Status\": \"On Hold\",\r\n        \"Department\": \"Product\"\r\n    },\r\n    {\r\n        \"TaskID\": 19,\r\n        \"TaskName\": \"Code Review\",\r\n        \"Progress\": 0.71,\r\n        \"AssignedTo\": \"Heidi\",\r\n        \"Deadline\": new Date(2024, 5, 12),\r\n        \"Priority\": \"Medium\",\r\n        \"Status\": \"Completed\",\r\n        \"Department\": \"QA\"\r\n    },\r\n    {\r\n        \"TaskID\": 20,\r\n        \"TaskName\": \"UI Design\",\r\n        \"Progress\": 0.05,\r\n        \"AssignedTo\": \"Heidi\",\r\n        \"Deadline\": new Date(2024, 3, 22),\r\n        \"Priority\": \"Medium\",\r\n        \"Status\": \"Not Started\",\r\n        \"Department\": \"Support\"\r\n    },\r\n    {\r\n        \"TaskID\": 21,\r\n        \"TaskName\": \"UI Design\",\r\n        \"Progress\": 0.86,\r\n        \"AssignedTo\": \"Grace\",\r\n        \"Deadline\": new Date(2024, 0, 9),\r\n        \"Priority\": \"Low\",\r\n        \"Status\": \"On Hold\",\r\n        \"Department\": \"Product\"\r\n    },\r\n    {\r\n        \"TaskID\": 22,\r\n        \"TaskName\": \"Deployment\",\r\n        \"Progress\": 0.33,\r\n        \"AssignedTo\": \"Frank\",\r\n        \"Deadline\": new Date(2024, 5, 1),\r\n        \"Priority\": \"High\",\r\n        \"Status\": \"Completed\",\r\n        \"Department\": \"Engineering\"\r\n    },\r\n    {\r\n        \"TaskID\": 23,\r\n        \"TaskName\": \"UI Design\",\r\n        \"Progress\": 0.11,\r\n        \"AssignedTo\": \"Frank\",\r\n        \"Deadline\": new Date(2024, 1, 4),\r\n        \"Priority\": \"Low\",\r\n        \"Status\": \"Completed\",\r\n        \"Department\": \"Product\"\r\n    },\r\n    {\r\n        \"TaskID\": 24,\r\n        \"TaskName\": \"Documentation\",\r\n        \"Progress\": 0.32,\r\n        \"AssignedTo\": \"Alice\",\r\n        \"Deadline\": new Date(2025, 7, 4),\r\n        \"Priority\": \"Low\",\r\n        \"Status\": \"In Progress\",\r\n        \"Department\": \"Product\"\r\n    },\r\n    {\r\n        \"TaskID\": 25,\r\n        \"TaskName\": \"Code Review\",\r\n        \"Progress\": 0.07,\r\n        \"AssignedTo\": \"Frank\",\r\n        \"Deadline\": new Date(2024, 3, 13),\r\n        \"Priority\": \"High\",\r\n        \"Status\": \"In Progress\",\r\n        \"Department\": \"Design\"\r\n    },\r\n    {\r\n        \"TaskID\": 26,\r\n        \"TaskName\": \"Code Review\",\r\n        \"Progress\": 0.97,\r\n        \"AssignedTo\": \"Bob\",\r\n        \"Deadline\": new Date(2024, 6, 1),\r\n        \"Priority\": \"Low\",\r\n        \"Status\": \"On Hold\",\r\n        \"Department\": \"Design\"\r\n    },\r\n    {\r\n        \"TaskID\": 27,\r\n        \"TaskName\": \"Code Review\",\r\n        \"Progress\": 0.36,\r\n        \"AssignedTo\": \"Bob\",\r\n        \"Deadline\": new Date(2023, 11, 2),\r\n        \"Priority\": \"Medium\",\r\n        \"Status\": \"On Hold\",\r\n        \"Department\": \"QA\"\r\n    },\r\n    {\r\n        \"TaskID\": 28,\r\n        \"TaskName\": \"Database Migration\",\r\n        \"Progress\": 0.57,\r\n        \"AssignedTo\": \"Bob\",\r\n        \"Deadline\": new Date(2024, 6, 7),\r\n        \"Priority\": \"Medium\",\r\n        \"Status\": \"On Hold\",\r\n        \"Department\": \"Product\"\r\n    },\r\n    {\r\n        \"TaskID\": 29,\r\n        \"TaskName\": \"Deployment\",\r\n        \"Progress\": 0.05,\r\n        \"AssignedTo\": \"Eve\",\r\n        \"Deadline\": new Date(2024, 1, 4),\r\n        \"Priority\": \"Low\",\r\n        \"Status\": \"Not Started\",\r\n        \"Department\": \"Support\"\r\n    },\r\n    {\r\n        \"TaskID\": 30,\r\n        \"TaskName\": \"Bug Fixing\",\r\n        \"Progress\": 0.58,\r\n        \"AssignedTo\": \"Frank\",\r\n        \"Deadline\": new Date(2024, 5, 13),\r\n        \"Priority\": \"Low\",\r\n        \"Status\": \"Completed\",\r\n        \"Department\": \"Engineering\"\r\n    },\r\n    {\r\n        \"TaskID\": 31,\r\n        \"TaskName\": \"Bug Fixing\",\r\n        \"Progress\": 0.99,\r\n        \"AssignedTo\": \"Ivan\",\r\n        \"Deadline\": new Date(2024, 1, 11),\r\n        \"Priority\": \"High\",\r\n        \"Status\": \"Not Started\",\r\n        \"Department\": \"Support\"\r\n    },\r\n    {\r\n        \"TaskID\": 32,\r\n        \"TaskName\": \"Documentation\",\r\n        \"Progress\": 0.11,\r\n        \"AssignedTo\": \"David\",\r\n        \"Deadline\": new Date(2025, 7, 26),\r\n        \"Priority\": \"High\",\r\n        \"Status\": \"On Hold\",\r\n        \"Department\": \"Product\"\r\n    },\r\n    {\r\n        \"TaskID\": 33,\r\n        \"TaskName\": \"Database Migration\",\r\n        \"Progress\": 0.56,\r\n        \"AssignedTo\": \"Grace\",\r\n        \"Deadline\": new Date(2023, 11, 25),\r\n        \"Priority\": \"Medium\",\r\n        \"Status\": \"In Progress\",\r\n        \"Department\": \"Product\"\r\n    },\r\n    {\r\n        \"TaskID\": 34,\r\n        \"TaskName\": \"Bug Fixing\",\r\n        \"Progress\": 0.60,\r\n        \"AssignedTo\": \"David\",\r\n        \"Deadline\": new Date(2023, 11, 23),\r\n        \"Priority\": \"Low\",\r\n        \"Status\": \"On Hold\",\r\n        \"Department\": \"Product\"\r\n    },\r\n    {\r\n        \"TaskID\": 35,\r\n        \"TaskName\": \"UI Design\",\r\n        \"Progress\": 0.92,\r\n        \"AssignedTo\": \"Judy\",\r\n        \"Deadline\": new Date(2024, 1, 13),\r\n        \"Priority\": \"Low\",\r\n        \"Status\": \"On Hold\",\r\n        \"Department\": \"QA\"\r\n    },\r\n    {\r\n        \"TaskID\": 36,\r\n        \"TaskName\": \"Bug Fixing\",\r\n        \"Progress\": 0.63,\r\n        \"AssignedTo\": \"Ivan\",\r\n        \"Deadline\": new Date(2024, 3, 22),\r\n        \"Priority\": \"High\",\r\n        \"Status\": \"On Hold\",\r\n        \"Department\": \"Engineering\"\r\n    },\r\n    {\r\n        \"TaskID\": 37,\r\n        \"TaskName\": \"Code Review\",\r\n        \"Progress\": 0.89,\r\n        \"AssignedTo\": \"Eve\",\r\n        \"Deadline\": new Date(2025, 7, 4),\r\n        \"Priority\": \"Medium\",\r\n        \"Status\": \"In Progress\",\r\n        \"Department\": \"Engineering\"\r\n    },\r\n    {\r\n        \"TaskID\": 38,\r\n        \"TaskName\": \"Code Review\",\r\n        \"Progress\": 0.43,\r\n        \"AssignedTo\": \"Eve\",\r\n        \"Deadline\": new Date(2024, 5, 21),\r\n        \"Priority\": \"High\",\r\n        \"Status\": \"Not Started\",\r\n        \"Department\": \"Design\"\r\n    },\r\n    {\r\n        \"TaskID\": 39,\r\n        \"TaskName\": \"Feature Rollout\",\r\n        \"Progress\": 0.06,\r\n        \"AssignedTo\": \"Grace\",\r\n        \"Deadline\": new Date(2024, 5, 5),\r\n        \"Priority\": \"Low\",\r\n        \"Status\": \"Completed\",\r\n        \"Department\": \"Product\"\r\n    },\r\n    {\r\n        \"TaskID\": 40,\r\n        \"TaskName\": \"UI Design\",\r\n        \"Progress\": 0.16,\r\n        \"AssignedTo\": \"Heidi\",\r\n        \"Deadline\": new Date(2024, 5, 15),\r\n        \"Priority\": \"Medium\",\r\n        \"Status\": \"Not Started\",\r\n        \"Department\": \"Design\"\r\n    },\r\n    {\r\n        \"TaskID\": 41,\r\n        \"TaskName\": \"Testing\",\r\n        \"Progress\": 0.34,\r\n        \"AssignedTo\": \"Bob\",\r\n        \"Deadline\": new Date(2024, 1, 27),\r\n        \"Priority\": \"High\",\r\n        \"Status\": \"Not Started\",\r\n        \"Department\": \"Engineering\"\r\n    },\r\n    {\r\n        \"TaskID\": 42,\r\n        \"TaskName\": \"Feature Rollout\",\r\n        \"Progress\": 0.62,\r\n        \"AssignedTo\": \"Heidi\",\r\n        \"Deadline\": new Date(2023, 11, 22),\r\n        \"Priority\": \"Low\",\r\n        \"Status\": \"Not Started\",\r\n        \"Department\": \"Engineering\"\r\n    },\r\n    {\r\n        \"TaskID\": 43,\r\n        \"TaskName\": \"Database Migration\",\r\n        \"Progress\": 0.37,\r\n        \"AssignedTo\": \"David\",\r\n        \"Deadline\": new Date(2024, 2, 11),\r\n        \"Priority\": \"Medium\",\r\n        \"Status\": \"On Hold\",\r\n        \"Department\": \"Product\"\r\n    },\r\n    {\r\n        \"TaskID\": 44,\r\n        \"TaskName\": \"Bug Fixing\",\r\n        \"Progress\": 0.62,\r\n        \"AssignedTo\": \"Eve\",\r\n        \"Deadline\": new Date(2024, 4, 28),\r\n        \"Priority\": \"High\",\r\n        \"Status\": \"In Progress\",\r\n        \"Department\": \"Design\"\r\n    },\r\n    {\r\n        \"TaskID\": 45,\r\n        \"TaskName\": \"UI Design\",\r\n        \"Progress\": 0.14,\r\n        \"AssignedTo\": \"Eve\",\r\n        \"Deadline\": new Date(2023, 10, 26),\r\n        \"Priority\": \"Low\",\r\n        \"Status\": \"In Progress\",\r\n        \"Department\": \"QA\"\r\n    },\r\n    {\r\n        \"TaskID\": 46,\r\n        \"TaskName\": \"UI Design\",\r\n        \"Progress\": 0.67,\r\n        \"AssignedTo\": \"Charlie\",\r\n        \"Deadline\": new Date(2025, 7, 9),\r\n        \"Priority\": \"Low\",\r\n        \"Status\": \"Completed\",\r\n        \"Department\": \"Engineering\"\r\n    },\r\n    {\r\n        \"TaskID\": 47,\r\n        \"TaskName\": \"Testing\",\r\n        \"Progress\": 0.17,\r\n        \"AssignedTo\": \"Ivan\",\r\n        \"Deadline\": new Date(2024, 0, 8),\r\n        \"Priority\": \"Low\",\r\n        \"Status\": \"Completed\",\r\n        \"Department\": \"Product\"\r\n    },\r\n    {\r\n        \"TaskID\": 48,\r\n        \"TaskName\": \"Documentation\",\r\n        \"Progress\": 0.53,\r\n        \"AssignedTo\": \"Judy\",\r\n        \"Deadline\": new Date(2024, 5, 26),\r\n        \"Priority\": \"Medium\",\r\n        \"Status\": \"Completed\",\r\n        \"Department\": \"Product\"\r\n    },\r\n    {\r\n        \"TaskID\": 49,\r\n        \"TaskName\": \"Feature Rollout\",\r\n        \"Progress\": 0.49,\r\n        \"AssignedTo\": \"Bob\",\r\n        \"Deadline\": new Date(2024, 0, 5),\r\n        \"Priority\": \"Medium\",\r\n        \"Status\": \"On Hold\",\r\n        \"Department\": \"Product\"\r\n    },\r\n    {\r\n        \"TaskID\": 50,\r\n        \"TaskName\": \"Deployment\",\r\n        \"Progress\": 0.72,\r\n        \"AssignedTo\": \"Ivan\",\r\n        \"Deadline\": new Date(2024, 4, 22),\r\n        \"Priority\": \"Medium\",\r\n        \"Status\": \"On Hold\",\r\n        \"Department\": \"Product\"\r\n    }\r\n]\r\n",
  "dependencies": "{\"@syncfusion/react-grid\":\"*\",\"@syncfusion/react-locale\":\"*\",\"@syncfusion/react-cldr-data\":\"*\"}"
}