{
  "src/App.css": "@import \"@syncfusion/react-base/styles/material3.css\";\n@import \"@syncfusion/react-buttons/styles/material3.css\";\n@import \"@syncfusion/react-popups/styles/material3.css\";\n@import \"@syncfusion/react-splitbuttons/styles/material3.css\";\n@import \"@syncfusion/react-inputs/styles/material3.css\";\n@import \"@syncfusion/react-calendars/styles/material3.css\";\n@import \"@syncfusion/react-lists/styles/material3.css\";\n@import \"@syncfusion/react-dropdowns/styles/material3.css\";\n@import \"@syncfusion/react-navigations/styles/material3.css\";\n@import \"@syncfusion/react-notifications/styles/material3.css\";\n@import \"@syncfusion/react-pager/styles/material3.css\";\n@import \"@syncfusion/react-grid/styles/material3.css\";\n",
  "src/App.tsx": "import { Grid, Columns, Column, FilterSettings, SortSettings, ValueType, FilterBarType, ColumnType, TextAlign } from '@syncfusion/react-grid';\r\nimport { transactionLog } from './transactionDetails';\r\nimport { useState } from 'react';\r\n\r\nexport default function App() {\r\n\r\n    // Initialize state for filter, and sort settings.   \r\n    const [filterSettings] = useState<FilterSettings>({ enabled: true });\r\n    const [sortSettings] = useState<SortSettings>({ enabled: true });\r\n\r\n    // Custom sort comparer to handle null values and sort direction.\r\n    const sortComparer = (referenceValue: ValueType, comparerValue: ValueType, _refObj?: object, _?: object, sortDirection?: string) => {\r\n        const sortAsc = sortDirection === \"Ascending\" ? true : false;\r\n\r\n        if (referenceValue === null && comparerValue === null) {\r\n            return 0; // Both null, no change in order\r\n        } else if (referenceValue === null) {\r\n            return 1; // Nulls go to the bottom\r\n        } else if (comparerValue === null) {\r\n            return -1; // Nulls go to the bottom\r\n        } else {\r\n            // Non-null values are compared numerically\r\n            return sortAsc\r\n                ? (referenceValue as number) - (comparerValue as number)\r\n                : (comparerValue as number) - (referenceValue as number);\r\n        }\r\n    };\r\n\r\n    // Render grid with data and configured settings.\r\n    return (\r\n        <div>\r\n            <Grid dataSource={transactionLog} sortSettings={sortSettings} filterSettings={filterSettings} height={350} >\r\n                <Columns>\r\n                    <Column field='Product' headerText='Product' width='70' />\r\n                    <Column field='Category' headerText='Category' width='70' />\r\n                    <Column field='TransactionDate' headerText='Transaction Date' format='yMd' textAlign={TextAlign.Right} type={ColumnType.Date} filter={{ filterBarType: FilterBarType.DatePicker }} width='110' />\r\n                    <Column field='CustomerSegment' headerText='Market Segment' width='100' />\r\n                    <Column field='UnitsSold' headerText='Units Sold' width='70' filter={{ filterBarType: FilterBarType.NumericTextBox }} textAlign={TextAlign.Right} sortComparer={sortComparer} format='N0' />\r\n                    <Column field='Revenue' headerText='Revenue' format=\"C2\" width='90' filter={{ filterBarType: FilterBarType.NumericTextBox }} textAlign={TextAlign.Right} sortComparer={sortComparer} />\r\n\r\n                </Columns>\r\n            </Grid>\r\n        </div>\r\n    );\r\n};\r\n",
  "src/transactionDetails.ts": "export interface SalesTransaction {\r\n  Product: string;\r\n  Category: string;\r\n  Region: string;\r\n  TransactionDate: Date;\r\n  CustomerSegment: string;\r\n  Revenue: number | null;\r\n  UnitsSold: number | null;\r\n}\r\n\r\nexport const transactionLog: SalesTransaction[] = [\r\n    {\"Product\": \"Laptop\", \"Category\": \"Electronics\", \"Region\": \"North America\", \"TransactionDate\": new Date(1735689600000) , \"CustomerSegment\": \"Enterprise\", \"Revenue\": 75000, \"UnitsSold\": 120},\r\n    {\"Product\": \"Smartphone\", \"Category\": \"Electronics\", \"Region\": \"Europe\", \"TransactionDate\": new Date(1735776000000) , \"CustomerSegment\": \"Retail\", \"Revenue\": 45000, \"UnitsSold\": 50},\r\n    {\"Product\": \"Desk Chair\", \"Category\": \"Furniture\", \"Region\": \"Asia\", \"TransactionDate\": new Date(1735862400000) , \"CustomerSegment\": \"Small Business\", \"Revenue\": null, \"UnitsSold\": null},\r\n    {\"Product\": \"Monitor\", \"Category\": \"Electronics\", \"Region\": \"North America\", \"TransactionDate\": new Date(1735948800000) , \"CustomerSegment\": \"Enterprise\", \"Revenue\": 32000, \"UnitsSold\": 80},\r\n    {\"Product\": \"Tablet\", \"Category\": \"Electronics\", \"Region\": \"Europe\", \"TransactionDate\": new Date(1736035200000) , \"CustomerSegment\": \"Retail\", \"Revenue\": 28000, \"UnitsSold\": 150},\r\n    {\"Product\": \"Office Desk\", \"Category\": \"Furniture\", \"Region\": \"Asia\", \"TransactionDate\": new Date(1736121600000) , \"CustomerSegment\": \"Retail\", \"Revenue\": 15000, \"UnitsSold\": 30},\r\n    {\"Product\": \"Headphones\", \"Category\": \"Accessories\", \"Region\": \"South America\", \"TransactionDate\": new Date(1736208000000) , \"CustomerSegment\": \"Retail\", \"Revenue\": 10000, \"UnitsSold\": 90},\r\n    {\"Product\": \"Printer\", \"Category\": \"Electronics\", \"Region\": \"North America\", \"TransactionDate\": new Date(1736294400000) , \"CustomerSegment\": \"Enterprise\", \"Revenue\": 40000, \"UnitsSold\": 60},\r\n    {\"Product\": \"Sofa\", \"Category\": \"Furniture\", \"Region\": \"Europe\", \"TransactionDate\": new Date(1736380800000) , \"CustomerSegment\": \"Retail\", \"Revenue\": 17000, \"UnitsSold\": 20},\r\n    {\"Product\": \"Keyboard\", \"Category\": \"Accessories\", \"Region\": \"Asia\", \"TransactionDate\": new Date(1736467200000) , \"CustomerSegment\": \"Small Business\", \"Revenue\": 8000, \"UnitsSold\": 200},\r\n    {\"Product\": \"Smartwatch\", \"Category\": \"Electronics\", \"Region\": \"Australia\", \"TransactionDate\": new Date(1736553600000) , \"CustomerSegment\": \"Retail\", \"Revenue\": null, \"UnitsSold\": null},\r\n    {\"Product\": \"Bookshelf\", \"Category\": \"Furniture\", \"Region\": \"North America\", \"TransactionDate\": new Date(1736640000000) , \"CustomerSegment\": \"Enterprise\", \"Revenue\": 18000, \"UnitsSold\": 40},\r\n    {\"Product\": \"Mouse\", \"Category\": \"Accessories\", \"Region\": \"Europe\", \"TransactionDate\": new Date(1736726400000) , \"CustomerSegment\": \"Retail\", \"Revenue\": 6000, \"UnitsSold\": 250},\r\n    {\"Product\": \"Laptop\", \"Category\": \"Electronics\", \"Region\": \"Asia\", \"TransactionDate\": new Date(1736812800000) , \"CustomerSegment\": \"Enterprise\", \"Revenue\": 80000, \"UnitsSold\": 75},\r\n    {\"Product\": \"Tablet\", \"Category\": \"Electronics\", \"Region\": \"South America\", \"TransactionDate\": new Date(1736899200000) , \"CustomerSegment\": \"Small Business\", \"Revenue\": 30000, \"UnitsSold\": 140},\r\n    {\"Product\": \"Desk Chair\", \"Category\": \"Furniture\", \"Region\": \"North America\", \"TransactionDate\": new Date(1736985600000) , \"CustomerSegment\": \"Retail\", \"Revenue\": 12000, \"UnitsSold\": 35},\r\n    {\"Product\": \"Smartphone\", \"Category\": \"Electronics\", \"Region\": \"Europe\", \"TransactionDate\": new Date(1737072000000) , \"CustomerSegment\": \"Enterprise\", \"Revenue\": 50000, \"UnitsSold\": 280},\r\n    {\"Product\": \"Monitor\", \"Category\": \"Electronics\", \"Region\": \"Asia\", \"TransactionDate\": new Date(1737158400000) , \"CustomerSegment\": \"Retail\", \"Revenue\": 63000, \"UnitsSold\": 90},\r\n    {\"Product\": \"Headphones\", \"Category\": \"Accessories\", \"Region\": \"North America\", \"TransactionDate\": new Date(1737244800000) , \"CustomerSegment\": \"Small Business\", \"Revenue\": 9000, \"UnitsSold\": 180},\r\n    {\"Product\": \"Office Desk\", \"Category\": \" Furniture\", \"Region\": \"Europe\", \"TransactionDate\": new Date(1737331200000) , \"CustomerSegment\": \"Retail\", \"Revenue\": 20000, \"UnitsSold\": 25},\r\n    {\"Product\": \"Printer\", \"Category\": \"Electronics\", \"Region\": \"Australia\", \"TransactionDate\": new Date(1737417600000) , \"CustomerSegment\": \"Enterprise\", \"Revenue\": 42000, \"UnitsSold\": 70},\r\n    {\"Product\": \"Keyboard\", \"Category\": \"Accessories\", \"Region\": \"Asia\", \"TransactionDate\": new Date(1737504000000) , \"CustomerSegment\": \"Retail\", \"Revenue\": null, \"UnitsSold\": null},\r\n    {\"Product\": \"Sofa\", \"Category\": \"Furniture\", \"Region\": \"South America\", \"TransactionDate\": new Date(1737590400000) , \"CustomerSegment\": \"Small Business\", \"Revenue\": 23000, \"UnitsSold\": 25},\r\n    {\"Product\": \"Smartwatch\", \"Category\": \"Electronics\", \"Region\": \"North America\", \"TransactionDate\": new Date(1737676800000) , \"CustomerSegment\": \"Retail\", \"Revenue\": 35000, \"UnitsSold\": 15},\r\n    {\"Product\": \"Bookshelf\", \"Category\": \"Furniture\", \"Region\": \"Europe\", \"TransactionDate\": new Date(1737763200000) , \"CustomerSegment\": \"Retail\", \"Revenue\": 17000, \"UnitsSold\": 45},\r\n    {\"Product\": \"Mouse\", \"Category\": \"Accessories\", \"Region\": \"Asia\", \"TransactionDate\": new Date(1737849600000) , \"CustomerSegment\": \"Enterprise\", \"Revenue\": 60000, \"UnitsSold\": 260},\r\n    {\"Product\": \"Laptop\", \"Category\": \"Electronics\", \"Region\": \"North America\", \"TransactionDate\": new Date(1737936000000) , \"CustomerSegment\": \"Retail\", \"Revenue\": 85000, \"UnitsSold\": 110},\r\n    {\"Product\": \"Tablet\", \"Category\": \"Electronics\", \"Region\": \"Europe\", \"TransactionDate\": new Date(1738022400000) , \"CustomerSegment\": \"Small Business\", \"Revenue\": 55000, \"UnitsSold\": 130},\r\n    {\"Product\": \"Desk Chair\", \"Category\": \"Furniture\", \"Region\": \"Asia\", \"TransactionDate\": new Date(1738108800000) , \"CustomerSegment\": \"Retail\", \"Revenue\": null, \"UnitsSold\": null},\r\n    {\"Product\": \"Smartphone\", \"Category\": \"Electronics\", \"Region\": \"South America\", \"TransactionDate\": new Date(1738195200000) , \"CustomerSegment\": \"Enterprise\", \"Revenue\": 47000, \"UnitsSold\": 270}\r\n  ]",
  "dependencies": "{\"@syncfusion/react-grid\":\"*\",\"@syncfusion/react-locale\":\"*\",\"@syncfusion/react-cldr-data\":\"*\"}"
}