{
  "src/App.css": "@import \"@syncfusion/react-base/styles/material3.css\";\n@import \"@syncfusion/react-buttons/styles/material3.css\";\n@import \"@syncfusion/react-popups/styles/material3.css\";\n@import \"@syncfusion/react-splitbuttons/styles/material3.css\";\n@import \"@syncfusion/react-inputs/styles/material3.css\";\n@import \"@syncfusion/react-calendars/styles/material3.css\";\n@import \"@syncfusion/react-lists/styles/material3.css\";\n@import \"@syncfusion/react-dropdowns/styles/material3.css\";\n@import \"@syncfusion/react-navigations/styles/material3.css\";\n@import \"@syncfusion/react-notifications/styles/material3.css\";\n@import \"@syncfusion/react-pager/styles/material3.css\";\n@import \"@syncfusion/react-grid/styles/material3.css\";\n",
  "src/App.tsx": "import { Grid, Column, Columns, FilterSettings, SortSettings, PageSettings, TextAlign, FilterBarType, ColumnType, ClipMode } from '@syncfusion/react-grid';\r\nimport { bookingRecords } from './hotelBookingDetails';\r\nimport { useState } from 'react';\r\n\r\nexport default function App() {\r\n   // State to enable sorting in the grid.\r\n    const [sortSettings] = useState<SortSettings>({ enabled: true }); \r\n\r\n    // State to enable paging with page size and count.\r\n    const [pageSettings] = useState<PageSettings>({ enabled: true, pageSize: 8, pageCount: 4 }); \r\n\r\n    // State to enable filtering with predefined filter conditions.\r\n    const [filterSettings] = useState<FilterSettings>({\r\n        enabled: true,\r\n        columns: [\r\n            { field: 'GuestName', operator: 'equal', value: 'Anika Bose' },\r\n            { field: 'RoomType', operator: 'equal', value: 'Suite' }\r\n        ]\r\n    });\r\n\r\n\treturn (\r\n\t\t<div>\r\n\t\t\t<Grid dataSource={bookingRecords} pageSettings={pageSettings} filterSettings={filterSettings} sortSettings={sortSettings} clipMode={ClipMode.EllipsisWithTooltip} >\r\n\t\t\t\t<Columns>\r\n\t\t\t\t\t<Column field=\"BookingID\" headerText=\"Booking ID\" />\r\n\t\t\t\t\t<Column field=\"GuestName\" headerText=\"Name\" width={155} />\r\n\t\t\t\t\t<Column field=\"CheckInDate\" headerText=\"Check In\" format=\"yMd\" type={ColumnType.Date} textAlign={TextAlign.Right} filter={{filterBarType: FilterBarType.DatePicker}} width={180}/>\r\n\t\t\t\t\t<Column field=\"CheckOutDate\" headerText=\"Check Out\" format=\"yMd\" type={ColumnType.Date} textAlign={TextAlign.Right} filter={{filterBarType: FilterBarType.DatePicker}} width={180}/>\r\n\t\t\t\t\t<Column field=\"RoomType\" headerText=\"Room Type\" />\r\n\t\t\t\t\t<Column field=\"PaymentStatus\" headerText=\"Payment Status\" />\r\n\t\t\t\t</Columns>\r\n\t\t\t</Grid>\r\n\t\t</div>\r\n\t);\r\n};\r\n",
  "src/hotelBookingDetails.ts": "export interface HotelBooking {\r\n  BookingID: string | number;\r\n  GuestName: string;\r\n  CheckInDate: Date | string;\r\n  CheckOutDate: Date | string;\r\n  RoomType: string;\r\n  PaymentStatus: string;\r\n  NumberOfGuests: number;\r\n  BookingSource: string;\r\n  TotalAmount: number;\r\n  SpecialRequests: string;\r\n}\r\n\r\nexport const bookingRecords: HotelBooking[] = [\r\n{\r\n  \"BookingID\": \"BKG-0001\",\r\n  \"GuestName\": \"Alice Smith\",\r\n  \"CheckInDate\": new Date(1725321600000),\r\n  \"CheckOutDate\": new Date(1725408000000),\r\n  \"RoomType\": \"Suite\",\r\n  \"NumberOfGuests\": 4,\r\n  \"BookingSource\": \"Mobile App\",\r\n  \"PaymentStatus\": \"Paid\",\r\n  \"TotalAmount\": 13545.71,\r\n  \"SpecialRequests\": \"Early check-out\"\r\n},\r\n{\r\n  \"BookingID\": \"BKG-0002\",\r\n  \"GuestName\": \"Bob Johnson\",\r\n  \"CheckInDate\": new Date(1725840000000),\r\n  \"CheckOutDate\": new Date(1726272000000),\r\n  \"RoomType\": \"Deluxe\",\r\n  \"NumberOfGuests\": 4,\r\n  \"BookingSource\": \"Mobile App\",\r\n  \"PaymentStatus\": \"Pending\",\r\n  \"TotalAmount\": 14561.52,\r\n  \"SpecialRequests\": \"\"\r\n},\r\n{\r\n  \"BookingID\": \"BKG-0003\",\r\n  \"GuestName\": \"Charlie Brown\",\r\n  \"CheckInDate\": new Date(1727481600000),\r\n  \"CheckOutDate\": new Date(1727913600000),\r\n  \"RoomType\": \"Suite\",\r\n  \"NumberOfGuests\": 4,\r\n  \"BookingSource\": \"Mobile App\",\r\n  \"PaymentStatus\": \"Paid\",\r\n  \"TotalAmount\": 10987.22,\r\n  \"SpecialRequests\": \"No smoking room\"\r\n},\r\n{\r\n  \"BookingID\": \"BKG-0004\",\r\n  \"GuestName\": \"David Williams\",\r\n  \"CheckInDate\": new Date(1725408000000),\r\n  \"CheckOutDate\": new Date(1725580800000),\r\n  \"RoomType\": \"Single\",\r\n  \"NumberOfGuests\": 2,\r\n  \"BookingSource\": \"Walk-in\",\r\n  \"PaymentStatus\": \"Cancelled\",\r\n  \"TotalAmount\": 10010.16,\r\n  \"SpecialRequests\": \"\"\r\n},\r\n{\r\n  \"BookingID\": \"BKG-0005\",\r\n  \"GuestName\": \"Eve Davis\",\r\n  \"CheckInDate\": new Date(1722902400000),\r\n  \"CheckOutDate\": new Date(1723248000000),\r\n  \"RoomType\": \"Deluxe\",\r\n  \"NumberOfGuests\": 1,\r\n  \"BookingSource\": \"Walk-in\",\r\n  \"PaymentStatus\": \"Paid\",\r\n  \"TotalAmount\": 12224.55,\r\n  \"SpecialRequests\": \"Extra pillows\"\r\n},\r\n{\r\n  \"BookingID\": \"BKG-0006\",\r\n  \"GuestName\": \"Frank Miller\",\r\n  \"CheckInDate\": new Date(1723680000000),\r\n  \"CheckOutDate\": new Date(1723939200000),\r\n  \"RoomType\": \"Single\",\r\n  \"NumberOfGuests\": 3,\r\n  \"BookingSource\": \"Travel Agent\",\r\n  \"PaymentStatus\": \"Paid\",\r\n  \"TotalAmount\": 6138.3,\r\n  \"SpecialRequests\": \"\"\r\n},\r\n{\r\n  \"BookingID\": \"BKG-0007\",\r\n  \"GuestName\": \"Aarav Sharma\",\r\n  \"CheckInDate\": new Date(1725753600000),\r\n  \"CheckOutDate\": new Date(1725840000000),\r\n  \"RoomType\": \"Double\",\r\n  \"NumberOfGuests\": 1,\r\n  \"BookingSource\": \"Website\",\r\n  \"PaymentStatus\": \"Refunded\",\r\n  \"TotalAmount\": 8155.68,\r\n  \"SpecialRequests\": \"\"\r\n},\r\n{\r\n  \"BookingID\": \"BKG-0008\",\r\n  \"GuestName\": \"Grace Wilson\",\r\n  \"CheckInDate\": new Date(1722902400000),\r\n  \"CheckOutDate\": new Date(1722988800000),\r\n  \"RoomType\": \"Single\",\r\n  \"NumberOfGuests\": 3,\r\n  \"BookingSource\": \"Mobile App\",\r\n  \"PaymentStatus\": \"Paid\",\r\n  \"TotalAmount\": 10711.81,\r\n  \"SpecialRequests\": \"Early check-out\"\r\n},\r\n{\r\n  \"BookingID\": \"BKG-0009\",\r\n  \"GuestName\": \"Heidi Moore\",\r\n  \"CheckInDate\": new Date(1726099200000),\r\n  \"CheckOutDate\": new Date(1726358400000),\r\n  \"RoomType\": \"Deluxe\",\r\n  \"NumberOfGuests\": 3,\r\n  \"BookingSource\": \"Mobile App\",\r\n  \"PaymentStatus\": \"Paid\",\r\n  \"TotalAmount\": 6991.21,\r\n  \"SpecialRequests\": \"Early check-out\"\r\n},\r\n{\r\n  \"BookingID\": \"BKG-0010\",\r\n  \"GuestName\": \"Ivan Taylor\",\r\n  \"CheckInDate\": new Date(1727136000000),\r\n  \"CheckOutDate\": new Date(1727481600000),\r\n  \"RoomType\": \"Single\",\r\n  \"NumberOfGuests\": 1,\r\n  \"BookingSource\": \"Walk-in\",\r\n  \"PaymentStatus\": \"Pending\",\r\n  \"TotalAmount\": 3280.78,\r\n  \"SpecialRequests\": \"Early check-out\"\r\n},\r\n{\r\n  \"BookingID\": \"BKG-0011\",\r\n  \"GuestName\": \"Judy Anderson\",\r\n  \"CheckInDate\": new Date(1723334400000),\r\n  \"CheckOutDate\": new Date(1723593600000),\r\n  \"RoomType\": \"Double\",\r\n  \"NumberOfGuests\": 1,\r\n  \"BookingSource\": \"Walk-in\",\r\n  \"PaymentStatus\": \"Paid\",\r\n  \"TotalAmount\": 8810.09,\r\n  \"SpecialRequests\": \"Extra pillows\"\r\n},\r\n{\r\n  \"BookingID\": \"BKG-0012\",\r\n  \"GuestName\": \"Kevin Thomas\",\r\n  \"CheckInDate\": new Date(1722816000000),\r\n  \"CheckOutDate\": new Date(1722988800000),\r\n  \"RoomType\": \"Deluxe\",\r\n  \"NumberOfGuests\": 3,\r\n  \"BookingSource\": \"Mobile App\",\r\n  \"PaymentStatus\": \"Refunded\",\r\n  \"TotalAmount\": 4242.09,\r\n  \"SpecialRequests\": \"\"\r\n},\r\n{\r\n  \"BookingID\": \"BKG-0013\",\r\n  \"GuestName\": \"Linda Jackson\",\r\n  \"CheckInDate\": new Date(1726099200000),\r\n  \"CheckOutDate\": new Date(1726444800000),\r\n  \"RoomType\": \"Single\",\r\n  \"NumberOfGuests\": 3,\r\n  \"BookingSource\": \"Mobile App\",\r\n  \"PaymentStatus\": \"Paid\",\r\n  \"TotalAmount\": 7579.65,\r\n  \"SpecialRequests\": \"Late check-in\"\r\n},\r\n{\r\n  \"BookingID\": \"BKG-0014\",\r\n  \"GuestName\": \"Mark White\",\r\n  \"CheckInDate\": new Date(1724198400000),\r\n  \"CheckOutDate\": new Date(1724630400000),\r\n  \"RoomType\": \"Double\",\r\n  \"NumberOfGuests\": 3,\r\n  \"BookingSource\": \"Mobile App\",\r\n  \"PaymentStatus\": \"Refunded\",\r\n  \"TotalAmount\": 14680.68,\r\n  \"SpecialRequests\": \"\"\r\n},\r\n{\r\n  \"BookingID\": \"BKG-0015\",\r\n  \"GuestName\": \"Anika Bose\",\r\n  \"CheckInDate\": new Date(1726185600000),\r\n  \"CheckOutDate\": new Date(1726272000000),\r\n  \"RoomType\": \"Suite\",\r\n  \"NumberOfGuests\": 2,\r\n  \"BookingSource\": \"Mobile App\",\r\n  \"PaymentStatus\": \"Pending\",\r\n  \"TotalAmount\": 11299.83,\r\n  \"SpecialRequests\": \"\"\r\n},\r\n{\r\n  \"BookingID\": \"BKG-0016\",\r\n  \"GuestName\": \"Nancy Harris\",\r\n  \"CheckInDate\": new Date(1725062400000),\r\n  \"CheckOutDate\": new Date(1725321600000),\r\n  \"RoomType\": \"Single\",\r\n  \"NumberOfGuests\": 2,\r\n  \"BookingSource\": \"Travel Agent\",\r\n  \"PaymentStatus\": \"Paid\",\r\n  \"TotalAmount\": 14284.65,\r\n  \"SpecialRequests\": \"Early check-out\"\r\n},\r\n{\r\n  \"BookingID\": \"BKG-0017\",\r\n  \"GuestName\": \"Oliver Martin\",\r\n  \"CheckInDate\": new Date(1726185600000),\r\n  \"CheckOutDate\": new Date(1726531200000),\r\n  \"RoomType\": \"Suite\",\r\n  \"NumberOfGuests\": 4,\r\n  \"BookingSource\": \"Mobile App\",\r\n  \"PaymentStatus\": \"Paid\",\r\n  \"TotalAmount\": 13443.58,\r\n  \"SpecialRequests\": \"Late check-in\"\r\n},\r\n{\r\n  \"BookingID\": \"BKG-0018\",\r\n  \"GuestName\": \"Pam Garcia\",\r\n  \"CheckInDate\": new Date(1724976000000),\r\n  \"CheckOutDate\": new Date(1725235200000),\r\n  \"RoomType\": \"Single\",\r\n  \"NumberOfGuests\": 1,\r\n  \"BookingSource\": \"Mobile App\",\r\n  \"PaymentStatus\": \"Paid\",\r\n  \"TotalAmount\": 4874.85,\r\n  \"SpecialRequests\": \"Early check-out\"\r\n},\r\n{\r\n  \"BookingID\": \"BKG-0019\",\r\n  \"GuestName\": \"Quentin Rodriguez\",\r\n  \"CheckInDate\": new Date(1726617600000),\r\n  \"CheckOutDate\": new Date(1726963200000),\r\n  \"RoomType\": \"Suite\",\r\n  \"NumberOfGuests\": 1,\r\n  \"BookingSource\": \"Walk-in\",\r\n  \"PaymentStatus\": \"Refunded\",\r\n  \"TotalAmount\": 7119.16,\r\n  \"SpecialRequests\": \"Extra pillows\"\r\n},\r\n{\r\n  \"BookingID\": \"BKG-0020\",\r\n  \"GuestName\": \"Rachel Martinez\",\r\n  \"CheckInDate\": new Date(1725408000000),\r\n  \"CheckOutDate\": new Date(1725580800000),\r\n  \"RoomType\": \"Double\",\r\n  \"NumberOfGuests\": 4,\r\n  \"BookingSource\": \"Website\",\r\n  \"PaymentStatus\": \"Paid\",\r\n  \"TotalAmount\": 12925.31,\r\n  \"SpecialRequests\": \"High floor\"\r\n},\r\n{\r\n  \"BookingID\": \"BKG-0021\",\r\n  \"GuestName\": \"Steve Robinson\",\r\n  \"CheckInDate\": new Date(1727481600000),\r\n  \"CheckOutDate\": new Date(1727654400000),\r\n  \"RoomType\": \"Suite\",\r\n  \"NumberOfGuests\": 3,\r\n  \"BookingSource\": \"Travel Agent\",\r\n  \"PaymentStatus\": \"Paid\",\r\n  \"TotalAmount\": 8073.36,\r\n  \"SpecialRequests\": \"Early check-out\"\r\n},\r\n{\r\n  \"BookingID\": \"BKG-0022\",\r\n  \"GuestName\": \"Susan Clark\",\r\n  \"CheckInDate\": new Date(1723766400000),\r\n  \"CheckOutDate\": new Date(1723852800000),\r\n  \"RoomType\": \"Single\",\r\n  \"NumberOfGuests\": 3,\r\n  \"BookingSource\": \"Website\",\r\n  \"PaymentStatus\": \"Pending\",\r\n  \"TotalAmount\": 6801.19,\r\n  \"SpecialRequests\": \"Late check-in\"\r\n},\r\n{\r\n  \"BookingID\": \"BKG-0023\",\r\n  \"GuestName\": \"Tom Lewis\",\r\n  \"CheckInDate\": new Date(1724025600000),\r\n  \"CheckOutDate\": new Date(1724371200000),\r\n  \"RoomType\": \"Single\",\r\n  \"NumberOfGuests\": 1,\r\n  \"BookingSource\": \"Mobile App\",\r\n  \"PaymentStatus\": \"Cancelled\",\r\n  \"TotalAmount\": 13575.42,\r\n  \"SpecialRequests\": \"High floor\"\r\n},\r\n{\r\n  \"BookingID\": \"BKG-0024\",\r\n  \"GuestName\": \"Ursula Lee\",\r\n  \"CheckInDate\": new Date(1725235200000),\r\n  \"CheckOutDate\": new Date(1725667200000),\r\n  \"RoomType\": \"Double\",\r\n  \"NumberOfGuests\": 4,\r\n  \"BookingSource\": \"Website\",\r\n  \"PaymentStatus\": \"Refunded\",\r\n  \"TotalAmount\": 10748.46,\r\n  \"SpecialRequests\": \"High floor\"\r\n},\r\n{\r\n  \"BookingID\": \"BKG-0025\",\r\n  \"GuestName\": \"Victor Walker\",\r\n  \"CheckInDate\": new Date(1724803200000),\r\n  \"CheckOutDate\": new Date(1725062400000),\r\n  \"RoomType\": \"Deluxe\",\r\n  \"NumberOfGuests\": 3,\r\n  \"BookingSource\": \"Website\",\r\n  \"PaymentStatus\": \"Paid\",\r\n  \"TotalAmount\": 12203.52,\r\n  \"SpecialRequests\": \"\"\r\n},\r\n{\r\n  \"BookingID\": \"BKG-0026\",\r\n  \"GuestName\": \"Wendy Hall\",\r\n  \"CheckInDate\": new Date(1724976000000),\r\n  \"CheckOutDate\": new Date(1725062400000),\r\n  \"RoomType\": \"Deluxe\",\r\n  \"NumberOfGuests\": 2,\r\n  \"BookingSource\": \"Mobile App\",\r\n  \"PaymentStatus\": \"Pending\",\r\n  \"TotalAmount\": 3662.26,\r\n  \"SpecialRequests\": \"Early check-out\"\r\n},\r\n{\r\n  \"BookingID\": \"BKG-0027\",\r\n  \"GuestName\": \"Xavier Allen\",\r\n  \"CheckInDate\": new Date(1723161600000),\r\n  \"CheckOutDate\": new Date(1723248000000),\r\n  \"RoomType\": \"Deluxe\",\r\n  \"NumberOfGuests\": 3,\r\n  \"BookingSource\": \"Mobile App\",\r\n  \"PaymentStatus\": \"Refunded\",\r\n  \"TotalAmount\": 5901.77,\r\n  \"SpecialRequests\": \"Extra pillows\"\r\n},\r\n{\r\n  \"BookingID\": \"BKG-0028\",\r\n  \"GuestName\": \"Yvonne Young\",\r\n  \"CheckInDate\": new Date(1727395200000),\r\n  \"CheckOutDate\": new Date(1727568000000),\r\n  \"RoomType\": \"Suite\",\r\n  \"NumberOfGuests\": 1,\r\n  \"BookingSource\": \"Website\",\r\n  \"PaymentStatus\": \"Paid\",\r\n  \"TotalAmount\": 4673.44,\r\n  \"SpecialRequests\": \"No smoking room\"\r\n},\r\n{\r\n  \"BookingID\": \"BKG-0029\",\r\n  \"GuestName\": \"Zack King\",\r\n  \"CheckInDate\": new Date(1724371200000),\r\n  \"CheckOutDate\": new Date(1724457600000),\r\n  \"RoomType\": \"Double\",\r\n  \"NumberOfGuests\": 3,\r\n  \"BookingSource\": \"Walk-in\",\r\n  \"PaymentStatus\": \"Cancelled\",\r\n  \"TotalAmount\": 14743.43,\r\n  \"SpecialRequests\": \"\"\r\n},\r\n{\r\n  \"BookingID\": \"BKG-0030\",\r\n  \"GuestName\": \"Abigail Scott\",\r\n  \"CheckInDate\": new Date(1725926400000),\r\n  \"CheckOutDate\": new Date(1726185600000),\r\n  \"RoomType\": \"Deluxe\",\r\n  \"NumberOfGuests\": 2,\r\n  \"BookingSource\": \"Website\",\r\n  \"PaymentStatus\": \"Refunded\",\r\n  \"TotalAmount\": 8677.57,\r\n  \"SpecialRequests\": \"Late check-in\"\r\n},\r\n{\r\n  \"BookingID\": \"BKG-0031\",\r\n  \"GuestName\": \"Benjamin Green\",\r\n  \"CheckInDate\": new Date(1722988800000),\r\n  \"CheckOutDate\": new Date(1723248000000),\r\n  \"RoomType\": \"Single\",\r\n  \"NumberOfGuests\": 3,\r\n  \"BookingSource\": \"Website\",\r\n  \"PaymentStatus\": \"Paid\",\r\n  \"TotalAmount\": 13331.36,\r\n  \"SpecialRequests\": \"Early check-out\"\r\n},\r\n{\r\n  \"BookingID\": \"BKG-0032\",\r\n  \"GuestName\": \"Catherine Adams\",\r\n  \"CheckInDate\": new Date(1725580800000),\r\n  \"CheckOutDate\": new Date(1725926400000),\r\n  \"RoomType\": \"Single\",\r\n  \"NumberOfGuests\": 4,\r\n  \"BookingSource\": \"Mobile App\",\r\n  \"PaymentStatus\": \"Pending\",\r\n  \"TotalAmount\": 5382.92,\r\n  \"SpecialRequests\": \"Early check-out\"\r\n},\r\n{\r\n  \"BookingID\": \"BKG-0033\",\r\n  \"GuestName\": \"David Baker\",\r\n  \"CheckInDate\": new Date(1724716800000),\r\n  \"CheckOutDate\": new Date(1724976000000),\r\n  \"RoomType\": \"Deluxe\",\r\n  \"NumberOfGuests\": 4,\r\n  \"BookingSource\": \"Website\",\r\n  \"PaymentStatus\": \"Pending\",\r\n  \"TotalAmount\": 7861.66,\r\n  \"SpecialRequests\": \"Early check-out\"\r\n},\r\n{\r\n  \"BookingID\": \"BKG-0034\",\r\n  \"GuestName\": \"Emily Gonzalez\",\r\n  \"CheckInDate\": new Date(1723420800000),\r\n  \"CheckOutDate\": new Date(1723680000000),\r\n  \"RoomType\": \"Single\",\r\n  \"NumberOfGuests\": 4,\r\n  \"BookingSource\": \"Travel Agent\",\r\n  \"PaymentStatus\": \"Refunded\",\r\n  \"TotalAmount\": 13927.15,\r\n  \"SpecialRequests\": \"High floor\"\r\n},\r\n{\r\n  \"BookingID\": \"BKG-0035\",\r\n  \"GuestName\": \"Frank Hernandez\",\r\n  \"CheckInDate\": new Date(1725494400000),\r\n  \"CheckOutDate\": new Date(1725753600000),\r\n  \"RoomType\": \"Double\",\r\n  \"NumberOfGuests\": 3,\r\n  \"BookingSource\": \"Mobile App\",\r\n  \"PaymentStatus\": \"Paid\",\r\n  \"TotalAmount\": 8758.93,\r\n  \"SpecialRequests\": \"Late check-in\"\r\n},\r\n{\r\n  \"BookingID\": \"BKG-0036\",\r\n  \"GuestName\": \"Grace Lopez\",\r\n  \"CheckInDate\": new Date(1722643200000),\r\n  \"CheckOutDate\": new Date(1722729600000),\r\n  \"RoomType\": \"Deluxe\",\r\n  \"NumberOfGuests\": 2,\r\n  \"BookingSource\": \"Travel Agent\",\r\n  \"PaymentStatus\": \"Refunded\",\r\n  \"TotalAmount\": 13180.35,\r\n  \"SpecialRequests\": \"\"\r\n},\r\n{\r\n  \"BookingID\": \"BKG-0037\",\r\n  \"GuestName\": \"Henry Wilson\",\r\n  \"CheckInDate\": new Date(1726185600000),\r\n  \"CheckOutDate\": new Date(1726617600000),\r\n  \"RoomType\": \"Single\",\r\n  \"NumberOfGuests\": 3,\r\n  \"BookingSource\": \"Walk-in\",\r\n  \"PaymentStatus\": \"Paid\",\r\n  \"TotalAmount\": 13921.44,\r\n  \"SpecialRequests\": \"\"\r\n},\r\n{\r\n  \"BookingID\": \"BKG-0038\",\r\n  \"GuestName\": \"Isabelle Perez\",\r\n  \"CheckInDate\": new Date(1726358400000),\r\n  \"CheckOutDate\": new Date(1726531200000),\r\n  \"RoomType\": \"Double\",\r\n  \"NumberOfGuests\": 2,\r\n  \"BookingSource\": \"Mobile App\",\r\n  \"PaymentStatus\": \"Paid\",\r\n  \"TotalAmount\": 3167.0,\r\n  \"SpecialRequests\": \"High floor\"\r\n},\r\n{\r\n  \"BookingID\": \"BKG-0039\",\r\n  \"GuestName\": \"Jack Taylor\",\r\n  \"CheckInDate\": new Date(1724112000000),\r\n  \"CheckOutDate\": new Date(1724544000000),\r\n  \"RoomType\": \"Deluxe\",\r\n  \"NumberOfGuests\": 2,\r\n  \"BookingSource\": \"Walk-in\",\r\n  \"PaymentStatus\": \"Pending\",\r\n  \"TotalAmount\": 13660.07,\r\n  \"SpecialRequests\": \"Extra pillows\"\r\n},\r\n{\r\n  \"BookingID\": \"BKG-0040\",\r\n  \"GuestName\": \"Karen Moore\",\r\n  \"CheckInDate\": new Date(1726531200000),\r\n  \"CheckOutDate\": new Date(1726876800000),\r\n  \"RoomType\": \"Double\",\r\n  \"NumberOfGuests\": 1,\r\n  \"BookingSource\": \"Travel Agent\",\r\n  \"PaymentStatus\": \"Cancelled\",\r\n  \"TotalAmount\": 6832.09,\r\n  \"SpecialRequests\": \"\"\r\n},\r\n{\r\n  \"BookingID\": \"BKG-0041\",\r\n  \"GuestName\": \"Liam Anderson\",\r\n  \"CheckInDate\": new Date(1724544000000),\r\n  \"CheckOutDate\": new Date(1724803200000),\r\n  \"RoomType\": \"Single\",\r\n  \"NumberOfGuests\": 3,\r\n  \"BookingSource\": \"Mobile App\",\r\n  \"PaymentStatus\": \"Paid\",\r\n  \"TotalAmount\": 14877.52,\r\n  \"SpecialRequests\": \"Late check-in\"\r\n},\r\n{\r\n  \"BookingID\": \"BKG-0042\",\r\n  \"GuestName\": \"Mia Thomas\",\r\n  \"CheckInDate\": new Date(1726531200000),\r\n  \"CheckOutDate\": new Date(1726963200000),\r\n  \"RoomType\": \"Double\",\r\n  \"NumberOfGuests\": 2,\r\n  \"BookingSource\": \"Walk-in\",\r\n  \"PaymentStatus\": \"Paid\",\r\n  \"TotalAmount\": 9391.78,\r\n  \"SpecialRequests\": \"Late check-in\"\r\n},\r\n{\r\n  \"BookingID\": \"BKG-0043\",\r\n  \"GuestName\": \"Noah Jackson\",\r\n  \"CheckInDate\": new Date(1726963200000),\r\n  \"CheckOutDate\": new Date(1727136000000),\r\n  \"RoomType\": \"Single\",\r\n  \"NumberOfGuests\": 1,\r\n  \"BookingSource\": \"Mobile App\",\r\n  \"PaymentStatus\": \"Paid\",\r\n  \"TotalAmount\": 10399.17,\r\n  \"SpecialRequests\": \"Late check-in\"\r\n},\r\n{\r\n  \"BookingID\": \"BKG-0044\",\r\n  \"GuestName\": \"Olivia White\",\r\n  \"CheckInDate\": new Date(1727395200000),\r\n  \"CheckOutDate\": new Date(1727568000000),\r\n  \"RoomType\": \"Suite\",\r\n  \"NumberOfGuests\": 4,\r\n  \"BookingSource\": \"Website\",\r\n  \"PaymentStatus\": \"Paid\",\r\n  \"TotalAmount\": 7599.08,\r\n  \"SpecialRequests\": \"No smoking room\"\r\n},\r\n{\r\n  \"BookingID\": \"BKG-0045\",\r\n  \"GuestName\": \"Peter Harris\",\r\n  \"CheckInDate\": new Date(1727481600000),\r\n  \"CheckOutDate\": new Date(1727568000000),\r\n  \"RoomType\": \"Double\",\r\n  \"NumberOfGuests\": 3,\r\n  \"BookingSource\": \"Walk-in\",\r\n  \"PaymentStatus\": \"Paid\",\r\n  \"TotalAmount\": 8517.21,\r\n  \"SpecialRequests\": \"No smoking room\"\r\n},\r\n{\r\n  \"BookingID\": \"BKG-0046\",\r\n  \"GuestName\": \"Queen Martinez\",\r\n  \"CheckInDate\": new Date(1725494400000),\r\n  \"CheckOutDate\": new Date(1725580800000),\r\n  \"RoomType\": \"Deluxe\",\r\n  \"NumberOfGuests\": 1,\r\n  \"BookingSource\": \"Mobile App\",\r\n  \"PaymentStatus\": \"Cancelled\",\r\n  \"TotalAmount\": 8825.89,\r\n  \"SpecialRequests\": \"Early check-out\"\r\n},\r\n{\r\n  \"BookingID\": \"BKG-0047\",\r\n  \"GuestName\": \"Robert Robinson\",\r\n  \"CheckInDate\": new Date(1724198400000),\r\n  \"CheckOutDate\": new Date(1724371200000),\r\n  \"RoomType\": \"Double\",\r\n  \"NumberOfGuests\": 1,\r\n  \"BookingSource\": \"Website\",\r\n  \"PaymentStatus\": \"Paid\",\r\n  \"TotalAmount\": 7774.96,\r\n  \"SpecialRequests\": \"Extra pillows\"\r\n},\r\n{\r\n  \"BookingID\": \"BKG-0048\",\r\n  \"GuestName\": \"Samantha Clark\",\r\n  \"CheckInDate\": new Date(1725321600000),\r\n  \"CheckOutDate\": new Date(1725408000000),\r\n  \"RoomType\": \"Deluxe\",\r\n  \"NumberOfGuests\": 1,\r\n  \"BookingSource\": \"Travel Agent\",\r\n  \"PaymentStatus\": \"Paid\",\r\n  \"TotalAmount\": 3244.39,\r\n  \"SpecialRequests\": \"Late check-in\"\r\n},\r\n{\r\n  \"BookingID\": \"BKG-0049\",\r\n  \"GuestName\": \"Steven Lewis\",\r\n  \"CheckInDate\": new Date(1722902400000),\r\n  \"CheckOutDate\": new Date(1723248000000),\r\n  \"RoomType\": \"Deluxe\",\r\n  \"NumberOfGuests\": 2,\r\n  \"BookingSource\": \"Website\",\r\n  \"PaymentStatus\": \"Paid\",\r\n  \"TotalAmount\": 13329.56,\r\n  \"SpecialRequests\": \"Extra pillows\"\r\n},\r\n{\r\n  \"BookingID\": \"BKG-0050\",\r\n  \"GuestName\": \"Tina Hall\",\r\n  \"CheckInDate\": new Date(1727049600000),\r\n  \"CheckOutDate\": new Date(1727481600000),\r\n  \"RoomType\": \"Deluxe\",\r\n  \"NumberOfGuests\": 3,\r\n  \"BookingSource\": \"Walk-in\",\r\n  \"PaymentStatus\": \"Pending\",\r\n  \"TotalAmount\": 11147.1,\r\n  \"SpecialRequests\": \"No smoking room\"\r\n},\r\n{\r\n  \"BookingID\": \"BKG-0051\",\r\n  \"GuestName\": \"William Allen\",\r\n  \"CheckInDate\": new Date(1727049600000),\r\n  \"CheckOutDate\": new Date(1727308800000),\r\n  \"RoomType\": \"Suite\",\r\n  \"NumberOfGuests\": 4,\r\n  \"BookingSource\": \"Walk-in\",\r\n  \"PaymentStatus\": \"Paid\",\r\n  \"TotalAmount\": 14599.41,\r\n  \"SpecialRequests\": \"Extra pillows\"\r\n},\r\n{\r\n  \"BookingID\": \"BKG-0052\",\r\n  \"GuestName\": \"Zoe Young\",\r\n  \"CheckInDate\": new Date(1724457600000),\r\n  \"CheckOutDate\": new Date(1724889600000),\r\n  \"RoomType\": \"Single\",\r\n  \"NumberOfGuests\": 1,\r\n  \"BookingSource\": \"Website\",\r\n  \"PaymentStatus\": \"Paid\",\r\n  \"TotalAmount\": 3387.97,\r\n  \"SpecialRequests\": \"High floor\"\r\n},\r\n{\r\n  \"BookingID\": \"BKG-0053\",\r\n  \"GuestName\": \"Amanda King\",\r\n  \"CheckInDate\": new Date(1726099200000),\r\n  \"CheckOutDate\": new Date(1726358400000),\r\n  \"RoomType\": \"Single\",\r\n  \"NumberOfGuests\": 3,\r\n  \"BookingSource\": \"Mobile App\",\r\n  \"PaymentStatus\": \"Paid\",\r\n  \"TotalAmount\": 14160.63,\r\n  \"SpecialRequests\": \"Late check-in\"\r\n},\r\n{\r\n  \"BookingID\": \"BKG-0054\",\r\n  \"GuestName\": \"Brian Scott\",\r\n  \"CheckInDate\": new Date(1723939200000),\r\n  \"CheckOutDate\": new Date(1724025600000),\r\n  \"RoomType\": \"Deluxe\",\r\n  \"NumberOfGuests\": 4,\r\n  \"BookingSource\": \"Walk-in\",\r\n  \"PaymentStatus\": \"Paid\",\r\n  \"TotalAmount\": 3707.16,\r\n  \"SpecialRequests\": \"No smoking room\"\r\n},\r\n{\r\n  \"BookingID\": \"BKG-0055\",\r\n  \"GuestName\": \"Chloe Green\",\r\n  \"CheckInDate\": new Date(1724198400000),\r\n  \"CheckOutDate\": new Date(1724630400000),\r\n  \"RoomType\": \"Single\",\r\n  \"NumberOfGuests\": 2,\r\n  \"BookingSource\": \"Travel Agent\",\r\n  \"PaymentStatus\": \"Refunded\",\r\n  \"TotalAmount\": 7742.87,\r\n  \"SpecialRequests\": \"High floor\"\r\n},\r\n{\r\n  \"BookingID\": \"BKG-0056\",\r\n  \"GuestName\": \"David Baker\",\r\n  \"CheckInDate\": new Date(1723248000000),\r\n  \"CheckOutDate\": new Date(1723680000000),\r\n  \"RoomType\": \"Suite\",\r\n  \"NumberOfGuests\": 3,\r\n  \"BookingSource\": \"Walk-in\",\r\n  \"PaymentStatus\": \"Paid\",\r\n  \"TotalAmount\": 10853.0,\r\n  \"SpecialRequests\": \"No smoking room\"\r\n},\r\n{\r\n  \"BookingID\": \"BKG-0057\",\r\n  \"GuestName\": \"Emily Gonzalez\",\r\n  \"CheckInDate\": new Date(1727308800000),\r\n  \"CheckOutDate\": new Date(1727740800000),\r\n  \"RoomType\": \"Double\",\r\n  \"NumberOfGuests\": 3,\r\n  \"BookingSource\": \"Walk-in\",\r\n  \"PaymentStatus\": \"Paid\",\r\n  \"TotalAmount\": 3472.93,\r\n  \"SpecialRequests\": \"No smoking room\"\r\n},\r\n{\r\n  \"BookingID\": \"BKG-0058\",\r\n  \"GuestName\": \"Frank Hernandez\",\r\n  \"CheckInDate\": new Date(1724198400000),\r\n  \"CheckOutDate\": new Date(1724544000000),\r\n  \"RoomType\": \"Deluxe\",\r\n  \"NumberOfGuests\": 2,\r\n  \"BookingSource\": \"Travel Agent\",\r\n  \"PaymentStatus\": \"Paid\",\r\n  \"TotalAmount\": 8827.97,\r\n  \"SpecialRequests\": \"High floor\"\r\n},\r\n{\r\n  \"BookingID\": \"BKG-0059\",\r\n  \"GuestName\": \"Grace Lopez\",\r\n  \"CheckInDate\": new Date(1727568000000),\r\n  \"CheckOutDate\": new Date(1727654400000),\r\n  \"RoomType\": \"Deluxe\",\r\n  \"NumberOfGuests\": 3,\r\n  \"BookingSource\": \"Mobile App\",\r\n  \"PaymentStatus\": \"Paid\",\r\n  \"TotalAmount\": 12822.31,\r\n  \"SpecialRequests\": \"No smoking room\"\r\n},\r\n{\r\n  \"BookingID\": \"BKG-0060\",\r\n  \"GuestName\": \"Henry Wilson\",\r\n  \"CheckInDate\": new Date(1723852800000),\r\n  \"CheckOutDate\": new Date(1724284800000),\r\n  \"RoomType\": \"Suite\",\r\n  \"NumberOfGuests\": 3,\r\n  \"BookingSource\": \"Walk-in\",\r\n  \"PaymentStatus\": \"Pending\",\r\n  \"TotalAmount\": 6903.6,\r\n  \"SpecialRequests\": \"\"\r\n},\r\n{\r\n  \"BookingID\": \"BKG-0061\",\r\n  \"GuestName\": \"Isabelle Perez\",\r\n  \"CheckInDate\": new Date(1726272000000),\r\n  \"CheckOutDate\": new Date(1726704000000),\r\n  \"RoomType\": \"Deluxe\",\r\n  \"NumberOfGuests\": 4,\r\n  \"BookingSource\": \"Mobile App\",\r\n  \"PaymentStatus\": \"Paid\",\r\n  \"TotalAmount\": 5946.86,\r\n  \"SpecialRequests\": \"Extra pillows\"\r\n},\r\n{\r\n  \"BookingID\": \"BKG-0062\",\r\n  \"GuestName\": \"Jack Taylor\",\r\n  \"CheckInDate\": new Date(1727395200000),\r\n  \"CheckOutDate\": new Date(1727568000000),\r\n  \"RoomType\": \"Suite\",\r\n  \"NumberOfGuests\": 3,\r\n  \"BookingSource\": \"Travel Agent\",\r\n  \"PaymentStatus\": \"Cancelled\",\r\n  \"TotalAmount\": 11908.52,\r\n  \"SpecialRequests\": \"No smoking room\"\r\n},\r\n{\r\n  \"BookingID\": \"BKG-0063\",\r\n  \"GuestName\": \"Karen Moore\",\r\n  \"CheckInDate\": new Date(1726099200000),\r\n  \"CheckOutDate\": new Date(1726185600000),\r\n  \"RoomType\": \"Deluxe\",\r\n  \"NumberOfGuests\": 2,\r\n  \"BookingSource\": \"Website\",\r\n  \"PaymentStatus\": \"Paid\",\r\n  \"TotalAmount\": 4729.91,\r\n  \"SpecialRequests\": \"Late check-in\"\r\n},\r\n{\r\n  \"BookingID\": \"BKG-0064\",\r\n  \"GuestName\": \"Liam Anderson\",\r\n  \"CheckInDate\": new Date(1723075200000),\r\n  \"CheckOutDate\": new Date(1723507200000),\r\n  \"RoomType\": \"Double\",\r\n  \"NumberOfGuests\": 3,\r\n  \"BookingSource\": \"Travel Agent\",\r\n  \"PaymentStatus\": \"Paid\",\r\n  \"TotalAmount\": 12176.63,\r\n  \"SpecialRequests\": \"Late check-in\"\r\n},\r\n{\r\n  \"BookingID\": \"BKG-0065\",\r\n  \"GuestName\": \"Mia Thomas\",\r\n  \"CheckInDate\": new Date(1724198400000),\r\n  \"CheckOutDate\": new Date(1724284800000),\r\n  \"RoomType\": \"Suite\",\r\n  \"NumberOfGuests\": 4,\r\n  \"BookingSource\": \"Mobile App\",\r\n  \"PaymentStatus\": \"Paid\",\r\n  \"TotalAmount\": 8290.99,\r\n  \"SpecialRequests\": \"Extra pillows\"\r\n},\r\n{\r\n  \"BookingID\": \"BKG-0066\",\r\n  \"GuestName\": \"Noah Jackson\",\r\n  \"CheckInDate\": new Date(1723161600000),\r\n  \"CheckOutDate\": new Date(1723334400000),\r\n  \"RoomType\": \"Single\",\r\n  \"NumberOfGuests\": 1,\r\n  \"BookingSource\": \"Travel Agent\",\r\n  \"PaymentStatus\": \"Paid\",\r\n  \"TotalAmount\": 8491.31,\r\n  \"SpecialRequests\": \"No smoking room\"\r\n},\r\n{\r\n  \"BookingID\": \"BKG-0067\",\r\n  \"GuestName\": \"Olivia White\",\r\n  \"CheckInDate\": new Date(1723593600000),\r\n  \"CheckOutDate\": new Date(1723766400000),\r\n  \"RoomType\": \"Suite\",\r\n  \"NumberOfGuests\": 2,\r\n  \"BookingSource\": \"Mobile App\",\r\n  \"PaymentStatus\": \"Cancelled\",\r\n  \"TotalAmount\": 8115.13,\r\n  \"SpecialRequests\": \"No smoking room\"\r\n},\r\n{\r\n  \"BookingID\": \"BKG-0068\",\r\n  \"GuestName\": \"Peter Harris\",\r\n  \"CheckInDate\": new Date(1723766400000),\r\n  \"CheckOutDate\": new Date(1723939200000),\r\n  \"RoomType\": \"Double\",\r\n  \"NumberOfGuests\": 4,\r\n  \"BookingSource\": \"Travel Agent\",\r\n  \"PaymentStatus\": \"Pending\",\r\n  \"TotalAmount\": 14321.62,\r\n  \"SpecialRequests\": \"High floor\"\r\n},\r\n{\r\n  \"BookingID\": \"BKG-0069\",\r\n  \"GuestName\": \"Queen Martinez\",\r\n  \"CheckInDate\": new Date(1726012800000),\r\n  \"CheckOutDate\": new Date(1726272000000),\r\n  \"RoomType\": \"Suite\",\r\n  \"NumberOfGuests\": 2,\r\n  \"BookingSource\": \"Mobile App\",\r\n  \"PaymentStatus\": \"Paid\",\r\n  \"TotalAmount\": 14206.34,\r\n  \"SpecialRequests\": \"No smoking room\"\r\n},\r\n{\r\n  \"BookingID\": \"BKG-0070\",\r\n  \"GuestName\": \"Robert Robinson\",\r\n  \"CheckInDate\": new Date(1724025600000),\r\n  \"CheckOutDate\": new Date(1724371200000),\r\n  \"RoomType\": \"Double\",\r\n  \"NumberOfGuests\": 3,\r\n  \"BookingSource\": \"Travel Agent\",\r\n  \"PaymentStatus\": \"Paid\",\r\n  \"TotalAmount\": 8065.87,\r\n  \"SpecialRequests\": \"No smoking room\"\r\n},\r\n{\r\n  \"BookingID\": \"BKG-0071\",\r\n  \"GuestName\": \"Samantha Clark\",\r\n  \"CheckInDate\": new Date(1726876800000),\r\n  \"CheckOutDate\": new Date(1727136000000),\r\n  \"RoomType\": \"Suite\",\r\n  \"NumberOfGuests\": 2,\r\n  \"BookingSource\": \"Walk-in\",\r\n  \"PaymentStatus\": \"Paid\",\r\n  \"TotalAmount\": 6537.73,\r\n  \"SpecialRequests\": \"High floor\"\r\n},\r\n{\r\n  \"BookingID\": \"BKG-0072\",\r\n  \"GuestName\": \"Steven Lewis\",\r\n  \"CheckInDate\": new Date(1725840000000),\r\n  \"CheckOutDate\": new Date(1726099200000),\r\n  \"RoomType\": \"Suite\",\r\n  \"NumberOfGuests\": 2,\r\n  \"BookingSource\": \"Mobile App\",\r\n  \"PaymentStatus\": \"Refunded\",\r\n  \"TotalAmount\": 6878.06,\r\n  \"SpecialRequests\": \"No smoking room\"\r\n},\r\n{\r\n  \"BookingID\": \"BKG-0073\",\r\n  \"GuestName\": \"Tina Hall\",\r\n  \"CheckInDate\": new Date(1726531200000),\r\n  \"CheckOutDate\": new Date(1726963200000),\r\n  \"RoomType\": \"Suite\",\r\n  \"NumberOfGuests\": 3,\r\n  \"BookingSource\": \"Walk-in\",\r\n  \"PaymentStatus\": \"Paid\",\r\n  \"TotalAmount\": 6987.84,\r\n  \"SpecialRequests\": \"Early check-out\"\r\n},\r\n{\r\n  \"BookingID\": \"BKG-0074\",\r\n  \"GuestName\": \"William Allen\",\r\n  \"CheckInDate\": new Date(1726358400000),\r\n  \"CheckOutDate\": new Date(1726444800000),\r\n  \"RoomType\": \"Suite\",\r\n  \"NumberOfGuests\": 4,\r\n  \"BookingSource\": \"Website\",\r\n  \"PaymentStatus\": \"Paid\",\r\n  \"TotalAmount\": 4346.4,\r\n  \"SpecialRequests\": \"No smoking room\"\r\n},\r\n{\r\n  \"BookingID\": \"BKG-0075\",\r\n  \"GuestName\": \"Zoe Young\",\r\n  \"CheckInDate\": new Date(1722816000000),\r\n  \"CheckOutDate\": new Date(1723075200000),\r\n  \"RoomType\": \"Double\",\r\n  \"NumberOfGuests\": 1,\r\n  \"BookingSource\": \"Travel Agent\",\r\n  \"PaymentStatus\": \"Paid\",\r\n  \"TotalAmount\": 13987.62,\r\n  \"SpecialRequests\": \"High floor\"\r\n},\r\n{\r\n  \"BookingID\": \"BKG-0076\",\r\n  \"GuestName\": \"Abigail Scott\",\r\n  \"CheckInDate\": new Date(1724803200000),\r\n  \"CheckOutDate\": new Date(1724889600000),\r\n  \"RoomType\": \"Double\",\r\n  \"NumberOfGuests\": 1,\r\n  \"BookingSource\": \"Mobile App\",\r\n  \"PaymentStatus\": \"Cancelled\",\r\n  \"TotalAmount\": 13304.67,\r\n  \"SpecialRequests\": \"High floor\"\r\n},\r\n{\r\n  \"BookingID\": \"BKG-0077\",\r\n  \"GuestName\": \"Benjamin Green\",\r\n  \"CheckInDate\": new Date(1726531200000),\r\n  \"CheckOutDate\": new Date(1726963200000),\r\n  \"RoomType\": \"Deluxe\",\r\n  \"NumberOfGuests\": 2,\r\n  \"BookingSource\": \"Mobile App\",\r\n  \"PaymentStatus\": \"Paid\",\r\n  \"TotalAmount\": 5788.47,\r\n  \"SpecialRequests\": \"Late check-in\"\r\n},\r\n{\r\n  \"BookingID\": \"BKG-0078\",\r\n  \"GuestName\": \"Chloe Adams\",\r\n  \"CheckInDate\": new Date(1725062400000),\r\n  \"CheckOutDate\": new Date(1725148800000),\r\n  \"RoomType\": \"Suite\",\r\n  \"NumberOfGuests\": 2,\r\n  \"BookingSource\": \"Travel Agent\",\r\n  \"PaymentStatus\": \"Paid\",\r\n  \"TotalAmount\": 9176.41,\r\n  \"SpecialRequests\": \"Early check-out\"\r\n},\r\n{\r\n  \"BookingID\": \"BKG-0079\",\r\n  \"GuestName\": \"David Baker\",\r\n  \"CheckInDate\": new Date(1725580800000),\r\n  \"CheckOutDate\": new Date(1725840000000),\r\n  \"RoomType\": \"Single\",\r\n  \"NumberOfGuests\": 4,\r\n  \"BookingSource\": \"Travel Agent\",\r\n  \"PaymentStatus\": \"Paid\",\r\n  \"TotalAmount\": 5338.82,\r\n  \"SpecialRequests\": \"High floor\"\r\n},\r\n{\r\n  \"BookingID\": \"BKG-0080\",\r\n  \"GuestName\": \"Emily Gonzalez\",\r\n  \"CheckInDate\": new Date(1725580800000),\r\n  \"CheckOutDate\": new Date(1725840000000),\r\n  \"RoomType\": \"Suite\",\r\n  \"NumberOfGuests\": 1,\r\n  \"BookingSource\": \"Mobile App\",\r\n  \"PaymentStatus\": \"Refunded\",\r\n  \"TotalAmount\": 11100.95,\r\n  \"SpecialRequests\": \"Extra pillows\"\r\n},\r\n{\r\n  \"BookingID\": \"BKG-0081\",\r\n  \"GuestName\": \"Frank Hernandez\",\r\n  \"CheckInDate\": new Date(1727049600000),\r\n  \"CheckOutDate\": new Date(1727308800000),\r\n  \"RoomType\": \"Suite\",\r\n  \"NumberOfGuests\": 1,\r\n  \"BookingSource\": \"Mobile App\",\r\n  \"PaymentStatus\": \"Pending\",\r\n  \"TotalAmount\": 12557.7,\r\n  \"SpecialRequests\": \"Late check-in\"\r\n},\r\n{\r\n  \"BookingID\": \"BKG-0082\",\r\n  \"GuestName\": \"Grace Lopez\",\r\n  \"CheckInDate\": new Date(1726876800000),\r\n  \"CheckOutDate\": new Date(1727136000000),\r\n  \"RoomType\": \"Suite\",\r\n  \"NumberOfGuests\": 3,\r\n  \"BookingSource\": \"Mobile App\",\r\n  \"PaymentStatus\": \"Cancelled\",\r\n  \"TotalAmount\": 5543.89,\r\n  \"SpecialRequests\": \"No smoking room\"\r\n},\r\n{\r\n  \"BookingID\": \"BKG-0083\",\r\n  \"GuestName\": \"Henry Wilson\",\r\n  \"CheckInDate\": new Date(1726617600000),\r\n  \"CheckOutDate\": new Date(1726790400000),\r\n  \"RoomType\": \"Deluxe\",\r\n  \"NumberOfGuests\": 1,\r\n  \"BookingSource\": \"Mobile App\",\r\n  \"PaymentStatus\": \"Cancelled\",\r\n  \"TotalAmount\": 6424.89,\r\n  \"SpecialRequests\": \"Extra pillows\"\r\n},\r\n{\r\n  \"BookingID\": \"BKG-0084\",\r\n  \"GuestName\": \"Isabelle Perez\",\r\n  \"CheckInDate\": new Date(1723507200000),\r\n  \"CheckOutDate\": new Date(1723939200000),\r\n  \"RoomType\": \"Double\",\r\n  \"NumberOfGuests\": 2,\r\n  \"BookingSource\": \"Website\",\r\n  \"PaymentStatus\": \"Paid\",\r\n  \"TotalAmount\": 13401.6,\r\n  \"SpecialRequests\": \"No smoking room\"\r\n},\r\n{\r\n  \"BookingID\": \"BKG-0085\",\r\n  \"GuestName\": \"Jack Taylor\",\r\n  \"CheckInDate\": new Date(1725753600000),\r\n  \"CheckOutDate\": new Date(1726012800000),\r\n  \"RoomType\": \"Suite\",\r\n  \"NumberOfGuests\": 1,\r\n  \"BookingSource\": \"Mobile App\",\r\n  \"PaymentStatus\": \"Paid\",\r\n  \"TotalAmount\": 12290.64,\r\n  \"SpecialRequests\": \"Early check-out\"\r\n},\r\n{\r\n  \"BookingID\": \"BKG-0086\",\r\n  \"GuestName\": \"Karen Moore\",\r\n  \"CheckInDate\": new Date(1725753600000),\r\n  \"CheckOutDate\": new Date(1725926400000),\r\n  \"RoomType\": \"Double\",\r\n  \"NumberOfGuests\": 2,\r\n  \"BookingSource\": \"Walk-in\",\r\n  \"PaymentStatus\": \"Paid\",\r\n  \"TotalAmount\": 14477.88,\r\n  \"SpecialRequests\": \"Extra pillows\"\r\n},\r\n{\r\n  \"BookingID\": \"BKG-0087\",\r\n  \"GuestName\": \"Liam Anderson\",\r\n  \"CheckInDate\": new Date(1722643200000),\r\n  \"CheckOutDate\": new Date(1722816000000),\r\n  \"RoomType\": \"Deluxe\",\r\n  \"NumberOfGuests\": 3,\r\n  \"BookingSource\": \"Mobile App\",\r\n  \"PaymentStatus\": \"Paid\",\r\n  \"TotalAmount\": 4154.3,\r\n  \"SpecialRequests\": \"Extra pillows\"\r\n},\r\n{\r\n  \"BookingID\": \"BKG-0088\",\r\n  \"GuestName\": \"Mia Thomas\",\r\n  \"CheckInDate\": new Date(1722556800000),\r\n  \"CheckOutDate\": new Date(1722816000000),\r\n  \"RoomType\": \"Suite\",\r\n  \"NumberOfGuests\": 2,\r\n  \"BookingSource\": \"Travel Agent\",\r\n  \"PaymentStatus\": \"Cancelled\",\r\n  \"TotalAmount\": 4531.12,\r\n  \"SpecialRequests\": \"Late check-in\"\r\n},\r\n{\r\n  \"BookingID\": \"BKG-0089\",\r\n  \"GuestName\": \"Noah Jackson\",\r\n  \"CheckInDate\": new Date(1726704000000),\r\n  \"CheckOutDate\": new Date(1727136000000),\r\n  \"RoomType\": \"Suite\",\r\n  \"NumberOfGuests\": 4,\r\n  \"BookingSource\": \"Mobile App\",\r\n  \"PaymentStatus\": \"Paid\",\r\n  \"TotalAmount\": 8010.03,\r\n  \"SpecialRequests\": \"Early check-out\"\r\n},\r\n{\r\n  \"BookingID\": \"BKG-0090\",\r\n  \"GuestName\": \"Olivia White\",\r\n  \"CheckInDate\": new Date(1724371200000),\r\n  \"CheckOutDate\": new Date(1724803200000),\r\n  \"RoomType\": \"Suite\",\r\n  \"NumberOfGuests\": 3,\r\n  \"BookingSource\": \"Walk-in\",\r\n  \"PaymentStatus\": \"Pending\",\r\n  \"TotalAmount\": 5104.84,\r\n  \"SpecialRequests\": \"High floor\"\r\n},\r\n{\r\n  \"BookingID\": \"BKG-0091\",\r\n  \"GuestName\": \"Peter Harris\",\r\n  \"CheckInDate\": new Date(1724716800000),\r\n  \"CheckOutDate\": new Date(1724889600000),\r\n  \"RoomType\": \"Suite\",\r\n  \"NumberOfGuests\": 1,\r\n  \"BookingSource\": \"Walk-in\",\r\n  \"PaymentStatus\": \"Cancelled\",\r\n  \"TotalAmount\": 12547.69,\r\n  \"SpecialRequests\": \"No smoking room\"\r\n},\r\n{\r\n  \"BookingID\": \"BKG-0092\",\r\n  \"GuestName\": \"Queen Martinez\",\r\n  \"CheckInDate\": new Date(1724976000000),\r\n  \"CheckOutDate\": new Date(1725148800000),\r\n  \"RoomType\": \"Single\",\r\n  \"NumberOfGuests\": 2,\r\n  \"BookingSource\": \"Walk-in\",\r\n  \"PaymentStatus\": \"Paid\",\r\n  \"TotalAmount\": 12765.88,\r\n  \"SpecialRequests\": \"\"\r\n},\r\n{\r\n  \"BookingID\": \"BKG-0093\",\r\n  \"GuestName\": \"Robert Robinson\",\r\n  \"CheckInDate\": new Date(1723420800000),\r\n  \"CheckOutDate\": new Date(1723593600000),\r\n  \"RoomType\": \"Double\",\r\n  \"NumberOfGuests\": 3,\r\n  \"BookingSource\": \"Mobile App\",\r\n  \"PaymentStatus\": \"Paid\",\r\n  \"TotalAmount\": 9444.23,\r\n  \"SpecialRequests\": \"Late check-in\"\r\n},\r\n{\r\n  \"BookingID\": \"BKG-0094\",\r\n  \"GuestName\": \"Samantha Clark\",\r\n  \"CheckInDate\": new Date(1725926400000),\r\n  \"CheckOutDate\": new Date(1726358400000),\r\n  \"RoomType\": \"Single\",\r\n  \"NumberOfGuests\": 1,\r\n  \"BookingSource\": \"Website\",\r\n  \"PaymentStatus\": \"Paid\",\r\n  \"TotalAmount\": 13393.41,\r\n  \"SpecialRequests\": \"Extra pillows\"\r\n},\r\n{\r\n  \"BookingID\": \"BKG-0095\",\r\n  \"GuestName\": \"Steven Lewis\",\r\n  \"CheckInDate\": new Date(1724803200000),\r\n  \"CheckOutDate\": new Date(1725148800000),\r\n  \"RoomType\": \"Single\",\r\n  \"NumberOfGuests\": 4,\r\n  \"BookingSource\": \"Mobile App\",\r\n  \"PaymentStatus\": \"Cancelled\",\r\n  \"TotalAmount\": 8338.99,\r\n  \"SpecialRequests\": \"No smoking room\"\r\n},\r\n{\r\n  \"BookingID\": \"BKG-0096\",\r\n  \"GuestName\": \"Tina Hall\",\r\n  \"CheckInDate\": new Date(1726099200000),\r\n  \"CheckOutDate\": new Date(1726444800000),\r\n  \"RoomType\": \"Suite\",\r\n  \"NumberOfGuests\": 1,\r\n  \"BookingSource\": \"Travel Agent\",\r\n  \"PaymentStatus\": \"Paid\",\r\n  \"TotalAmount\": 8124.9,\r\n  \"SpecialRequests\": \"High floor\"\r\n},\r\n{\r\n  \"BookingID\": \"BKG-0097\",\r\n  \"GuestName\": \"William Allen\",\r\n  \"CheckInDate\": new Date(1723334400000),\r\n  \"CheckOutDate\": new Date(1723766400000),\r\n  \"RoomType\": \"Deluxe\",\r\n  \"NumberOfGuests\": 1,\r\n  \"BookingSource\": \"Website\",\r\n  \"PaymentStatus\": \"Pending\",\r\n  \"TotalAmount\": 7051.41,\r\n  \"SpecialRequests\": \"No smoking room\"\r\n},\r\n{\r\n  \"BookingID\": \"BKG-0098\",\r\n  \"GuestName\": \"Zoe Young\",\r\n  \"CheckInDate\": new Date(1725840000000),\r\n  \"CheckOutDate\": new Date(1726099200000),\r\n  \"RoomType\": \"Deluxe\",\r\n  \"NumberOfGuests\": 2,\r\n  \"BookingSource\": \"Mobile App\",\r\n  \"PaymentStatus\": \"Paid\",\r\n  \"TotalAmount\": 4432.96,\r\n  \"SpecialRequests\": \"No smoking room\"\r\n},\r\n{\r\n  \"BookingID\": \"BKG-0099\",\r\n  \"GuestName\": \"Abigail Scott\",\r\n  \"CheckInDate\": new Date(1726876800000),\r\n  \"CheckOutDate\": new Date(1727049600000),\r\n  \"RoomType\": \"Single\",\r\n  \"NumberOfGuests\": 1,\r\n  \"BookingSource\": \"Website\",\r\n  \"PaymentStatus\": \"Cancelled\",\r\n  \"TotalAmount\": 12513.9,\r\n  \"SpecialRequests\": \"Late check-in\"\r\n},\r\n{\r\n  \"BookingID\": \"BKG-0100\",\r\n  \"GuestName\": \"Benjamin Green\",\r\n  \"CheckInDate\": new Date(1724716800000),\r\n  \"CheckOutDate\": new Date(1725148800000),\r\n  \"RoomType\": \"Double\",\r\n  \"NumberOfGuests\": 3,\r\n  \"BookingSource\": \"Website\",\r\n  \"PaymentStatus\": \"Cancelled\",\r\n  \"TotalAmount\": 12517.1,\r\n  \"SpecialRequests\": \"Late check-in\"\r\n}\r\n]",
  "dependencies": "{\"@syncfusion/react-grid\":\"*\",\"@syncfusion/react-locale\":\"*\",\"@syncfusion/react-cldr-data\":\"*\"}"
}