{
  "src/App.css": "@import \"@syncfusion/react-base/styles/material3.css\";\n@import \"@syncfusion/react-buttons/styles/material3.css\";\n@import \"@syncfusion/react-popups/styles/material3.css\";\n@import \"@syncfusion/react-splitbuttons/styles/material3.css\";\n@import \"@syncfusion/react-inputs/styles/material3.css\";\n@import \"@syncfusion/react-calendars/styles/material3.css\";\n@import \"@syncfusion/react-lists/styles/material3.css\";\n@import \"@syncfusion/react-dropdowns/styles/material3.css\";\n@import \"@syncfusion/react-navigations/styles/material3.css\";\n@import \"@syncfusion/react-notifications/styles/material3.css\";\n@import \"@syncfusion/react-pager/styles/material3.css\";\n@import \"@syncfusion/react-grid/styles/material3.css\";\n",
  "src/App.tsx": "import { Grid, Column, Columns, ColumnTemplateProps, SortSettings, ClipMode, TextAlign } from '@syncfusion/react-grid';\r\nimport React, { useCallback, useMemo, useState } from 'react';\r\nimport './libraryDetails.css';\r\nimport { bookCatalog, LibraryBook } from './libraryDetails';\r\n\r\nexport default function App() {\r\n  // State to manage sort settings.    \r\n  const [sortSettings] = useState<SortSettings>({ enabled: true });\r\n  \r\n  // Template to render book details including Title, Author, and Book ID.\r\n  const templateWithRowInfo = useCallback((props?: ColumnTemplateProps): React.ReactElement => {\r\n    return (\r\n      <div className=\"sf-row-info\">\r\n        <div><b>Title:</b> {(props?.data as LibraryBook).Title}</div>\r\n        <div><b>Author:</b> {(props?.data as LibraryBook).Author}</div>\r\n        <div><b>Book ID:</b> {(props?.data as LibraryBook).BookID}</div>\r\n      </div>\r\n    );\r\n  }, []);\r\n\r\n  return useMemo(() => (\r\n    // Memoized Grid component to prevent unnecessary re-renders.\r\n    <Grid dataSource={bookCatalog.slice(0,15)} className='library-data' sortSettings={sortSettings} height={350} enableHover={false}>\r\n      <Columns>\r\n        <Column field=\"BookID\" headerText=\"Book Details\" width=\"190\" template={templateWithRowInfo} />\r\n        <Column field='Title' headerText='Title' width='120' clipMode={ClipMode.EllipsisWithTooltip} />\r\n        <Column field=\"Author\" headerText=\"Author\" width=\"120\" />\r\n        <Column field=\"Genre\" headerText=\"Genre\" width=\"80\" />\r\n        <Column field='Language' headerText='Language' width='90'/>\r\n        <Column field='Rating' headerText='Rating' textAlign={TextAlign.Right} width='70' />\r\n      </Columns>\r\n    </Grid>\r\n  ), [templateWithRowInfo]);\r\n}\r\n",
  "src/libraryDetails.ts": "\r\nexport interface LibraryBook {\r\n  BookID: number;\r\n  Title: string;\r\n  Author: string;\r\n  Genre: string;\r\n  PublishedYear: number;\r\n  Rating?: number;\r\n  Language?: string;\r\n}\r\n\r\nexport const bookCatalog: LibraryBook[] = [\r\n  {\r\n    \"BookID\": 200,\r\n    \"Title\": \"The Silent Patient\",\r\n    \"Author\": \"Alex Michaelides\",\r\n    \"Genre\": \"Thriller\",\r\n    \"PublishedYear\": 2017,\r\n    \"Rating\": 3.6,\r\n    \"Language\": \"Swedish\",\r\n  },\r\n  {\r\n    \"BookID\": 201,\r\n    \"Title\": \"Educated\",\r\n    \"Author\": \"Tara Westover\",\r\n    \"Genre\": \"Fantasy\",\r\n    \"PublishedYear\": 2008,\r\n    \"Rating\": 3.7,\r\n    \"Language\": \"Dutch\",\r\n  },\r\n  {\r\n    \"BookID\": 202,\r\n    \"Title\": \"Where the Crawdads Sing\",\r\n    \"Author\": \"Delia Owens\",\r\n    \"Genre\": \"Fantasy\",\r\n    \"PublishedYear\": 2021,\r\n    \"Rating\": 4.4,\r\n    \"Language\": \"English\",\r\n  },\r\n  {\r\n    \"BookID\": 203,\r\n    \"Title\": \"Becoming\",\r\n    \"Author\": \"Michelle Obama\",\r\n    \"Genre\": \"Science Fiction\",\r\n    \"PublishedYear\": 2003,\r\n    \"Rating\": 4.5,\r\n    \"Language\": \"English\",\r\n  },\r\n  {\r\n    \"BookID\": 204,\r\n    \"Title\": \"The Midnight Library\",\r\n    \"Author\": \"Matt Haig\",\r\n    \"Genre\": \"Historical\",\r\n    \"PublishedYear\": 2014,\r\n    \"Rating\": 4.8,\r\n    \"Language\": \"German\",\r\n  },\r\n  {\r\n    \"BookID\": 205,\r\n    \"Title\": \"The Vanishing Half\",\r\n    \"Author\": \"Brit Bennett\",\r\n    \"Genre\": \"Science Fiction\",\r\n    \"PublishedYear\": 2017,\r\n    \"Rating\": 4.2,\r\n    \"Language\": \"Portuguese\",\r\n  },\r\n  {\r\n    \"BookID\": 206,\r\n    \"Title\": \"The Four Winds\",\r\n    \"Author\": \"Kristin Hannah\",\r\n    \"Genre\": \"Science Fiction\",\r\n    \"PublishedYear\": 2013,\r\n    \"Rating\": 3.6,\r\n    \"Language\": \"Japanese\",\r\n  },\r\n  {\r\n    \"BookID\": 207,\r\n    \"Title\": \"Project Hail Mary\",\r\n    \"Author\": \"Andy Weir\",\r\n    \"Genre\": \"Memoir\",\r\n    \"PublishedYear\": 2019,\r\n    \"Rating\": 4.4,\r\n    \"Language\": \"English\",\r\n  },\r\n  {\r\n    \"BookID\": 208,\r\n    \"Title\": \"The Last Thing He Told Me\",\r\n    \"Author\": \"Laura Dave\",\r\n    \"Genre\": \"Drama\",\r\n    \"PublishedYear\": 2023,\r\n    \"Rating\": 4.4,\r\n    \"Language\": \"English\",\r\n  },\r\n  {\r\n    \"BookID\": 209,\r\n    \"Title\": \"Verity\",\r\n    \"Author\": \"Colleen Hoover\",\r\n    \"Genre\": \"Self-help\",\r\n    \"PublishedYear\": 2016,\r\n    \"Rating\": 4.1,\r\n    \"Language\": \"Dutch\",\r\n  },\r\n  {\r\n    \"BookID\": 210,\r\n    \"Title\": \"Atomic Habits\",\r\n    \"Author\": \"James Clear\",\r\n    \"Genre\": \"Historical\",\r\n    \"PublishedYear\": 2001,\r\n    \"Rating\": 4.9,\r\n    \"Language\": \"French\",\r\n  },\r\n  {\r\n    \"BookID\": 211,\r\n    \"Title\": \"The Guest List\",\r\n    \"Author\": \"Lucy Foley\",\r\n    \"Genre\": \"Drama\",\r\n    \"PublishedYear\": 2021,\r\n    \"Rating\": 4.5,\r\n    \"Language\": \"Russian\",\r\n  },\r\n  {\r\n    \"BookID\": 212,\r\n    \"Title\": \"The Paris Library\",\r\n    \"Author\": \"Janet Skeslien Charles\",\r\n    \"Genre\": \"Memoir\",\r\n    \"PublishedYear\": 2019,\r\n    \"Rating\": 3.9,\r\n    \"Language\": \"Russian\",\r\n  },\r\n  {\r\n    \"BookID\": 213,\r\n    \"Title\": \"The Book Thief\",\r\n    \"Author\": \"Markus Zusak\",\r\n    \"Genre\": \"Drama\",\r\n    \"PublishedYear\": 2018,\r\n    \"Rating\": 4.8,\r\n    \"Language\": \"French\",\r\n  },\r\n  {\r\n    \"BookID\": 214,\r\n    \"Title\": \"The Nightingale\",\r\n    \"Author\": \"Kristin Hannah\",\r\n    \"Genre\": \"Self-help\",\r\n    \"PublishedYear\": 2017,\r\n    \"Rating\": 3.5,\r\n    \"Language\": \"Swedish\",\r\n  },\r\n  {\r\n    \"BookID\": 215,\r\n    \"Title\": \"Circe\",\r\n    \"Author\": \"Madeline Miller\",\r\n    \"Genre\": \"Thriller\",\r\n    \"PublishedYear\": 2017,\r\n    \"Rating\": 3.6,\r\n    \"Language\": \"French\",\r\n  },\r\n  {\r\n    \"BookID\": 216,\r\n    \"Title\": \"The Song of Achilles\",\r\n    \"Author\": \"Madeline Miller\",\r\n    \"Genre\": \"Self-help\",\r\n    \"PublishedYear\": 2019,\r\n    \"Rating\": 4.1,\r\n    \"Language\": \"English\",\r\n  },\r\n  {\r\n    \"BookID\": 217,\r\n    \"Title\": \"A Man Called Ove\",\r\n    \"Author\": \"Fredrik Backman\",\r\n    \"Genre\": \"Science Fiction\",\r\n    \"PublishedYear\": 2017,\r\n    \"Rating\": 4.5,\r\n    \"Language\": \"Dutch\",\r\n  },\r\n  {\r\n    \"BookID\": 218,\r\n    \"Title\": \"The Alchemist\",\r\n    \"Author\": \"Paulo Coelho\",\r\n    \"Genre\": \"Historical\",\r\n    \"PublishedYear\": 2009,\r\n    \"Rating\": 3.5,\r\n    \"Language\": \"Russian\",\r\n  },\r\n  {\r\n    \"BookID\": 219,\r\n    \"Title\": \"The Giver of Stars\",\r\n    \"Author\": \"Jojo Moyes\",\r\n    \"Genre\": \"Memoir\",\r\n    \"PublishedYear\": 2013,\r\n    \"Rating\": 3.8,\r\n    \"Language\": \"Dutch\",\r\n  },\r\n  {\r\n    \"BookID\": 220,\r\n    \"Title\": \"The Henna Artist\",\r\n    \"Author\": \"Alka Joshi\",\r\n    \"Genre\": \"Historical\",\r\n    \"PublishedYear\": 2013,\r\n    \"Rating\": 3.5,\r\n    \"Language\": \"Dutch\",\r\n  },\r\n  {\r\n    \"BookID\": 221,\r\n    \"Title\": \"The Paper Palace\",\r\n    \"Author\": \"Miranda Cowley Heller\",\r\n    \"Genre\": \"Mystery\",\r\n    \"PublishedYear\": 2013,\r\n    \"Rating\": 4.3,\r\n    \"Language\": \"Italian\",\r\n  },\r\n  {\r\n    \"BookID\": 222,\r\n    \"Title\": \"Malibu Rising\",\r\n    \"Author\": \"Taylor Jenkins Reid\",\r\n    \"Genre\": \"Self-help\",\r\n    \"PublishedYear\": 2010,\r\n    \"Rating\": 4.5,\r\n    \"Language\": \"English\",\r\n  },\r\n  {\r\n    \"BookID\": 223,\r\n    \"Title\": \"It Ends with Us\",\r\n    \"Author\": \"Colleen Hoover\",\r\n    \"Genre\": \"Romance\",\r\n    \"PublishedYear\": 2007,\r\n    \"Rating\": 5.0,\r\n    \"Language\": \"Japanese\",\r\n  },\r\n  {\r\n    \"BookID\": 224,\r\n    \"Title\": \"Reminders of Him\",\r\n    \"Author\": \"Colleen Hoover\",\r\n    \"Genre\": \"Self-help\",\r\n    \"PublishedYear\": 2003,\r\n    \"Rating\": 3.6,\r\n    \"Language\": \"German\",\r\n  },\r\n  {\r\n    \"BookID\": 225,\r\n    \"Title\": \"Ugly Love\",\r\n    \"Author\": \"Colleen Hoover\",\r\n    \"Genre\": \"Fantasy\",\r\n    \"PublishedYear\": 2006,\r\n    \"Rating\": 4.2,\r\n    \"Language\": \"Spanish\",\r\n  },\r\n  {\r\n    \"BookID\": 226,\r\n    \"Title\": \"November 9\",\r\n    \"Author\": \"Colleen Hoover\",\r\n    \"Genre\": \"Romance\",\r\n    \"PublishedYear\": 2013,\r\n    \"Rating\": 3.9,\r\n    \"Language\": \"Swedish\",\r\n  },\r\n  {\r\n    \"BookID\": 227,\r\n    \"Title\": \"The Seven Husbands of Evelyn Hugo\",\r\n    \"Author\": \"Taylor Jenkins Reid\",\r\n    \"Genre\": \"Science Fiction\",\r\n    \"PublishedYear\": 2020,\r\n    \"Rating\": 4.9,\r\n    \"Language\": \"Spanish\",\r\n  },\r\n  {\r\n    \"BookID\": 228,\r\n    \"Title\": \"Daisy Jones & The Six\",\r\n    \"Author\": \"Taylor Jenkins Reid\",\r\n    \"Genre\": \"Self-help\",\r\n    \"PublishedYear\": 2007,\r\n    \"Rating\": 4.0,\r\n    \"Language\": \"Portuguese\",\r\n  },\r\n  {\r\n    \"BookID\": 229,\r\n    \"Title\": \"The House in the Cerulean Sea\",\r\n    \"Author\": \"TJ Klune\",\r\n    \"Genre\": \"Drama\",\r\n    \"PublishedYear\": 2019,\r\n    \"Rating\": 4.6,\r\n    \"Language\": \"English\",\r\n    }\r\n];",
  "src/libraryDetails.css": ".library-data .sf-row-info {\r\n    display: flex;\r\n    flex-direction: column;\r\n    padding: 8px;\r\n    font-size: 12px;\r\n    line-height: 1.5;\r\n    color: #4A4458;\r\n    background-color: #F5EEFA;\r\n    border-radius: 4px;\r\n}\r\n\r\n.library-data .sf-row-info div {\r\n    margin-bottom: 4px;\r\n}\r\n\r\n.library-data .sf-row-info b {\r\n    font-weight: 600;\r\n    color: #000000;\r\n}\r\n\r\n.dark-theme .library-data .sf-row-info {\r\n    color: #E0E0E0;\r\n    background-color: #303030;\r\n}\r\n\r\n.dark-theme .library-data .sf-row-info b {\r\n    color: #FFFFFF;\r\n}\r\n",
  "dependencies": "{\"@syncfusion/react-grid\":\"*\",\"@syncfusion/react-locale\":\"*\",\"@syncfusion/react-cldr-data\":\"*\"}"
}