{
  "src/App.css": "@import \"@syncfusion/react-base/styles/material3.css\";\n@import \"@syncfusion/react-buttons/styles/material3.css\";\n@import \"@syncfusion/react-popups/styles/material3.css\";\n@import \"@syncfusion/react-splitbuttons/styles/material3.css\";\n@import \"@syncfusion/react-inputs/styles/material3.css\";\n@import \"@syncfusion/react-calendars/styles/material3.css\";\n@import \"@syncfusion/react-lists/styles/material3.css\";\n@import \"@syncfusion/react-dropdowns/styles/material3.css\";\n@import \"@syncfusion/react-navigations/styles/material3.css\";\n@import \"@syncfusion/react-notifications/styles/material3.css\";\n@import \"@syncfusion/react-pager/styles/material3.css\";\n@import \"@syncfusion/react-grid/styles/material3.css\";\n",
  "src/App.tsx": "import { Grid, Columns, Column, FilterSettings, SortSettings, PageSettings, FilterBarType, TextAlign } from '@syncfusion/react-grid';\r\nimport { restaurantMenu } from './restaurantDetails';\r\nimport { useState } from 'react';\r\n\r\n\r\nexport default function App() {\r\n    // Initialize state for filter, sort, and pagination settings.  \r\n    const [filterSettings] = useState<FilterSettings>({enabled: true});\r\n    const [sortSettings] = useState<SortSettings>({enabled: true, mode:'Multiple'});\r\n    const [pageSettings] = useState<PageSettings>({ enabled: true, pageSize: 8, pageCount: 4  });\r\n    // Render grid with restaurant data and configured settings.\r\n    return (\r\n        <div>\r\n            <Grid dataSource={restaurantMenu} sortSettings={sortSettings} filterSettings={filterSettings} pageSettings={pageSettings} >\r\n                <Columns>\r\n                    <Column field=\"ItemID\" headerText=\"Item Code\" width={70} />\r\n                    <Column field=\"ItemName\" headerText=\"Dish Name\" width={80} />\r\n                    <Column field=\"Price\" headerText=\"Cost\" width={60} format=\"C2\" textAlign={TextAlign.Right} filter={{filterBarType:FilterBarType.NumericTextBox}}/>\r\n                    <Column field=\"Category\" headerText=\"Food Type\" width={80} />\r\n                    <Column field=\"CuisineType\" headerText=\"Cuisine Type\" width={80} />\r\n                </Columns>\r\n            </Grid>\r\n        </div>\r\n    );\r\n};\r\n\r\n",
  "src/restaurantDetails.ts": "export interface MenuItem {\r\n  ItemID: string;\r\n  ItemName: string;\r\n  Price: number;\r\n  Category: string;\r\n  SpiceLevel: string;\r\n  IsAvailable: boolean;\r\n  IsSeasonal: boolean;\r\n  Description: string;\r\n  CuisineType: string;\r\n  RecommendedPairing: string;\r\n  OrderFrequency: number;\r\n}\r\n\r\nexport const restaurantMenu: MenuItem[] = [\r\n    {\r\n        \"ItemID\": \"ITEM-1001\",\r\n        \"ItemName\": \"Grilled Chicken\",\r\n        \"Category\": \"Main Course\",\r\n        \"Price\": 9.0,\r\n        \"Description\": \"Grilled Chicken - a delightful main course option.\",\r\n        \"IsAvailable\": false,\r\n        \"SpiceLevel\": \"Hot\",\r\n        \"CuisineType\": \"Italian\",\r\n        \"IsSeasonal\": true,\r\n        \"RecommendedPairing\": \"French Fries\",\r\n        \"OrderFrequency\": 30\r\n    },\r\n    {\r\n        \"ItemID\": \"ITEM-1002\",\r\n        \"ItemName\": \"Fruit Salad\",\r\n        \"Category\": \"Salad\",\r\n        \"Price\": 16.61,\r\n        \"Description\": \"Fruit Salad - a delightful salad option.\",\r\n        \"IsAvailable\": false,\r\n        \"SpiceLevel\": \"None\",\r\n        \"CuisineType\": \"Mexican\",\r\n        \"IsSeasonal\": false,\r\n        \"RecommendedPairing\": \"Garlic Bread\",\r\n        \"OrderFrequency\": 64\r\n    },\r\n    {\r\n        \"ItemID\": \"ITEM-1003\",\r\n        \"ItemName\": \"Tiramisu\",\r\n        \"Category\": \"Dessert\",\r\n        \"Price\": 11.24,\r\n        \"Description\": \"Tiramisu - a delightful dessert option.\",\r\n        \"IsAvailable\": true,\r\n        \"SpiceLevel\": \"None\",\r\n        \"CuisineType\": \"Chinese\",\r\n        \"IsSeasonal\": false,\r\n        \"RecommendedPairing\": \"Red Wine\",\r\n        \"OrderFrequency\": 91\r\n    },\r\n    {\r\n        \"ItemID\": \"ITEM-1004\",\r\n        \"ItemName\": \"Chocolate Cake\",\r\n        \"Category\": \"Dessert\",\r\n        \"Price\": 14.46,\r\n        \"Description\": \"Chocolate Cake - a delightful dessert option.\",\r\n        \"IsAvailable\": false,\r\n        \"SpiceLevel\": \"None\",\r\n        \"CuisineType\": \"American\",\r\n        \"IsSeasonal\": true,\r\n        \"RecommendedPairing\": \"Garlic Bread\",\r\n        \"OrderFrequency\": 56\r\n    },\r\n    {\r\n        \"ItemID\": \"ITEM-1005\",\r\n        \"ItemName\": \"Stuffed Mushrooms\",\r\n        \"Category\": \"Appetizer\",\r\n        \"Price\": 5.07,\r\n        \"Description\": \"Stuffed Mushrooms - a delightful appetizer option.\",\r\n        \"IsAvailable\": false,\r\n        \"SpiceLevel\": \"Mild\",\r\n        \"CuisineType\": \"American\",\r\n        \"IsSeasonal\": true,\r\n        \"RecommendedPairing\": \"Green Salad\",\r\n        \"OrderFrequency\": 70\r\n    },\r\n    {\r\n        \"ItemID\": \"ITEM-1006\",\r\n        \"ItemName\": \"Coleslaw\",\r\n        \"Category\": \"Salad\",\r\n        \"Price\": 13.26,\r\n        \"Description\": \"Coleslaw - a delightful salad option.\",\r\n        \"IsAvailable\": false,\r\n        \"SpiceLevel\": \"None\",\r\n        \"CuisineType\": \"Mexican\",\r\n        \"IsSeasonal\": false,\r\n        \"RecommendedPairing\": \"Green Salad\",\r\n        \"OrderFrequency\": 12\r\n    },\r\n    {\r\n        \"ItemID\": \"ITEM-1007\",\r\n        \"ItemName\": \"Greek Salad\",\r\n        \"Category\": \"Salad\",\r\n        \"Price\": 10.42,\r\n        \"Description\": \"Greek Salad - a delightful salad option.\",\r\n        \"IsAvailable\": false,\r\n        \"SpiceLevel\": \"None\",\r\n        \"CuisineType\": \"American\",\r\n        \"IsSeasonal\": true,\r\n        \"RecommendedPairing\": \"Green Salad\",\r\n        \"OrderFrequency\": 74\r\n    },\r\n    {\r\n        \"ItemID\": \"ITEM-1008\",\r\n        \"ItemName\": \"Nachos\",\r\n        \"Category\": \"Appetizer\",\r\n        \"Price\": 10.06,\r\n        \"Description\": \"Nachos - a delightful appetizer option.\",\r\n        \"IsAvailable\": false,\r\n        \"SpiceLevel\": \"Hot\",\r\n        \"CuisineType\": \"Italian\",\r\n        \"IsSeasonal\": true,\r\n        \"RecommendedPairing\": \"Red Wine\",\r\n        \"OrderFrequency\": 17\r\n    },\r\n    {\r\n        \"ItemID\": \"ITEM-1009\",\r\n        \"ItemName\": \"Iced Tea\",\r\n        \"Category\": \"Beverage\",\r\n        \"Price\": 7.37,\r\n        \"Description\": \"Iced Tea - a delightful beverage option.\",\r\n        \"IsAvailable\": false,\r\n        \"SpiceLevel\": \"None\",\r\n        \"CuisineType\": \"Mexican\",\r\n        \"IsSeasonal\": false,\r\n        \"RecommendedPairing\": \"Iced Tea\",\r\n        \"OrderFrequency\": 35\r\n    },\r\n    {\r\n        \"ItemID\": \"ITEM-1010\",\r\n        \"ItemName\": \"Garlic Bread\",\r\n        \"Category\": \"Appetizer\",\r\n        \"Price\": 14.34,\r\n        \"Description\": \"Garlic Bread - a delightful appetizer option.\",\r\n        \"IsAvailable\": false,\r\n        \"SpiceLevel\": \"Mild\",\r\n        \"CuisineType\": \"American\",\r\n        \"IsSeasonal\": true,\r\n        \"RecommendedPairing\": \"Green Salad\",\r\n        \"OrderFrequency\": 22\r\n    },\r\n    {\r\n        \"ItemID\": \"ITEM-1011\",\r\n        \"ItemName\": \"Spring Rolls\",\r\n        \"Category\": \"Appetizer\",\r\n        \"Price\": 6.87,\r\n        \"Description\": \"Spring Rolls - a delightful appetizer option.\",\r\n        \"IsAvailable\": false,\r\n        \"SpiceLevel\": \"Mild\",\r\n        \"CuisineType\": \"American\",\r\n        \"IsSeasonal\": true,\r\n        \"RecommendedPairing\": \"Iced Tea\",\r\n        \"OrderFrequency\": 53\r\n    },\r\n    {\r\n        \"ItemID\": \"ITEM-1012\",\r\n        \"ItemName\": \"Spaghetti Bolognese\",\r\n        \"Category\": \"Main Course\",\r\n        \"Price\": 17.15,\r\n        \"Description\": \"Spaghetti Bolognese - a delightful main course option.\",\r\n        \"IsAvailable\": true,\r\n        \"SpiceLevel\": \"Mild\",\r\n        \"CuisineType\": \"Mexican\",\r\n        \"IsSeasonal\": true,\r\n        \"RecommendedPairing\": \"French Fries\",\r\n        \"OrderFrequency\": 63\r\n    },\r\n    {\r\n        \"ItemID\": \"ITEM-1013\",\r\n        \"ItemName\": \"Paneer Tikka Masala\",\r\n        \"Category\": \"Main Course\",\r\n        \"Price\": 18.08,\r\n        \"Description\": \"Paneer Tikka Masala - a delightful main course option.\",\r\n        \"IsAvailable\": true,\r\n        \"SpiceLevel\": \"Hot\",\r\n        \"CuisineType\": \"American\",\r\n        \"IsSeasonal\": false,\r\n        \"RecommendedPairing\": \"Green Salad\",\r\n        \"OrderFrequency\": 78\r\n    },\r\n    {\r\n        \"ItemID\": \"ITEM-1014\",\r\n        \"ItemName\": \"Chocolate Cake\",\r\n        \"Category\": \"Dessert\",\r\n        \"Price\": 20.0,\r\n        \"Description\": \"Chocolate Cake - a delightful dessert option.\",\r\n        \"IsAvailable\": true,\r\n        \"SpiceLevel\": \"None\",\r\n        \"CuisineType\": \"Mexican\",\r\n        \"IsSeasonal\": true,\r\n        \"RecommendedPairing\": \"Red Wine\",\r\n        \"OrderFrequency\": 67\r\n    },\r\n    {\r\n        \"ItemID\": \"ITEM-1015\",\r\n        \"ItemName\": \"Grilled Chicken\",\r\n        \"Category\": \"Main Course\",\r\n        \"Price\": 18.22,\r\n        \"Description\": \"Grilled Chicken - a delightful main course option.\",\r\n        \"IsAvailable\": false,\r\n        \"SpiceLevel\": \"Medium\",\r\n        \"CuisineType\": \"Mexican\",\r\n        \"IsSeasonal\": true,\r\n        \"RecommendedPairing\": \"Red Wine\",\r\n        \"OrderFrequency\": 69\r\n    },\r\n    {\r\n        \"ItemID\": \"ITEM-1016\",\r\n        \"ItemName\": \"Mango Smoothie\",\r\n        \"Category\": \"Beverage\",\r\n        \"Price\": 24.44,\r\n        \"Description\": \"Mango Smoothie - a delightful beverage option.\",\r\n        \"IsAvailable\": true,\r\n        \"SpiceLevel\": \"None\",\r\n        \"CuisineType\": \"American\",\r\n        \"IsSeasonal\": true,\r\n        \"RecommendedPairing\": \"Garlic Bread\",\r\n        \"OrderFrequency\": 59\r\n    },\r\n    {\r\n        \"ItemID\": \"ITEM-1017\",\r\n        \"ItemName\": \"Quinoa Salad\",\r\n        \"Category\": \"Salad\",\r\n        \"Price\": 5.26,\r\n        \"Description\": \"Quinoa Salad - a delightful salad option.\",\r\n        \"IsAvailable\": false,\r\n        \"SpiceLevel\": \"None\",\r\n        \"CuisineType\": \"American\",\r\n        \"IsSeasonal\": true,\r\n        \"RecommendedPairing\": \"Green Salad\",\r\n        \"OrderFrequency\": 84\r\n    },\r\n    {\r\n        \"ItemID\": \"ITEM-1018\",\r\n        \"ItemName\": \"Grilled Chicken\",\r\n        \"Category\": \"Main Course\",\r\n        \"Price\": 22.28,\r\n        \"Description\": \"Grilled Chicken - a delightful main course option.\",\r\n        \"IsAvailable\": true,\r\n        \"SpiceLevel\": \"Mild\",\r\n        \"CuisineType\": \"American\",\r\n        \"IsSeasonal\": true,\r\n        \"RecommendedPairing\": \"Iced Tea\",\r\n        \"OrderFrequency\": 31\r\n    },\r\n    {\r\n        \"ItemID\": \"ITEM-1019\",\r\n        \"ItemName\": \"Cappuccino\",\r\n        \"Category\": \"Beverage\",\r\n        \"Price\": 8.79,\r\n        \"Description\": \"Cappuccino - a delightful beverage option.\",\r\n        \"IsAvailable\": false,\r\n        \"SpiceLevel\": \"None\",\r\n        \"CuisineType\": \"Italian\",\r\n        \"IsSeasonal\": false,\r\n        \"RecommendedPairing\": \"Green Salad\",\r\n        \"OrderFrequency\": 100\r\n    },\r\n    {\r\n        \"ItemID\": \"ITEM-1020\",\r\n        \"ItemName\": \"Garlic Bread\",\r\n        \"Category\": \"Appetizer\",\r\n        \"Price\": 18.14,\r\n        \"Description\": \"Garlic Bread - a delightful appetizer option.\",\r\n        \"IsAvailable\": true,\r\n        \"SpiceLevel\": \"Mild\",\r\n        \"CuisineType\": \"American\",\r\n        \"IsSeasonal\": true,\r\n        \"RecommendedPairing\": \"Red Wine\",\r\n        \"OrderFrequency\": 83\r\n    },\r\n    {\r\n        \"ItemID\": \"ITEM-1021\",\r\n        \"ItemName\": \"Bruschetta\",\r\n        \"Category\": \"Appetizer\",\r\n        \"Price\": 20.41,\r\n        \"Description\": \"Bruschetta - a delightful appetizer option.\",\r\n        \"IsAvailable\": true,\r\n        \"SpiceLevel\": \"Mild\",\r\n        \"CuisineType\": \"Mexican\",\r\n        \"IsSeasonal\": true,\r\n        \"RecommendedPairing\": \"Red Wine\",\r\n        \"OrderFrequency\": 59\r\n    },\r\n    {\r\n        \"ItemID\": \"ITEM-1022\",\r\n        \"ItemName\": \"Caesar Salad\",\r\n        \"Category\": \"Salad\",\r\n        \"Price\": 22.95,\r\n        \"Description\": \"Caesar Salad - a delightful salad option.\",\r\n        \"IsAvailable\": false,\r\n        \"SpiceLevel\": \"None\",\r\n        \"CuisineType\": \"Chinese\",\r\n        \"IsSeasonal\": true,\r\n        \"RecommendedPairing\": \"French Fries\",\r\n        \"OrderFrequency\": 72\r\n    },\r\n    {\r\n        \"ItemID\": \"ITEM-1023\",\r\n        \"ItemName\": \"Cappuccino\",\r\n        \"Category\": \"Beverage\",\r\n        \"Price\": 19.57,\r\n        \"Description\": \"Cappuccino - a delightful beverage option.\",\r\n        \"IsAvailable\": true,\r\n        \"SpiceLevel\": \"None\",\r\n        \"CuisineType\": \"American\",\r\n        \"IsSeasonal\": false,\r\n        \"RecommendedPairing\": \"Red Wine\",\r\n        \"OrderFrequency\": 37\r\n    },\r\n    {\r\n        \"ItemID\": \"ITEM-1024\",\r\n        \"ItemName\": \"Nachos\",\r\n        \"Category\": \"Appetizer\",\r\n        \"Price\": 20.01,\r\n        \"Description\": \"Nachos - a delightful appetizer option.\",\r\n        \"IsAvailable\": false,\r\n        \"SpiceLevel\": \"Medium\",\r\n        \"CuisineType\": \"Chinese\",\r\n        \"IsSeasonal\": false,\r\n        \"RecommendedPairing\": \"Red Wine\",\r\n        \"OrderFrequency\": 42\r\n    },\r\n    {\r\n        \"ItemID\": \"ITEM-1025\",\r\n        \"ItemName\": \"Chocolate Cake\",\r\n        \"Category\": \"Dessert\",\r\n        \"Price\": 14.54,\r\n        \"Description\": \"Chocolate Cake - a delightful dessert option.\",\r\n        \"IsAvailable\": false,\r\n        \"SpiceLevel\": \"None\",\r\n        \"CuisineType\": \"Italian\",\r\n        \"IsSeasonal\": true,\r\n        \"RecommendedPairing\": \"Garlic Bread\",\r\n        \"OrderFrequency\": 87\r\n    },\r\n    {\r\n        \"ItemID\": \"ITEM-1026\",\r\n        \"ItemName\": \"Nachos\",\r\n        \"Category\": \"Appetizer\",\r\n        \"Price\": 7.63,\r\n        \"Description\": \"Nachos - a delightful appetizer option.\",\r\n        \"IsAvailable\": true,\r\n        \"SpiceLevel\": \"Medium\",\r\n        \"CuisineType\": \"American\",\r\n        \"IsSeasonal\": false,\r\n        \"RecommendedPairing\": \"Iced Tea\",\r\n        \"OrderFrequency\": 92\r\n    },\r\n    {\r\n        \"ItemID\": \"ITEM-1027\",\r\n        \"ItemName\": \"Greek Salad\",\r\n        \"Category\": \"Salad\",\r\n        \"Price\": 23.72,\r\n        \"Description\": \"Greek Salad - a delightful salad option.\",\r\n        \"IsAvailable\": false,\r\n        \"SpiceLevel\": \"None\",\r\n        \"CuisineType\": \"Italian\",\r\n        \"IsSeasonal\": false,\r\n        \"RecommendedPairing\": \"Iced Tea\",\r\n        \"OrderFrequency\": 42\r\n    },\r\n    {\r\n        \"ItemID\": \"ITEM-1028\",\r\n        \"ItemName\": \"Fruit Salad\",\r\n        \"Category\": \"Salad\",\r\n        \"Price\": 8.4,\r\n        \"Description\": \"Fruit Salad - a delightful salad option.\",\r\n        \"IsAvailable\": false,\r\n        \"SpiceLevel\": \"None\",\r\n        \"CuisineType\": \"American\",\r\n        \"IsSeasonal\": true,\r\n        \"RecommendedPairing\": \"French Fries\",\r\n        \"OrderFrequency\": 39\r\n    },\r\n    {\r\n        \"ItemID\": \"ITEM-1029\",\r\n        \"ItemName\": \"Quinoa Salad\",\r\n        \"Category\": \"Salad\",\r\n        \"Price\": 17.12,\r\n        \"Description\": \"Quinoa Salad - a delightful salad option.\",\r\n        \"IsAvailable\": true,\r\n        \"SpiceLevel\": \"None\",\r\n        \"CuisineType\": \"Mexican\",\r\n        \"IsSeasonal\": true,\r\n        \"RecommendedPairing\": \"Red Wine\",\r\n        \"OrderFrequency\": 21\r\n    },\r\n    {\r\n        \"ItemID\": \"ITEM-1030\",\r\n        \"ItemName\": \"Margherita Pizza\",\r\n        \"Category\": \"Main Course\",\r\n        \"Price\": 11.26,\r\n        \"Description\": \"Margherita Pizza - a delightful main course option.\",\r\n        \"IsAvailable\": true,\r\n        \"SpiceLevel\": \"Mild\",\r\n        \"CuisineType\": \"Mexican\",\r\n        \"IsSeasonal\": true,\r\n        \"RecommendedPairing\": \"Iced Tea\",\r\n        \"OrderFrequency\": 42\r\n    },\r\n    {\r\n        \"ItemID\": \"ITEM-1031\",\r\n        \"ItemName\": \"Quinoa Salad\",\r\n        \"Category\": \"Salad\",\r\n        \"Price\": 18.09,\r\n        \"Description\": \"Quinoa Salad - a delightful salad option.\",\r\n        \"IsAvailable\": true,\r\n        \"SpiceLevel\": \"None\",\r\n        \"CuisineType\": \"Chinese\",\r\n        \"IsSeasonal\": false,\r\n        \"RecommendedPairing\": \"French Fries\",\r\n        \"OrderFrequency\": 43\r\n    },\r\n    {\r\n        \"ItemID\": \"ITEM-1032\",\r\n        \"ItemName\": \"Cheesecake\",\r\n        \"Category\": \"Dessert\",\r\n        \"Price\": 5.47,\r\n        \"Description\": \"Cheesecake - a delightful dessert option.\",\r\n        \"IsAvailable\": true,\r\n        \"SpiceLevel\": \"None\",\r\n        \"CuisineType\": \"American\",\r\n        \"IsSeasonal\": false,\r\n        \"RecommendedPairing\": \"Garlic Bread\",\r\n        \"OrderFrequency\": 23\r\n    },\r\n    {\r\n        \"ItemID\": \"ITEM-1033\",\r\n        \"ItemName\": \"Grilled Chicken\",\r\n        \"Category\": \"Main Course\",\r\n        \"Price\": 10.31,\r\n        \"Description\": \"Grilled Chicken - a delightful main course option.\",\r\n        \"IsAvailable\": false,\r\n        \"SpiceLevel\": \"Mild\",\r\n        \"CuisineType\": \"Italian\",\r\n        \"IsSeasonal\": false,\r\n        \"RecommendedPairing\": \"Garlic Bread\",\r\n        \"OrderFrequency\": 99\r\n    },\r\n    {\r\n        \"ItemID\": \"ITEM-1034\",\r\n        \"ItemName\": \"Cappuccino\",\r\n        \"Category\": \"Beverage\",\r\n        \"Price\": 19.22,\r\n        \"Description\": \"Cappuccino - a delightful beverage option.\",\r\n        \"IsAvailable\": false,\r\n        \"SpiceLevel\": \"None\",\r\n        \"CuisineType\": \"Italian\",\r\n        \"IsSeasonal\": false,\r\n        \"RecommendedPairing\": \"Iced Tea\",\r\n        \"OrderFrequency\": 89\r\n    },\r\n    {\r\n        \"ItemID\": \"ITEM-1035\",\r\n        \"ItemName\": \"Beef Burger\",\r\n        \"Category\": \"Main Course\",\r\n        \"Price\": 23.81,\r\n        \"Description\": \"Beef Burger - a delightful main course option.\",\r\n        \"IsAvailable\": true,\r\n        \"SpiceLevel\": \"Medium\",\r\n        \"CuisineType\": \"American\",\r\n        \"IsSeasonal\": false,\r\n        \"RecommendedPairing\": \"French Fries\",\r\n        \"OrderFrequency\": 20\r\n    },\r\n    {\r\n        \"ItemID\": \"ITEM-1036\",\r\n        \"ItemName\": \"Mango Smoothie\",\r\n        \"Category\": \"Beverage\",\r\n        \"Price\": 22.88,\r\n        \"Description\": \"Mango Smoothie - a delightful beverage option.\",\r\n        \"IsAvailable\": false,\r\n        \"SpiceLevel\": \"None\",\r\n        \"CuisineType\": \"American\",\r\n        \"IsSeasonal\": false,\r\n        \"RecommendedPairing\": \"Garlic Bread\",\r\n        \"OrderFrequency\": 31\r\n    },\r\n    {\r\n        \"ItemID\": \"ITEM-1037\",\r\n        \"ItemName\": \"Iced Tea\",\r\n        \"Category\": \"Beverage\",\r\n        \"Price\": 6.16,\r\n        \"Description\": \"Iced Tea - a delightful beverage option.\",\r\n        \"IsAvailable\": true,\r\n        \"SpiceLevel\": \"None\",\r\n        \"CuisineType\": \"American\",\r\n        \"IsSeasonal\": false,\r\n        \"RecommendedPairing\": \"Iced Tea\",\r\n        \"OrderFrequency\": 94\r\n    },\r\n    {\r\n        \"ItemID\": \"ITEM-1038\",\r\n        \"ItemName\": \"Ice Cream Sundae\",\r\n        \"Category\": \"Dessert\",\r\n        \"Price\": 15.33,\r\n        \"Description\": \"Ice Cream Sundae - a delightful dessert option.\",\r\n        \"IsAvailable\": true,\r\n        \"SpiceLevel\": \"None\",\r\n        \"CuisineType\": \"Mexican\",\r\n        \"IsSeasonal\": false,\r\n        \"RecommendedPairing\": \"French Fries\",\r\n        \"OrderFrequency\": 87\r\n    },\r\n    {\r\n        \"ItemID\": \"ITEM-1039\",\r\n        \"ItemName\": \"Quinoa Salad\",\r\n        \"Category\": \"Salad\",\r\n        \"Price\": 7.46,\r\n        \"Description\": \"Quinoa Salad - a delightful salad option.\",\r\n        \"IsAvailable\": true,\r\n        \"SpiceLevel\": \"None\",\r\n        \"CuisineType\": \"Italian\",\r\n        \"IsSeasonal\": false,\r\n        \"RecommendedPairing\": \"French Fries\",\r\n        \"OrderFrequency\": 91\r\n    },\r\n    {\r\n        \"ItemID\": \"ITEM-1040\",\r\n        \"ItemName\": \"Stuffed Mushrooms\",\r\n        \"Category\": \"Appetizer\",\r\n        \"Price\": 11.36,\r\n        \"Description\": \"Stuffed Mushrooms - a delightful appetizer option.\",\r\n        \"IsAvailable\": false,\r\n        \"SpiceLevel\": \"Mild\",\r\n        \"CuisineType\": \"Chinese\",\r\n        \"IsSeasonal\": true,\r\n        \"RecommendedPairing\": \"Green Salad\",\r\n        \"OrderFrequency\": 37\r\n    },\r\n    {\r\n        \"ItemID\": \"ITEM-1041\",\r\n        \"ItemName\": \"Spring Rolls\",\r\n        \"Category\": \"Appetizer\",\r\n        \"Price\": 24.04,\r\n        \"Description\": \"Spring Rolls - a delightful appetizer option.\",\r\n        \"IsAvailable\": true,\r\n        \"SpiceLevel\": \"Medium\",\r\n        \"CuisineType\": \"American\",\r\n        \"IsSeasonal\": false,\r\n        \"RecommendedPairing\": \"Iced Tea\",\r\n        \"OrderFrequency\": 29\r\n    },\r\n    {\r\n        \"ItemID\": \"ITEM-1042\",\r\n        \"ItemName\": \"Spring Rolls\",\r\n        \"Category\": \"Appetizer\",\r\n        \"Price\": 19.0,\r\n        \"Description\": \"Spring Rolls - a delightful appetizer option.\",\r\n        \"IsAvailable\": true,\r\n        \"SpiceLevel\": \"Medium\",\r\n        \"CuisineType\": \"Chinese\",\r\n        \"IsSeasonal\": false,\r\n        \"RecommendedPairing\": \"Red Wine\",\r\n        \"OrderFrequency\": 17\r\n    },\r\n    {\r\n        \"ItemID\": \"ITEM-1043\",\r\n        \"ItemName\": \"Iced Tea\",\r\n        \"Category\": \"Beverage\",\r\n        \"Price\": 15.33,\r\n        \"Description\": \"Iced Tea - a delightful beverage option.\",\r\n        \"IsAvailable\": false,\r\n        \"SpiceLevel\": \"None\",\r\n        \"CuisineType\": \"Italian\",\r\n        \"IsSeasonal\": true,\r\n        \"RecommendedPairing\": \"Red Wine\",\r\n        \"OrderFrequency\": 11\r\n    },\r\n    {\r\n        \"ItemID\": \"ITEM-1044\",\r\n        \"ItemName\": \"Gulab Jamun\",\r\n        \"Category\": \"Dessert\",\r\n        \"Price\": 16.19,\r\n        \"Description\": \"Gulab Jamun - a delightful dessert option.\",\r\n        \"IsAvailable\": true,\r\n        \"SpiceLevel\": \"None\",\r\n        \"CuisineType\": \"Chinese\",\r\n        \"IsSeasonal\": true,\r\n        \"RecommendedPairing\": \"Garlic Bread\",\r\n        \"OrderFrequency\": 86\r\n    },\r\n    {\r\n        \"ItemID\": \"ITEM-1045\",\r\n        \"ItemName\": \"Fruit Salad\",\r\n        \"Category\": \"Salad\",\r\n        \"Price\": 20.5,\r\n        \"Description\": \"Fruit Salad - a delightful salad option.\",\r\n        \"IsAvailable\": true,\r\n        \"SpiceLevel\": \"None\",\r\n        \"CuisineType\": \"American\",\r\n        \"IsSeasonal\": true,\r\n        \"RecommendedPairing\": \"French Fries\",\r\n        \"OrderFrequency\": 51\r\n    },\r\n    {\r\n        \"ItemID\": \"ITEM-1046\",\r\n        \"ItemName\": \"Coleslaw\",\r\n        \"Category\": \"Salad\",\r\n        \"Price\": 14.65,\r\n        \"Description\": \"Coleslaw - a delightful salad option.\",\r\n        \"IsAvailable\": false,\r\n        \"SpiceLevel\": \"None\",\r\n        \"CuisineType\": \"American\",\r\n        \"IsSeasonal\": true,\r\n        \"RecommendedPairing\": \"Garlic Bread\",\r\n        \"OrderFrequency\": 50\r\n    },\r\n    {\r\n        \"ItemID\": \"ITEM-1047\",\r\n        \"ItemName\": \"Cheesecake\",\r\n        \"Category\": \"Dessert\",\r\n        \"Price\": 16.15,\r\n        \"Description\": \"Cheesecake - a delightful dessert option.\",\r\n        \"IsAvailable\": false,\r\n        \"SpiceLevel\": \"None\",\r\n        \"CuisineType\": \"American\",\r\n        \"IsSeasonal\": true,\r\n        \"RecommendedPairing\": \"Red Wine\",\r\n        \"OrderFrequency\": 28\r\n    },\r\n    {\r\n        \"ItemID\": \"ITEM-1048\",\r\n        \"ItemName\": \"Cheesecake\",\r\n        \"Category\": \"Dessert\",\r\n        \"Price\": 7.67,\r\n        \"Description\": \"Cheesecake - a delightful dessert option.\",\r\n        \"IsAvailable\": true,\r\n        \"SpiceLevel\": \"None\",\r\n        \"CuisineType\": \"American\",\r\n        \"IsSeasonal\": true,\r\n        \"RecommendedPairing\": \"Garlic Bread\",\r\n        \"OrderFrequency\": 32\r\n    },\r\n    {\r\n        \"ItemID\": \"ITEM-1049\",\r\n        \"ItemName\": \"Margherita Pizza\",\r\n        \"Category\": \"Main Course\",\r\n        \"Price\": 18.76,\r\n        \"Description\": \"Margherita Pizza - a delightful main course option.\",\r\n        \"IsAvailable\": true,\r\n        \"SpiceLevel\": \"Mild\",\r\n        \"CuisineType\": \"Mexican\",\r\n        \"IsSeasonal\": false,\r\n        \"RecommendedPairing\": \"Iced Tea\",\r\n        \"OrderFrequency\": 68\r\n    },\r\n    {\r\n        \"ItemID\": \"ITEM-1050\",\r\n        \"ItemName\": \"Stuffed Mushrooms\",\r\n        \"Category\": \"Appetizer\",\r\n        \"Price\": 21.0,\r\n        \"Description\": \"Stuffed Mushrooms - a delightful appetizer option.\",\r\n        \"IsAvailable\": false,\r\n        \"SpiceLevel\": \"Mild\",\r\n        \"CuisineType\": \"Chinese\",\r\n        \"IsSeasonal\": true,\r\n        \"RecommendedPairing\": \"French Fries\",\r\n        \"OrderFrequency\": 66\r\n    }\r\n];\r\n\r\nexport const foodOrderData: object[] = [\r\n    {\r\n        \"ItemID\": \"ITEM-1001\",\r\n        \"ItemName\": \"Grilled Chicken\",\r\n        \"Category\": \"Main Course\",\r\n        \"Price\": 9,\r\n        \"Description\": \"Grilled Chicken - a delightful main course option.\",\r\n        \"IsAvailable\": false,\r\n        \"SpiceLevel\": \"Hot\",\r\n        \"CuisineType\": \"Italian\",\r\n        \"IsSeasonal\": true,\r\n        \"RecommendedPairing\": \"French Fries\",\r\n        \"OrderFrequency\": 30\r\n    },\r\n    {\r\n        \"ItemID\": \"ITEM-1002\",\r\n        \"ItemName\": \"Fruit Salad\",\r\n        \"Category\": \"Salad\",\r\n        \"Price\": 16,\r\n        \"Description\": \"Fruit Salad - a delightful salad option.\",\r\n        \"IsAvailable\": false,\r\n        \"SpiceLevel\": \"None\",\r\n        \"CuisineType\": \"Mexican\",\r\n        \"IsSeasonal\": false,\r\n        \"RecommendedPairing\": \"Garlic Bread\",\r\n        \"OrderFrequency\": 64\r\n    },\r\n    {\r\n        \"ItemID\": \"ITEM-1003\",\r\n        \"ItemName\": \"Tiramisu\",\r\n        \"Category\": \"Dessert\",\r\n        \"Price\": 11,\r\n        \"Description\": \"Tiramisu - a delightful dessert option.\",\r\n        \"IsAvailable\": true,\r\n        \"SpiceLevel\": \"None\",\r\n        \"CuisineType\": \"Chinese\",\r\n        \"IsSeasonal\": false,\r\n        \"RecommendedPairing\": \"Red Wine\",\r\n        \"OrderFrequency\": 91\r\n    },\r\n    {\r\n        \"ItemID\": \"ITEM-1004\",\r\n        \"ItemName\": \"Chocolate Cake\",\r\n        \"Category\": \"Dessert\",\r\n        \"Price\": 14,\r\n        \"Description\": \"Chocolate Cake - a delightful dessert option.\",\r\n        \"IsAvailable\": false,\r\n        \"SpiceLevel\": \"None\",\r\n        \"CuisineType\": \"American\",\r\n        \"IsSeasonal\": true,\r\n        \"RecommendedPairing\": \"Garlic Bread\",\r\n        \"OrderFrequency\": 56\r\n    },\r\n    {\r\n        \"ItemID\": \"ITEM-1005\",\r\n        \"ItemName\": \"Stuffed Mushrooms\",\r\n        \"Category\": \"Appetizer\",\r\n        \"Price\": 5,\r\n        \"Description\": \"Stuffed Mushrooms - a delightful appetizer option.\",\r\n        \"IsAvailable\": false,\r\n        \"SpiceLevel\": \"Mild\",\r\n        \"CuisineType\": \"American\",\r\n        \"IsSeasonal\": true,\r\n        \"RecommendedPairing\": \"Green Salad\",\r\n        \"OrderFrequency\": 70\r\n    },\r\n    {\r\n        \"ItemID\": \"ITEM-1006\",\r\n        \"ItemName\": \"Coleslaw\",\r\n        \"Category\": \"Salad\",\r\n        \"Price\": 13,\r\n        \"Description\": \"Coleslaw - a delightful salad option.\",\r\n        \"IsAvailable\": false,\r\n        \"SpiceLevel\": \"None\",\r\n        \"CuisineType\": \"Mexican\",\r\n        \"IsSeasonal\": false,\r\n        \"RecommendedPairing\": \"Green Salad\",\r\n        \"OrderFrequency\": 12\r\n    },\r\n    {\r\n        \"ItemID\": \"ITEM-1007\",\r\n        \"ItemName\": \"Greek Salad\",\r\n        \"Category\": \"Salad\",\r\n        \"Price\": 10,\r\n        \"Description\": \"Greek Salad - a delightful salad option.\",\r\n        \"IsAvailable\": false,\r\n        \"SpiceLevel\": \"None\",\r\n        \"CuisineType\": \"American\",\r\n        \"IsSeasonal\": true,\r\n        \"RecommendedPairing\": \"Green Salad\",\r\n        \"OrderFrequency\": 74\r\n    },\r\n    {\r\n        \"ItemID\": \"ITEM-1008\",\r\n        \"ItemName\": \"Nachos\",\r\n        \"Category\": \"Appetizer\",\r\n        \"Price\": 10,\r\n        \"Description\": \"Nachos - a delightful appetizer option.\",\r\n        \"IsAvailable\": false,\r\n        \"SpiceLevel\": \"Hot\",\r\n        \"CuisineType\": \"Italian\",\r\n        \"IsSeasonal\": true,\r\n        \"RecommendedPairing\": \"Red Wine\",\r\n        \"OrderFrequency\": 17\r\n    },\r\n    {\r\n        \"ItemID\": \"ITEM-1009\",\r\n        \"ItemName\": \"Iced Tea\",\r\n        \"Category\": \"Beverage\",\r\n        \"Price\": 7,\r\n        \"Description\": \"Iced Tea - a delightful beverage option.\",\r\n        \"IsAvailable\": false,\r\n        \"SpiceLevel\": \"None\",\r\n        \"CuisineType\": \"Mexican\",\r\n        \"IsSeasonal\": false,\r\n        \"RecommendedPairing\": \"Iced Tea\",\r\n        \"OrderFrequency\": 35\r\n    },\r\n    {\r\n        \"ItemID\": \"ITEM-1010\",\r\n        \"ItemName\": \"Garlic Bread\",\r\n        \"Category\": \"Appetizer\",\r\n        \"Price\": 14,\r\n        \"Description\": \"Garlic Bread - a delightful appetizer option.\",\r\n        \"IsAvailable\": false,\r\n        \"SpiceLevel\": \"Mild\",\r\n        \"CuisineType\": \"American\",\r\n        \"IsSeasonal\": true,\r\n        \"RecommendedPairing\": \"Green Salad\",\r\n        \"OrderFrequency\": 22\r\n    },\r\n    {\r\n        \"ItemID\": \"ITEM-1011\",\r\n        \"ItemName\": \"Spring Rolls\",\r\n        \"Category\": \"Appetizer\",\r\n        \"Price\": 6,\r\n        \"Description\": \"Spring Rolls - a delightful appetizer option.\",\r\n        \"IsAvailable\": false,\r\n        \"SpiceLevel\": \"Mild\",\r\n        \"CuisineType\": \"American\",\r\n        \"IsSeasonal\": true,\r\n        \"RecommendedPairing\": \"Iced Tea\",\r\n        \"OrderFrequency\": 53\r\n    },\r\n    {\r\n        \"ItemID\": \"ITEM-1012\",\r\n        \"ItemName\": \"Spaghetti Bolognese\",\r\n        \"Category\": \"Main Course\",\r\n        \"Price\": 17,\r\n        \"Description\": \"Spaghetti Bolognese - a delightful main course option.\",\r\n        \"IsAvailable\": true,\r\n        \"SpiceLevel\": \"Mild\",\r\n        \"CuisineType\": \"Mexican\",\r\n        \"IsSeasonal\": true,\r\n        \"RecommendedPairing\": \"French Fries\",\r\n        \"OrderFrequency\": 63\r\n    },\r\n    {\r\n        \"ItemID\": \"ITEM-1013\",\r\n        \"ItemName\": \"Paneer Tikka Masala\",\r\n        \"Category\": \"Main Course\",\r\n        \"Price\": 18,\r\n        \"Description\": \"Paneer Tikka Masala - a delightful main course option.\",\r\n        \"IsAvailable\": true,\r\n        \"SpiceLevel\": \"Hot\",\r\n        \"CuisineType\": \"American\",\r\n        \"IsSeasonal\": false,\r\n        \"RecommendedPairing\": \"Green Salad\",\r\n        \"OrderFrequency\": 78\r\n    },\r\n    {\r\n        \"ItemID\": \"ITEM-1014\",\r\n        \"ItemName\": \"Chocolate Cake\",\r\n        \"Category\": \"Dessert\",\r\n        \"Price\": 20,\r\n        \"Description\": \"Chocolate Cake - a delightful dessert option.\",\r\n        \"IsAvailable\": true,\r\n        \"SpiceLevel\": \"None\",\r\n        \"CuisineType\": \"Mexican\",\r\n        \"IsSeasonal\": true,\r\n        \"RecommendedPairing\": \"Red Wine\",\r\n        \"OrderFrequency\": 67\r\n    },\r\n    {\r\n        \"ItemID\": \"ITEM-1015\",\r\n        \"ItemName\": \"Grilled Chicken\",\r\n        \"Category\": \"Main Course\",\r\n        \"Price\": 18,\r\n        \"Description\": \"Grilled Chicken - a delightful main course option.\",\r\n        \"IsAvailable\": false,\r\n        \"SpiceLevel\": \"Hot\",\r\n        \"CuisineType\": \"Mexican\",\r\n        \"IsSeasonal\": true,\r\n        \"RecommendedPairing\": \"Red Wine\",\r\n        \"OrderFrequency\": 69\r\n    },\r\n    {\r\n        \"ItemID\": \"ITEM-1016\",\r\n        \"ItemName\": \"Mango Smoothie\",\r\n        \"Category\": \"Beverage\",\r\n        \"Price\": 24,\r\n        \"Description\": \"Mango Smoothie - a delightful beverage option.\",\r\n        \"IsAvailable\": true,\r\n        \"SpiceLevel\": \"None\",\r\n        \"CuisineType\": \"American\",\r\n        \"IsSeasonal\": true,\r\n        \"RecommendedPairing\": \"Garlic Bread\",\r\n        \"OrderFrequency\": 59\r\n    },\r\n    {\r\n        \"ItemID\": \"ITEM-1017\",\r\n        \"ItemName\": \"Quinoa Salad\",\r\n        \"Category\": \"Salad\",\r\n        \"Price\": 5,\r\n        \"Description\": \"Quinoa Salad - a delightful salad option.\",\r\n        \"IsAvailable\": false,\r\n        \"SpiceLevel\": \"None\",\r\n        \"CuisineType\": \"American\",\r\n        \"IsSeasonal\": true,\r\n        \"RecommendedPairing\": \"Green Salad\",\r\n        \"OrderFrequency\": 84\r\n    },\r\n    {\r\n        \"ItemID\": \"ITEM-1018\",\r\n        \"ItemName\": \"Grilled Chicken\",\r\n        \"Category\": \"Main Course\",\r\n        \"Price\": 22,\r\n        \"Description\": \"Grilled Chicken - a delightful main course option.\",\r\n        \"IsAvailable\": true,\r\n        \"SpiceLevel\": \"Hot\",\r\n        \"CuisineType\": \"American\",\r\n        \"IsSeasonal\": true,\r\n        \"RecommendedPairing\": \"Iced Tea\",\r\n        \"OrderFrequency\": 31\r\n    },\r\n    {\r\n        \"ItemID\": \"ITEM-1019\",\r\n        \"ItemName\": \"Cappuccino\",\r\n        \"Category\": \"Beverage\",\r\n        \"Price\": 8,\r\n        \"Description\": \"Cappuccino - a delightful beverage option.\",\r\n        \"IsAvailable\": false,\r\n        \"SpiceLevel\": \"None\",\r\n        \"CuisineType\": \"Italian\",\r\n        \"IsSeasonal\": false,\r\n        \"RecommendedPairing\": \"Green Salad\",\r\n        \"OrderFrequency\": 100\r\n    },\r\n    {\r\n        \"ItemID\": \"ITEM-1020\",\r\n        \"ItemName\": \"Garlic Bread\",\r\n        \"Category\": \"Appetizer\",\r\n        \"Price\": 18,\r\n        \"Description\": \"Garlic Bread - a delightful appetizer option.\",\r\n        \"IsAvailable\": true,\r\n        \"SpiceLevel\": \"Mild\",\r\n        \"CuisineType\": \"American\",\r\n        \"IsSeasonal\": true,\r\n        \"RecommendedPairing\": \"Red Wine\",\r\n        \"OrderFrequency\": 83\r\n    },\r\n    {\r\n        \"ItemID\": \"ITEM-1021\",\r\n        \"ItemName\": \"Bruschetta\",\r\n        \"Category\": \"Appetizer\",\r\n        \"Price\": 20,\r\n        \"Description\": \"Bruschetta - a delightful appetizer option.\",\r\n        \"IsAvailable\": true,\r\n        \"SpiceLevel\": \"Mild\",\r\n        \"CuisineType\": \"Mexican\",\r\n        \"IsSeasonal\": true,\r\n        \"RecommendedPairing\": \"Red Wine\",\r\n        \"OrderFrequency\": 59\r\n    },\r\n    {\r\n        \"ItemID\": \"ITEM-1022\",\r\n        \"ItemName\": \"Caesar Salad\",\r\n        \"Category\": \"Salad\",\r\n        \"Price\": 22,\r\n        \"Description\": \"Caesar Salad - a delightful salad option.\",\r\n        \"IsAvailable\": false,\r\n        \"SpiceLevel\": \"None\",\r\n        \"CuisineType\": \"Chinese\",\r\n        \"IsSeasonal\": true,\r\n        \"RecommendedPairing\": \"French Fries\",\r\n        \"OrderFrequency\": 72\r\n    },\r\n    {\r\n        \"ItemID\": \"ITEM-1023\",\r\n        \"ItemName\": \"Cappuccino\",\r\n        \"Category\": \"Beverage\",\r\n        \"Price\": 20,\r\n        \"Description\": \"Cappuccino - a delightful beverage option.\",\r\n        \"IsAvailable\": true,\r\n        \"SpiceLevel\": \"None\",\r\n        \"CuisineType\": \"American\",\r\n        \"IsSeasonal\": false,\r\n        \"RecommendedPairing\": \"Red Wine\",\r\n        \"OrderFrequency\": 37\r\n    },\r\n    {\r\n        \"ItemID\": \"ITEM-1024\",\r\n        \"ItemName\": \"Nachos\",\r\n        \"Category\": \"Appetizer\",\r\n        \"Price\": 20,\r\n        \"Description\": \"Nachos - a delightful appetizer option.\",\r\n        \"IsAvailable\": false,\r\n        \"SpiceLevel\": \"Hot\",\r\n        \"CuisineType\": \"Chinese\",\r\n        \"IsSeasonal\": false,\r\n        \"RecommendedPairing\": \"Red Wine\",\r\n        \"OrderFrequency\": 42\r\n    },\r\n    {\r\n        \"ItemID\": \"ITEM-1025\",\r\n        \"ItemName\": \"Chocolate Cake\",\r\n        \"Category\": \"Dessert\",\r\n        \"Price\": 14,\r\n        \"Description\": \"Chocolate Cake - a delightful dessert option.\",\r\n        \"IsAvailable\": false,\r\n        \"SpiceLevel\": \"None\",\r\n        \"CuisineType\": \"Italian\",\r\n        \"IsSeasonal\": true,\r\n        \"RecommendedPairing\": \"Garlic Bread\",\r\n        \"OrderFrequency\": 87\r\n    },\r\n    {\r\n        \"ItemID\": \"ITEM-1026\",\r\n        \"ItemName\": \"Nachos\",\r\n        \"Category\": \"Appetizer\",\r\n        \"Price\": 7,\r\n        \"Description\": \"Nachos - a delightful appetizer option.\",\r\n        \"IsAvailable\": true,\r\n        \"SpiceLevel\": \"Hot\",\r\n        \"CuisineType\": \"American\",\r\n        \"IsSeasonal\": false,\r\n        \"RecommendedPairing\": \"Iced Tea\",\r\n        \"OrderFrequency\": 92\r\n    },\r\n    {\r\n        \"ItemID\": \"ITEM-1027\",\r\n        \"ItemName\": \"Greek Salad\",\r\n        \"Category\": \"Salad\",\r\n        \"Price\": 23,\r\n        \"Description\": \"Greek Salad - a delightful salad option.\",\r\n        \"IsAvailable\": false,\r\n        \"SpiceLevel\": \"None\",\r\n        \"CuisineType\": \"Italian\",\r\n        \"IsSeasonal\": false,\r\n        \"RecommendedPairing\": \"Iced Tea\",\r\n        \"OrderFrequency\": 42\r\n    },\r\n    {\r\n        \"ItemID\": \"ITEM-1028\",\r\n        \"ItemName\": \"Fruit Salad\",\r\n        \"Category\": \"Salad\",\r\n        \"Price\": 8,\r\n        \"Description\": \"Fruit Salad - a delightful salad option.\",\r\n        \"IsAvailable\": false,\r\n        \"SpiceLevel\": \"None\",\r\n        \"CuisineType\": \"American\",\r\n        \"IsSeasonal\": true,\r\n        \"RecommendedPairing\": \"French Fries\",\r\n        \"OrderFrequency\": 39\r\n    },\r\n    {\r\n        \"ItemID\": \"ITEM-1029\",\r\n        \"ItemName\": \"Quinoa Salad\",\r\n        \"Category\": \"Salad\",\r\n        \"Price\": 17,\r\n        \"Description\": \"Quinoa Salad - a delightful salad option.\",\r\n        \"IsAvailable\": true,\r\n        \"SpiceLevel\": \"None\",\r\n        \"CuisineType\": \"Mexican\",\r\n        \"IsSeasonal\": true,\r\n        \"RecommendedPairing\": \"Red Wine\",\r\n        \"OrderFrequency\": 21\r\n    },\r\n    {\r\n        \"ItemID\": \"ITEM-1030\",\r\n        \"ItemName\": \"Margherita Pizza\",\r\n        \"Category\": \"Main Course\",\r\n        \"Price\": 11,\r\n        \"Description\": \"Margherita Pizza - a delightful main course option.\",\r\n        \"IsAvailable\": true,\r\n        \"SpiceLevel\": \"Mild\",\r\n        \"CuisineType\": \"Mexican\",\r\n        \"IsSeasonal\": true,\r\n        \"RecommendedPairing\": \"Iced Tea\",\r\n        \"OrderFrequency\": 42\r\n    },\r\n    {\r\n        \"ItemID\": \"ITEM-1031\",\r\n        \"ItemName\": \"Quinoa Salad\",\r\n        \"Category\": \"Salad\",\r\n        \"Price\": 18,\r\n        \"Description\": \"Quinoa Salad - a delightful salad option.\",\r\n        \"IsAvailable\": true,\r\n        \"SpiceLevel\": \"None\",\r\n        \"CuisineType\": \"Chinese\",\r\n        \"IsSeasonal\": false,\r\n        \"RecommendedPairing\": \"French Fries\",\r\n        \"OrderFrequency\": 43\r\n    },\r\n    {\r\n        \"ItemID\": \"ITEM-1032\",\r\n        \"ItemName\": \"Cheesecake\",\r\n        \"Category\": \"Dessert\",\r\n        \"Price\": 5,\r\n        \"Description\": \"Cheesecake - a delightful dessert option.\",\r\n        \"IsAvailable\": true,\r\n        \"SpiceLevel\": \"None\",\r\n        \"CuisineType\": \"American\",\r\n        \"IsSeasonal\": false,\r\n        \"RecommendedPairing\": \"Garlic Bread\",\r\n        \"OrderFrequency\": 23\r\n    },\r\n    {\r\n        \"ItemID\": \"ITEM-1033\",\r\n        \"ItemName\": \"Grilled Chicken\",\r\n        \"Category\": \"Main Course\",\r\n        \"Price\": 10,\r\n        \"Description\": \"Grilled Chicken - a delightful main course option.\",\r\n        \"IsAvailable\": false,\r\n        \"SpiceLevel\": \"Hot\",\r\n        \"CuisineType\": \"Italian\",\r\n        \"IsSeasonal\": false,\r\n        \"RecommendedPairing\": \"Garlic Bread\",\r\n        \"OrderFrequency\": 99\r\n    },\r\n    {\r\n        \"ItemID\": \"ITEM-1034\",\r\n        \"ItemName\": \"Cappuccino\",\r\n        \"Category\": \"Beverage\",\r\n        \"Price\": 19,\r\n        \"Description\": \"Cappuccino - a delightful beverage option.\",\r\n        \"IsAvailable\": false,\r\n        \"SpiceLevel\": \"None\",\r\n        \"CuisineType\": \"Italian\",\r\n        \"IsSeasonal\": false,\r\n        \"RecommendedPairing\": \"Iced Tea\",\r\n        \"OrderFrequency\": 89\r\n    },\r\n    {\r\n        \"ItemID\": \"ITEM-1035\",\r\n        \"ItemName\": \"Beef Burger\",\r\n        \"Category\": \"Main Course\",\r\n        \"Price\": 23,\r\n        \"Description\": \"Beef Burger - a delightful main course option.\",\r\n        \"IsAvailable\": true,\r\n        \"SpiceLevel\": \"Mild\",\r\n        \"CuisineType\": \"American\",\r\n        \"IsSeasonal\": false,\r\n        \"RecommendedPairing\": \"French Fries\",\r\n        \"OrderFrequency\": 20\r\n    },\r\n    {\r\n        \"ItemID\": \"ITEM-1036\",\r\n        \"ItemName\": \"Mango Smoothie\",\r\n        \"Category\": \"Beverage\",\r\n        \"Price\": 22,\r\n        \"Description\": \"Mango Smoothie - a delightful beverage option.\",\r\n        \"IsAvailable\": false,\r\n        \"SpiceLevel\": \"None\",\r\n        \"CuisineType\": \"American\",\r\n        \"IsSeasonal\": false,\r\n        \"RecommendedPairing\": \"Garlic Bread\",\r\n        \"OrderFrequency\": 31\r\n    },\r\n    {\r\n        \"ItemID\": \"ITEM-1037\",\r\n        \"ItemName\": \"Iced Tea\",\r\n        \"Category\": \"Beverage\",\r\n        \"Price\": 6,\r\n        \"Description\": \"Iced Tea - a delightful beverage option.\",\r\n        \"IsAvailable\": true,\r\n        \"SpiceLevel\": \"None\",\r\n        \"CuisineType\": \"American\",\r\n        \"IsSeasonal\": false,\r\n        \"RecommendedPairing\": \"Iced Tea\",\r\n        \"OrderFrequency\": 94\r\n    },\r\n    {\r\n        \"ItemID\": \"ITEM-1038\",\r\n        \"ItemName\": \"Ice Cream Sundae\",\r\n        \"Category\": \"Dessert\",\r\n        \"Price\": 15,\r\n        \"Description\": \"Ice Cream Sundae - a delightful dessert option.\",\r\n        \"IsAvailable\": true,\r\n        \"SpiceLevel\": \"None\",\r\n        \"CuisineType\": \"Mexican\",\r\n        \"IsSeasonal\": false,\r\n        \"RecommendedPairing\": \"French Fries\",\r\n        \"OrderFrequency\": 87\r\n    },\r\n    {\r\n        \"ItemID\": \"ITEM-1039\",\r\n        \"ItemName\": \"Quinoa Salad\",\r\n        \"Category\": \"Salad\",\r\n        \"Price\": 7,\r\n        \"Description\": \"Quinoa Salad - a delightful salad option.\",\r\n        \"IsAvailable\": true,\r\n        \"SpiceLevel\": \"None\",\r\n        \"CuisineType\": \"Italian\",\r\n        \"IsSeasonal\": false,\r\n        \"RecommendedPairing\": \"French Fries\",\r\n        \"OrderFrequency\": 91\r\n    },\r\n    {\r\n        \"ItemID\": \"ITEM-1040\",\r\n        \"ItemName\": \"Stuffed Mushrooms\",\r\n        \"Category\": \"Appetizer\",\r\n        \"Price\": 11,\r\n        \"Description\": \"Stuffed Mushrooms - a delightful appetizer option.\",\r\n        \"IsAvailable\": false,\r\n        \"SpiceLevel\": \"Mild\",\r\n        \"CuisineType\": \"Chinese\",\r\n        \"IsSeasonal\": true,\r\n        \"RecommendedPairing\": \"Green Salad\",\r\n        \"OrderFrequency\": 37\r\n    },\r\n    {\r\n        \"ItemID\": \"ITEM-1041\",\r\n        \"ItemName\": \"Spring Rolls\",\r\n        \"Category\": \"Appetizer\",\r\n        \"Price\": 24,\r\n        \"Description\": \"Spring Rolls - a delightful appetizer option.\",\r\n        \"IsAvailable\": true,\r\n        \"SpiceLevel\": \"Mild\",\r\n        \"CuisineType\": \"American\",\r\n        \"IsSeasonal\": false,\r\n        \"RecommendedPairing\": \"Iced Tea\",\r\n        \"OrderFrequency\": 29\r\n    },\r\n    {\r\n        \"ItemID\": \"ITEM-1042\",\r\n        \"ItemName\": \"Spring Rolls\",\r\n        \"Category\": \"Appetizer\",\r\n        \"Price\": 19,\r\n        \"Description\": \"Spring Rolls - a delightful appetizer option.\",\r\n        \"IsAvailable\": true,\r\n        \"SpiceLevel\": \"Mild\",\r\n        \"CuisineType\": \"Chinese\",\r\n        \"IsSeasonal\": false,\r\n        \"RecommendedPairing\": \"Red Wine\",\r\n        \"OrderFrequency\": 17\r\n    },\r\n    {\r\n        \"ItemID\": \"ITEM-1043\",\r\n        \"ItemName\": \"Iced Tea\",\r\n        \"Category\": \"Beverage\",\r\n        \"Price\": 15,\r\n        \"Description\": \"Iced Tea - a delightful beverage option.\",\r\n        \"IsAvailable\": false,\r\n        \"SpiceLevel\": \"None\",\r\n        \"CuisineType\": \"Italian\",\r\n        \"IsSeasonal\": true,\r\n        \"RecommendedPairing\": \"Red Wine\",\r\n        \"OrderFrequency\": 11\r\n    },\r\n    {\r\n        \"ItemID\": \"ITEM-1044\",\r\n        \"ItemName\": \"Gulab Jamun\",\r\n        \"Category\": \"Dessert\",\r\n        \"Price\": 16,\r\n        \"Description\": \"Gulab Jamun - a delightful dessert option.\",\r\n        \"IsAvailable\": true,\r\n        \"SpiceLevel\": \"None\",\r\n        \"CuisineType\": \"Chinese\",\r\n        \"IsSeasonal\": true,\r\n        \"RecommendedPairing\": \"Garlic Bread\",\r\n        \"OrderFrequency\": 86\r\n    },\r\n    {\r\n        \"ItemID\": \"ITEM-1045\",\r\n        \"ItemName\": \"Fruit Salad\",\r\n        \"Category\": \"Salad\",\r\n        \"Price\": 20,\r\n        \"Description\": \"Fruit Salad - a delightful salad option.\",\r\n        \"IsAvailable\": true,\r\n        \"SpiceLevel\": \"None\",\r\n        \"CuisineType\": \"American\",\r\n        \"IsSeasonal\": true,\r\n        \"RecommendedPairing\": \"French Fries\",\r\n        \"OrderFrequency\": 51\r\n    },\r\n    {\r\n        \"ItemID\": \"ITEM-1046\",\r\n        \"ItemName\": \"Coleslaw\",\r\n        \"Category\": \"Salad\",\r\n        \"Price\": 14,\r\n        \"Description\": \"Coleslaw - a delightful salad option.\",\r\n        \"IsAvailable\": false,\r\n        \"SpiceLevel\": \"None\",\r\n        \"CuisineType\": \"American\",\r\n        \"IsSeasonal\": true,\r\n        \"RecommendedPairing\": \"Garlic Bread\",\r\n        \"OrderFrequency\": 50\r\n    },\r\n    {\r\n        \"ItemID\": \"ITEM-1047\",\r\n        \"ItemName\": \"Cheesecake\",\r\n        \"Category\": \"Dessert\",\r\n        \"Price\": 16,\r\n        \"Description\": \"Cheesecake - a delightful dessert option.\",\r\n        \"IsAvailable\": false,\r\n        \"SpiceLevel\": \"None\",\r\n        \"CuisineType\": \"American\",\r\n        \"IsSeasonal\": true,\r\n        \"RecommendedPairing\": \"Red Wine\",\r\n        \"OrderFrequency\": 28\r\n    },\r\n    {\r\n        \"ItemID\": \"ITEM-1048\",\r\n        \"ItemName\": \"Cheesecake\",\r\n        \"Category\": \"Dessert\",\r\n        \"Price\": 7,\r\n        \"Description\": \"Cheesecake - a delightful dessert option.\",\r\n        \"IsAvailable\": true,\r\n        \"SpiceLevel\": \"None\",\r\n        \"CuisineType\": \"American\",\r\n        \"IsSeasonal\": true,\r\n        \"RecommendedPairing\": \"Garlic Bread\",\r\n        \"OrderFrequency\": 32\r\n    },\r\n    {\r\n        \"ItemID\": \"ITEM-1049\",\r\n        \"ItemName\": \"Margherita Pizza\",\r\n        \"Category\": \"Main Course\",\r\n        \"Price\": 18,\r\n        \"Description\": \"Margherita Pizza - a delightful main course option.\",\r\n        \"IsAvailable\": true,\r\n        \"SpiceLevel\": \"Mild\",\r\n        \"CuisineType\": \"Mexican\",\r\n        \"IsSeasonal\": false,\r\n        \"RecommendedPairing\": \"Iced Tea\",\r\n        \"OrderFrequency\": 68\r\n    },\r\n    {\r\n        \"ItemID\": \"ITEM-1050\",\r\n        \"ItemName\": \"Stuffed Mushrooms\",\r\n        \"Category\": \"Appetizer\",\r\n        \"Price\": 21,\r\n        \"Description\": \"Stuffed Mushrooms - a delightful appetizer option.\",\r\n        \"IsAvailable\": false,\r\n        \"SpiceLevel\": \"Mild\",\r\n        \"CuisineType\": \"Chinese\",\r\n        \"IsSeasonal\": true,\r\n        \"RecommendedPairing\": \"French Fries\",\r\n        \"OrderFrequency\": 66\r\n    }\r\n];",
  "dependencies": "{\"@syncfusion/react-grid\":\"*\",\"@syncfusion/react-locale\":\"*\",\"@syncfusion/react-cldr-data\":\"*\"}"
}