{
  "src/App.css": "@import \"@syncfusion/react-base/styles/material3.css\";\n@import \"@syncfusion/react-buttons/styles/material3.css\";\n",
  "src/App.tsx": "import { Button, Variant } from '@syncfusion/react-buttons';\r\n\r\nexport default function App() {\r\n  return (\r\n    <div className=\"component-section sf-align-center gap-10\">\r\n      <Button variant={Variant.Standard}>Flat</Button> \r\n      <Button variant={Variant.Outlined}>Outlined</Button>\r\n      <Button variant={Variant.Filled}>Filled</Button>     \r\n    </div>\r\n  );\r\n};",
  "dependencies": "{\"@syncfusion/react-buttons\":\"*\",\"@syncfusion/react-locale\":\"*\",\"@syncfusion/react-cldr-data\":\"*\"}"
}