{
  "src/App.css": "@import \"@syncfusion/react-base/styles/material3.css\";\n@import \"@syncfusion/react-buttons/styles/material3.css\";\n",
  "src/App.tsx": "import { Button, Variant } from '@syncfusion/react-buttons';\r\n\r\nconst images = [\r\n  {\r\n    url: 'https://npmci-react.syncfusion.com/images/button/bridge.jpg',\r\n    title: 'Bridge',\r\n    width: '30%',\r\n  }\r\n];\r\n\r\nexport default function App() {\r\n  return (\r\n    <div className='sf-content-center'>\r\n      {images.map((image) => (\r\n        <div key={image.title} style={{ position: 'relative', width: image.width }}>\r\n          <Button\r\n            variant={Variant.Standard}\r\n            style={{\r\n              width: '100%',\r\n              height: '200px',\r\n              backgroundImage: `url(${image.url})`,\r\n              backgroundSize: 'cover',\r\n              backgroundPosition: 'center',\r\n              borderRadius: '0px',\r\n              overflow: 'hidden',\r\n              color: '#fff',\r\n              transition: 'background-color 0.3s ease',\r\n            }}\r\n            onMouseEnter={(e) => {\r\n              (e.currentTarget.querySelector('.overlay') as HTMLElement)!.style.opacity = '0.8';\r\n              (e.currentTarget.querySelector('.title-box') as HTMLElement)!.style.boxShadow = '0 0 0 3px #fff';\r\n            }}\r\n            onMouseLeave={(e) => {\r\n              (e.currentTarget.querySelector('.overlay') as HTMLElement)!.style.opacity = '0.6';\r\n              (e.currentTarget.querySelector('.title-box') as HTMLElement)!.style.boxShadow = 'none';\r\n            }}\r\n          >\r\n            <div className=\"overlay\" style={{\r\n              position: 'absolute',\r\n              top: '0',\r\n              bottom: '0',\r\n              left: '0',\r\n              right: '0',\r\n              backgroundColor: 'rgba(0, 0, 0, 0.3)',\r\n              display: 'flex',\r\n              justifyContent: 'center',\r\n              alignItems: 'center',\r\n              transition: 'opacity 0.3s ease',\r\n            }}>\r\n              <div className=\"title-box\" style={{\r\n                textAlign: 'center',\r\n                padding: '12px 16px',\r\n                borderRadius: '12px',\r\n                boxShadow: '0 4px 8px rgba(0, 0, 0, 0.1)',\r\n                transition: 'box-shadow 0.3s ease, transform 0.3s ease', \r\n              }}>\r\n                <p style={{ margin: 0, fontSize: '16px', fontWeight: 'bold' }}>{image.title}</p>\r\n              </div>\r\n            </div>\r\n          </Button>\r\n        </div>\r\n      ))}\r\n    </div>\r\n  );\r\n};",
  "dependencies": "{\"@syncfusion/react-buttons\":\"*\",\"@syncfusion/react-locale\":\"*\",\"@syncfusion/react-cldr-data\":\"*\"}"
}