{
  "src/App.css": "@import \"@syncfusion/react-base/styles/material3.css\";\n@import \"@syncfusion/react-buttons/styles/material3.css\";\n",
  "src/App.tsx": "import { Button, Color, Position, Variant ,Size} from '@syncfusion/react-buttons';\r\nimport { SearchIcon, PrintIcon, ChevronDownIcon, CloseIcon } from \"@syncfusion/react-icons\"\r\n\r\nexport default function App() {\r\n  return (\r\n    <div className=\"component-section sf-align-center gap-10\">\r\n      <Button color={Color.Info} variant={Variant.Outlined} size={Size.Large} iconPosition={Position.Top} icon={<SearchIcon/>}>Browse</Button>\r\n      <Button color={Color.Warning} variant={Variant.Standard} iconPosition={Position.Bottom} icon={<ChevronDownIcon/>}>Open</Button>\r\n      <Button color={Color.Success} iconPosition={Position.Left} icon={<PrintIcon/>}>Print</Button>\r\n      <Button color={Color.Error} iconPosition={Position.Right} icon={<CloseIcon/>}>Close</Button>\r\n    </div>\r\n  );\r\n};",
  "dependencies": "{\"@syncfusion/react-buttons\":\"*\",\"@syncfusion/react-icons\":\"*\",\"@syncfusion/react-locale\":\"*\",\"@syncfusion/react-cldr-data\":\"*\"}"
}