{
  "src/App.css": "@import \"@syncfusion/react-base/styles/material3.css\";\n@import \"@syncfusion/react-buttons/styles/material3.css\";\n",
  "src/App.tsx": "import { Button, Size, Variant } from '@syncfusion/react-buttons';\r\n\r\nexport default function App() {\r\n  return (\r\n    <div className='component-section' style={{ display: 'flex', flexDirection: 'column', gap: '10px', alignItems: 'center', justifyContent: 'center' }}>\r\n      <div style={{display: 'flex', gap: '10px', alignItems: 'center'}}>\r\n        <Button size={Size.Small} variant={Variant.Standard}>Small</Button>\r\n        <Button variant={Variant.Standard}>Normal</Button>\r\n        <Button size={Size.Large} variant={Variant.Standard}>Large</Button>\r\n      </div>\r\n      <div style={{display: 'flex', gap: '10px', alignItems: 'center'}}>\r\n        <Button size={Size.Small} variant={Variant.Outlined}>Small</Button>\r\n        <Button variant={Variant.Outlined}>Normal</Button>\r\n        <Button size={Size.Large} variant={Variant.Outlined}>Large</Button>\r\n      </div>\r\n      <div style={{display: 'flex', gap: '10px', alignItems: 'center'}}>\r\n        <Button size={Size.Small} variant={Variant.Filled}>Small</Button>\r\n        <Button variant={Variant.Filled}>Normal</Button>\r\n        <Button size={Size.Large} variant={Variant.Filled}>Large</Button>\r\n      </div>\r\n    </div>\r\n  );\r\n};",
  "dependencies": "{\"@syncfusion/react-buttons\":\"*\",\"@syncfusion/react-locale\":\"*\",\"@syncfusion/react-cldr-data\":\"*\"}"
}