{
  "src/App.css": "@import \"@syncfusion/react-base/styles/material3.css\";\n@import \"@syncfusion/react-buttons/styles/material3.css\";\n@import \"@syncfusion/react-popups/styles/material3.css\";\n@import \"@syncfusion/react-splitbuttons/styles/material3.css\";\n@import \"@syncfusion/react-inputs/styles/material3.css\";\n",
  "src/App.tsx": "import { useState } from 'react';\r\nimport { Zoom } from '@syncfusion/react-base';\r\nimport { Button } from '@syncfusion/react-buttons';\r\nimport { Dialog } from '@syncfusion/react-popups';\r\nimport { NumericChangeEvent, NumericTextBox } from '@syncfusion/react-inputs';\r\n\r\nexport default function App() {\r\n  const [visible, setVisible] = useState(false);\r\n  const [isClosing, setIsClosing] = useState(false);\r\n  const [duration, setDuration] = useState(400);\r\n\r\n  const handleClose = () => {\r\n    setIsClosing(true);\r\n  };\r\n\r\n  const handleChange = (args: NumericChangeEvent) => {\r\n    if (args.value) {\r\n      setDuration(args.value)\r\n    }\r\n  };\r\n\r\n  const handleAnimationEnd = () => {\r\n    if (isClosing) {\r\n      setVisible(false);\r\n      setIsClosing(false);\r\n    }\r\n  };\r\n\r\n  const handleOpen = () => {\r\n    setVisible(true);\r\n    setIsClosing(false);\r\n  };\r\n\r\n  return (\r\n    <>\r\n      <div style={{ display: 'flex', gap: '10px', alignItems: 'center', flexWrap: 'wrap' }}>\r\n        <Button onClick={visible ? handleClose : handleOpen} style={{ minWidth: '120px' }}>\r\n          {visible ? 'Close Dialog' : 'Open Dialog'}\r\n        </Button>\r\n        <NumericTextBox\r\n          value={duration}\r\n          min={100}\r\n          max={5000}\r\n          step={100}\r\n          width=\"120px\"\r\n          placeholder=\"Duration\"\r\n          onChange={handleChange}\r\n          format=\"n0\"\r\n        />\r\n      </div>\r\n      \r\n      {visible && (\r\n        <Zoom \r\n          in={!isClosing} \r\n          duration={duration}\r\n          onEnd={handleAnimationEnd}\r\n        >\r\n          <Dialog\r\n            open={true}\r\n            header=\"Animation Settings\"\r\n            onClose={handleClose}\r\n            modal={false}\r\n            footer={\r\n              <Button onClick={handleClose}>\r\n                Close\r\n              </Button>\r\n            }\r\n          >\r\n            <div style={{ padding: '10px 0' }}>\r\n              <p><strong>Duration:</strong> {duration}ms</p>\r\n              <p>This dialog demonstrates custom duration controls for the Zoom animation component.</p>\r\n            </div>\r\n          </Dialog>\r\n        </Zoom>\r\n      )}\r\n    </>\r\n  );\r\n}\r\n",
  "dependencies": "{\"@syncfusion/react-base\":\"*\",\"@syncfusion/react-buttons\":\"*\",\"@syncfusion/react-popups\":\"*\",\"@syncfusion/react-inputs\":\"*\",\"@syncfusion/react-locale\":\"*\",\"@syncfusion/react-cldr-data\":\"*\"}"
}