{
  "src/App.css": "@import \"@syncfusion/react-base/styles/material3.css\";\n",
  "src/App.tsx": "import { Draggable } from '@syncfusion/react-base';\r\nimport './drag.css';\r\n\r\nexport default function App() {\r\n  return (\r\n    <div className='draggable-demo' style={{ padding: '20px', textAlign: 'center', position: 'relative', height: '200px' }}>\r\n        <div style={{ marginBottom: '20px' }}>\r\n          <Draggable clone={false}>\r\n            <div className=\"draggable\">\r\n                Drag me\r\n            </div>\r\n          </Draggable>\r\n        </div>\r\n    </div>\r\n  );\r\n}",
  "src/drag.css": ":root {\r\n  --preview-color: #7925ff;\r\n  --layout: white;\r\n  --background: #ffffff;\r\n  --layout-border: #f0f0f0;\r\n  --layout-hover: #f9f9f9;\r\n  --text-color: #49454E;\r\n  --color: black;\r\n}\r\n\r\n.dark-theme {\r\n  --layout: var(--preview-background-color);\r\n  --background: black;\r\n  --color: white;\r\n  --layout-border: #3a3535;\r\n  --layout-hover: #3a3535;\r\n}\r\n\r\n.draggable {\r\n  width: 100px;\r\n  height: 40px;\r\n  background: var(--preview-bg-color);\r\n  border-radius: 4px;\r\n  display: flex;\r\n  align-items: center;\r\n  justify-content: center;\r\n  cursor: move;\r\n  font-weight: 500;\r\n  color: var(--preview-color);\r\n  touch-action: none;\r\n}\r\n\r\n.droppable {\r\n  width: 200px;\r\n  height: 100px;\r\n  background: var(--sidebar-background-color);\r\n  border: 2px dashed #ccc;\r\n  border-radius: 4px;\r\n  display: flex;\r\n  align-items: center;\r\n  justify-content: center;\r\n  margin: 30px auto;\r\n  font-weight: 500;\r\n  color: var(--text-color);\r\n  transition: all 0.3s ease;\r\n  touch-action: none;\r\n}\r\n\r\n.drag-handle {\r\n  cursor: grab;\r\n  padding: 5px;\r\n  margin-right: 10px;\r\n  color: #666;\r\n}\r\n\r\n.drag-handle:active {\r\n  cursor: grabbing;\r\n}\r\n\r\n.scoped-container {\r\n  padding-left: 40px;\r\n}\r\n\r\n.list-container {\r\n  width: 100%;\r\n  max-width: 500px;\r\n  margin: 0 auto;\r\n}\r\n\r\n.draggable-list {\r\n  list-style: none;\r\n  padding: 0;\r\n  margin: 0;\r\n  background: var(--layout);\r\n  color: var(--text-color);\r\n  border-radius: 8px;\r\n  box-shadow: 0 2px 10px rgba(0, 0, 0, 0.05);\r\n  touch-action: none;\r\n}\r\n\r\n.list-item {\r\n  display: flex;\r\n  align-items: center;\r\n  padding: 8px 16px;\r\n  border-bottom: 1px solid var(--layout-border);\r\n  cursor: move;\r\n  transition: background-color 0.2s ease;\r\n}\r\n\r\n.list-item-clone {\r\n  background-color: var(--background);\r\n  color: var(--color);\r\n}\r\n\r\n.list-item:last-child {\r\n  border-bottom: none;\r\n}\r\n\r\n.list-item:hover {\r\n  background-color: var(--layout-border);\r\n}\r\n\r\n.handle {\r\n  margin-right: 12px;\r\n  color: var(--color);\r\n  cursor: grab;\r\n}\r\n\r\n.handle:active {\r\n  cursor: grabbing;\r\n}\r\n\r\n.item-content {\r\n  flex: 1;\r\n  font-size: 14px;\r\n}\r\n\r\n.list-item-clone {\r\n  width: calc(100% - 40px);\r\n  max-width: 460px;\r\n  border-radius: 8px;\r\n  border: 2px dashed #3498db;\r\n}\r\n\r\n.draggable-demo {\r\n  user-select: none;\r\n}\r\n\r\n#dragarea p {\r\n  padding-top: 23px;\r\n  text-align: center;\r\n\r\n}\r\n\r\n#dragarea {\r\n  line-height: 170px;\r\n  font-size: 14px;\r\n  height: 200px;\r\n  width: 750px;\r\n  background: var(--sidebar-background-color);\r\n  color: var(--text-color);\r\n  touch-action: none;\r\n}\r\n\r\n.draggable-demo .sf-icons {\r\n  padding-top: 5px;\r\n}\r\n\r\n@media (max-width: 580px) {\r\n  .scoped-container {\r\n    padding-left: 0px;\r\n  }\r\n  .drag-axis .droppable {\r\n    width: 150px;\r\n  }\r\n}",
  "dependencies": "{\"@syncfusion/react-base\":\"*\",\"@syncfusion/react-locale\":\"*\",\"@syncfusion/react-cldr-data\":\"*\"}"
}