{
  "src/App.css": "@import \"@syncfusion/react-base/styles/material3.css\";\n@import \"@syncfusion/react-buttons/styles/material3.css\";\n@import \"@syncfusion/react-popups/styles/material3.css\";\n@import \"@syncfusion/react-splitbuttons/styles/material3.css\";\n@import \"@syncfusion/react-inputs/styles/material3.css\";\n@import \"@syncfusion/react-notifications/styles/material3.css\";\n",
  "src/App.tsx": "import { useState } from 'react';\r\nimport { Fade, Severity } from '@syncfusion/react-base';\r\nimport { Button } from '@syncfusion/react-buttons';\r\nimport { NumericChangeEvent, NumericTextBox } from '@syncfusion/react-inputs';\r\nimport { Message } from '@syncfusion/react-notifications';\r\n\r\nexport default function App() {\r\n  const [visible, setVisible] = useState(true);\r\n  const [delay, setDelay] = useState(1000);\r\n  const duration = 500;\r\n\r\n  const handleHideWithDelay = () => {\r\n    setVisible(false);\r\n    setTimeout(() => {\r\n      setVisible(true);\r\n    }, delay + duration);\r\n  };\r\n\r\n  const handleChange = (args: NumericChangeEvent) => {\r\n    if (args.value) {\r\n      setDelay(args.value)\r\n    }\r\n  };\r\n\r\n  return (\r\n    <>\r\n      <div style={{ display: 'flex', gap: '10px', alignItems: 'center', flexWrap: 'wrap', marginBottom: '20px' }}>\r\n        <Button onClick={handleHideWithDelay} style={{minWidth: '80px'}}>\r\n          Hide\r\n        </Button>\r\n        <NumericTextBox\r\n          value={delay}\r\n          format=\"n0\"\r\n          min={500}\r\n          max={3000}\r\n          step={250}\r\n          onChange={handleChange}\r\n          placeholder=\"Delay (ms)\"\r\n          width=\"120px\"\r\n        />\r\n      </div>\r\n      <div style={{paddingTop: '50px', display: 'flex', alignItems: 'center', justifyContent: 'center' }}>\r\n        <Fade\r\n          in={visible}\r\n          duration={duration}\r\n          delay={visible ? 0 : delay}\r\n        >\r\n          <Message \r\n            style={{ width: \"500px\" }} \r\n            severity={Severity.Success}\r\n          >\r\n            This message demonstrates delay control. It will fade out after a {delay}ms delay.\r\n          </Message>\r\n        </Fade>\r\n      </div>\r\n    </>\r\n  );\r\n}\r\n",
  "dependencies": "{\"@syncfusion/react-base\":\"*\",\"@syncfusion/react-buttons\":\"*\",\"@syncfusion/react-inputs\":\"*\",\"@syncfusion/react-notifications\":\"*\",\"@syncfusion/react-locale\":\"*\",\"@syncfusion/react-cldr-data\":\"*\"}"
}