{
  "src/App.css": "@import \"@syncfusion/react-base/styles/material3.css\";\n@import \"@syncfusion/react-buttons/styles/material3.css\";\n",
  "src/App.tsx": "import { useState } from 'react';\r\nimport { Flip } from '@syncfusion/react-base';\r\nimport { Button } from '@syncfusion/react-buttons';\r\nimport './animation.css';\r\n\r\ntype FlipDirection = \"LeftDown\" | \"LeftUp\" | \"RightDown\" | \"RightUp\" | \"XDown\" | \"XUp\" | \"YLeft\" | \"YRight\";\r\n\r\nexport default function App() {\r\n  const [show, setShow] = useState(true);\r\n  const [direction, setDirection] = useState<FlipDirection>('XDown');\r\n  const directions: FlipDirection[] = [\r\n    'LeftDown', 'LeftUp', 'RightDown', 'RightUp',\r\n    'XDown', 'XUp', 'YLeft', 'YRight'\r\n  ];\r\n\r\n  const handleChange = (event: React.ChangeEvent<HTMLSelectElement>): void => {\r\n    setDirection(event.target.value as FlipDirection);\r\n  };\r\n\r\n  return (\r\n    <div style={{ height: '250px', position: 'relative', overflow: 'hidden' }}>\r\n      <div style={{display: 'flex'}}>\r\n        <Button onClick={() => setShow(!show)} className=\"fixed-width-button\">\r\n          {show ? 'Hide' : 'Show'}\r\n        </Button>\r\n        <select\r\n          className=\"animation-select\"\r\n          style={{ width: '150px', marginLeft: '10px' }}\r\n          value={direction}\r\n          onChange={handleChange}\r\n        >\r\n          {directions.map(dir => (\r\n            <option key={dir} value={dir}>\r\n              {dir}\r\n            </option>\r\n          ))}\r\n        </select>\r\n      </div>\r\n      <div className=\"animation-container\" style={{ position: 'absolute', width: '100%', height: '100%' }}>\r\n        <Flip in={show} direction={direction} duration={500}>\r\n          <div className=\"animation-box\">Flip</div>\r\n        </Flip>\r\n      </div>\r\n    </div>\r\n  );\r\n}",
  "src/animation.css": ":root {\r\n  --preview-color: #7925ff;\r\n  --layout: white;\r\n  --background: #ffffff;\r\n  --layout-border: #f0f0f0;\r\n  --layout-hover: #f9f9f9;\r\n  --text-color: #49454E;\r\n  --color: black;\r\n}\r\n\r\n.dark-theme {\r\n  --layout: var(--preview-background-color);\r\n  --background: black;\r\n  --color: white;\r\n  --layout-border: #3a3535;\r\n  --layout-hover: #3a3535;\r\n}\r\n\r\n.animation-container {\r\n  display: flex;\r\n  justify-content: center;\r\n  align-items: center;\r\n  padding: 2rem;\r\n}\r\n\r\n.animation-select {\r\n  border-color: var(--border-color);\r\n  color: var(--text-color);\r\n  background-color: var(--background-color);\r\n}\r\n\r\n.animation-select:focus-visible {\r\n  outline: none;\r\n}\r\n\r\n.animation-box {\r\n  width: 130px;\r\n  height: 130px;\r\n  background-color: var(--preview-bg-color);\r\n  color: var(--preview-color);\r\n  display: flex;\r\n  justify-content: center;\r\n  align-items: center;\r\n  font-size: 1.2rem;\r\n  border-radius: 8px;\r\n}\r\n\r\n.animation-demo-container {\r\n  width: 100%;\r\n  max-width: 600px;\r\n  margin: 0 auto;\r\n  padding: 1rem;\r\n}\r\n\r\n.animation-status {\r\n  text-align: center;\r\n  margin: 1rem 0;\r\n  padding: 0.5rem;\r\n  background-color: #f5f5f5;\r\n  border-radius: 4px;\r\n  font-weight: 500;\r\n}\r\n\r\n.animation-box-special {\r\n  width: 300px;\r\n  height: 120px;\r\n  background: linear-gradient(135deg, #7366ff, #2196f3);\r\n  color: white;\r\n  border-radius: 8px;\r\n  box-shadow: 0 6px 16px rgba(0, 0, 0, 0.15);\r\n  overflow: hidden;\r\n}\r\n\r\n.animation-content {\r\n  height: 100%;\r\n  display: flex;\r\n  align-items: center;\r\n  padding: 0 1.5rem;\r\n}\r\n\r\n.animation-icon {\r\n  font-size: 2.5rem;\r\n  margin-right: 1rem;\r\n}\r\n\r\n.animation-text h3 {\r\n  margin: 0 0 0.5rem;\r\n  font-size: 1.2rem;\r\n}\r\n\r\n.animation-text p {\r\n  margin: 0;\r\n  font-size: 0.9rem;\r\n  opacity: 0.9;\r\n}\r\n\r\n.fixed-width-button {\r\n  min-width: 90px;\r\n  text-align: center;\r\n}",
  "dependencies": "{\"@syncfusion/react-base\":\"*\",\"@syncfusion/react-buttons\":\"*\",\"@syncfusion/react-locale\":\"*\",\"@syncfusion/react-cldr-data\":\"*\"}"
}