{
  "src/App.css": "@import \"@syncfusion/react-base/styles/material3.css\";\n@import \"@syncfusion/react-buttons/styles/material3.css\";\n\n\r\n.sf-custom .sf-checkbox-frame-me {\r\n    border-radius: 100%;\r\n}\r\n\r\n.sf-custom-frame .sf-checkbox-frame-me {\r\n    border-radius: 40%;\r\n}\r\n\r\n.sf-checkicon.sf-checkbox-wrapper .sf-frame.sf-check::before {\r\n    content: '\\e77d';\r\n}\r\n\r\n.sf-checkicon.sf-checkbox-wrapper .sf-check {\r\n    font-size: 8.5px;\r\n}\r\n\r\n.sf-checkicon.sf-checkbox-wrapper .sf-frame.sf-check {\r\n    background-color: white;\r\n    border-color: grey;\r\n    color: grey;\r\n}\r\n\r\n.sf-checkicon.sf-checkbox-wrapper:hover .sf-frame.sf-check {\r\n    background-color: white;\r\n    border-color: grey;\r\n    color: grey;\r\n}\r\n\r\n.sf-checkicon.sf-checkbox-wrapper .sf-checkbox:focus+.sf-frame.sf-check {\r\n    background-color: white;\r\n    border-color: grey;\r\n    box-shadow: none;\r\n    color: grey;\r\n}\r\n\r\n.gap-20 {\r\n    gap: 20px;\r\n}\r\n\n",
  "src/App.tsx": "import { Checkbox, Color } from '@syncfusion/react-buttons';\r\nimport './App.css';\r\n\r\nexport default function App() {\r\n    return (\r\n        <div className=\"component-section sf-align-center gap-20\">\r\n            <Checkbox\r\n                color={Color.Primary}\r\n                defaultChecked={true}\r\n                aria-label='Primary Checkbox'\r\n            />\r\n            <Checkbox\r\n                color={Color.Success}\r\n                defaultChecked={true}\r\n                aria-label='Success Checkbox'\r\n            />\r\n            <Checkbox\r\n                color={Color.Info}\r\n                defaultChecked={true}\r\n                aria-label='Info Checkbox'\r\n            />\r\n            <Checkbox\r\n                color={Color.Warning}\r\n                defaultChecked={true}\r\n                aria-label='Warning Checkbox'\r\n            />\r\n            <Checkbox\r\n                color={Color.Error}\r\n                defaultChecked={true}\r\n                aria-label='Error Checkbox'\r\n            />\r\n        </div>\r\n    );\r\n}\r\n",
  "dependencies": "{\"@syncfusion/react-buttons\":\"*\",\"@syncfusion/react-locale\":\"*\",\"@syncfusion/react-cldr-data\":\"*\"}"
}