{
  "src/App.css": "@import \"@syncfusion/react-base/styles/material3.css\";\n@import \"@syncfusion/react-buttons/styles/material3.css\";\n",
  "src/App.tsx": "import { Button, Checkbox, Color, CheckboxChangeEvent } from '@syncfusion/react-buttons';\r\nimport { useState, useEffect } from 'react';\r\n\r\nexport default function App() {\r\n    const [selectedSports, setSelectedSports] = useState<string[]>(['Football']);\r\n    const [message, setMessage] = useState<{ text: string; type: 'success' | 'error' | '' }>({ text: '', type: '' });\r\n\r\n    const sportsOptions = ['Football', 'Basketball', 'Baseball', 'Tennis'];\r\n\r\n    const handleCheckboxChange = (args: CheckboxChangeEvent, sport: string) => {\r\n        const isChecked = args.value; \r\n        setSelectedSports((prev) =>\r\n            isChecked ? [...prev, sport] : prev.filter((item) => item !== sport)\r\n        );\r\n    };\r\n\r\n    const handleFormSubmit = (event: React.FormEvent) => {\r\n        event.preventDefault();\r\n\r\n        if (selectedSports.length === 0) {\r\n            setMessage({ text: 'Please Select a sport.', type: 'error' });\r\n            return;\r\n        }\r\n\r\n        console.log('Form submitted with:', selectedSports);\r\n        setMessage({ text: 'Form submitted!', type: 'success' });\r\n    };\r\n\r\n    useEffect(() => {\r\n        if (message.text) {\r\n            const timer = setTimeout(() => setMessage({ text: '', type: '' }), 1000);\r\n            return () => clearTimeout(timer);\r\n        }\r\n    }, [message]);\r\n\r\n    return (\r\n        <div className=\"content-section\" style={{ maxWidth: 500, margin: '0 auto' }}>\r\n            <form\r\n                onSubmit={handleFormSubmit}\r\n                style={{ textAlign: 'left',  padding: 20, borderRadius: 8 }}\r\n            >\r\n                <p>Select Your Favorite Sports:</p>\r\n                {sportsOptions.map((sport) => (\r\n                    <div key={sport} style={{ marginBottom: 10 }}>\r\n                        <Checkbox\r\n                            id={sport}\r\n                            label={sport}\r\n                            checked={selectedSports.includes(sport)}\r\n                            onChange={(args) => handleCheckboxChange(args, sport)}\r\n                        />\r\n                    </div>\r\n                ))}\r\n                <div style={{ height: '20px', margin: '10px 0' }}>\r\n                    <span\r\n                        style={{\r\n                            color: message.type === 'error' ? 'red' : 'green',\r\n                            visibility: message.text ? 'visible' : 'hidden',\r\n                        }}\r\n                    >\r\n                        {message.text || 'placeholder'}\r\n                    </span>\r\n                </div>\r\n                <Button type=\"submit\" color={Color.Primary}>\r\n                    Sign Up\r\n                </Button>\r\n            </form>\r\n        </div>\r\n    );\r\n};\r\n",
  "dependencies": "{\"@syncfusion/react-buttons\":\"*\",\"@syncfusion/react-locale\":\"*\",\"@syncfusion/react-cldr-data\":\"*\"}"
}