{
  "src/App.css": "@import \"@syncfusion/react-base/styles/material3.css\";\n@import \"@syncfusion/react-buttons/styles/material3.css\";\n",
  "src/App.tsx": "import { Checkbox } from '@syncfusion/react-buttons';\r\nimport { useState } from 'react';\r\n\r\nexport default function App() {\r\n    const [checked, setChecked] = useState([true, false]);\r\n\r\n    const handleParentChange = () => {\r\n        const allChecked = checked[0] && checked[1];\r\n        setChecked([!allChecked, !allChecked]);\r\n    };\r\n\r\n    const handleChildChange = (index: number) => {\r\n        const newChecked = [...checked];\r\n        newChecked[index] = !newChecked[index];\r\n        setChecked(newChecked);\r\n    };\r\n\r\n    const isIndeterminate = checked.some(value => value) && !checked.every(value => value);\r\n\r\n    return (\r\n        <div className=\"component-section\">\r\n            <div>\r\n                <Checkbox\r\n                    checked={checked[0] && checked[1]}\r\n                    label=\"Inputs\"\r\n                    indeterminate={isIndeterminate}\r\n                    onChange={handleParentChange}\r\n                />\r\n                <div style={{ marginLeft: '25px', marginTop: '10px', display: 'flex', flexDirection: 'column', gap: '10px' }}>\r\n                    <Checkbox\r\n                        checked={checked[0]}\r\n                        label=\"TextBox\"\r\n                        onChange={() => handleChildChange(0)}\r\n                    />\r\n                    <Checkbox\r\n                        checked={checked[1]}\r\n                        label=\"TextArea\"\r\n                        onChange={() => handleChildChange(1)}\r\n                    />\r\n                </div>\r\n            </div>\r\n        </div>\r\n    );\r\n}",
  "dependencies": "{\"@syncfusion/react-buttons\":\"*\",\"@syncfusion/react-locale\":\"*\",\"@syncfusion/react-cldr-data\":\"*\"}"
}