{
  "src/App.css": "@import \"@syncfusion/react-base/styles/material3.css\";\n@import \"@syncfusion/react-buttons/styles/material3.css\";\n",
  "src/App.tsx": "import { Checkbox, Position } from '@syncfusion/react-buttons';\r\n\r\nexport default function App() {\r\n    return (\r\n        <div className=\"component-section\">\r\n            <Checkbox labelPlacement={Position.Left} defaultChecked label='Agree to terms and conditions' />\r\n        </div>\r\n    );\r\n};\r\n",
  "dependencies": "{\"@syncfusion/react-buttons\":\"*\",\"@syncfusion/react-locale\":\"*\",\"@syncfusion/react-cldr-data\":\"*\"}"
}