{
  "src/App.css": "@import \"@syncfusion/react-base/styles/material3.css\";\n@import \"@syncfusion/react-buttons/styles/material3.css\";\n",
  "src/App.tsx": "import { Checkbox } from '@syncfusion/react-buttons';\r\n\r\nexport default function App() {\r\n  return (\r\n    <div className=\"component-section sf-align-center gap-20\">\r\n      <Checkbox defaultChecked={true} label='Checked'/>\r\n      <Checkbox disabled label='Disabled'></Checkbox>\r\n      <Checkbox label='Unchecked'></Checkbox>\r\n      <Checkbox indeterminate={true} label='Indeterminate'></Checkbox>\r\n    </div>\r\n  );\r\n}",
  "dependencies": "{\"@syncfusion/react-buttons\":\"*\",\"@syncfusion/react-locale\":\"*\",\"@syncfusion/react-cldr-data\":\"*\"}"
}