{
  "src/App.css": "@import \"@syncfusion/react-base/styles/material3.css\";\n@import \"@syncfusion/react-buttons/styles/material3.css\";\n",
  "src/App.tsx": "import { Checkbox, Size } from '@syncfusion/react-buttons';\r\n\r\nexport default function App() {\r\n    return (\r\n        <div className=\"component-section sf-align-center gap-20\">\r\n            <Checkbox label='Small' defaultChecked size={Size.Small} />\r\n            <Checkbox label='Medium' size={Size.Medium} />\r\n            <Checkbox label='Large' size={Size.Large} />\r\n        </div>\r\n    );\r\n}",
  "dependencies": "{\"@syncfusion/react-buttons\":\"*\",\"@syncfusion/react-locale\":\"*\",\"@syncfusion/react-cldr-data\":\"*\"}"
}