{
  "src/App.css": "",
  "src/App.tsx": "import { DownloadIcon, SaveIcon, EditIcon, SearchIcon } from '@syncfusion/react-icons';\r\nimport './icon-style.css';\r\n\r\nexport default function App() {\r\n  return (\r\n    <div className=\"syncfusion-icons\">\r\n      <div className=\"icon-grid\">\r\n        <div className=\"icon-item\"><DownloadIcon className='sf-font-size-2xl'/>\r\n          <p>Download</p>\r\n        </div>\r\n        <div className=\"icon-item\"><SaveIcon className='sf-font-size-2xl'/>\r\n          <p>Save</p>\r\n        </div>\r\n        <div className=\"icon-item\"><EditIcon className='sf-font-size-2xl'/>\r\n          <p>Edit</p>\r\n        </div>\r\n        <div className=\"icon-item\"><SearchIcon className='sf-font-size-2xl'/>\r\n          <p>Search</p>\r\n        </div>\r\n      </div>\r\n    </div>\r\n  );\r\n}",
  "src/icon-style.css": ":root {\r\n  --icon-layout: white;\r\n  --text: #555;\r\n}\r\n\r\n.dark-theme {\r\n  --icon-layout: var(--preview-background-color);\r\n  --text: #CAC4D0\r\n}\r\n\r\n.syncfusion-icons {\r\n  padding: 20px;\r\n  margin: 0 auto;\r\n  font-family: Arial, sans-serif;\r\n  max-width: 600px;\r\n}\r\n\r\n.icon-grid {\r\n  display: flex;\r\n  justify-content: center;\r\n  flex-wrap: wrap;\r\n}\r\n\r\n.icon-item {\r\n  display: flex;\r\n  flex-direction: column;\r\n  align-items: center;\r\n  margin: 10px;\r\n  padding: 22px 15px 0;\r\n  background-color: var(--icon-layout);\r\n  border-radius: 8px;\r\n  box-shadow: 0 2px 5px rgba(0, 0, 0, 0.1);\r\n  width: 100px;\r\n  height: 100px;\r\n  transition: transform 0.2s;\r\n}\r\n\r\n.icon-container {\r\n  display: flex;\r\n  align-items: center;\r\n  justify-content: center;\r\n  height: 60px;\r\n}\r\n\r\n.icon-item:hover {\r\n  transform: scale(1.05);\r\n}\r\n\r\n.syncfusion-icons p {\r\n  font-size: 14px;\r\n  color: var(--text);\r\n  line-height: 1.4;\r\n}\r\n\r\n.icon-description {\r\n  margin: 0;\r\n  margin-left: 5px;\r\n  align-items: center;\r\n  display: flex;\r\n  flex-direction: column;\r\n  justify-content: center;\r\n  width: 100%;\r\n}\r\n\r\n.custom {\r\n  display: flex;\r\n}\r\n\r\n@media (max-width: 580px) {\r\n  .custom {\r\n    display: block;\r\n  }\r\n}",
  "dependencies": "{\"@syncfusion/react-icons\":\"*\",\"@syncfusion/react-locale\":\"*\",\"@syncfusion/react-cldr-data\":\"*\"}"
}