{
  "src/App.css": "@import \"@syncfusion/react-base/styles/material3.css\";\n@import \"@syncfusion/react-buttons/styles/material3.css\";\n",
  "src/App.tsx": "import {Button, Checkbox, CheckboxChangeEvent } from '@syncfusion/react-buttons';\r\nimport { useState } from 'react';\r\nimport './appearance.css';\r\n\r\nexport default function App() {\r\n  const [isChecked, setIsChecked] = useState(false);\r\n  const [darkMode, setDarkMode] = useState('');\r\n\r\n  const handleCheckboxChange = (event: CheckboxChangeEvent) => {\r\n    const checked = event.value;\r\n    setIsChecked(checked);\r\n\r\n    // Add or remove the class on the light-dark-mode element based on the checkbox state\r\n    if (checked) {\r\n      setDarkMode('dark sf-dark-mode');\r\n    } else {\r\n      setDarkMode('');\r\n    }\r\n  };\r\n    return (\r\n      <div className={`switch-theme ${darkMode}`}>\r\n          { /* checkbox - Used to represent checkbox. */ }\r\n          <Checkbox label=\"Enable Darkmode\" checked={isChecked} onChange={handleCheckboxChange}/><br/>\r\n          { /* Primary Button - Used to represent a primary action. */ }\r\n          <Button className='sf-btn-primary'>Primary</Button>\r\n\r\n          { /* Success Button - Used to represent a positive action. */ }\r\n          <Button className='sf-btn-success'>Success</Button>\r\n\r\n          { /* Info Button - Used to represent an informative action. */ }\r\n          <Button className='sf-btn-info'>Info</Button>\r\n\r\n          { /* Warning Button - Used to represent an action with caution.*/ }\r\n          <Button className='sf-btn-warning'>Warning</Button>\r\n\r\n          { /* Error Button - Used to represent a negative action.*/ }\r\n          <Button className='sf-btn-error'>Error</Button>\r\n      </div>\r\n  );\r\n}",
  "src/appearance.css": ".circle-color-indicator {\r\n    width: 1.5em;\r\n    height: 1.5em;\r\n    border-radius: 50%;\r\n    display: inline-block;\r\n    border: 1px solid rgba(0, 0, 0, .08);\r\n    vertical-align: middle;\r\n}\r\n\r\n#theme-table\r\ntd {\r\n    text-align: left;\r\n    padding: 5px 15px;\r\n}\r\n\r\n#theme-table\r\ntd p {\r\n   margin: 0;\r\n   font-size: 0.8125rem;\r\n}\r\n\r\n.switch-theme.dark {\r\n    background: black;\r\n}\r\n\r\n.switch-theme .sf-btn {\r\n    display: inline-flex;\r\n    padding: 10px;\r\n    margin: 15px;\r\n}\r\n\r\n.switch-theme .sf-checkbox-wrapper {\r\n    padding: 10px;\r\n}",
  "dependencies": "{\"@syncfusion/react-buttons\":\"*\",\"@syncfusion/react-locale\":\"*\",\"@syncfusion/react-cldr-data\":\"*\"}"
}