{
  "src/App.css": "@import \"@syncfusion/react-base/styles/material3.css\";\n",
  "src/App.tsx": "import {\r\n    Chart, ChartPrimaryXAxis, ChartPrimaryYAxis, ChartSeries, ChartSeriesCollection, ChartTooltip, ChartTitle, ChartAxisTitle, ChartAxisLabel, ChartLegend\r\n} from '@syncfusion/react-charts'\r\nimport { animationData } from './animation-data'\r\nimport { useChartTheme } from './theme';\r\nexport default function App() {\r\n    const { chartTheme } = useChartTheme();\r\n    return (\r\n        <Chart theme={chartTheme}>\r\n            <ChartTitle text='Almond Yield Comparison Across Countries (2010–2022)'/>\r\n            <ChartPrimaryXAxis valueType={'DateTime'}>\r\n                <ChartAxisLabel format='y' edgeLabelPlacement='Shift' />\r\n            </ChartPrimaryXAxis>\r\n            <ChartPrimaryYAxis maximum={8} interval={2} lineStyle={{ width: 0 }}>\r\n                <ChartAxisTitle text='Yield (In Tons per Hectare)'/>\r\n            </ChartPrimaryYAxis>\r\n            <ChartSeriesCollection>\r\n                <ChartSeries dataSource={animationData} xField=\"x\" yField=\"y1\" type=\"Spline\" name=\"United States\" width={3} animation={{ enable: true, duration: 1500 }} />\r\n                <ChartSeries dataSource={animationData} xField=\"x\" yField=\"y2\" type=\"Spline\" name=\"China\" width={3} animation={{ enable: true, delay: 1600, duration: 1500 }} />\r\n                <ChartSeries dataSource={animationData} xField=\"x\" yField=\"y3\" type=\"Spline\" name=\"Afghanistan\" width={3} animation={{ enable: true, delay: 3200, duration: 1500 }} />\r\n                <ChartSeries dataSource={animationData} xField=\"x\" yField=\"y4\" type=\"Spline\" name=\"Yemen\" width={3} animation={{ enable: true, delay: 4800, duration: 1500 }} />\r\n                <ChartSeries dataSource={animationData} xField=\"x\" yField=\"y\" type=\"Spline\" name=\"Australia\" width={3} animation={{ enable: true, delay: 6400, duration: 1500 }} />\r\n            </ChartSeriesCollection>\r\n            <ChartTooltip enable={true} headerText='Almond Yield - ${point.x}'  format='${series.name}: <b>${point.y}</b>' showNearestTooltip={true} />\r\n            <ChartLegend visible={true} />\r\n        </Chart>\r\n    )\r\n}\r\n",
  "src/animation-data.ts": "export const animationData = [\r\n  { x: new Date(2010, 0, 1), y: 5.00, y1: 4.54, y2: 3.62, y3: 2.92, y4: 1.87 },\r\n  { x: new Date(2011, 0, 1), y: 5.69, y1: 4.50, y2: 3.23, y3: 3.00, y4: 1.87 },\r\n  { x: new Date(2012, 0, 1), y: 4.99, y1: 4.60, y2: 4.19, y3: 2.97, y4: 1.85 },\r\n  { x: new Date(2013, 0, 1), y: 5.65, y1: 5.04, y2: 2.99, y3: 2.97, y4: 1.84 },\r\n  { x: new Date(2014, 0, 1), y: 5.43, y1: 4.39, y2: 3.07, y3: 2.00, y4: 1.84 },\r\n  { x: new Date(2015, 0, 1), y: 5.51, y1: 3.86, y2: 3.19, y3: 1.88, y4: 1.65 },\r\n  { x: new Date(2016, 0, 1), y: 6.12, y1: 4.12, y2: 3.28, y3: 1.81, y4: 1.69 },\r\n  { x: new Date(2017, 0, 1), y: 6.68, y1: 6.35, y2: 4.12, y3: 1.79, y4: 1.38 },\r\n  { x: new Date(2018, 0, 1), y: 5.52, y1: 3.90, y2: 3.39, y3: 1.75, y4: 1.72 },\r\n  { x: new Date(2019, 0, 1), y: 5.59, y1: 4.01, y2: 3.46, y3: 1.75, y4: 1.31 },\r\n  { x: new Date(2020, 0, 1), y: 5.46, y1: 4.64, y2: 3.52, y3: 1.78, y4: 1.75 },\r\n  { x: new Date(2021, 0, 1), y: 6.08, y1: 4.12, y2: 3.58, y3: 1.74, y4: 1.29 },\r\n  { x: new Date(2022, 0, 1), y: 6.23, y1: 3.64, y2: 3.40, y3: 1.73, y4: 1.64 }\r\n];",
  "src/context.tsx": "import { createContext } from \"react\";\r\n\r\nexport interface ThemeContextType {\r\n  themeName: string;\r\n}\r\n\r\nexport interface LoadContextType {\r\n   loading: boolean;\r\n   setLoading: React.Dispatch<React.SetStateAction<boolean>>;\r\n}\r\n\r\nexport interface RefreshContextType {\r\n   refresh: boolean;\r\n}\r\n\r\nexport const ThemeContext = createContext<ThemeContextType>({\r\n  themeName: 'material3'\r\n});\r\n\r\nexport const LoadContext = createContext<LoadContextType>({\r\n  loading: true,\r\n  setLoading: () => {}\r\n});\r\n\r\nexport const RefreshContext = createContext<RefreshContextType>({\r\n  refresh: false\r\n});\r\n\r\nexport interface TocContextType {\r\n  routeToc: boolean | undefined;\r\n  setRouteToc: (toc: boolean | undefined) => void;\r\n}\r\n\r\nexport const TocContext = createContext<TocContextType>({\r\n  routeToc: undefined,\r\n  setRouteToc: () => {}\r\n});",
  "src/theme.tsx": "// src/components/chart/theme.tsx\r\nimport {  Theme } from \"@syncfusion/react-charts\";\r\nimport { useContext, useState } from \"react\";\r\nimport { ThemeContext } from './context';\r\n\r\n// Create a custom hook to use in components\r\nexport function useChartTheme() {\r\n  const { themeName } = useContext(ThemeContext);\r\n  const chartTheme: Theme = themeName === 'material3-dark' ? 'Material3Dark' : 'Material3';\r\n  const [pointMaterial3Colors] = useState([\"#6355C7\", \"#00AEE0\", \"#FFB400\", \"#F7523F\", \"#963C70\", \"#FD7400\", \"#4BE0BC\", \"#2196F5\", \"#DE3D8A\", \"#162F88\"]);\r\n  const [pointMaterial3DarkColors] = useState([\"#4EAAFF\", \"#FA4EAB\", \"#FFF500\", \"#17EA58\", \"#38FFE7\", \"#FF9E45\", \"#B3F32F\", \"#B93CE4\", \"#FC5664\", \"#9B55FF\"]);\r\n  \r\n  return {\r\n    chartTheme,\r\n    pointMaterial3Colors,\r\n    pointMaterial3DarkColors\r\n  };\r\n}",
  "dependencies": "{\"@syncfusion/react-charts\":\"*\",\"@syncfusion/react-locale\":\"*\",\"@syncfusion/react-cldr-data\":\"*\"}"
}