{
  "src/App.css": "@import \"@syncfusion/react-base/styles/material3.css\";\n",
  "src/App.tsx": "import {\r\n    Chart, ChartPrimaryXAxis, ChartPrimaryYAxis, ChartSeries, ChartSeriesCollection, ChartAxisLabel, ChartTitle, ChartTooltip, ChartMarker, ChartMajorGridLines\r\n} from '@syncfusion/react-charts'\r\nimport { useChartTheme } from './theme';\r\nimport { amazonData, tencentData } from './revenue-data';\r\nexport default function App() {\r\n    const { chartTheme } = useChartTheme();\r\n    return (\r\n        <Chart theme={chartTheme} transposed={true}>\r\n            <ChartTitle text='Amazon and Tencent Annual Revenue' />\r\n            <ChartTooltip enable={true} headerText='${point.x}'  format='${series.name} : <b>${point.y}</b>' />\r\n            <ChartPrimaryXAxis valueType=\"Category\" interval={3}>\r\n                <ChartMajorGridLines width={1} dashArray='10,10' />\r\n            </ChartPrimaryXAxis>\r\n            <ChartPrimaryYAxis>\r\n                <ChartAxisLabel format='${value}M' />\r\n            </ChartPrimaryYAxis>\r\n            <ChartSeriesCollection>\r\n                <ChartSeries dataSource={amazonData} xField=\"x\" yField=\"y\" type=\"Area\" opacity={0.5} fill={\"#3CFFD2\"} name=\"Amazon\" border={{ width: 2, color: chartTheme.indexOf('Dark') > -1 ? \"#30EDC1\" : '#008264' }}>\r\n                    <ChartMarker visible={true} shape='Circle' />\r\n                </ChartSeries>\r\n                <ChartSeries dataSource={tencentData} xField=\"x\" yField=\"y\" type=\"Area\" opacity={0.5} fill='#DCFF89' name=\"Tencent\" border={{ width: 2, color: chartTheme.indexOf('Dark') > -1 ? \"#DCFF89\" : '#5A8100' }} >\r\n                    <ChartMarker visible={true} shape='Circle' />\r\n                </ChartSeries>\r\n            </ChartSeriesCollection>\r\n        </Chart>\r\n    );\r\n}",
  "src/context.tsx": "import { createContext } from \"react\";\r\n\r\nexport interface ThemeContextType {\r\n  themeName: string;\r\n}\r\n\r\nexport interface LoadContextType {\r\n   loading: boolean;\r\n   setLoading: React.Dispatch<React.SetStateAction<boolean>>;\r\n}\r\n\r\nexport interface RefreshContextType {\r\n   refresh: boolean;\r\n}\r\n\r\nexport const ThemeContext = createContext<ThemeContextType>({\r\n  themeName: 'material3'\r\n});\r\n\r\nexport const LoadContext = createContext<LoadContextType>({\r\n  loading: true,\r\n  setLoading: () => {}\r\n});\r\n\r\nexport const RefreshContext = createContext<RefreshContextType>({\r\n  refresh: false\r\n});\r\n\r\nexport interface TocContextType {\r\n  routeToc: boolean | undefined;\r\n  setRouteToc: (toc: boolean | undefined) => void;\r\n}\r\n\r\nexport const TocContext = createContext<TocContextType>({\r\n  routeToc: undefined,\r\n  setRouteToc: () => {}\r\n});",
  "src/theme.tsx": "// src/components/chart/theme.tsx\r\nimport {  Theme } from \"@syncfusion/react-charts\";\r\nimport { useContext, useState } from \"react\";\r\nimport { ThemeContext } from './context';\r\n\r\n// Create a custom hook to use in components\r\nexport function useChartTheme() {\r\n  const { themeName } = useContext(ThemeContext);\r\n  const chartTheme: Theme = themeName === 'material3-dark' ? 'Material3Dark' : 'Material3';\r\n  const [pointMaterial3Colors] = useState([\"#6355C7\", \"#00AEE0\", \"#FFB400\", \"#F7523F\", \"#963C70\", \"#FD7400\", \"#4BE0BC\", \"#2196F5\", \"#DE3D8A\", \"#162F88\"]);\r\n  const [pointMaterial3DarkColors] = useState([\"#4EAAFF\", \"#FA4EAB\", \"#FFF500\", \"#17EA58\", \"#38FFE7\", \"#FF9E45\", \"#B3F32F\", \"#B93CE4\", \"#FC5664\", \"#9B55FF\"]);\r\n  \r\n  return {\r\n    chartTheme,\r\n    pointMaterial3Colors,\r\n    pointMaterial3DarkColors\r\n  };\r\n}",
  "src/revenue-data.ts": "export const amazonData = [\r\n  { x: 2024, y: 638 },\r\n  { x: 2023, y: 575 },\r\n  { x: 2022, y: 514 },\r\n  { x: 2021, y: 470 },\r\n  { x: 2020, y: 386 },\r\n  { x: 2019, y: 281 },\r\n  { x: 2018, y: 233 },\r\n  { x: 2017, y: 178 },\r\n  { x: 2016, y: 136 },\r\n  { x: 2015, y: 107 },\r\n  { x: 2014, y: 89 },\r\n  { x: 2013, y: 74 },\r\n  { x: 2012, y: 61 },\r\n  { x: 2011, y: 48 },\r\n  { x: 2010, y: 34 },\r\n  { x: 2009, y: 25 }\r\n]\r\nexport const tencentData = [\r\n  { x: 2024, y: 92 },\r\n  { x: 2023, y: 86 },\r\n  { x: 2022, y: 82 },\r\n  { x: 2021, y: 87 },\r\n  { x: 2020, y: 70 },\r\n  { x: 2019, y: 55 },\r\n  { x: 2018, y: 47 },\r\n  { x: 2017, y: 35 },\r\n  { x: 2016, y: 23 },\r\n  { x: 2015, y: 17 },\r\n  { x: 2014, y: 13 },\r\n  { x: 2013, y: 10 },\r\n  { x: 2012, y: 7 },\r\n  { x: 2011, y: 4 },\r\n  { x: 2010, y: 3 }\r\n]",
  "dependencies": "{\"@syncfusion/react-charts\":\"*\",\"@syncfusion/react-locale\":\"*\",\"@syncfusion/react-cldr-data\":\"*\"}"
}