{
  "src/App.css": "@import \"@syncfusion/react-base/styles/material3.css\";\n",
  "src/App.tsx": "import {\r\n    Chart, ChartPrimaryXAxis, ChartPrimaryYAxis, ChartSeries, ChartSeriesCollection, ChartAxisLabel, ChartAxisTitle, ChartTitle, ChartMarker, ChartTooltip\r\n} from '@syncfusion/react-charts'\r\nimport { useChartTheme } from './theme';\r\nimport { Browser } from '@syncfusion/react-base';\r\n\r\nexport default function App() {\r\n    const { chartTheme } = useChartTheme();\r\n    const cassette = [\r\n        { x: new Date(1984, 0, 1), y: 0.08 }, { x: new Date(1985, 0, 1), y: 1.85 }, { x: new Date(1986, 0, 1), y: 2.0 },\r\n        { x: new Date(1987, 0, 1), y: 3.55 }, { x: new Date(1988, 0, 1), y: 5.4 }, { x: new Date(1989, 0, 1), y: 5.24 },\r\n        { x: new Date(1990, 0, 1), y: 6.94 }, { x: new Date(1991, 0, 1), y: 5.85 }, { x: new Date(1992, 0, 1), y: 6.85 }, { x: new Date(1993, 0, 1), y: 7.02 },\r\n        { x: new Date(1994, 0, 1), y: 5.81 }, { x: new Date(1995, 0, 1), y: 5.32 }, { x: new Date(1996, 0, 1), y: 4.03 },\r\n        { x: new Date(1997, 0, 1), y: 2.25 }, { x: new Date(1998, 0, 1), y: 2.01 }, { x: new Date(1999, 0, 1), y: 0.8 },\r\n        { x: new Date(2001, 0, 1), y: 0.4 }\r\n    ];\r\n    return (\r\n        <Chart theme={chartTheme}>\r\n            <ChartTitle text='US Music Sales By Cassette' />\r\n            <ChartTooltip enable={true} headerText='${point.x}'  format='Sales : <b>${point.y}B</b>' />\r\n            <ChartPrimaryXAxis valueType=\"DateTime\" minimum={new Date(1984, 1, 1)} maximum={new Date(2001, 1, 1)} >\r\n                <ChartAxisLabel format='y' rotationAngle={Browser.isDevice ? -45 : 0} />\r\n            </ChartPrimaryXAxis>\r\n            <ChartPrimaryYAxis lineStyle={{ width: 0 }} minimum={0} maximum={12} interval={3} >\r\n                <ChartAxisTitle text='In Billions (USD)' />\r\n            </ChartPrimaryYAxis>\r\n            <ChartSeriesCollection>\r\n                <ChartSeries dataSource={cassette} xField=\"x\" yField=\"y\" type=\"Area\" fill=\"#69D2E7\" opacity={0.5} border={{ width: 3, color: \"#962D18\", dashArray: \"5,5\" }}>\r\n                    <ChartMarker visible={true} />\r\n                </ChartSeries>\r\n            </ChartSeriesCollection>\r\n        </Chart>\r\n    );\r\n}",
  "src/context.tsx": "import { createContext } from \"react\";\r\n\r\nexport interface ThemeContextType {\r\n  themeName: string;\r\n}\r\n\r\nexport interface LoadContextType {\r\n   loading: boolean;\r\n   setLoading: React.Dispatch<React.SetStateAction<boolean>>;\r\n}\r\n\r\nexport interface RefreshContextType {\r\n   refresh: boolean;\r\n}\r\n\r\nexport const ThemeContext = createContext<ThemeContextType>({\r\n  themeName: 'material3'\r\n});\r\n\r\nexport const LoadContext = createContext<LoadContextType>({\r\n  loading: true,\r\n  setLoading: () => {}\r\n});\r\n\r\nexport const RefreshContext = createContext<RefreshContextType>({\r\n  refresh: false\r\n});\r\n\r\nexport interface TocContextType {\r\n  routeToc: boolean | undefined;\r\n  setRouteToc: (toc: boolean | undefined) => void;\r\n}\r\n\r\nexport const TocContext = createContext<TocContextType>({\r\n  routeToc: undefined,\r\n  setRouteToc: () => {}\r\n});",
  "src/theme.tsx": "// src/components/chart/theme.tsx\r\nimport {  Theme } from \"@syncfusion/react-charts\";\r\nimport { useContext, useState } from \"react\";\r\nimport { ThemeContext } from './context';\r\n\r\n// Create a custom hook to use in components\r\nexport function useChartTheme() {\r\n  const { themeName } = useContext(ThemeContext);\r\n  const chartTheme: Theme = themeName === 'material3-dark' ? 'Material3Dark' : 'Material3';\r\n  const [pointMaterial3Colors] = useState([\"#6355C7\", \"#00AEE0\", \"#FFB400\", \"#F7523F\", \"#963C70\", \"#FD7400\", \"#4BE0BC\", \"#2196F5\", \"#DE3D8A\", \"#162F88\"]);\r\n  const [pointMaterial3DarkColors] = useState([\"#4EAAFF\", \"#FA4EAB\", \"#FFF500\", \"#17EA58\", \"#38FFE7\", \"#FF9E45\", \"#B3F32F\", \"#B93CE4\", \"#FC5664\", \"#9B55FF\"]);\r\n  \r\n  return {\r\n    chartTheme,\r\n    pointMaterial3Colors,\r\n    pointMaterial3DarkColors\r\n  };\r\n}",
  "dependencies": "{\"@syncfusion/react-charts\":\"*\",\"@syncfusion/react-base\":\"*\",\"@syncfusion/react-locale\":\"*\",\"@syncfusion/react-cldr-data\":\"*\"}"
}