{
  "src/App.css": "@import \"@syncfusion/react-base/styles/material3.css\";\n",
  "src/App.tsx": "import { useEffect, useState } from 'react';\r\nimport { Chart, ChartPrimaryXAxis, ChartPrimaryYAxis, ChartSeries, ChartSeriesCollection, ChartTitle, ChartAxisLabel, ChartMajorTickLines, ChartDataLabel, ChartMarker } from '@syncfusion/react-charts';\r\nimport { rectSeriesLiveUpdateData } from './product-sale-data';\r\nimport { useChartTheme } from './theme';\r\nimport { Browser } from '@syncfusion/react-base';\r\nexport default function App() {\r\n    const { chartTheme } = useChartTheme();\r\n    const [data, setData] = useState(rectSeriesLiveUpdateData);\r\n    function getRandomInt(min: number, max: number): number {\r\n        return Math.floor(Math.random() * (max - min + 1)) + min;\r\n    }\r\n    useEffect(() => {\r\n        const id = setInterval(() => {\r\n            setData(prevData => prevData.map(item => ({\r\n                x: item.x,\r\n                y: getRandomInt(10, 90),\r\n                color: item.color,\r\n                barColor: item.barColor\r\n            })));\r\n        }, 3000);\r\n        return () => {\r\n            clearInterval(id);\r\n        };\r\n    }, []);\r\n    return (\r\n        <Chart theme={chartTheme}>\r\n            <ChartTitle text=\"Sales by Product\" />\r\n            <ChartPrimaryXAxis valueType=\"Category\">\r\n                <ChartAxisLabel fontSize='12px' intersectAction='Rotate90' />\r\n                <ChartMajorTickLines width={1} />\r\n            </ChartPrimaryXAxis>\r\n            <ChartPrimaryYAxis lineStyle={{ width: 0 }} minimum={0} maximum={100} interval={20}>\r\n                <ChartAxisLabel format='{value}%' rotationAngle={Browser.isDevice ? -45 : 0} />\r\n            </ChartPrimaryYAxis>\r\n            <ChartSeriesCollection>\r\n                <ChartSeries dataSource={data} xField=\"x\" yField=\"y\" type=\"Bar\" colorField='barColor' columnWidth={0.5} cornerRadius={{ topLeft: 0, topRight: 15, bottomLeft: 0, bottomRight: 15 }}>\r\n                    <ChartMarker>\r\n                        <ChartDataLabel visible={!Browser.isDevice} position='Top' />\r\n                    </ChartMarker>\r\n                </ChartSeries>\r\n            </ChartSeriesCollection>\r\n        </Chart>\r\n    );\r\n}",
  "src/product-sale-data.ts": "export const rectSeriesLiveUpdateData = [\r\n  { x: 'Jewellery', y: 75, color: '#578FCA', barColor: '#D8B4F8' },\r\n  { x: 'Shoes', y: 45, color: '#F2C078', barColor: '#FF8080' },\r\n  { x: 'Footwear', y: 73, color: '#73946B', barColor: '#A4B465' },\r\n  { x: 'Pet Services', y: 53, color: '#98A1EA', barColor: '#86A7FC' },\r\n  { x: 'Business Clothing', y: 85, color: '#FF8080', barColor: '#73946B' },\r\n  { x: 'Office Supplies', y: 68, color: '#D3DE32', barColor: '#F2C078' },\r\n  { x: 'Food', y: 45, color: '#5FDDE5', barColor: '#578FCA' }\r\n];",
  "src/context.tsx": "import { createContext } from \"react\";\r\n\r\nexport interface ThemeContextType {\r\n  themeName: string;\r\n}\r\n\r\nexport interface LoadContextType {\r\n   loading: boolean;\r\n   setLoading: React.Dispatch<React.SetStateAction<boolean>>;\r\n}\r\n\r\nexport interface RefreshContextType {\r\n   refresh: boolean;\r\n}\r\n\r\nexport const ThemeContext = createContext<ThemeContextType>({\r\n  themeName: 'material3'\r\n});\r\n\r\nexport const LoadContext = createContext<LoadContextType>({\r\n  loading: true,\r\n  setLoading: () => {}\r\n});\r\n\r\nexport const RefreshContext = createContext<RefreshContextType>({\r\n  refresh: false\r\n});\r\n\r\nexport interface TocContextType {\r\n  routeToc: boolean | undefined;\r\n  setRouteToc: (toc: boolean | undefined) => void;\r\n}\r\n\r\nexport const TocContext = createContext<TocContextType>({\r\n  routeToc: undefined,\r\n  setRouteToc: () => {}\r\n});",
  "src/theme.tsx": "// src/components/chart/theme.tsx\r\nimport {  Theme } from \"@syncfusion/react-charts\";\r\nimport { useContext, useState } from \"react\";\r\nimport { ThemeContext } from './context';\r\n\r\n// Create a custom hook to use in components\r\nexport function useChartTheme() {\r\n  const { themeName } = useContext(ThemeContext);\r\n  const chartTheme: Theme = themeName === 'material3-dark' ? 'Material3Dark' : 'Material3';\r\n  const [pointMaterial3Colors] = useState([\"#6355C7\", \"#00AEE0\", \"#FFB400\", \"#F7523F\", \"#963C70\", \"#FD7400\", \"#4BE0BC\", \"#2196F5\", \"#DE3D8A\", \"#162F88\"]);\r\n  const [pointMaterial3DarkColors] = useState([\"#4EAAFF\", \"#FA4EAB\", \"#FFF500\", \"#17EA58\", \"#38FFE7\", \"#FF9E45\", \"#B3F32F\", \"#B93CE4\", \"#FC5664\", \"#9B55FF\"]);\r\n  \r\n  return {\r\n    chartTheme,\r\n    pointMaterial3Colors,\r\n    pointMaterial3DarkColors\r\n  };\r\n}",
  "dependencies": "{\"@syncfusion/react-charts\":\"*\",\"@syncfusion/react-base\":\"*\",\"@syncfusion/react-locale\":\"*\",\"@syncfusion/react-cldr-data\":\"*\"}"
}