{
  "src/App.css": "@import \"@syncfusion/react-base/styles/material3.css\";\n",
  "src/App.tsx": "import { Chart, ChartPrimaryXAxis, ChartPrimaryYAxis, ChartSeries, ChartSeriesCollection, ChartTooltip, ChartTitle, ChartAxisLabel, ChartAxisTitle } from '@syncfusion/react-charts'\r\nimport { pointColorData } from './trading-data'\r\nimport { useChartTheme } from './theme';\r\nimport { Browser } from '@syncfusion/react-base';\r\nexport default function App() {\r\n    const { chartTheme } = useChartTheme();\r\n    return (\r\n        <Chart theme={chartTheme} palettes={[\"#87CEEB\", \"#F6B53F\", \"#6FAAB0\", \"#C4C24A\"]}>\r\n            <ChartTitle text='U.S Trade with India in 2024' />\r\n            <ChartPrimaryXAxis valueType={'Category'} />\r\n            <ChartPrimaryYAxis lineStyle={{ width: 0 }} interval={Browser.isDevice ? 0.4 : 0.3}>\r\n                <ChartAxisLabel format='{value}B' rotationAngle={Browser.isDevice ? -45 : 0}/>\r\n                <ChartAxisTitle text='Billion USD' />\r\n            </ChartPrimaryYAxis>\r\n            <ChartSeriesCollection>\r\n                <ChartSeries dataSource={pointColorData} xField=\"x\" yField=\"y\" type=\"Bar\" colorField='barColor' columnSpacing={0.2} cornerRadius={{ bottomRight: 8, topRight: 8 }} />\r\n            </ChartSeriesCollection>\r\n            <ChartTooltip enable={true} headerText='Export to India' format='${point.x} : <b>${point.y}</b>' />\r\n        </Chart>\r\n    )\r\n}",
  "src/trading-data.ts": "export const pointColorData = [\r\n  { x: \"Cotton\", y: 0.20, color: '#73946B', barColor: '#A4B465' }, // 209 Million = 209,000 Thousand\r\n  { x: \"Soybean Oil\", y: 0.37, color: '#C4C24A', barColor: '#C4C24A' }, // 37.53 Million = 37,530 Thousand\r\n  { x: \"Fresh Fruit\", y: 0.40, color: '#6FAAB0', barColor: '#6FAAB0' }, // 40.07 Million = 40,070 Thousand\r\n  { x: \"Ethanol\", y: 0.42, color: '#F2C078', barColor: '#FF8080' }, // 420.89 Million = 420,890 Thousand\r\n  { x: \"Other Feeds, Meals & Fodders\", y: 0.43, color: '#F6B53F', barColor: '#F6B53F' }, // 43.73 Million = 43,730 Thousand\r\n  { x: \"Other Intermediate Products\", y: 0.51, color: '#5FDDE5', barColor: '#578FCA' }, // 51.27 Million = 51,270 Thousand\r\n  { x: \"Dairy Products\", y: 0.52, color: '#D3DE32', barColor: '#F2C078' }, // 52.65 Million = 52,650 Thousand\r\n  { x: \"Essential Oils\", y: 0.67, color: '#FF8080', barColor: '#73946B' }, // 67.19 Million = 67,190 Thousand\r\n  { x: \"Pulses\", y: 0.73, color: '#98A1EA', barColor: '#86A7FC' }, // 73.41 Million = 73,410 Thousand\r\n  { x: \"Tree Nuts\", y: 1.12, color: '#578FCA', barColor: '#D8B4F8' }, // 1.12 Billion = 1,120,000 Thousand\r\n];\r\n",
  "src/context.tsx": "import { createContext } from \"react\";\r\n\r\nexport interface ThemeContextType {\r\n  themeName: string;\r\n}\r\n\r\nexport interface LoadContextType {\r\n   loading: boolean;\r\n   setLoading: React.Dispatch<React.SetStateAction<boolean>>;\r\n}\r\n\r\nexport interface RefreshContextType {\r\n   refresh: boolean;\r\n}\r\n\r\nexport const ThemeContext = createContext<ThemeContextType>({\r\n  themeName: 'material3'\r\n});\r\n\r\nexport const LoadContext = createContext<LoadContextType>({\r\n  loading: true,\r\n  setLoading: () => {}\r\n});\r\n\r\nexport const RefreshContext = createContext<RefreshContextType>({\r\n  refresh: false\r\n});\r\n\r\nexport interface TocContextType {\r\n  routeToc: boolean | undefined;\r\n  setRouteToc: (toc: boolean | undefined) => void;\r\n}\r\n\r\nexport const TocContext = createContext<TocContextType>({\r\n  routeToc: undefined,\r\n  setRouteToc: () => {}\r\n});",
  "src/theme.tsx": "// src/components/chart/theme.tsx\r\nimport {  Theme } from \"@syncfusion/react-charts\";\r\nimport { useContext, useState } from \"react\";\r\nimport { ThemeContext } from './context';\r\n\r\n// Create a custom hook to use in components\r\nexport function useChartTheme() {\r\n  const { themeName } = useContext(ThemeContext);\r\n  const chartTheme: Theme = themeName === 'material3-dark' ? 'Material3Dark' : 'Material3';\r\n  const [pointMaterial3Colors] = useState([\"#6355C7\", \"#00AEE0\", \"#FFB400\", \"#F7523F\", \"#963C70\", \"#FD7400\", \"#4BE0BC\", \"#2196F5\", \"#DE3D8A\", \"#162F88\"]);\r\n  const [pointMaterial3DarkColors] = useState([\"#4EAAFF\", \"#FA4EAB\", \"#FFF500\", \"#17EA58\", \"#38FFE7\", \"#FF9E45\", \"#B3F32F\", \"#B93CE4\", \"#FC5664\", \"#9B55FF\"]);\r\n  \r\n  return {\r\n    chartTheme,\r\n    pointMaterial3Colors,\r\n    pointMaterial3DarkColors\r\n  };\r\n}",
  "dependencies": "{\"@syncfusion/react-charts\":\"*\",\"@syncfusion/react-base\":\"*\",\"@syncfusion/react-locale\":\"*\",\"@syncfusion/react-cldr-data\":\"*\"}"
}