{
  "src/App.css": "@import \"@syncfusion/react-base/styles/material3.css\";\n",
  "src/App.tsx": "import { useState } from 'react';\r\nimport { Chart, ChartPrimaryXAxis, ChartPrimaryYAxis, ChartSeries, ChartSeriesCollection, ChartTooltip, ChartTitle, ChartAxisTitle, ChartAxisLabel } from '@syncfusion/react-charts';\r\nimport { paletteData } from './phone-palette';\r\nimport { useChartTheme } from './theme';\r\n\r\nexport default function App() {\r\n    const { chartTheme } = useChartTheme();\r\n    const [columnWidthInPixel, setColumnWidthInPixel] = useState(45);\r\n    return (\r\n        <div>\r\n            <div style={{ display: 'flex', alignItems: 'center', gap: '20px', padding: '15px', borderRadius: '8px', marginBottom: '20px' }}>\r\n                <div style={{ minWidth: '160px' }}>\r\n                    <label style={{ display: 'block', marginBottom: '5px', fontWeight: '500' }}>\r\n                        Column Width (Pixels): {columnWidthInPixel}\r\n                    </label>\r\n                    <input type=\"range\" min=\"5\" max=\"100\" step=\"1\" value={columnWidthInPixel} onChange={(e) => setColumnWidthInPixel(parseInt(e.target.value))} style={{ width: '150px', height: '6px' }} />\r\n                </div>\r\n            </div>\r\n            <Chart theme={chartTheme}>\r\n                <ChartTitle text='Global Smartphone Sales Trends by Apple (2021-2023)' />                \r\n                <ChartPrimaryXAxis valueType={'Category'}/>\r\n                <ChartPrimaryYAxis lineStyle={{ width: 0 }} maximum={300}>                    \r\n                    <ChartAxisLabel format='{value}M' />\r\n                    <ChartAxisTitle text='Units Sold (in Millions)' />\r\n                </ChartPrimaryYAxis>\r\n                <ChartSeriesCollection>\r\n                    <ChartSeries dataSource={paletteData} xField=\"year\" yField=\"apple\" type=\"Bar\" fill='#239BA7' columnWidthInPixel={columnWidthInPixel} cornerRadius={{ bottomRight: 4, topRight: 4 }} />\r\n                </ChartSeriesCollection>\r\n                <ChartTooltip enable={true} headerText='Apple'  format='${point.x} : <b>${point.y}</b>' />\r\n            </Chart>\r\n        </div>\r\n    );\r\n}\r\n",
  "src/phone-palette.ts": "export const paletteData = [\r\n  { year: '2021', apple: 237, xiaomi: 190, oppo: 143 },\r\n  { year: '2022', apple: 226.4, xiaomi: 153.1, oppo: 103.3 },\r\n  { year: '2023', apple: 234.6, xiaomi: 145.9, oppo: 103.1 }\r\n]",
  "src/context.tsx": "import { createContext } from \"react\";\r\n\r\nexport interface ThemeContextType {\r\n  themeName: string;\r\n}\r\n\r\nexport interface LoadContextType {\r\n   loading: boolean;\r\n   setLoading: React.Dispatch<React.SetStateAction<boolean>>;\r\n}\r\n\r\nexport interface RefreshContextType {\r\n   refresh: boolean;\r\n}\r\n\r\nexport const ThemeContext = createContext<ThemeContextType>({\r\n  themeName: 'material3'\r\n});\r\n\r\nexport const LoadContext = createContext<LoadContextType>({\r\n  loading: true,\r\n  setLoading: () => {}\r\n});\r\n\r\nexport const RefreshContext = createContext<RefreshContextType>({\r\n  refresh: false\r\n});\r\n\r\nexport interface TocContextType {\r\n  routeToc: boolean | undefined;\r\n  setRouteToc: (toc: boolean | undefined) => void;\r\n}\r\n\r\nexport const TocContext = createContext<TocContextType>({\r\n  routeToc: undefined,\r\n  setRouteToc: () => {}\r\n});",
  "src/theme.tsx": "// src/components/chart/theme.tsx\r\nimport {  Theme } from \"@syncfusion/react-charts\";\r\nimport { useContext, useState } from \"react\";\r\nimport { ThemeContext } from './context';\r\n\r\n// Create a custom hook to use in components\r\nexport function useChartTheme() {\r\n  const { themeName } = useContext(ThemeContext);\r\n  const chartTheme: Theme = themeName === 'material3-dark' ? 'Material3Dark' : 'Material3';\r\n  const [pointMaterial3Colors] = useState([\"#6355C7\", \"#00AEE0\", \"#FFB400\", \"#F7523F\", \"#963C70\", \"#FD7400\", \"#4BE0BC\", \"#2196F5\", \"#DE3D8A\", \"#162F88\"]);\r\n  const [pointMaterial3DarkColors] = useState([\"#4EAAFF\", \"#FA4EAB\", \"#FFF500\", \"#17EA58\", \"#38FFE7\", \"#FF9E45\", \"#B3F32F\", \"#B93CE4\", \"#FC5664\", \"#9B55FF\"]);\r\n  \r\n  return {\r\n    chartTheme,\r\n    pointMaterial3Colors,\r\n    pointMaterial3DarkColors\r\n  };\r\n}",
  "dependencies": "{\"@syncfusion/react-charts\":\"*\",\"@syncfusion/react-locale\":\"*\",\"@syncfusion/react-cldr-data\":\"*\"}"
}