{
  "src/App.css": "@import \"@syncfusion/react-base/styles/material3.css\";\n",
  "src/App.tsx": "import { Chart, ChartArea, ChartPrimaryXAxis, ChartPrimaryYAxis, ChartSeries, ChartSeriesCollection, ChartTitle } from '@syncfusion/react-charts'\r\nimport { generateInitialData } from './generate-data';\r\nimport { useState, useRef, useEffect } from 'react';\r\nimport { useChartTheme } from './theme';\r\ninterface ChartData { x: number; y: number; size: number; }\r\nexport default function App() {\r\n    const { chartTheme } = useChartTheme();\r\n    const [bubbleData, setBubbleData] = useState<ChartData[]>(generateInitialData());\r\n    const timerRef = useRef<number | null>(null);\r\n    useEffect(() => {\r\n        setBubbleData(generateInitialData());\r\n        timerRef.current = window.setInterval(() => {\r\n            setBubbleData(prevData =>\r\n                prevData.map(point => ({\r\n                    x: point.x, y: Math.min(95, Math.floor(Math.random() * (80) + 15)),\r\n                    size: Math.max(0.1, Math.min(0.4, point.size + (Math.random() - 0.1) * 1))\r\n                }))\r\n            );\r\n        }, 2000);\r\n        return () => {\r\n            if (timerRef.current !== null) {\r\n                window.clearInterval(timerRef.current);\r\n            }\r\n        };\r\n    }, []);\r\n    return (\r\n        <Chart theme={chartTheme}>\r\n            <ChartArea border={{ width: 1, color: '#E7E3F0' }}/>\r\n            <ChartTitle text='Auto-Updating Bubble Chart'/>\r\n            <ChartPrimaryXAxis minimum={0} maximum={8} interval={1}/>\r\n            <ChartPrimaryYAxis interval={15}/>\r\n            <ChartSeriesCollection>\r\n                <ChartSeries dataSource={bubbleData} type='Bubble' minRadius={1} maxRadius={3} border={{ width: 1, color: '#ffffff' }} xField='x' yField='y' sizeField='size' fill=\"#00A8E899\" opacity={0.7} animation={{ enable: true, duration: 1500 }}/>\r\n            </ChartSeriesCollection>\r\n        </Chart>\r\n    );\r\n}",
  "src/generate-data.ts": "interface ChartData {\r\n  x: number;\r\n  y: number;\r\n  size: number;\r\n}\r\nexport const generateInitialData = (): ChartData[] => {\r\n  const chartData: ChartData[] = [];\r\n  for (let i = 1; i <= 7; i++) {\r\n    chartData.push({\r\n      x: i,\r\n      y: Math.floor(Math.random() * (75) + 15),\r\n      size: Math.random() * 0.6 + 0.1\r\n    });\r\n  }\r\n  return chartData;\r\n};",
  "src/context.tsx": "import { createContext } from \"react\";\r\n\r\nexport interface ThemeContextType {\r\n  themeName: string;\r\n}\r\n\r\nexport interface LoadContextType {\r\n   loading: boolean;\r\n   setLoading: React.Dispatch<React.SetStateAction<boolean>>;\r\n}\r\n\r\nexport interface RefreshContextType {\r\n   refresh: boolean;\r\n}\r\n\r\nexport const ThemeContext = createContext<ThemeContextType>({\r\n  themeName: 'material3'\r\n});\r\n\r\nexport const LoadContext = createContext<LoadContextType>({\r\n  loading: true,\r\n  setLoading: () => {}\r\n});\r\n\r\nexport const RefreshContext = createContext<RefreshContextType>({\r\n  refresh: false\r\n});\r\n\r\nexport interface TocContextType {\r\n  routeToc: boolean | undefined;\r\n  setRouteToc: (toc: boolean | undefined) => void;\r\n}\r\n\r\nexport const TocContext = createContext<TocContextType>({\r\n  routeToc: undefined,\r\n  setRouteToc: () => {}\r\n});",
  "src/theme.tsx": "// src/components/chart/theme.tsx\r\nimport {  Theme } from \"@syncfusion/react-charts\";\r\nimport { useContext, useState } from \"react\";\r\nimport { ThemeContext } from './context';\r\n\r\n// Create a custom hook to use in components\r\nexport function useChartTheme() {\r\n  const { themeName } = useContext(ThemeContext);\r\n  const chartTheme: Theme = themeName === 'material3-dark' ? 'Material3Dark' : 'Material3';\r\n  const [pointMaterial3Colors] = useState([\"#6355C7\", \"#00AEE0\", \"#FFB400\", \"#F7523F\", \"#963C70\", \"#FD7400\", \"#4BE0BC\", \"#2196F5\", \"#DE3D8A\", \"#162F88\"]);\r\n  const [pointMaterial3DarkColors] = useState([\"#4EAAFF\", \"#FA4EAB\", \"#FFF500\", \"#17EA58\", \"#38FFE7\", \"#FF9E45\", \"#B3F32F\", \"#B93CE4\", \"#FC5664\", \"#9B55FF\"]);\r\n  \r\n  return {\r\n    chartTheme,\r\n    pointMaterial3Colors,\r\n    pointMaterial3DarkColors\r\n  };\r\n}",
  "dependencies": "{\"@syncfusion/react-charts\":\"*\",\"@syncfusion/react-locale\":\"*\",\"@syncfusion/react-cldr-data\":\"*\"}"
}