{
  "src/App.css": "@import \"@syncfusion/react-base/styles/material3.css\";\n",
  "src/App.tsx": "import { Chart, ChartPrimaryXAxis, ChartPrimaryYAxis, ChartSeries, ChartSeriesCollection, ChartTooltip, ChartAxisTitle, ChartLegend, ChartArea, ChartStripLine, ChartStripLines } from '@syncfusion/react-charts'\r\nimport { bubbleFirstSeriesCustomData, bubbleSecondSeriesCustomData, bubbleThirdSeriesCustomData, bubbleFourthSeriesCustomData } from './growth-population-data'\r\nimport { useChartTheme } from './theme';\r\nexport default function App() {\r\n    const { chartTheme } = useChartTheme();\r\n    return (\r\n        <Chart theme={chartTheme}> \r\n        <ChartArea border={{width: 1, color:'#E7E3F0'}}/>           \r\n            <ChartTooltip enable={true} headerText=''  format='Literacy rate : <b>${point.x}%</b> <br/>GDP growth rate : <b>${point.y}</b><br/>Population : <b>${point.size}B</b>' showMarker={false} />\r\n            <ChartPrimaryXAxis minimum={60} maximum={101}>\r\n                <ChartAxisTitle text='Literacy Rate'/>\r\n                <ChartStripLines>\r\n                    <ChartStripLine visible={true} range={{ start:65, end: 65.1 }} style={{ color: 'Gray', dashArray: '3,10', opacity: 0.8 }} />\r\n                </ChartStripLines>\r\n            </ChartPrimaryXAxis>\r\n            <ChartPrimaryYAxis lineStyle={{ width: 0 }} minimum={-1} maximum={10} >\r\n                <ChartAxisTitle text='GDP Growth Rate'/>\r\n                <ChartStripLines>\r\n                    <ChartStripLine visible={true} range={{ start:1.5, end: 1.6 }} style={{ color: 'Gray', dashArray: '3,10', opacity: 0.8 }} />\r\n                </ChartStripLines>\r\n            </ChartPrimaryYAxis>\r\n            <ChartSeriesCollection>\r\n                <ChartSeries dataSource={bubbleFirstSeriesCustomData} xField=\"xValue\" yField=\"y\" type=\"Bubble\" sizeField='size' fill=\"#F7CAC9\" opacity={0.7} name='North America'/>\r\n                <ChartSeries dataSource={bubbleSecondSeriesCustomData} xField=\"xValue\" yField=\"y\" type=\"Bubble\" sizeField='size' fill=\"#88B04B\" opacity={0.7} name='Europe' />\r\n                <ChartSeries dataSource={bubbleThirdSeriesCustomData} xField=\"xValue\" yField=\"y\" type=\"Bubble\" sizeField='size' fill=\"#6B5B95\" opacity={0.7} name='Asia' />\r\n                <ChartSeries dataSource={bubbleFourthSeriesCustomData} xField=\"xValue\" yField=\"y\" type=\"Bubble\" sizeField='size' fill=\"#FF6F61\" opacity={0.7} name='Africa' />\r\n            </ChartSeriesCollection>\r\n            <ChartLegend visible={true} position={'Auto'}/>\r\n        </Chart>\r\n    );\r\n}",
  "src/growth-population-data.ts": "export const bubbleFirstSeriesCustomData = [\r\n  { x: 'US', xValue: 99.4, y: 2.2, size: 0.312 },\r\n  { x: 'Mexico', xValue: 86.1, y: 4.0, size: 0.115 },\r\n];\r\n\r\nexport const bubbleSecondSeriesCustomData = [\r\n  { x: 'Germany', xValue: 99, y: 0.7, size: 0.0818 },\r\n  { x: 'Russia', xValue: 99.6, y: 3.4, size: 0.143 },\r\n  { x: 'Netherland', xValue: 79.2, y: 3.9, size: 0.162 },\r\n];\r\n\r\nexport const bubbleThirdSeriesCustomData = [\r\n  { x: 'China', xValue: 92.2, y: 7.8, size: 1.347 },\r\n  { x: 'India', xValue: 74, y: 6.5, size: 1.241 },\r\n  { x: 'Indonesia', xValue: 90.4, y: 6.0, size: 0.238 },\r\n  { x: 'Japan', xValue: 99, y: 0.2, size: 0.128 },\r\n  { x: 'Philippines', xValue: 92.6, y: 6.6, size: 0.096 },\r\n  { x: 'Hong Kong', xValue: 82.2, y: 3.97, size: 0.7 },\r\n  { x: 'Jordan', xValue: 72.5, y: 4.5, size: 0.7 },\r\n  { x: 'Australia', xValue: 81, y: 3.5, size: 0.21 },\r\n  { x: 'Mongolia', xValue: 66.8, y: 3.9, size: 0.028 },\r\n  { x: 'Taiwan', xValue: 78.4, y: 2.9, size: 0.231 },\r\n];\r\n\r\nexport const bubbleFourthSeriesCustomData = [\r\n  { x: 'Egypt', xValue: 72, y: 2.0, size: 0.0826 },\r\n  { x: 'Nigeria', xValue: 61.3, y: 1.45, size: 0.162 },\r\n];",
  "src/context.tsx": "import { createContext } from \"react\";\r\n\r\nexport interface ThemeContextType {\r\n  themeName: string;\r\n}\r\n\r\nexport interface LoadContextType {\r\n   loading: boolean;\r\n   setLoading: React.Dispatch<React.SetStateAction<boolean>>;\r\n}\r\n\r\nexport interface RefreshContextType {\r\n   refresh: boolean;\r\n}\r\n\r\nexport const ThemeContext = createContext<ThemeContextType>({\r\n  themeName: 'material3'\r\n});\r\n\r\nexport const LoadContext = createContext<LoadContextType>({\r\n  loading: true,\r\n  setLoading: () => {}\r\n});\r\n\r\nexport const RefreshContext = createContext<RefreshContextType>({\r\n  refresh: false\r\n});\r\n\r\nexport interface TocContextType {\r\n  routeToc: boolean | undefined;\r\n  setRouteToc: (toc: boolean | undefined) => void;\r\n}\r\n\r\nexport const TocContext = createContext<TocContextType>({\r\n  routeToc: undefined,\r\n  setRouteToc: () => {}\r\n});",
  "src/theme.tsx": "// src/components/chart/theme.tsx\r\nimport {  Theme } from \"@syncfusion/react-charts\";\r\nimport { useContext, useState } from \"react\";\r\nimport { ThemeContext } from './context';\r\n\r\n// Create a custom hook to use in components\r\nexport function useChartTheme() {\r\n  const { themeName } = useContext(ThemeContext);\r\n  const chartTheme: Theme = themeName === 'material3-dark' ? 'Material3Dark' : 'Material3';\r\n  const [pointMaterial3Colors] = useState([\"#6355C7\", \"#00AEE0\", \"#FFB400\", \"#F7523F\", \"#963C70\", \"#FD7400\", \"#4BE0BC\", \"#2196F5\", \"#DE3D8A\", \"#162F88\"]);\r\n  const [pointMaterial3DarkColors] = useState([\"#4EAAFF\", \"#FA4EAB\", \"#FFF500\", \"#17EA58\", \"#38FFE7\", \"#FF9E45\", \"#B3F32F\", \"#B93CE4\", \"#FC5664\", \"#9B55FF\"]);\r\n  \r\n  return {\r\n    chartTheme,\r\n    pointMaterial3Colors,\r\n    pointMaterial3DarkColors\r\n  };\r\n}",
  "dependencies": "{\"@syncfusion/react-charts\":\"*\",\"@syncfusion/react-locale\":\"*\",\"@syncfusion/react-cldr-data\":\"*\"}"
}