{
  "src/App.css": "@import \"@syncfusion/react-base/styles/material3.css\";\n@import \"@syncfusion/react-buttons/styles/material3.css\";\n@import \"@syncfusion/react-popups/styles/material3.css\";\n@import \"@syncfusion/react-splitbuttons/styles/material3.css\";\n@import \"@syncfusion/react-inputs/styles/material3.css\";\n@import \"@syncfusion/react-lists/styles/material3.css\";\n@import \"@syncfusion/react-dropdowns/styles/material3.css\";\n",
  "src/App.tsx": "import { Chart, ChartPrimaryXAxis, ChartPrimaryYAxis, ChartSeries, ChartSeriesCollection, ChartMajorTickLines, ChartAxisLabel, ChartTooltip, ChartTitle, LabelPlacement, ChartAxisTitle, ChartMarker } from '@syncfusion/react-charts';\r\nimport { labelPlacementData } from './category-label-data';\r\nimport { useState } from 'react';\r\nimport { useChartTheme } from './theme';\r\nimport { DropDownList } from '@syncfusion/react-dropdowns';\r\nimport { Browser } from '@syncfusion/react-base';\r\nexport default function App() {\r\n    const { chartTheme } = useChartTheme();\r\n    const [tickPlacement, setTickPlacement] = useState<LabelPlacement>('OnTicks');\r\n    const tickPlacementOptions: { [key: string]: unknown }[] = [\r\n        { text: 'On Ticks', value: 'OnTicks' },\r\n        { text: 'Between Ticks', value: 'BetweenTicks' }\r\n    ];\r\n    const dropdownFields = { text: 'text', value: 'value' };\r\n    return (\r\n        <div>\r\n            <div style={{ marginBottom: '20px', display: 'flex', alignItems: 'center', gap: '10px', width: '236px' }}>\r\n                <label style={{ fontWeight: 700, whiteSpace: 'nowrap' }}> Tick Placement</label>\r\n                <DropDownList width={170} dataSource={tickPlacementOptions as { [key: string]: object }[]} value={tickPlacement} fields={dropdownFields} onChange={(e) => {\r\n                    if (e && e.value !== undefined) {\r\n                        setTickPlacement(e.value as LabelPlacement);\r\n                    }\r\n                }} />\r\n            </div>\r\n            <Chart theme={chartTheme}>\r\n                <ChartTitle text='Stock Market Capitalization as a Percentage of GDP by Country' />\r\n                <ChartTooltip enable={true} headerText=\"Stock Market Cap\" format='${point.x} : <b>${point.y}B</b>' />\r\n                <ChartPrimaryXAxis valueType={'Category'}>\r\n                    <ChartAxisLabel placement={tickPlacement} rotationAngle={Browser.isDevice ? -45 : 0} />\r\n                    <ChartMajorTickLines width={1} />\r\n                </ChartPrimaryXAxis>\r\n                <ChartPrimaryYAxis visible={true} lineStyle={{ width: 0 }} interval={50}>\r\n                    <ChartAxisLabel format='{value}' placement={tickPlacement} />\r\n                    <ChartAxisTitle text='Capitalization Ratio (% of GDP)' />\r\n                </ChartPrimaryYAxis>\r\n                <ChartSeriesCollection>\r\n                    <ChartSeries dataSource={labelPlacementData} xField=\"country\" yField=\"y\" width={2} opacity={0.4} type=\"SplineArea\" fill=\"#D6FF89\" border={{ width: 2, color: chartTheme.includes('Dark') ? \"#A3E920\" : \"#71AD01\" }}>\r\n                        <ChartMarker visible={true} shape=\"Circle\" fill={chartTheme.includes('Dark') ? \"#A3E920\" : \"#71AD01\"} border={{ width: 2, color: chartTheme.includes('Dark') ? \"#A3E920\" : \"#71AD01\" }} />\r\n                    </ChartSeries>\r\n                </ChartSeriesCollection>\r\n            </Chart>\r\n        </div>\r\n    );\r\n}\r\n",
  "src/category-label-data.ts": "export const labelPlacementData = [\r\n  { country: 'USA', y: 194.55 },\r\n  { country: 'Japan', y: 146.2 },\r\n  { country: 'China', y: 65.1 },\r\n  { country: 'France', y: 84.9 },\r\n  { country: 'India', y: 140.1 },\r\n  { country: 'Canada', y: 160.7 },\r\n  { country: 'Brazil', y: 68.4 },\r\n  { country: 'UK', y: 100.2 },\r\n  { country: 'Sweden', y: 162 },\r\n  { country: 'Bangladesh', y: 27.7 }\r\n]",
  "src/context.tsx": "import { createContext } from \"react\";\r\n\r\nexport interface ThemeContextType {\r\n  themeName: string;\r\n}\r\n\r\nexport interface LoadContextType {\r\n   loading: boolean;\r\n   setLoading: React.Dispatch<React.SetStateAction<boolean>>;\r\n}\r\n\r\nexport interface RefreshContextType {\r\n   refresh: boolean;\r\n}\r\n\r\nexport const ThemeContext = createContext<ThemeContextType>({\r\n  themeName: 'material3'\r\n});\r\n\r\nexport const LoadContext = createContext<LoadContextType>({\r\n  loading: true,\r\n  setLoading: () => {}\r\n});\r\n\r\nexport const RefreshContext = createContext<RefreshContextType>({\r\n  refresh: false\r\n});\r\n\r\nexport interface TocContextType {\r\n  routeToc: boolean | undefined;\r\n  setRouteToc: (toc: boolean | undefined) => void;\r\n}\r\n\r\nexport const TocContext = createContext<TocContextType>({\r\n  routeToc: undefined,\r\n  setRouteToc: () => {}\r\n});",
  "src/theme.tsx": "// src/components/chart/theme.tsx\r\nimport {  Theme } from \"@syncfusion/react-charts\";\r\nimport { useContext, useState } from \"react\";\r\nimport { ThemeContext } from './context';\r\n\r\n// Create a custom hook to use in components\r\nexport function useChartTheme() {\r\n  const { themeName } = useContext(ThemeContext);\r\n  const chartTheme: Theme = themeName === 'material3-dark' ? 'Material3Dark' : 'Material3';\r\n  const [pointMaterial3Colors] = useState([\"#6355C7\", \"#00AEE0\", \"#FFB400\", \"#F7523F\", \"#963C70\", \"#FD7400\", \"#4BE0BC\", \"#2196F5\", \"#DE3D8A\", \"#162F88\"]);\r\n  const [pointMaterial3DarkColors] = useState([\"#4EAAFF\", \"#FA4EAB\", \"#FFF500\", \"#17EA58\", \"#38FFE7\", \"#FF9E45\", \"#B3F32F\", \"#B93CE4\", \"#FC5664\", \"#9B55FF\"]);\r\n  \r\n  return {\r\n    chartTheme,\r\n    pointMaterial3Colors,\r\n    pointMaterial3DarkColors\r\n  };\r\n}",
  "dependencies": "{\"@syncfusion/react-charts\":\"*\",\"@syncfusion/react-dropdowns\":\"*\",\"@syncfusion/react-base\":\"*\",\"@syncfusion/react-locale\":\"*\",\"@syncfusion/react-cldr-data\":\"*\"}"
}