{
  "src/App.css": "@import \"@syncfusion/react-base/styles/material3.css\";\n",
  "src/App.tsx": "import { Chart, ChartSeriesCollection, ChartSeries, ChartPrimaryXAxis, ChartPrimaryYAxis, ChartTooltip, ChartAxisTitle, ChartTitle,  ChartAxisLabel } from '@syncfusion/react-charts';\r\nimport { employeeDetails } from './employee-data'\r\nimport { useChartTheme } from './theme';\r\nimport { Browser } from '@syncfusion/react-base';\r\n\r\nexport default function App() {\r\n    const { chartTheme } = useChartTheme();\r\n    return (\r\n        <Chart theme={chartTheme}>\r\n            <ChartTitle text='Employee Performance' />            \r\n            <ChartPrimaryXAxis valueType=\"Category\" lineStyle={{ width: 0 }}>                \r\n                <ChartAxisLabel rotationAngle={Browser.isDevice ? -45 : 0} />\r\n            </ChartPrimaryXAxis>\r\n            <ChartPrimaryYAxis lineStyle={{ width: 0 }} minimum={0} interval={20} maximum={100}>\r\n                <ChartAxisTitle text='Performance (out of 100)' />\r\n            </ChartPrimaryYAxis>\r\n            <ChartSeriesCollection>\r\n                <ChartSeries dataSource={employeeDetails} xField=\"FirstName\" yField=\"PerformanceScore\" type=\"Column\" fill='#43CDFF' columnWidth={0.4} cornerRadius={{ topLeft: 10, topRight: 10 }} />\r\n            </ChartSeriesCollection>\r\n            <ChartTooltip enable={true} headerText='${point.x}'  format='Performance: <b>${point.y}</b>'/>\r\n        </Chart>\r\n    );\r\n}",
  "src/employee-data.ts": "export const employeeDetails: object[] = [\r\n  {\r\n    \"FirstName\": \"David\",\r\n    \"LastName\": \"Jones\",\r\n    \"Email\": \"david.jones@company.com\",\r\n    \"Phone\": \"+1-334-902-3993\",\r\n    \"Department\": \"Marketing\",\r\n    \"Role\": \"Manager\",\r\n    \"Location\": \"San Francisco, USA\",\r\n    \"HireDate\": new Date(1449889901523),\r\n    \"IsActive\": false,\r\n    \"ProfileImage\": \"https://company.com/images/emp10000.jpg\",\r\n    \"Skills\": [\r\n      \"Communication\",\r\n      \"Leadership\",\r\n      \"SEO\"\r\n    ],\r\n    \"PerformanceScore\": 86,\r\n    \"LastReviewDate\": new Date(1723950701523),\r\n    \"ManagerId\": \"EMP191\",\r\n    \"LinkedIn\": \"linkedin.com/in/david0\",\r\n    \"Experience\": 9.6,\r\n    \"EmployeeID\": 10000\r\n  },\r\n  {\r\n    \"FirstName\": \"Emma\",\r\n    \"LastName\": \"Brown\",\r\n    \"Email\": \"emma.brown@company.com\",\r\n    \"Phone\": \"+1-742-204-5269\",\r\n    \"Department\": \"Sales\",\r\n    \"Role\": \"QA Analyst\",\r\n    \"Location\": \"Chicago, USA\",\r\n    \"HireDate\": new Date(1521169901523),\r\n    \"IsActive\": true,\r\n    \"ProfileImage\": \"https://company.com/images/emp10001.jpg\",\r\n    \"Skills\": [\r\n      \"Node.js\",\r\n      \"Python\",\r\n      \"React\"\r\n    ],\r\n    \"PerformanceScore\": 82,\r\n    \"LastReviewDate\": new Date(1744168301523),\r\n    \"ManagerId\": \"EMP180\",\r\n    \"LinkedIn\": \"linkedin.com/in/emma1\",\r\n    \"Experience\": 7.4,\r\n    \"EmployeeID\": 10001\r\n  },\r\n  {\r\n    \"FirstName\": \"Emily\",\r\n    \"LastName\": \"Brown\",\r\n    \"Email\": \"emily.brown@company.com\",\r\n    \"Phone\": \"+1-179-707-9780\",\r\n    \"Department\": \"Finance\",\r\n    \"Role\": \"DevOps Engineer\",\r\n    \"Location\": \"Chicago, USA\",\r\n    \"HireDate\": new Date(1524453101523),\r\n    \"IsActive\": false,\r\n    \"ProfileImage\": \"https://company.com/images/emp10003.jpg\",\r\n    \"Skills\": [\r\n      \"SEO\",\r\n      \"Java\",\r\n      \"Leadership\"\r\n    ],\r\n    \"PerformanceScore\": 91,\r\n    \"LastReviewDate\": new Date(1734318701523),\r\n    \"ManagerId\": \"EMP145\",\r\n    \"LinkedIn\": \"linkedin.com/in/emily3\",\r\n    \"Experience\": 7.3,\r\n    \"EmployeeID\": 10003\r\n  },\r\n  {\r\n    \"FirstName\": \"Michael\",\r\n    \"LastName\": \"Martinez\",\r\n    \"Email\": \"michael.martinez@company.com\",\r\n    \"Phone\": \"+1-512-334-6660\",\r\n    \"Department\": \"Sales\",\r\n    \"Role\": \"Developer\",\r\n    \"Location\": \"Chicago, USA\",\r\n    \"HireDate\": new Date(1439694701523),\r\n    \"IsActive\": true,\r\n    \"ProfileImage\": \"https://company.com/images/emp10004.jpg\",\r\n    \"Skills\": [\r\n      \"React\",\r\n      \"Node.js\",\r\n      \"Communication\"\r\n    ],\r\n    \"PerformanceScore\": 52,\r\n    \"LastReviewDate\": new Date(1727147501523),\r\n    \"ManagerId\": \"EMP146\",\r\n    \"LinkedIn\": \"linkedin.com/in/michael4\",\r\n    \"Experience\": 9.9,\r\n    \"EmployeeID\": 10004\r\n  },\r\n  {\r\n    \"FirstName\": \"James\",\r\n    \"LastName\": \"Williams\",\r\n    \"Email\": \"james.williams@company.com\",\r\n    \"Phone\": \"+1-745-257-1661\",\r\n    \"Department\": \"Sales\",\r\n    \"Role\": \"Recruiter\",\r\n    \"Location\": \"San Francisco, USA\",\r\n    \"HireDate\": new Date(1693192301524),\r\n    \"IsActive\": true,\r\n    \"ProfileImage\": \"https://company.com/images/emp10006.jpg\",\r\n    \"Skills\": [\r\n      \"Node.js\",\r\n      \"React\",\r\n      \"Java\"\r\n    ],\r\n    \"PerformanceScore\": 78,\r\n    \"LastReviewDate\": new Date(1739934701524),\r\n    \"ManagerId\": \"EMP127\",\r\n    \"LinkedIn\": \"linkedin.com/in/james6\",\r\n    \"Experience\": 1.9,\r\n    \"EmployeeID\": 10006\r\n  },\r\n  {\r\n    \"FirstName\": \"Sarah\",\r\n    \"LastName\": \"Smith\",\r\n    \"Email\": \"sarah.smith@company.com\",\r\n    \"Phone\": \"+1-384-933-1262\",\r\n    \"Department\": \"Sales\",\r\n    \"Role\": \"Accountant\",\r\n    \"Location\": \"New York, USA\",\r\n    \"HireDate\": new Date(1490411501524),\r\n    \"IsActive\": true,\r\n    \"ProfileImage\": \"https://company.com/images/emp10007.jpg\",\r\n    \"Skills\": [\r\n      \"Python\",\r\n      \"React\",\r\n      \"Java\"\r\n    ],\r\n    \"PerformanceScore\": 88,\r\n    \"LastReviewDate\": new Date(1736219501524),\r\n    \"ManagerId\": \"EMP129\",\r\n    \"LinkedIn\": \"linkedin.com/in/sarah7\",\r\n    \"Experience\": 8.3,\r\n    \"EmployeeID\": 10007\r\n  }\r\n]",
  "src/context.tsx": "import { createContext } from \"react\";\r\n\r\nexport interface ThemeContextType {\r\n  themeName: string;\r\n}\r\n\r\nexport interface LoadContextType {\r\n   loading: boolean;\r\n   setLoading: React.Dispatch<React.SetStateAction<boolean>>;\r\n}\r\n\r\nexport interface RefreshContextType {\r\n   refresh: boolean;\r\n}\r\n\r\nexport const ThemeContext = createContext<ThemeContextType>({\r\n  themeName: 'material3'\r\n});\r\n\r\nexport const LoadContext = createContext<LoadContextType>({\r\n  loading: true,\r\n  setLoading: () => {}\r\n});\r\n\r\nexport const RefreshContext = createContext<RefreshContextType>({\r\n  refresh: false\r\n});\r\n\r\nexport interface TocContextType {\r\n  routeToc: boolean | undefined;\r\n  setRouteToc: (toc: boolean | undefined) => void;\r\n}\r\n\r\nexport const TocContext = createContext<TocContextType>({\r\n  routeToc: undefined,\r\n  setRouteToc: () => {}\r\n});",
  "src/theme.tsx": "// src/components/chart/theme.tsx\r\nimport {  Theme } from \"@syncfusion/react-charts\";\r\nimport { useContext, useState } from \"react\";\r\nimport { ThemeContext } from './context';\r\n\r\n// Create a custom hook to use in components\r\nexport function useChartTheme() {\r\n  const { themeName } = useContext(ThemeContext);\r\n  const chartTheme: Theme = themeName === 'material3-dark' ? 'Material3Dark' : 'Material3';\r\n  const [pointMaterial3Colors] = useState([\"#6355C7\", \"#00AEE0\", \"#FFB400\", \"#F7523F\", \"#963C70\", \"#FD7400\", \"#4BE0BC\", \"#2196F5\", \"#DE3D8A\", \"#162F88\"]);\r\n  const [pointMaterial3DarkColors] = useState([\"#4EAAFF\", \"#FA4EAB\", \"#FFF500\", \"#17EA58\", \"#38FFE7\", \"#FF9E45\", \"#B3F32F\", \"#B93CE4\", \"#FC5664\", \"#9B55FF\"]);\r\n  \r\n  return {\r\n    chartTheme,\r\n    pointMaterial3Colors,\r\n    pointMaterial3DarkColors\r\n  };\r\n}",
  "dependencies": "{\"@syncfusion/react-charts\":\"*\",\"@syncfusion/react-base\":\"*\",\"@syncfusion/react-locale\":\"*\",\"@syncfusion/react-cldr-data\":\"*\"}"
}