{
  "src/App.css": "@import \"@syncfusion/react-base/styles/material3.css\";\n",
  "src/App.tsx": "import { useEffect, useState, useContext } from 'react';\r\nimport { Chart, ChartAxisLabel, ChartAxisTitle, ChartPrimaryXAxis, ChartPrimaryYAxis, ChartSeries, ChartSeriesCollection, ChartTitle, ChartTooltip } from '@syncfusion/react-charts';\r\nimport { ThemeContext } from './context';\r\nimport { Browser } from '@syncfusion/react-base';\r\n\r\nexport default function App() {\r\n  const [chartData, setChartData] = useState<{ Name: string; ProjectCount: number }[]>([]);\r\n  const { themeName } = useContext(ThemeContext);\r\n  const chartTheme = themeName === 'material3-dark' ? 'Material3Dark' : 'Material3';\r\n  useEffect(() => {\r\n    const processedData = [\r\n      { Name: 'Paul Henriot', ProjectCount: 7 },\r\n      { Name: 'Karin Josephs', ProjectCount: 25 },\r\n      { Name: 'Mario Pontes', ProjectCount: 13 },\r\n      { Name: 'Mary Saveley', ProjectCount: 19 },\r\n      { Name: 'Martin Sommer', ProjectCount: 31 },\r\n      { Name: 'Laurence Lebihan', ProjectCount: 11 },\r\n      { Name: 'Elizabeth Lincoln', ProjectCount: 22 },\r\n      { Name: 'Victoria Ashworth', ProjectCount: 15 }\r\n    ];\r\n    setChartData(processedData);\r\n  }, []);\r\n  return (\r\n    <Chart theme={chartTheme}>\r\n      <ChartTitle text='Employee Project Count' />\r\n      <ChartPrimaryXAxis valueType=\"Category\" lineStyle={{ width: 0 }}>\r\n        <ChartAxisLabel rotationAngle={Browser.isDevice ? -45 : -45} />\r\n      </ChartPrimaryXAxis>\r\n      <ChartPrimaryYAxis lineStyle={{ width: 0 }} interval={10}>\r\n        <ChartAxisTitle text='Projects Handled' />\r\n      </ChartPrimaryYAxis>\r\n      <ChartSeriesCollection>\r\n        <ChartSeries type='Column' dataSource={chartData} xField='Name' yField='ProjectCount' fill='#FFCCE1' columnWidth={0.4} cornerRadius={{ topLeft: 10, topRight: 10 }} />\r\n      </ChartSeriesCollection>\r\n      <ChartTooltip enable={true} headerText='${point.x}'  format='Projects: <b>${point.y}</b>' />\r\n    </Chart>\r\n  );\r\n}",
  "src/context.tsx": "import { createContext } from \"react\";\r\n\r\nexport interface ThemeContextType {\r\n  themeName: string;\r\n}\r\n\r\nexport interface LoadContextType {\r\n   loading: boolean;\r\n   setLoading: React.Dispatch<React.SetStateAction<boolean>>;\r\n}\r\n\r\nexport interface RefreshContextType {\r\n   refresh: boolean;\r\n}\r\n\r\nexport const ThemeContext = createContext<ThemeContextType>({\r\n  themeName: 'material3'\r\n});\r\n\r\nexport const LoadContext = createContext<LoadContextType>({\r\n  loading: true,\r\n  setLoading: () => {}\r\n});\r\n\r\nexport const RefreshContext = createContext<RefreshContextType>({\r\n  refresh: false\r\n});\r\n\r\nexport interface TocContextType {\r\n  routeToc: boolean | undefined;\r\n  setRouteToc: (toc: boolean | undefined) => void;\r\n}\r\n\r\nexport const TocContext = createContext<TocContextType>({\r\n  routeToc: undefined,\r\n  setRouteToc: () => {}\r\n});",
  "dependencies": "{\"@syncfusion/react-charts\":\"*\",\"@syncfusion/react-base\":\"*\",\"@syncfusion/react-locale\":\"*\",\"@syncfusion/react-cldr-data\":\"*\"}"
}