{
  "src/App.css": "@import \"@syncfusion/react-base/styles/material3.css\";\n",
  "src/App.tsx": "import { useState } from 'react';\r\nimport { Chart, ChartPrimaryXAxis, ChartPrimaryYAxis, ChartSeriesCollection, ChartSeries, ChartTooltip, ChartAxisLabel, ChartTitle, ChartMarker } from \"@syncfusion/react-charts\";\r\nimport { appearanceData } from './appearance-data';\r\nimport { useChartTheme } from './theme';\r\n\r\nexport default function App() {\r\n    const { chartTheme } = useChartTheme();\r\n    const [isPercentage, setIsPercentage] = useState(false);\r\n    const [chartWidth, setChartWidth] = useState(isPercentage ? 75 : 350); // Default width\r\n    const [chartHeight, setChartHeight] = useState(isPercentage ? 75 : 450); // Default height\r\n    const handleWidthChange = (event: React.ChangeEvent<HTMLInputElement>) => {\r\n        setChartWidth(Number(event.target.value));\r\n    };\r\n    const handleHeightChange = (event: React.ChangeEvent<HTMLInputElement>) => {\r\n        setChartHeight(Number(event.target.value));\r\n    };\r\n    const toggleDimensions = () => {\r\n        setIsPercentage(prev => !prev);\r\n        setChartWidth(isPercentage ? 350 : 75);\r\n        setChartHeight(isPercentage ? 450 : 75);\r\n    };\r\n    return (\r\n        <div>\r\n            <div style={{ marginBottom: '20px' }}>\r\n                <label htmlFor=\"dimensionType\"><b>Dimension Type:</b> </label>\r\n                <select id=\"dimensionType\" onChange={toggleDimensions} value={isPercentage ? \"percentage\" : \"pixel\"} style={{\r\n                    marginBottom: 12, marginLeft: '10px', padding: '6px 40px 6px 12px', appearance: 'none',\r\n                    background: `\r\n            url(\"data:image/svg+xml,%3Csvg width='12' height='8' viewBox='0 0 12 8' fill='none' xmlns='http://www.w3.org/2000/svg'%3E%3Cpath d='M1 1L6 6L11 1' stroke='%23666' stroke-width='2' stroke-linecap='round'/%3E%3C/svg%3E\") \r\n            no-repeat right 20px center / 12px 8px`,\r\n                    border: '1px solid #ccc', borderRadius: '4px', width: '125px', color: chartTheme.includes('Dark') ? 'white' : 'black', backgroundColor: chartTheme.includes('Dark') ? '#333' : 'white'\r\n                }}>\r\n                    <option value=\"percentage\">Percentage</option>\r\n                    <option value=\"pixel\">Pixel</option>\r\n                </select>\r\n            </div>\r\n            {!isPercentage ?\r\n                (<div style={{ marginTop: '20px', display: 'flex', gap: '20px' }}>\r\n                    <div style={{ flex: 1 }}>\r\n                        <label htmlFor=\"widthSlider\" style={{ display: 'block', marginBottom: '5px' }}>\r\n                            Width: {`${chartWidth}px`}\r\n                        </label>\r\n                        <input id=\"widthSlider\" type=\"range\" min={100} max={800} value={chartWidth} onChange={handleWidthChange} style={{ width: '60%' }} />\r\n                    </div>\r\n                    <div style={{ flex: 1 }}>\r\n                        <label htmlFor=\"heightSlider\" style={{ display: 'block', marginBottom: '5px' }}>\r\n                            Height: {`${chartHeight}px`}\r\n                        </label>\r\n                        <input id=\"heightSlider\" type=\"range\" min={100} max={800} value={chartHeight} onChange={handleHeightChange} style={{ width: '60%' }} />\r\n                    </div>\r\n                </div>) : <></>\r\n            }\r\n            <Chart theme={chartTheme} height={`${isPercentage ? chartHeight + '%' : chartHeight}px`} width={`${isPercentage ? chartWidth + '%' : chartWidth}px`}>\r\n                <ChartTitle text=\"Sales Analysis\" />\r\n                <ChartTooltip enable={true} headerText=\"${point.x}\"  format=\"Sales : <b>${point.y}</b>\" />\r\n                <ChartPrimaryXAxis lineStyle={{ width: 0 }} valueType=\"Category\" />\r\n                <ChartPrimaryYAxis lineStyle={{ width: 0 }} interval={10}>\r\n                    <ChartAxisLabel format='${value}K' />\r\n                </ChartPrimaryYAxis>\r\n                <ChartSeriesCollection>\r\n                    <ChartSeries dataSource={appearanceData} fill={\"#AF6DFF\"} xField=\"month\" yField=\"sales\" type=\"Line\">\r\n                        <ChartMarker visible={true} />\r\n                    </ChartSeries>\r\n                </ChartSeriesCollection>\r\n            </Chart>\r\n        </div>\r\n    );\r\n}",
  "src/appearance-data.ts": "export const appearanceData = [\r\n  { month: 'Jan', sales: 35 }, { month: 'Feb', sales: 28 },\r\n  { month: 'Mar', sales: 34 }, { month: 'Apr', sales: 32 },\r\n  { month: 'May', sales: 40 }, { month: 'Jun', sales: 32 },\r\n  { month: 'Jul', sales: 35 }, { month: 'Aug', sales: 45 },\r\n  { month: 'Sep', sales: 38 }, { month: 'Oct', sales: 30 },\r\n  { month: 'Nov', sales: 25 }, { month: 'Dec', sales: 32 }\r\n]",
  "src/context.tsx": "import { createContext } from \"react\";\r\n\r\nexport interface ThemeContextType {\r\n  themeName: string;\r\n}\r\n\r\nexport interface LoadContextType {\r\n   loading: boolean;\r\n   setLoading: React.Dispatch<React.SetStateAction<boolean>>;\r\n}\r\n\r\nexport interface RefreshContextType {\r\n   refresh: boolean;\r\n}\r\n\r\nexport const ThemeContext = createContext<ThemeContextType>({\r\n  themeName: 'material3'\r\n});\r\n\r\nexport const LoadContext = createContext<LoadContextType>({\r\n  loading: true,\r\n  setLoading: () => {}\r\n});\r\n\r\nexport const RefreshContext = createContext<RefreshContextType>({\r\n  refresh: false\r\n});\r\n\r\nexport interface TocContextType {\r\n  routeToc: boolean | undefined;\r\n  setRouteToc: (toc: boolean | undefined) => void;\r\n}\r\n\r\nexport const TocContext = createContext<TocContextType>({\r\n  routeToc: undefined,\r\n  setRouteToc: () => {}\r\n});",
  "src/theme.tsx": "// src/components/chart/theme.tsx\r\nimport {  Theme } from \"@syncfusion/react-charts\";\r\nimport { useContext, useState } from \"react\";\r\nimport { ThemeContext } from './context';\r\n\r\n// Create a custom hook to use in components\r\nexport function useChartTheme() {\r\n  const { themeName } = useContext(ThemeContext);\r\n  const chartTheme: Theme = themeName === 'material3-dark' ? 'Material3Dark' : 'Material3';\r\n  const [pointMaterial3Colors] = useState([\"#6355C7\", \"#00AEE0\", \"#FFB400\", \"#F7523F\", \"#963C70\", \"#FD7400\", \"#4BE0BC\", \"#2196F5\", \"#DE3D8A\", \"#162F88\"]);\r\n  const [pointMaterial3DarkColors] = useState([\"#4EAAFF\", \"#FA4EAB\", \"#FFF500\", \"#17EA58\", \"#38FFE7\", \"#FF9E45\", \"#B3F32F\", \"#B93CE4\", \"#FC5664\", \"#9B55FF\"]);\r\n  \r\n  return {\r\n    chartTheme,\r\n    pointMaterial3Colors,\r\n    pointMaterial3DarkColors\r\n  };\r\n}",
  "dependencies": "{\"@syncfusion/react-charts\":\"*\",\"@syncfusion/react-locale\":\"*\",\"@syncfusion/react-cldr-data\":\"*\"}"
}