{
  "src/App.css": "@import \"@syncfusion/react-base/styles/material3.css\";\n",
  "src/App.tsx": "import { Chart, ChartPrimaryXAxis, ChartPrimaryYAxis, ChartSeries, ChartSeriesCollection, ChartTooltip, ChartTitle, ChartAxisTitle, ChartAxisLabel } from \"@syncfusion/react-charts\"\r\nimport { populationData } from './population-data';\r\nimport { useChartTheme } from \"./theme\";\r\nimport { Browser } from \"@syncfusion/react-base\";\r\nexport default function App() {\r\n    const { chartTheme } = useChartTheme();\r\n    return (\r\n        <Chart theme={chartTheme} enableSideBySidePlacement={false}>            \r\n            <ChartTitle text=\"Population Distribution of the Top 5 Most Populous Countries (2024)\" />\r\n            <ChartPrimaryXAxis valueType={'Category'}>\r\n                <ChartAxisLabel rotationAngle={Browser.isDevice ? -45 : 0} />\r\n            </ChartPrimaryXAxis>\r\n            <ChartPrimaryYAxis lineStyle={{ width: 0 }} interval={300}>\r\n                <ChartAxisTitle text=\"Inhabitants (Millions)\" />\r\n                <ChartAxisLabel format=\"{value}M\" />\r\n            </ChartPrimaryYAxis>\r\n            <ChartSeriesCollection>\r\n                <ChartSeries dataSource={populationData} name='Total' xField=\"country\" yField=\"population\" type=\"Column\" columnWidth={0.5} columnSpacing={0.4} fill=\"#7E30E1\" cornerRadius={{ topLeft: 4, topRight: 4 }} legendShape=\"Rectangle\" />\r\n                <ChartSeries dataSource={populationData} name='Male' xField=\"country\" yField=\"male\" type=\"Column\" columnWidth={0.4} columnSpacing={0.4} fill=\"#E26EE5\" cornerRadius={{ topLeft: 4, topRight: 4 }} legendShape=\"Rectangle\" />\r\n                <ChartSeries dataSource={populationData} name='Female' xField=\"country\" yField=\"female\" type=\"Column\" columnWidth={0.25} columnSpacing={0.4} fill=\"#FFEC80\" cornerRadius={{ topLeft: 4, topRight: 4 }} legendShape=\"Rectangle\" />\r\n            </ChartSeriesCollection>\r\n            <ChartTooltip enable={true} shared={true} />\r\n        </Chart>\r\n    )\r\n}",
  "src/population-data.ts": "export const populationData = [\r\n  { country: 'India', population: 1450.935791, male: 748.323427, female: 702.612364 },\r\n  { country: 'China', population: 1419.321278, male: 723.023723, female: 696.297555 },\r\n  { country: 'USA', population: 345.426571, male: 173.551527, female: 171.875044 },\r\n  { country: 'Indonesia', population: 283.487931, male: 142.407931, female: 141.080014 },\r\n  { country: 'Pakistan', population: 251.269164, male: 127.433405, female: 123.835758 }\r\n]",
  "src/context.tsx": "import { createContext } from \"react\";\r\n\r\nexport interface ThemeContextType {\r\n  themeName: string;\r\n}\r\n\r\nexport interface LoadContextType {\r\n   loading: boolean;\r\n   setLoading: React.Dispatch<React.SetStateAction<boolean>>;\r\n}\r\n\r\nexport interface RefreshContextType {\r\n   refresh: boolean;\r\n}\r\n\r\nexport const ThemeContext = createContext<ThemeContextType>({\r\n  themeName: 'material3'\r\n});\r\n\r\nexport const LoadContext = createContext<LoadContextType>({\r\n  loading: true,\r\n  setLoading: () => {}\r\n});\r\n\r\nexport const RefreshContext = createContext<RefreshContextType>({\r\n  refresh: false\r\n});\r\n\r\nexport interface TocContextType {\r\n  routeToc: boolean | undefined;\r\n  setRouteToc: (toc: boolean | undefined) => void;\r\n}\r\n\r\nexport const TocContext = createContext<TocContextType>({\r\n  routeToc: undefined,\r\n  setRouteToc: () => {}\r\n});",
  "src/theme.tsx": "// src/components/chart/theme.tsx\r\nimport {  Theme } from \"@syncfusion/react-charts\";\r\nimport { useContext, useState } from \"react\";\r\nimport { ThemeContext } from './context';\r\n\r\n// Create a custom hook to use in components\r\nexport function useChartTheme() {\r\n  const { themeName } = useContext(ThemeContext);\r\n  const chartTheme: Theme = themeName === 'material3-dark' ? 'Material3Dark' : 'Material3';\r\n  const [pointMaterial3Colors] = useState([\"#6355C7\", \"#00AEE0\", \"#FFB400\", \"#F7523F\", \"#963C70\", \"#FD7400\", \"#4BE0BC\", \"#2196F5\", \"#DE3D8A\", \"#162F88\"]);\r\n  const [pointMaterial3DarkColors] = useState([\"#4EAAFF\", \"#FA4EAB\", \"#FFF500\", \"#17EA58\", \"#38FFE7\", \"#FF9E45\", \"#B3F32F\", \"#B93CE4\", \"#FC5664\", \"#9B55FF\"]);\r\n  \r\n  return {\r\n    chartTheme,\r\n    pointMaterial3Colors,\r\n    pointMaterial3DarkColors\r\n  };\r\n}",
  "dependencies": "{\"@syncfusion/react-charts\":\"*\",\"@syncfusion/react-base\":\"*\",\"@syncfusion/react-locale\":\"*\",\"@syncfusion/react-cldr-data\":\"*\"}"
}