{
  "src/App.css": "@import \"@syncfusion/react-base/styles/material3.css\";\n",
  "src/App.tsx": "import { Chart, ChartPrimaryXAxis, ChartPrimaryYAxis, ChartSeries, ChartSeriesCollection, ChartTooltip, ChartAxisTitle, ChartTitle, ChartAxisLabel } from \"@syncfusion/react-charts\"\r\nimport { columnPointerData } from './agriculation-data';\r\nimport { useChartTheme } from \"./theme\";\r\nimport { Browser } from \"@syncfusion/react-base\";\r\nexport default function App() {\r\n    const { chartTheme } = useChartTheme();\r\n    return (\r\n        <Chart theme={chartTheme}>            \r\n            <ChartTitle text=\"Percentage of U.S Agricultural Trade By Market\" />\r\n            <ChartPrimaryXAxis valueType={'Category'} interval={1}>\r\n                <ChartAxisLabel rotationAngle={Browser.isDevice ? -45 : 0} />\r\n            </ChartPrimaryXAxis>\r\n            <ChartPrimaryYAxis lineStyle={{ width: 0 }} interval={10}>                \r\n                <ChartAxisLabel format=\"{value}%\" />\r\n                <ChartAxisTitle text=\"Percentage of total\" />\r\n            </ChartPrimaryYAxis>\r\n            <ChartSeriesCollection>\r\n                <ChartSeries dataSource={columnPointerData} xField=\"market\" yField=\"percentage\" type='Column' tooltipField=\"Dollar\" cornerRadius={{ topLeft: 4, topRight: 4 }} columnWidth={0.3} />\r\n            </ChartSeriesCollection>\r\n            <ChartTooltip enable={true}  format='Market: ${point.x}<br/> Dollar Amount: <b>${point.tooltip}</b> <br/> Percentage of Total: <b>${point.y}</b>' />\r\n        </Chart>\r\n    )\r\n}",
  "src/agriculation-data.ts": "export const columnPointerData = [\r\n  { market: \"China\", Dollar: '32,997M', percentage: 18.6 },\r\n  { market: \"Mexico\", Dollar: '25,518M', percentage: 14.4 },\r\n  { market: \"Canada\", Dollar: '25,049M', percentage: 14.1 },\r\n  { market: \"Japan\", Dollar: '14,244M', percentage: 8.0 },\r\n  { market: \"EU-27\", Dollar: '10,224M', percentage: 5.8 },\r\n  { market: \"Korea, south\", Dollar: '9,382M', percentage: 5.3 },\r\n  { market: \"Rest Of World\", Dollar: '59,400M', percentage: 33.6 },\r\n]\r\n",
  "src/context.tsx": "import { createContext } from \"react\";\r\n\r\nexport interface ThemeContextType {\r\n  themeName: string;\r\n}\r\n\r\nexport interface LoadContextType {\r\n   loading: boolean;\r\n   setLoading: React.Dispatch<React.SetStateAction<boolean>>;\r\n}\r\n\r\nexport interface RefreshContextType {\r\n   refresh: boolean;\r\n}\r\n\r\nexport const ThemeContext = createContext<ThemeContextType>({\r\n  themeName: 'material3'\r\n});\r\n\r\nexport const LoadContext = createContext<LoadContextType>({\r\n  loading: true,\r\n  setLoading: () => {}\r\n});\r\n\r\nexport const RefreshContext = createContext<RefreshContextType>({\r\n  refresh: false\r\n});\r\n\r\nexport interface TocContextType {\r\n  routeToc: boolean | undefined;\r\n  setRouteToc: (toc: boolean | undefined) => void;\r\n}\r\n\r\nexport const TocContext = createContext<TocContextType>({\r\n  routeToc: undefined,\r\n  setRouteToc: () => {}\r\n});",
  "src/theme.tsx": "// src/components/chart/theme.tsx\r\nimport {  Theme } from \"@syncfusion/react-charts\";\r\nimport { useContext, useState } from \"react\";\r\nimport { ThemeContext } from './context';\r\n\r\n// Create a custom hook to use in components\r\nexport function useChartTheme() {\r\n  const { themeName } = useContext(ThemeContext);\r\n  const chartTheme: Theme = themeName === 'material3-dark' ? 'Material3Dark' : 'Material3';\r\n  const [pointMaterial3Colors] = useState([\"#6355C7\", \"#00AEE0\", \"#FFB400\", \"#F7523F\", \"#963C70\", \"#FD7400\", \"#4BE0BC\", \"#2196F5\", \"#DE3D8A\", \"#162F88\"]);\r\n  const [pointMaterial3DarkColors] = useState([\"#4EAAFF\", \"#FA4EAB\", \"#FFF500\", \"#17EA58\", \"#38FFE7\", \"#FF9E45\", \"#B3F32F\", \"#B93CE4\", \"#FC5664\", \"#9B55FF\"]);\r\n  \r\n  return {\r\n    chartTheme,\r\n    pointMaterial3Colors,\r\n    pointMaterial3DarkColors\r\n  };\r\n}",
  "dependencies": "{\"@syncfusion/react-charts\":\"*\",\"@syncfusion/react-base\":\"*\",\"@syncfusion/react-locale\":\"*\",\"@syncfusion/react-cldr-data\":\"*\"}"
}