{
  "src/App.css": "@import \"@syncfusion/react-base/styles/material3.css\";\n",
  "src/App.tsx": "import { Chart, ChartPrimaryXAxis, ChartPrimaryYAxis, ChartSeriesCollection, ChartSeries, ChartMarker, ChartDataLabel, ChartTitle, ChartTooltip } from \"@syncfusion/react-charts\";\r\nimport { dataLabelTextMappingData } from './text-mapping-data';\r\nimport { useChartTheme } from './theme';\r\n\r\nexport default function App() {\r\n    const { chartTheme } = useChartTheme();\r\n    return (\r\n        <Chart theme={chartTheme} >\r\n            <ChartTitle text=\"Coal Production Per Capita, 2024\" />\r\n            <ChartPrimaryXAxis valueType=\"Category\">\r\n            </ChartPrimaryXAxis>\r\n            <ChartPrimaryYAxis visible={false} maximum={160000}>\r\n            </ChartPrimaryYAxis>\r\n            <ChartSeriesCollection>\r\n                <ChartSeries dataSource={dataLabelTextMappingData} xField=\"x\" yField=\"y\" type=\"Bar\" fill=\"#A0D683\" cornerRadius={{ topRight: 5, bottomRight: 5 }}  tooltipField=\"text\" >\r\n                    <ChartMarker>\r\n                        <ChartDataLabel visible={true} labelField=\"text\" />\r\n                    </ChartMarker>\r\n                </ChartSeries>\r\n            </ChartSeriesCollection>\r\n            <ChartTooltip enable={true} headerText=\"Coal Production\"  format=\"${point.x} : <b>${point.tooltip}</b>\"/>\r\n        </Chart>\r\n        \r\n    );\r\n}",
  "src/text-mapping-data.ts": "export const dataLabelTextMappingData = [\r\n  { x: 'India', y: 3456, text: '3,456 kWh' },\r\n  { x: 'United States', y: 8534, text: '8,534 kWh' },\r\n  { x: 'China', y: 18491, text: '18,491 kWh' },\r\n  { x: 'South Africa', y: 24141, text: '24,141 kWh' },\r\n  { x: 'Australia', y: 122882, text: '122,882 kWh' },\r\n];",
  "src/context.tsx": "import { createContext } from \"react\";\r\n\r\nexport interface ThemeContextType {\r\n  themeName: string;\r\n}\r\n\r\nexport interface LoadContextType {\r\n   loading: boolean;\r\n   setLoading: React.Dispatch<React.SetStateAction<boolean>>;\r\n}\r\n\r\nexport interface RefreshContextType {\r\n   refresh: boolean;\r\n}\r\n\r\nexport const ThemeContext = createContext<ThemeContextType>({\r\n  themeName: 'material3'\r\n});\r\n\r\nexport const LoadContext = createContext<LoadContextType>({\r\n  loading: true,\r\n  setLoading: () => {}\r\n});\r\n\r\nexport const RefreshContext = createContext<RefreshContextType>({\r\n  refresh: false\r\n});\r\n\r\nexport interface TocContextType {\r\n  routeToc: boolean | undefined;\r\n  setRouteToc: (toc: boolean | undefined) => void;\r\n}\r\n\r\nexport const TocContext = createContext<TocContextType>({\r\n  routeToc: undefined,\r\n  setRouteToc: () => {}\r\n});",
  "src/theme.tsx": "// src/components/chart/theme.tsx\r\nimport {  Theme } from \"@syncfusion/react-charts\";\r\nimport { useContext, useState } from \"react\";\r\nimport { ThemeContext } from './context';\r\n\r\n// Create a custom hook to use in components\r\nexport function useChartTheme() {\r\n  const { themeName } = useContext(ThemeContext);\r\n  const chartTheme: Theme = themeName === 'material3-dark' ? 'Material3Dark' : 'Material3';\r\n  const [pointMaterial3Colors] = useState([\"#6355C7\", \"#00AEE0\", \"#FFB400\", \"#F7523F\", \"#963C70\", \"#FD7400\", \"#4BE0BC\", \"#2196F5\", \"#DE3D8A\", \"#162F88\"]);\r\n  const [pointMaterial3DarkColors] = useState([\"#4EAAFF\", \"#FA4EAB\", \"#FFF500\", \"#17EA58\", \"#38FFE7\", \"#FF9E45\", \"#B3F32F\", \"#B93CE4\", \"#FC5664\", \"#9B55FF\"]);\r\n  \r\n  return {\r\n    chartTheme,\r\n    pointMaterial3Colors,\r\n    pointMaterial3DarkColors\r\n  };\r\n}",
  "dependencies": "{\"@syncfusion/react-charts\":\"*\",\"@syncfusion/react-locale\":\"*\",\"@syncfusion/react-cldr-data\":\"*\"}"
}