{
  "src/App.css": "@import \"@syncfusion/react-base/styles/material3.css\";\n",
  "src/App.tsx": "import { Chart, ChartPrimaryXAxis, ChartPrimaryYAxis, ChartSeriesCollection, ChartSeries, ChartMarker, ChartDataLabel, ChartTitle, ChartAxisLabel, ChartTooltip } from \"@syncfusion/react-charts\";\r\nimport { dataLabelOverviewData } from './income-data'\r\nimport { useChartTheme } from './theme';\r\nimport { Browser } from \"@syncfusion/react-base\";\r\nexport default function App() {\r\n    const { chartTheme } = useChartTheme();\r\n    return (\r\n        <Chart theme={chartTheme}>\r\n            <ChartTitle text=\"Real Household Income Per Capita and Real GDP Per Capita\"/>\r\n            <ChartPrimaryXAxis valueType=\"Category\">\r\n                <ChartAxisLabel rotationAngle={Browser.isDevice ? -90 : 0} />\r\n            </ChartPrimaryXAxis>\r\n            <ChartPrimaryYAxis lineStyle={{ width: 0 }}>\r\n                <ChartAxisLabel format=\"n1\"></ChartAxisLabel>\r\n            </ChartPrimaryYAxis>\r\n            <ChartSeriesCollection>\r\n                <ChartSeries dataSource={dataLabelOverviewData} fill=\"#BA7DDA\" xField=\"x\" yField=\"y1\" type=\"Column\" columnSpacing={0.2} cornerRadius={{ topRight: 5, topLeft: 5 }} name=\"Household Income - Q1 2025\" tooltipFormat=\"Household Income - Q1 2025 : <b>${point.y}%</b>\">\r\n                    <ChartMarker>\r\n                            <ChartDataLabel visible={true}  enableRotation={Browser.isDevice} rotationAngle={Browser.isDevice ? -90 : 0} />\r\n                        </ChartMarker>\r\n                </ChartSeries>\r\n                <ChartSeries dataSource={dataLabelOverviewData} fill=\"#00C5BC\" xField=\"x\" yField=\"y2\" type=\"Column\" columnSpacing={0.2} cornerRadius={{ topRight: 5, topLeft: 5 }} name=\"GDP - Q1 2025\" tooltipFormat=\"GDP - Q1 2025 : <b>${point.y}%</b>\">\r\n                    <ChartMarker>\r\n                            <ChartDataLabel visible={true} enableRotation={Browser.isDevice} rotationAngle={Browser.isDevice ? -90 : 0} />\r\n                        </ChartMarker>\r\n                </ChartSeries>\r\n            </ChartSeriesCollection>\r\n            <ChartTooltip enable={true} headerText=\"${point.x}\" format=\"${series.name} : <b>${point.y}%</b>\" />\r\n        </Chart>\r\n    );\r\n}\r\n",
  "src/income-data.ts": "export const dataLabelOverviewData = [\r\n  { x: \"Italy\", y1: 1, y2: 0.4 },\r\n  { x: \"USA\", y1: 0.5, y2: -0.3 },\r\n  { x: \"G7\", y1: 0.3, y2: 0 },\r\n  { x: \"France\", y1: 0.2, y2: 0.1 },\r\n  { x: \"Canada\", y1: 0.1, y2: 0.4 },\r\n  { x: \"Germany\", y1: -0.4, y2: 0.3 },\r\n  { x: \"UK\", y1: -1.3, y2: 0.5 },\r\n];",
  "src/context.tsx": "import { createContext } from \"react\";\r\n\r\nexport interface ThemeContextType {\r\n  themeName: string;\r\n}\r\n\r\nexport interface LoadContextType {\r\n   loading: boolean;\r\n   setLoading: React.Dispatch<React.SetStateAction<boolean>>;\r\n}\r\n\r\nexport interface RefreshContextType {\r\n   refresh: boolean;\r\n}\r\n\r\nexport const ThemeContext = createContext<ThemeContextType>({\r\n  themeName: 'material3'\r\n});\r\n\r\nexport const LoadContext = createContext<LoadContextType>({\r\n  loading: true,\r\n  setLoading: () => {}\r\n});\r\n\r\nexport const RefreshContext = createContext<RefreshContextType>({\r\n  refresh: false\r\n});\r\n\r\nexport interface TocContextType {\r\n  routeToc: boolean | undefined;\r\n  setRouteToc: (toc: boolean | undefined) => void;\r\n}\r\n\r\nexport const TocContext = createContext<TocContextType>({\r\n  routeToc: undefined,\r\n  setRouteToc: () => {}\r\n});",
  "src/theme.tsx": "// src/components/chart/theme.tsx\r\nimport {  Theme } from \"@syncfusion/react-charts\";\r\nimport { useContext, useState } from \"react\";\r\nimport { ThemeContext } from './context';\r\n\r\n// Create a custom hook to use in components\r\nexport function useChartTheme() {\r\n  const { themeName } = useContext(ThemeContext);\r\n  const chartTheme: Theme = themeName === 'material3-dark' ? 'Material3Dark' : 'Material3';\r\n  const [pointMaterial3Colors] = useState([\"#6355C7\", \"#00AEE0\", \"#FFB400\", \"#F7523F\", \"#963C70\", \"#FD7400\", \"#4BE0BC\", \"#2196F5\", \"#DE3D8A\", \"#162F88\"]);\r\n  const [pointMaterial3DarkColors] = useState([\"#4EAAFF\", \"#FA4EAB\", \"#FFF500\", \"#17EA58\", \"#38FFE7\", \"#FF9E45\", \"#B3F32F\", \"#B93CE4\", \"#FC5664\", \"#9B55FF\"]);\r\n  \r\n  return {\r\n    chartTheme,\r\n    pointMaterial3Colors,\r\n    pointMaterial3DarkColors\r\n  };\r\n}",
  "dependencies": "{\"@syncfusion/react-charts\":\"*\",\"@syncfusion/react-base\":\"*\",\"@syncfusion/react-locale\":\"*\",\"@syncfusion/react-cldr-data\":\"*\"}"
}