{
  "src/App.css": "@import \"@syncfusion/react-base/styles/material3.css\";\n",
  "src/App.tsx": "import { Chart, ChartPrimaryXAxis, ChartPrimaryYAxis, ChartSeriesCollection, ChartSeries, ChartMarker, ChartDataLabel, ChartTitle, ChartAxisLabel, ChartTooltip } from \"@syncfusion/react-charts\";\r\nimport { lineLabelData } from './egg-price-data';\r\nimport { useChartTheme } from './theme';\r\nexport default function App() {\r\n    const { chartTheme } = useChartTheme();\r\n    const seriesColor = chartTheme.indexOf('Dark') > -1 ? '#77E4D4' : '#0A97B0';\r\n    return (\r\n        <Chart theme={chartTheme}>\r\n            <ChartTitle text=\"Average Monthly Egg Prices in 2022\" />\r\n            <ChartTooltip enable={true} headerText=\"${point.x}\"  format='<b>Price : ${point.y}</b>' />\r\n            <ChartPrimaryXAxis valueType=\"Category\" />\r\n            <ChartPrimaryYAxis lineStyle={{ width: 0 }} minimum={1.5}>\r\n                <ChartAxisLabel format='${value}' />\r\n            </ChartPrimaryYAxis>\r\n            <ChartSeriesCollection>\r\n                <ChartSeries dataSource={lineLabelData} xField=\"x\" yField=\"y\" type=\"Line\" fill={seriesColor}>\r\n                    <ChartMarker visible={true} filled={false}>\r\n                        <ChartDataLabel visible={true} fill=\"cyan\" border={{ width: 2, color: seriesColor }} />\r\n                    </ChartMarker>\r\n                </ChartSeries>\r\n            </ChartSeriesCollection>\r\n        </Chart>\r\n    );\r\n}\r\n",
  "src/egg-price-data.ts": "export const lineLabelData = [\r\n  { x: \"Jan\", y: 1.93 },\r\n  { x: \"Feb\", y: 2.01 },\r\n  { x: \"Mar\", y: 2.05 },\r\n  { x: \"April\", y: 2.52 },\r\n  { x: \"May\", y: 2.86 },\r\n  { x: \"Jun\", y: 2.71 },\r\n  { x: \"Jul\", y: 2.94 },\r\n  { x: \"Aug\", y: 3.12 },\r\n  { x: \"Sep\", y: 2.9 },\r\n  { x: \"Oct\", y: 3.42 },\r\n  { x: \"Nov\", y: 3.59 },\r\n  { x: \"Dec\", y: 4.25 }\r\n];",
  "src/context.tsx": "import { createContext } from \"react\";\r\n\r\nexport interface ThemeContextType {\r\n  themeName: string;\r\n}\r\n\r\nexport interface LoadContextType {\r\n   loading: boolean;\r\n   setLoading: React.Dispatch<React.SetStateAction<boolean>>;\r\n}\r\n\r\nexport interface RefreshContextType {\r\n   refresh: boolean;\r\n}\r\n\r\nexport const ThemeContext = createContext<ThemeContextType>({\r\n  themeName: 'material3'\r\n});\r\n\r\nexport const LoadContext = createContext<LoadContextType>({\r\n  loading: true,\r\n  setLoading: () => {}\r\n});\r\n\r\nexport const RefreshContext = createContext<RefreshContextType>({\r\n  refresh: false\r\n});\r\n\r\nexport interface TocContextType {\r\n  routeToc: boolean | undefined;\r\n  setRouteToc: (toc: boolean | undefined) => void;\r\n}\r\n\r\nexport const TocContext = createContext<TocContextType>({\r\n  routeToc: undefined,\r\n  setRouteToc: () => {}\r\n});",
  "src/theme.tsx": "// src/components/chart/theme.tsx\r\nimport {  Theme } from \"@syncfusion/react-charts\";\r\nimport { useContext, useState } from \"react\";\r\nimport { ThemeContext } from './context';\r\n\r\n// Create a custom hook to use in components\r\nexport function useChartTheme() {\r\n  const { themeName } = useContext(ThemeContext);\r\n  const chartTheme: Theme = themeName === 'material3-dark' ? 'Material3Dark' : 'Material3';\r\n  const [pointMaterial3Colors] = useState([\"#6355C7\", \"#00AEE0\", \"#FFB400\", \"#F7523F\", \"#963C70\", \"#FD7400\", \"#4BE0BC\", \"#2196F5\", \"#DE3D8A\", \"#162F88\"]);\r\n  const [pointMaterial3DarkColors] = useState([\"#4EAAFF\", \"#FA4EAB\", \"#FFF500\", \"#17EA58\", \"#38FFE7\", \"#FF9E45\", \"#B3F32F\", \"#B93CE4\", \"#FC5664\", \"#9B55FF\"]);\r\n  \r\n  return {\r\n    chartTheme,\r\n    pointMaterial3Colors,\r\n    pointMaterial3DarkColors\r\n  };\r\n}",
  "dependencies": "{\"@syncfusion/react-charts\":\"*\",\"@syncfusion/react-locale\":\"*\",\"@syncfusion/react-cldr-data\":\"*\"}"
}