{
  "src/App.css": "@import \"@syncfusion/react-base/styles/material3.css\";\n@import \"@syncfusion/react-buttons/styles/material3.css\";\n@import \"@syncfusion/react-popups/styles/material3.css\";\n@import \"@syncfusion/react-splitbuttons/styles/material3.css\";\n@import \"@syncfusion/react-inputs/styles/material3.css\";\n@import \"@syncfusion/react-lists/styles/material3.css\";\n@import \"@syncfusion/react-dropdowns/styles/material3.css\";\n",
  "src/App.tsx": "import { Chart, ChartAxisLabel, ChartPrimaryXAxis, ChartPrimaryYAxis, ChartSeries, ChartSeriesCollection, ChartTitle, ChartTooltip } from '@syncfusion/react-charts';\r\nimport { DropDownList, ChangeEventArgs } from '@syncfusion/react-dropdowns';\r\nimport { useState } from 'react';\r\nimport { L10n, loadCldr, Provider, setCulture } from '@syncfusion/react-base';\r\nimport * as numbers from '@syncfusion/react-cldr-data/main/ar/all.json';\r\nimport * as currencies from '@syncfusion/react-cldr-data/main/ar/currencies.json';\r\nimport * as Decurrencies from '@syncfusion/react-cldr-data/main/de/currencies.json';\r\nimport * as Denumbers from '@syncfusion/react-cldr-data/main/de/numbers.json';\r\nimport * as Frcurrencies from '@syncfusion/react-cldr-data/main/fr/currencies.json';\r\nimport * as Frnumbers from '@syncfusion/react-cldr-data/main/fr/numbers.json';\r\nimport * as Zhcurrencies from '@syncfusion/react-cldr-data/main/zh/currencies.json';\r\nimport * as Zhnumbers from '@syncfusion/react-cldr-data/main/zh/numbers.json';\r\nimport * as numberingSystems from '@syncfusion/react-cldr-data/supplemental/numberingSystems.json';\r\nimport Localization from './locale.json';\r\nimport { internationalizationData } from './global-data';\r\nimport { useChartTheme } from './theme';\r\n\r\nL10n.load({\r\n    'de': Localization['de'],\r\n    'fr-CH': Localization['fr-CH'],\r\n    'ar': Localization['ar'],\r\n    'zh': Localization['zh'],\r\n});\r\n\r\nexport default function App() {\r\n    const [locale, setLocale] = useState('en-US');\r\n    const { chartTheme } = useChartTheme();\r\n\r\n    const cultureOptions: { [key: string]: unknown }[] = [\r\n        { text: 'English', value: 'en-US' },\r\n        { text: 'German - Germany*', value: 'de' },\r\n        { text: 'French - Switzerland*', value: 'fr-CH' },\r\n        { text: 'Arabic*', value: 'ar' },\r\n        { text: 'Chinese - China*', value: 'zh' }\r\n    ];\r\n\r\n    const dropdownFields = { text: 'text', value: 'value' };\r\n\r\n    const changeCulture = (args?: ChangeEventArgs) => {\r\n        const selectedLocale = args?.value as string;\r\n        setLocale(selectedLocale);\r\n        setCulture(selectedLocale);\r\n\r\n        switch (selectedLocale) {\r\n            case 'de':\r\n                loadCldr(Decurrencies, Denumbers);\r\n                break;\r\n            case 'fr-CH':\r\n                loadCldr(Frcurrencies, Frnumbers);\r\n                break;\r\n            case 'zh':\r\n                loadCldr(Zhcurrencies, Zhnumbers);\r\n                break;\r\n            case 'ar':\r\n                loadCldr(currencies, numbers, numberingSystems);\r\n                break;\r\n            default:\r\n                break;\r\n        }\r\n    };\r\n\r\n    return (\r\n        <div>\r\n            <div style={{ marginBottom: '20px', display: 'flex', alignItems: 'center', gap: '10px', width: '306px' }}>\r\n                <label htmlFor=\"culture-select\" style={{ fontWeight: 700, whiteSpace: 'nowrap' }}>🌐 Select Language:</label>\r\n                <DropDownList width={470} dataSource={cultureOptions as { [key: string]: object }[]} value={locale} fields={dropdownFields} onChange={changeCulture} />\r\n            </div>\r\n            <Provider locale={locale} >\r\n                <Chart theme={chartTheme} palettes={[\"#87CEEB\", \"#F6B53F\", \"#6FAAB0\", \"#C4C24A\"]}>\r\n                    <ChartTitle text=\"Service Fee by Customer\" />\r\n                    <ChartPrimaryXAxis valueType='Category' />\r\n                    <ChartPrimaryYAxis>\r\n                        <ChartAxisLabel format='C2'></ChartAxisLabel>\r\n                    </ChartPrimaryYAxis>\r\n                    <ChartSeriesCollection>\r\n                        <ChartSeries dataSource={internationalizationData} xField='x' yField='y' type='Bar' colorField='barColor' cornerRadius={{ topRight: 5, bottomRight: 5 }} />\r\n                    </ChartSeriesCollection>\r\n                    <ChartTooltip enable={true} format='${point.x}: <b>${point.y}</b>' />\r\n                </Chart>\r\n            </Provider>\r\n        </div>\r\n    );\r\n}\r\n",
  "src/locale.json": "{\r\n  \"de\": {\r\n    \"chart\": {\r\n      \"EmptyRecord\": \"Keine Datensätze zum Anzeigen\",\r\n      \"True\": \"wahr\",\r\n      \"False\": \"falsch\",\r\n      \"InvalidFilterMessage\": \"Ungültige Filterdaten\",\r\n      \"GroupDropArea\": \"Ziehen Sie eine Spaltenüberschrift hierher, um die Spalte zu gruppieren\",\r\n      \"UnGroup\": \"Klicken Sie hier, um die Gruppierung aufzuheben\",\r\n      \"GroupDisable\": \"Die Gruppierung ist für diese Spalte deaktiviert\",\r\n      \"FilterbarTitle\": \"\\\"s Filterbalkenzelle\",\r\n      \"EmptyDataSourceError\": \"Datenquelle darf beim ersten Laden nicht leer sein, da Spalten aus der Datenquelle automatisch generiert werden\",\r\n      \"Add\": \"Hinzufügen\",\r\n      \"Edit\": \"Bearbeiten\",\r\n      \"Cancel\": \"Abbrechen\",\r\n      \"Update\": \"Aktualisieren\",\r\n      \"Delete\": \"Löschen\",\r\n      \"Print\": \"Drucken\",\r\n      \"Pdfexport\": \"PDF-Export\",\r\n      \"Excelexport\": \"Excel-Export\",\r\n      \"Wordexport\": \"Word-Export\",\r\n      \"Csvexport\": \"CSV-Export\",\r\n      \"Search\": \"Suchen\",\r\n      \"Columnchooser\": \"Spalten\",\r\n      \"Save\": \"Speichern\",\r\n      \"Item\": \"Datensatz\",\r\n      \"Items\": \"Datensätze\",\r\n      \"EditOperationAlert\": \"Keine Datensätze zum Bearbeiten ausgewählt\",\r\n      \"DeleteOperationAlert\": \"Keine Datensätze zum Löschen ausgewählt\",\r\n      \"SaveButton\": \"Speichern\",\r\n      \"OKButton\": \"in Ordnung\",\r\n      \"CancelButton\": \"Abbrechen\",\r\n      \"EditFormTitle\": \"Details von\",\r\n      \"AddFormTitle\": \"Neuen Datensatz hinzufügen\",\r\n      \"BatchSaveConfirm\": \"Möchten Sie die Änderungen wirklich speichern?\",\r\n      \"BatchSaveLostChanges\": \"Nicht gespeicherte Änderungen gehen verloren. Sind Sie sicher, dass Sie fortfahren wollen?\",\r\n      \"ConfirmDelete\": \"Möchten Sie den Datensatz wirklich löschen?\",\r\n      \"CancelEdit\": \"Möchten Sie die Änderungen wirklich abbrechen?\",\r\n      \"ChooseColumns\": \"Wählen Sie Spalten\",\r\n      \"SearchColumns\": \"Spalten durchsuchen\",\r\n      \"Matchs\": \"Keine Treffer gefunden\",\r\n      \"FilterButton\": \"Filter\",\r\n      \"ClearButton\": \"Löschen\",\r\n      \"StartsWith\": \"Beginnt mit\",\r\n      \"EndsWith\": \"Endet mit\",\r\n      \"Contains\": \"Enthält\",\r\n      \"Equal\": \"Gleich\",\r\n      \"NotEqual\": \"Nicht gleich\",\r\n      \"LessThan\": \"Weniger als\",\r\n      \"LessThanOrEqual\": \"Weniger als oder gleich\",\r\n      \"GreaterThan\": \"Grösser als\",\r\n      \"GreaterThanOrEqual\": \"Grösser als oder gleich\",\r\n      \"ChooseDate\": \"Wählen Sie ein Datum\",\r\n      \"EnterValue\": \"Geben Sie den Wert ein\",\r\n      \"Copy\": \"Kopieren\",\r\n      \"Group\": \"Nach dieser Spalte gruppieren\",\r\n      \"Ungroup\": \"Gruppierung nach dieser Spalte aufheben\",\r\n      \"autoFitAll\": \"Automatisch alle Spalten anpassen\",\r\n      \"autoFit\": \"Diese Spalte automatisch anpassen\",\r\n      \"Export\": \"Export\",\r\n      \"FirstPage\": \"Erste Seite\",\r\n      \"LastPage\": \"Letzte Seite\",\r\n      \"PreviousPage\": \"Vorherige Seite\",\r\n      \"NextPage\": \"Nächste Seite\",\r\n      \"SortAscending\": \"Aufsteigend sortieren\",\r\n      \"SortDescending\": \"Absteigend sortieren\",\r\n      \"EditRecord\": \"Datensatz bearbeiten\",\r\n      \"DeleteRecord\": \"Datensatz löschen\",\r\n      \"FilterMenu\": \"Filter\",\r\n      \"SelectAll\": \"Wählen Sie Alle\",\r\n      \"Blanks\": \"Leerzeichen\",\r\n      \"FilterTrue\": \"Wahr\",\r\n      \"FilterFalse\": \"Falsch\",\r\n      \"NoResult\": \"Keine Treffer gefunden\",\r\n      \"ClearFilter\": \"Filter löschen\",\r\n      \"NumberFilter\": \"Anzahl Filter\",\r\n      \"TextFilter\": \"Textfilter\",\r\n      \"DateFilter\": \"Datumsfilter\",\r\n      \"DateTimeFilter\": \"DatumsZeit-Filter\",\r\n      \"MatchCase\": \"Gross- / Kleinschreibung\",\r\n      \"Between\": \"Zwischen\",\r\n      \"CustomFilter\": \"Benutzerdefinierte Filter\",\r\n      \"CustomFilterPlaceHolder\": \"Geben Sie einen Wert ein\",\r\n      \"CustomFilterDatePlaceHolder\": \"Wählen Sie ein Datum\",\r\n      \"AND\": \"UND\",\r\n      \"OR\": \"ODER\",\r\n      \"ShowRowsWhere\": \"Zeilen anzeigen, in denen:\",\r\n      \"NotStartsWith\": \"beginnt nicht mit\",\r\n      \"Like\": \"Wie\",\r\n      \"NotEndsWith\": \"endet nicht mit\",\r\n      \"NotContains\": \"enthält nicht\",\r\n      \"IsNull\": \"Null\",\r\n      \"NotNull\": \"nicht null\",\r\n      \"IsEmpty\": \"leer\",\r\n      \"IsNotEmpty\": \"nicht leer\",\r\n      \"AddCurrentSelection\": \"Aktuelle Auswahl zum Filter hinzufügen\",\r\n      \"UnGroupButton\": \"Klicken Sie hier, um die Gruppierung aufzuheben\",\r\n      \"AutoFitAll\": \"Automatisch alle Spalten anpassen\",\r\n      \"AutoFit\": \"Diese Spalte automatisch anpassen\",\r\n      \"Clear\": \"Klar\",\r\n      \"FilterMenuDialogARIA\": \"Menüdialog filtern\",\r\n      \"ExcelFilterDialogARIA\": \"Excel-Filterdialog\",\r\n      \"DialogEditARIA\": \"Dialog bearbeiten\",\r\n      \"ColumnChooserDialogARIA\": \"Spaltenauswahl\",\r\n      \"ColumnMenuDialogARIA\": \"Spaltenmenüdialog\",\r\n      \"CustomFilterDialogARIA\": \"Benutzerdefinierter Filterdialog\",\r\n      \"SortAtoZ\": \"Sortiere von A bis Z\",\r\n      \"SortZtoA\": \"Z bis A sortieren\",\r\n      \"SortByOldest\": \"Nach Ältesten sortieren\",\r\n      \"SortByNewest\": \"Nach Neuesten sortieren\",\r\n      \"SortSmallestToLargest\": \"Vom Kleinsten zum Größten sortieren\",\r\n      \"SortLargestToSmallest\": \"Vom Größten zum Kleinsten sortieren\",\r\n      \"Sort\": \"Sortieren\",\r\n      \"FilterDescription\": \"Drücken Sie die Alt-Nach-unten-Taste, um das Filtermenü zu öffnen\",\r\n      \"SortDescription\": \"Drücken Sie zum Sortieren die Eingabetaste\",\r\n      \"ColumnMenuDescription\": \"Drücken Sie die Alt-Nach-unten-Taste, um das Spaltenmenü zu öffnen\",\r\n      \"GroupDescription\": \"Drücken Sie zum Gruppieren die Strg-Leertaste\",\r\n      \"ColumnHeader\": \" Spaltenüberschrift \",\r\n      \"TemplateCell\": \" ist eine Vorlagenzelle\",\r\n      \"CommandColumnAria\": \"ist die Spaltenüberschrift der Befehlsspalte \",\r\n      \"DialogEdit\": \"Dialog bearbeiten\",\r\n      \"ClipBoard\": \"Zwischenablage\",\r\n      \"GroupButton\": \"Gruppenschaltfläche\",\r\n      \"UnGroupAria\": \"Schaltfläche zum Aufheben der Gruppierung\",\r\n      \"GroupSeperator\": \"Trennzeichen für die gruppierten Spalten\",\r\n      \"UnGroupIcon\": \"heben Sie die Gruppierung der gruppierten Spalte auf \",\r\n      \"GroupedSortIcon\": \"sortieren Sie die gruppierte Spalte \",\r\n      \"GroupedDrag\": \"Ziehen Sie die gruppierte Spalte\",\r\n      \"GroupCaption\": \" ist eine Gruppenunterschriftszelle\",\r\n      \"CheckBoxLabel\": \"Kontrollkästchen\",\r\n      \"Expanded\": \"Erweitert\",\r\n      \"Collapsed\": \"Zusammengebrochen\"\r\n    },\r\n    \"pager\": {\r\n      \"currentPageInfo\": \"{0} von {1} Seiten\",\r\n      \"totalItemsInfo\": \"({0} Datensätze)\",\r\n      \"firstPageTooltip\": \"Gehe zur ersten Seite\",\r\n      \"lastPageTooltip\": \"Gehe zur letzten Seite\",\r\n      \"nextPageTooltip\": \"Gehe zur nächsten Seite\",\r\n      \"previousPageTooltip\": \"Zurück zur letzten Seite\",\r\n      \"nextPagerTooltip\": \"Gehe zu den nächsten Pager-Elementen\",\r\n      \"previousPagerTooltip\": \"Gehen Sie zu den vorherigen Pager-Elementen\",\r\n      \"pagerDropDown\": \"Datensätze pro Seite\",\r\n      \"pagerAllDropDown\": \"Datensätze\",\r\n      \"All\": \"Alle\",\r\n      \"totalItemInfo\": \"({0} Datensatz)\",\r\n      \"Container\": \"Pager-Container\",\r\n      \"Information\": \"Pager-Informationen\",\r\n      \"ExternalMsg\": \"Pager-externe Nachricht\",\r\n      \"Page\": \"Buchseite \",\r\n      \"Of\": \" von \",\r\n      \"Pages\": \" Seiten\"\r\n    }\r\n  },\r\n  \r\n  \"fr-CH\": {\r\n    \"chart\": {\r\n      \"EmptyRecord\": \"Aucun enregistrement à afficher\",\r\n      \"True\": \"vrai\",\r\n      \"False\": \"faux\",\r\n      \"InvalidFilterMessage\": \"Données de filtre non valides\",\r\n      \"GroupDropArea\": \"Faites glisser un en-tête de colonne ici pour regrouper sa colonne\",\r\n      \"UnGroup\": \"Cliquez ici pour dissocier\",\r\n      \"GroupDisable\": \"Le regroupement est désactivé pour cette colonne\",\r\n      \"FilterbarTitle\": \"Cellule de barre de filtre \\\"s\",\r\n      \"EmptyDataSourceError\": \"DataSource ne doit pas être vide lors du chargement initial car les colonnes sont générées à partir de dataSource dans AutoGenerate Column chart\",\r\n      \"Add\": \"Ajouter\",\r\n      \"Edit\": \"Éditer\",\r\n      \"Cancel\": \"Annuler\",\r\n      \"Update\": \"Mise à jour\",\r\n      \"Delete\": \"Supprimer\",\r\n      \"Print\": \"Impression\",\r\n      \"Pdfexport\": \"Exportation PDF\",\r\n      \"Excelexport\": \"Exportation Excel\",\r\n      \"Wordexport\": \"Exportation de mots\",\r\n      \"Csvexport\": \"Exportation CSV\",\r\n      \"Search\": \"Chercher\",\r\n      \"Columnchooser\": \"Colonnes\",\r\n      \"Save\": \"sauvegarder\",\r\n      \"Item\": \"article\",\r\n      \"Items\": \"articles\",\r\n      \"EditOperationAlert\": \"Aucun enregistrement sélectionné pour l'opération d'édition\",\r\n      \"DeleteOperationAlert\": \"Aucun enregistrement sélectionné pour l'opération de suppression\",\r\n      \"SaveButton\": \"Sauvegarder\",\r\n      \"OKButton\": \"Ok\",\r\n      \"CancelButton\": \"Annuler\",\r\n      \"EditFormTitle\": \"Les détails de\",\r\n      \"AddFormTitle\": \"Ajouter un nouvel enregistrement\",\r\n      \"BatchSaveConfirm\": \"Voulez-vous vraiment enregistrer les modifications ?\",\r\n      \"BatchSaveLostChanges\": \"Les modifications non enregistrées seront perdues. Es-tu sur de vouloir continuer ?\",\r\n      \"ConfirmDelete\": \"Voulez-vous vraiment supprimer l'enregistrement ?\",\r\n      \"CancelEdit\": \"Voulez-vous vraiment annuler les modifications ?\",\r\n      \"ChooseColumns\": \"Choisissez la colonne\",\r\n      \"SearchColumns\": \"colonnes de recherche\",\r\n      \"Matchs\": \"Aucun résultat\",\r\n      \"FilterButton\": \"Filtrer\",\r\n      \"ClearButton\": \"Effacer\",\r\n      \"StartsWith\": \"Commence par\",\r\n      \"EndsWith\": \"Se termine par\",\r\n      \"Contains\": \"Contient\",\r\n      \"Equal\": \"Égal\",\r\n      \"NotEqual\": \"Différent\",\r\n      \"LessThan\": \"Inférieur\",\r\n      \"LessThanOrEqual\": \"Inférieur ou égal\",\r\n      \"GreaterThan\": \"Supérieur\",\r\n      \"GreaterThanOrEqual\": \"Supérieur ou égal\",\r\n      \"ChooseDate\": \"Choisissez une date\",\r\n      \"EnterValue\": \"Entrez la valeur\",\r\n      \"Copy\": \"Copie\",\r\n      \"Group\": \"Regrouper par cette colonne\",\r\n      \"Ungroup\": \"Dissocier par cette colonne\",\r\n      \"autoFitAll\": \"Ajuster automatiquement toutes les colonnes\",\r\n      \"autoFit\": \"Ajuster automatiquement cette colonne\",\r\n      \"Export\": \"Exportation\",\r\n      \"FirstPage\": \"Première page\",\r\n      \"LastPage\": \"Dernière page\",\r\n      \"PreviousPage\": \"Page précédente\",\r\n      \"NextPage\": \"Page suivante\",\r\n      \"SortAscending\": \"Trier par ordre croissant\",\r\n      \"SortDescending\": \"Trier par ordre décroissant\",\r\n      \"EditRecord\": \"Modifier l'enregistrement\",\r\n      \"DeleteRecord\": \"Supprimer l'enregistrement\",\r\n      \"FilterMenu\": \"Filtre\",\r\n      \"SelectAll\": \"Tout sélectionner\",\r\n      \"Blanks\": \"Blancs\",\r\n      \"FilterTrue\": \"Vrai\",\r\n      \"FilterFalse\": \"Faux\",\r\n      \"NoResult\": \"Aucun résultat\",\r\n      \"ClearFilter\": \"Effacer le filtre\",\r\n      \"NumberFilter\": \"Filtres numériques\",\r\n      \"TextFilter\": \"Filtres de texte\",\r\n      \"DateFilter\": \"Filtres de date\",\r\n      \"DateTimeFilter\": \"Filtres DateTime\",\r\n      \"MatchCase\": \"Cas de correspondance\",\r\n      \"Between\": \"Entre\",\r\n      \"CustomFilter\": \"Filtre personnalisé\",\r\n      \"CustomFilterPlaceHolder\": \"Entrez la valeur\",\r\n      \"CustomFilterDatePlaceHolder\": \"Choisissez une date\",\r\n      \"AND\": \"ET\",\r\n      \"OR\": \"OU\",\r\n      \"ShowRowsWhere\": \"Afficher les lignes où:\",\r\n      \"NotStartsWith\": \"Ne commence pas par\",\r\n      \"Like\": \"Comme\",\r\n      \"NotEndsWith\": \"Ne se termine pas par\",\r\n      \"NotContains\": \"Ne contient pas\",\r\n      \"IsNull\": \"Nul\",\r\n      \"NotNull\": \"Non nul\",\r\n      \"IsEmpty\": \"Vide\",\r\n      \"IsNotEmpty\": \"Pas vide\",\r\n      \"AddCurrentSelection\": \"Ajouter la sélection actuelle au filtre\",\r\n      \"UnGroupButton\": \"Cliquez ici pour dissocier\",\r\n      \"AutoFitAll\": \"Ajuster automatiquement toutes les colonnes\",\r\n      \"AutoFit\": \"Ajuster automatiquement cette colonne\",\r\n      \"Clear\": \"Dégager\",\r\n      \"FilterMenuDialogARIA\": \"Boîte de dialogue du menu Filtre\",\r\n      \"ExcelFilterDialogARIA\": \"Boîte de dialogue de filtre Excel\",\r\n      \"DialogEditARIA\": \"Boîte de dialogue Modifier\",\r\n      \"ColumnChooserDialogARIA\": \"Sélecteur de colonne\",\r\n      \"ColumnMenuDialogARIA\": \"Boîte de dialogue du menu des colonnes\",\r\n      \"CustomFilterDialogARIA\": \"Boîte de dialogue Filtre personnalisé\",\r\n      \"SortAtoZ\": \"Trier de A à Z\",\r\n      \"SortZtoA\": \"Trier de Z à A\",\r\n      \"SortByOldest\": \"Trier par le plus ancien\",\r\n      \"SortByNewest\": \"Trier par Plus récent\",\r\n      \"SortSmallestToLargest\": \"Trier du plus petit au plus grand\",\r\n      \"SortLargestToSmallest\": \"Trier du plus grand au plus petit\",\r\n      \"Sort\": \"Sorte\",\r\n      \"FilterDescription\": \"Appuyez sur Alt Bas pour ouvrir le menu du filtre\",\r\n      \"SortDescription\": \"Appuyez sur Entrée pour trier\",\r\n      \"ColumnMenuDescription\": \"Appuyez sur Alt Bas pour ouvrir le menu des colonnes\",\r\n      \"GroupDescription\": \"Appuyez sur Ctrl espace pour grouper\",\r\n      \"ColumnHeader\": \" en-tête de colonne \",\r\n      \"TemplateCell\": \" est une cellule modèle\",\r\n      \"CommandColumnAria\": \"est l'en-tête de colonne de la colonne de commande \",\r\n      \"DialogEdit\": \"Modifier la boîte de dialogue\",\r\n      \"ClipBoard\": \"presse-papiers\",\r\n      \"GroupButton\": \"Bouton de groupe\",\r\n      \"UnGroupAria\": \"bouton dissocier\",\r\n      \"GroupSeperator\": \"Séparateur pour les colonnes groupées\",\r\n      \"UnGroupIcon\": \"dissocier la colonne groupée \",\r\n      \"GroupedSortIcon\": \"trier la colonne groupée \",\r\n      \"GroupedDrag\": \"Faites glisser la colonne groupée\",\r\n      \"GroupCaption\": \" est une cellule de légende de groupe\",\r\n      \"CheckBoxLabel\": \"case à cocher\",\r\n      \"Expanded\": \"Étendue\",\r\n      \"Collapsed\": \"S'est effondré\"\r\n    },\r\n    \"pager\": {\r\n      \"currentPageInfo\": \"{0} de {1} pages\",\r\n      \"totalItemsInfo\": \"({0} éléments)\",\r\n      \"firstPageTooltip\": \"Aller à la première page\",\r\n      \"lastPageTooltip\": \"Aller à la dernière page\",\r\n      \"nextPageTooltip\": \"Aller à la page suivante\",\r\n      \"previousPageTooltip\": \"Aller à la page précédente\",\r\n      \"nextPagerTooltip\": \"Aller aux éléments suivants du téléavertisseur\",\r\n      \"previousPagerTooltip\": \"Accéder aux éléments de téléavertisseur précédents\",\r\n      \"pagerDropDown\": \"objets par page\",\r\n      \"pagerAllDropDown\": \"Articles\",\r\n      \"All\": \"Tout\",\r\n      \"totalItemInfo\": \"({0} élément)\",\r\n      \"Container\": \"Conteneur de téléavertisseur\",\r\n      \"Information\": \"Informations sur le téléavertisseur\",\r\n      \"ExternalMsg\": \"Message externe du téléavertisseur\",\r\n      \"Page\": \"Page\",\r\n      \"Of\": \" de \",\r\n      \"Pages\": \" pages\"\r\n    }\r\n  },\r\n\r\n  \"ja\": {\r\n    \"chart\": {\r\n      \"EmptyRecord\": \"表示するレコードはありません\",\r\n      \"True\": \"本当\",\r\n      \"False\": \"偽\",\r\n      \"InvalidFilterMessage\": \"無効なフィルターデータ\",\r\n      \"GroupDropArea\": \"列ヘッダーをここにドラッグして、列をグループ化します\",\r\n      \"UnGroup\": \"グループ化を解除するにはここをクリック\",\r\n      \"GroupDisable\": \"この列ではグループ化が無効になっています\",\r\n      \"FilterbarTitle\": \"\\\"sフィルターバーセル\",\r\n      \"EmptyDataSourceError\": \"列はAutoGenerate Column chartのdataSourceから生成されるため、DataSourceは初期ロード時に空であってはなりません\",\r\n      \"Add\": \"追加\",\r\n      \"Edit\": \"編集\",\r\n      \"Cancel\": \"キャンセル\",\r\n      \"Update\": \"更新\",\r\n      \"Delete\": \"削除\",\r\n      \"Print\": \"印刷する\",\r\n      \"Pdfexport\": \"PDFエクスポート\",\r\n      \"Excelexport\": \"Excelエクスポート\",\r\n      \"Wordexport\": \"ワードエクスポート\",\r\n      \"Csvexport\": \"CSVエクスポート\",\r\n      \"Search\": \"探す\",\r\n      \"Columnchooser\": \"列\",\r\n      \"Save\": \"セーブ\",\r\n      \"Item\": \"項目\",\r\n      \"Items\": \"アイテム\",\r\n      \"EditOperationAlert\": \"編集操作のために選択されたレコードがありません\",\r\n      \"DeleteOperationAlert\": \"削除操作にレコードが選択されていません\",\r\n      \"SaveButton\": \"セーブ\",\r\n      \"OKButton\": \"OK\",\r\n      \"CancelButton\": \"キャンセル\",\r\n      \"EditFormTitle\": \"の詳細\",\r\n      \"AddFormTitle\": \"新しいレコードを追加\",\r\n      \"BatchSaveConfirm\": \"変更を保存してもよろしいですか？\",\r\n      \"BatchSaveLostChanges\": \"保存していない変更は失われます。続行しますか？\",\r\n      \"ConfirmDelete\": \"レコードを削除してもよろしいですか？\",\r\n      \"CancelEdit\": \"変更をキャンセルしてもよろしいですか？\",\r\n      \"ChooseColumns\": \"列を選択\",\r\n      \"SearchColumns\": \"検索列\",\r\n      \"Matchs\": \"一致するものは見つかりませんでした\",\r\n      \"FilterButton\": \"フィルタ\",\r\n      \"ClearButton\": \"晴れ\",\r\n      \"StartsWith\": \"〜で始まる\",\r\n      \"EndsWith\": \"次で終わる\",\r\n      \"Contains\": \"含む\",\r\n      \"Equal\": \"等しい\",\r\n      \"NotEqual\": \"等しくない\",\r\n      \"LessThan\": \"未満\",\r\n      \"LessThanOrEqual\": \"より小さいか等しい\",\r\n      \"GreaterThan\": \"より大きい\",\r\n      \"GreaterThanOrEqual\": \"より大きいか等しい\",\r\n      \"ChooseDate\": \"日付を選択してください\",\r\n      \"EnterValue\": \"値を入力してください\",\r\n      \"Copy\": \"コピー\",\r\n      \"Group\": \"この列でグループ化\",\r\n      \"Ungroup\": \"この列でグループ解除\",\r\n      \"autoFitAll\": \"すべての列を自動調整\",\r\n      \"autoFit\": \"この列を自動調整\",\r\n      \"Export\": \"書き出す\",\r\n      \"FirstPage\": \"先頭ページ\",\r\n      \"LastPage\": \"最後のページ\",\r\n      \"PreviousPage\": \"前のページ\",\r\n      \"NextPage\": \"次のページ\",\r\n      \"SortAscending\": \"ソート昇順\",\r\n      \"SortDescending\": \"降順で並べ替え\",\r\n      \"EditRecord\": \"レコードを編集\",\r\n      \"DeleteRecord\": \"レコードを削除\",\r\n      \"FilterMenu\": \"フィルタ\",\r\n      \"SelectAll\": \"すべて選択\",\r\n      \"Blanks\": \"ブランク\",\r\n      \"FilterTrue\": \"本当だ\",\r\n      \"FilterFalse\": \"偽\",\r\n      \"NoResult\": \"一致するものは見つかりませんでした\",\r\n      \"ClearFilter\": \"フィルターをクリア\",\r\n      \"NumberFilter\": \"番号フィルター\",\r\n      \"TextFilter\": \"テキストフィルター\",\r\n      \"DateFilter\": \"日付フィルター\",\r\n      \"DateTimeFilter\": \"日時フィルター\",\r\n      \"MatchCase\": \"マッチケース\",\r\n      \"Between\": \"の間に\",\r\n      \"CustomFilter\": \"カスタムフィルター\",\r\n      \"CustomFilterPlaceHolder\": \"値を入力してください\",\r\n      \"CustomFilterDatePlaceHolder\": \"日付を選択してください\",\r\n      \"AND\": \"そして\",\r\n      \"OR\": \"または\",\r\n      \"ShowRowsWhere\": \"行を表示する場所：\",\r\n      \"In\": \"内\",\r\n      \"NotIn\": \"ではない\",\r\n      \"NotStartsWith\": \"で始まらない\",\r\n      \"Like\": \"のように\",\r\n      \"NotEndsWith\": \"で終わらない\",\r\n      \"NotContains\": \"含まない\",\r\n      \"IsNull\": \"ヌル\",\r\n      \"NotNull\": \"ヌルではない\",\r\n      \"IsEmpty\": \"空です\",\r\n      \"IsNotEmpty\": \"空ではない\",\r\n      \"AddCurrentSelection\": \"現在の選択をフィルターに追加\",\r\n      \"UnGroupButton\": \"グループ化を解除するには、ここをクリックしてください\",\r\n      \"AutoFitAll\": \"すべての列を自動調整\",\r\n      \"AutoFit\": \"この列を自動調整\",\r\n      \"Clear\": \"クリア\",\r\n      \"FilterMenuDialogARIA\": \"フィルタメニューダイアログ\",\r\n      \"ExcelFilterDialogARIA\": \"Excelフィルターダイアログ\",\r\n      \"DialogEditARIA\": \"編集ダイアログ\",\r\n      \"ColumnChooserDialogARIA\": \"列の選択\",\r\n      \"ColumnMenuDialogARIA\": \"列メニューダイアログ\",\r\n      \"CustomFilterDialogARIA\": \"カスタムフィルターダイアログ\",\r\n      \"SortAtoZ\": \"AからZに並べ替え\",\r\n      \"SortZtoA\": \"ZをAに並べ替える\",\r\n      \"SortByOldest\": \"古いもので並べ替え\",\r\n      \"SortByNewest\": \"最新で並べ替え\",\r\n      \"SortSmallestToLargest\": \"最小から最大に並べ替え\",\r\n      \"SortLargestToSmallest\": \"最大から最小に並べ替え\",\r\n      \"Sort\": \"選別\",\r\n      \"FilterDescription\": \"Alt Down を押してフィルター メニューを開きます\",\r\n      \"SortDescription\": \"Enter キーを押して並べ替えます\",\r\n      \"ColumnMenuDescription\": \"Alt Down を押して列メニューを開きます\",\r\n      \"GroupDescription\": \"Ctrl スペースを押してグループ化します\",\r\n      \"ColumnHeader\": \" 列ヘッダー \",\r\n      \"TemplateCell\": \" テンプレートセルです\",\r\n      \"CommandColumnAria\": \"コマンド列の列ヘッダー \",\r\n      \"DialogEdit\": \"ダイアログ編集\",\r\n      \"ClipBoard\": \"クリップボード\",\r\n      \"GroupButton\": \"グループボタン\",\r\n      \"UnGroupAria\": \"グループ解除ボタン\",\r\n      \"GroupSeperator\": \"グループ化された列のセパレータ\",\r\n      \"UnGroupIcon\": \"グループ化された列のグループ化を解除します \",\r\n      \"GroupedSortIcon\": \"グループ化された列を並べ替える \",\r\n      \"GroupedDrag\": \"グループ化された列をドラッグします\",\r\n      \"GroupCaption\": \" グループキャプションセルです\",\r\n      \"CheckBoxLabel\": \"チェックボックス\",\r\n      \"Expanded\": \"エキスパンド\",\r\n      \"Collapsed\": \"折りたたまれた\",\r\n      \"SelectAllCheckbox\": \"すべて選択チェックボックス\",\r\n      \"SelectRow\": \"行を選択\",\r\n      \"AscendingText\": \"昇順\",\r\n      \"DescendingText\": \"降順\",\r\n      \"NoneText\": \"なし\"\r\n    },\r\n    \"pager\": {\r\n      \"currentPageInfo\": \"{0}ページのうち{1}ページ\",\r\n      \"totalItemsInfo\": \"（{0}アイテム）\",\r\n      \"firstPageTooltip\": \"最初のページに移動\",\r\n      \"lastPageTooltip\": \"最後のページに移動\",\r\n      \"nextPageTooltip\": \"次のページの項目へ進む\",\r\n      \"previousPageTooltip\": \"前のページに移動\",\r\n      \"nextPagerTooltip\": \"次のポケットベルアイテムに移動\",\r\n      \"previousPagerTooltip\": \"前のポケットベルアイテムに移動\",\r\n      \"pagerDropDown\": \"ページごとのアイテム\",\r\n      \"pagerAllDropDown\": \"アイテム\",\r\n      \"All\": \"すべて\",\r\n      \"totalItemInfo\": \"（{0}アイテム）\",\r\n      \"Container\": \"ページャ コンテナ\",\r\n      \"Information\": \"ポケットベル情報\",\r\n      \"ExternalMsg\": \"ポケットベルの外部メッセージ\",\r\n      \"Page\": \"ページ \",\r\n      \"Of\": \" の \",\r\n      \"Pages\": \" ページ\"\r\n    }\r\n  },\r\n\r\n  \"ar\": {\r\n    \"chart\": {\r\n      \"EmptyRecord\": \"لا سجلات لعرضها\",\r\n      \"True\": \"صحيح\",\r\n      \"False\": \"خاطئة\",\r\n      \"InvalidFilterMessage\": \"بيانات تصفية غير صالحة\",\r\n      \"GroupDropArea\": \"اسحب رأس العمود هنا لتجميع العمود\",\r\n      \"UnGroup\": \"انقر هنا لإلغاء التجميع\",\r\n      \"GroupDisable\": \"تم تعطيل التجميع لهذا العمود\",\r\n      \"FilterbarTitle\": \"شريط تصفية الخلية\",\r\n      \"EmptyDataSourceError\": \"يجب ألا يكون DataSource فارغًا عند التحميل الأولي نظرًا لأن الأعمدة يتم إنشاؤها من DataSource في شبكة إنشاء عمود تلقائي\",\r\n      \"Add\": \"إضافة\",\r\n      \"Edit\": \"تعديل\",\r\n      \"Cancel\": \"إلغاء\",\r\n      \"Update\": \"تحديث\",\r\n      \"Delete\": \"حذف\",\r\n      \"Print\": \"طباعة\",\r\n      \"Pdfexport\": \"تصدير قوات الدفاع الشعبي\",\r\n      \"Excelexport\": \"اكسل التصدير\",\r\n      \"Wordexport\": \"كلمة تصدير\",\r\n      \"Csvexport\": \"تصدير CSV\",\r\n      \"Search\": \"بحث\",\r\n      \"Columnchooser\": \"أعمدة\",\r\n      \"Save\": \"حفظ\",\r\n      \"Item\": \"بند\",\r\n      \"Items\": \"العناصر\",\r\n      \"EditOperationAlert\": \"لم يتم تحديد سجلات لعملية التحرير\",\r\n      \"DeleteOperationAlert\": \"لم يتم تحديد سجلات لعملية الحذف\",\r\n      \"SaveButton\": \"حفظ\",\r\n      \"OKButton\": \"حسنا\",\r\n      \"CancelButton\": \"إلغاء\",\r\n      \"EditFormTitle\": \"تفاصيل\",\r\n      \"AddFormTitle\": \"إضافة سجل جديد\",\r\n      \"BatchSaveConfirm\": \"هل أنت متأكد أنك تريد حفظ التغييرات؟\",\r\n      \"BatchSaveLostChanges\": \"سيتم فقد التغييرات غير المحفوظة. هل أنت متأكد أنك تريد المتابعة؟\",\r\n      \"ConfirmDelete\": \"هل أنت متأكد أنك تريد حذف السجل؟\",\r\n      \"CancelEdit\": \"هل أنت متأكد من أنك تريد إلغاء التغييرات؟\",\r\n      \"ChooseColumns\": \"اختيار العمود\",\r\n      \"SearchColumns\": \"أعمدة البحث\",\r\n      \"Matchs\": \"لم يتم العثور على تطابق\",\r\n      \"FilterButton\": \"منقي\",\r\n      \"ClearButton\": \"واضح\",\r\n      \"StartsWith\": \"ابدا ب\",\r\n      \"EndsWith\": \"ينتهي بـ\",\r\n      \"Contains\": \"يحتوي على\",\r\n      \"Equal\": \"مساو\",\r\n      \"NotEqual\": \"ليس متساوي\",\r\n      \"LessThan\": \"أقل من\",\r\n      \"LessThanOrEqual\": \"اصغر من او يساوي\",\r\n      \"GreaterThan\": \"أكثر من\",\r\n      \"GreaterThanOrEqual\": \"أكبر من أو يساوي\",\r\n      \"ChooseDate\": \"اختيار التاريخ\",\r\n      \"EnterValue\": \"أدخل القيمة\",\r\n      \"Copy\": \"نسخ\",\r\n      \"Group\": \"تجميع حسب هذا العمود\",\r\n      \"Ungroup\": \"فك تجميع بواسطة هذا العمود\",\r\n      \"autoFitAll\": \"احتواء تلقائي لجميع الأعمدة\",\r\n      \"autoFit\": \"احتواء تلقائي لهذا العمود\",\r\n      \"Export\": \"تصدير\",\r\n      \"FirstPage\": \"الصفحة الأولى\",\r\n      \"LastPage\": \"آخر صفحة\",\r\n      \"PreviousPage\": \"الصفحة السابقة\",\r\n      \"NextPage\": \"الصفحة التالية\",\r\n      \"SortAscending\": \"فرز تصاعدي\",\r\n      \"SortDescending\": \"ترتيب تنازلي\",\r\n      \"EditRecord\": \"تحرير السجل\",\r\n      \"DeleteRecord\": \"حذف سجل\",\r\n      \"FilterMenu\": \"منقي\",\r\n      \"SelectAll\": \"اختر الكل\",\r\n      \"Blanks\": \"الفراغات\",\r\n      \"FilterTrue\": \"صحيح\",\r\n      \"FilterFalse\": \"خاطئة\",\r\n      \"NoResult\": \"لم يتم العثور على تطابق\",\r\n      \"ClearFilter\": \"مرشح واضح\",\r\n      \"NumberFilter\": \"عدد المرشحات\",\r\n      \"TextFilter\": \"مرشحات النص\",\r\n      \"DateFilter\": \"مرشحات التاريخ\",\r\n      \"DateTimeFilter\": \"مرشحات DateTime\",\r\n      \"MatchCase\": \"حالة مباراة\",\r\n      \"Between\": \"ما بين\",\r\n      \"CustomFilter\": \"تصفية مخصص\",\r\n      \"CustomFilterPlaceHolder\": \"أدخل القيمة\",\r\n      \"CustomFilterDatePlaceHolder\": \"اختيار موعد\",\r\n      \"AND\": \"و\",\r\n      \"OR\": \"أو\",\r\n      \"ShowRowsWhere\": \"إظهار الصفوف حيث:\",\r\n      \"In\": \"في\",\r\n      \"NotIn\": \"ليس في\",\r\n      \"NotStartsWith\": \"لا تبدأ بـ\",\r\n      \"Like\": \"يحب\",\r\n      \"NotEndsWith\": \"لا تنتهي ب\",\r\n      \"NotContains\": \"لا يحتوي\",\r\n      \"IsNull\": \"باطل\",\r\n      \"NotNull\": \"غير فارغة\",\r\n      \"IsEmpty\": \"فارغ\",\r\n      \"IsNotEmpty\": \"ليس فارغًا\",\r\n      \"AddCurrentSelection\": \"إضافة التحديد الحالي للتصفية\",\r\n      \"UnGroupButton\": \"انقر هنا لفك التجميع\",\r\n      \"AutoFitAll\": \"احتواء تلقائي لجميع الأعمدة\",\r\n      \"AutoFit\": \"احتواء تلقائي لهذا العمود\",\r\n      \"Clear\": \"صافي\",\r\n      \"FilterMenuDialogARIA\": \"مربع حوار قائمة التصفية\",\r\n      \"ExcelFilterDialogARIA\": \"مربع حوار مرشح Excel\",\r\n      \"DialogEditARIA\": \"مربع حوار التحرير\",\r\n      \"ColumnChooserDialogARIA\": \"منتقي الأعمدة\",\r\n      \"ColumnMenuDialogARIA\": \"مربع حوار قائمة العمود\",\r\n      \"CustomFilterDialogARIA\": \"مربع حوار عامل التصفية المخصص\",\r\n      \"SortAtoZ\": \"فرز من الألف إلى الياء\",\r\n      \"SortZtoA\": \"فرز من Z إلى A\",\r\n      \"SortByOldest\": \"فرز حسب الأقدم\",\r\n      \"SortByNewest\": \"فرز حسب الأحدث\",\r\n      \"SortSmallestToLargest\": \"الفرز من الأصغر إلى الأكبر\",\r\n      \"SortLargestToSmallest\": \"الفرز من الأكبر إلى الأصغر\",\r\n      \"Sort\": \"فرز\",\r\n      \"FilterDescription\": \"اضغط على Alt Down لفتح قائمة التصفية\",\r\n      \"SortDescription\": \"اضغط على Enter للفرز\",\r\n      \"ColumnMenuDescription\": \"اضغط على Alt لأسفل لفتح قائمة العمود\",\r\n      \"GroupDescription\": \"اضغط على مفتاح Ctrl مسافة للمجموعة\",\r\n      \"ColumnHeader\": \" رأس العمود \",\r\n      \"TemplateCell\": \" هي خلية قالب\",\r\n      \"CommandColumnAria\": \"هو رأس عمود الأمر \",\r\n      \"DialogEdit\": \"تحرير الحوار\",\r\n      \"ClipBoard\": \"الحافظة\",\r\n      \"GroupButton\": \"زر المجموعة\",\r\n      \"UnGroupAria\": \"زر فك التجميع\",\r\n      \"GroupSeperator\": \"فاصل للأعمدة المجمعة\",\r\n      \"UnGroupIcon\": \"قم بفك تجميع العمود المجمع \",\r\n      \"GroupedSortIcon\": \"قم بفرز العمود المجمع \",\r\n      \"GroupedDrag\": \"اسحب العمود المجمع\",\r\n      \"GroupCaption\": \" هي خلية تسمية توضيحية جماعية\",\r\n      \"CheckBoxLabel\": \"خانة الاختيار\",\r\n      \"Expanded\": \"موسع\",\r\n      \"Collapsed\": \"انهار\",\r\n      \"SelectAllCheckbox\": \"حدد خانة الاختيار الكل\",\r\n      \"SelectRow\": \"حدد الصف\",\r\n      \"AscendingText\": \"تصاعدي\",\r\n      \"DescendingText\": \"تنازلي \",\r\n      \"NoneText\": \"لا شيء\"\r\n    },\r\n    \"pager\": {\r\n      \"currentPageInfo\": \"{0} من {1} صفحة\",\r\n      \"totalItemsInfo\": \"({0} عناصر)\",\r\n      \"firstPageTooltip\": \"الذهاب إلى الصفحة الأولى\",\r\n      \"lastPageTooltip\": \"الذهاب إلى الصفحة الأخيرة\",\r\n      \"nextPageTooltip\": \"انتقل إلى الصفحة التالية\",\r\n      \"previousPageTooltip\": \"الانتقال إلى الصفحة السابقة\",\r\n      \"nextPagerTooltip\": \"انتقل إلى عناصر بيجر التالية\",\r\n      \"previousPagerTooltip\": \"انتقل إلى عناصر بيجر السابقة\",\r\n      \"pagerDropDown\": \"مواد لكل صفحة\",\r\n      \"pagerAllDropDown\": \"العناصر\",\r\n      \"All\": \"الكل\",\r\n      \"totalItemInfo\": \"({0} بند)\",\r\n      \"Container\": \"حاوية بيجر\",\r\n      \"Information\": \"معلومات جهاز النداء\",\r\n      \"ExternalMsg\": \"رسالة خارجية بيجر\",\r\n      \"Page\": \"صفحة \",\r\n      \"Of\": \" من \",\r\n      \"Pages\": \" الصفحات\"\r\n    }\r\n  },\r\n\r\n  \"zh\": {\r\n    \"chart\": {\r\n      \"EmptyRecord\": \"無記錄可顯示\",\r\n      \"True\": \"真\",\r\n      \"False\": \"假\",\r\n      \"InvalidFilterMessage\": \"無效的過濾器數據\",\r\n      \"GroupDropArea\": \"將列標題拖到此處以對其列進行分組\",\r\n      \"UnGroup\": \"點擊此處取消分組\",\r\n      \"GroupDisable\": \"禁用该列的分组\",\r\n      \"FilterbarTitle\": \"的濾網\",\r\n      \"EmptyDataSourceError\": \"初始加載時，DataSource不能為空，因為列是從AutoGenerate Column chart中的dataSource生成的\",\r\n      \"Add\": \"加\",\r\n      \"Edit\": \"編輯\",\r\n      \"Cancel\": \"取消\",\r\n      \"Update\": \"更新\",\r\n      \"Delete\": \"刪除\",\r\n      \"Print\": \"打印\",\r\n      \"Pdfexport\": \"PDF導出\",\r\n      \"Excelexport\": \"Excel導出\",\r\n      \"Wordexport\": \"單詞導出\",\r\n      \"Csvexport\": \"CSV導出\",\r\n      \"Search\": \"搜索\",\r\n      \"Columnchooser\": \"列\",\r\n      \"Save\": \"保存\",\r\n      \"Item\": \"項目\",\r\n      \"Items\": \"項目\",\r\n      \"EditOperationAlert\": \"未選擇任何記錄進行編輯操作\",\r\n      \"DeleteOperationAlert\": \"未選擇要刪除操作的記錄\",\r\n      \"SaveButton\": \"保存\",\r\n      \"OKButton\": \"好\",\r\n      \"CancelButton\": \"取消\",\r\n      \"EditFormTitle\": \"的詳細內容\",\r\n      \"AddFormTitle\": \"添加新記錄\",\r\n      \"BatchSaveConfirm\": \"您確定要保存更改嗎？\",\r\n      \"BatchSaveLostChanges\": \"未保存的更改將丟失。你確定你要繼續嗎？\",\r\n      \"ConfirmDelete\": \"您確定要刪除記錄嗎？\",\r\n      \"CancelEdit\": \"您确定要取消更改吗？\",\r\n      \"ChooseColumns\": \"選擇列\",\r\n      \"SearchColumns\": \"搜索列\",\r\n      \"Matchs\": \"找不到匹配項\",\r\n      \"FilterButton\": \"過濾\",\r\n      \"ClearButton\": \"明確\",\r\n      \"StartsWith\": \"以。。開始\",\r\n      \"EndsWith\": \"以。。結束\",\r\n      \"Contains\": \"包含\",\r\n      \"Equal\": \"等于\",\r\n      \"NotEqual\": \"不等于\",\r\n      \"LessThan\": \"小于\",\r\n      \"LessThanOrEqual\": \"小于或等于\",\r\n      \"GreaterThan\": \"大于\",\r\n      \"GreaterThanOrEqual\": \"大于或等于\",\r\n      \"ChooseDate\": \"選擇日期\",\r\n      \"EnterValue\": \"輸入值\",\r\n      \"Copy\": \"複製\",\r\n      \"Group\": \"按此列分組\",\r\n      \"Ungroup\": \"按此列取消分組\",\r\n      \"autoFitAll\": \"自動適合所有列\",\r\n      \"autoFit\": \"自動適合此列\",\r\n      \"Export\": \"出口\",\r\n      \"FirstPage\": \"第一页\",\r\n      \"LastPage\": \"最后一页\",\r\n      \"PreviousPage\": \"上一頁\",\r\n      \"NextPage\": \"下一頁\",\r\n      \"SortAscending\": \"升序\",\r\n      \"SortDescending\": \"降序排列\",\r\n      \"EditRecord\": \"編輯記錄\",\r\n      \"DeleteRecord\": \"刪除記錄\",\r\n      \"FilterMenu\": \"過濾\",\r\n      \"SelectAll\": \"全選\",\r\n      \"Blanks\": \"空白\",\r\n      \"FilterTrue\": \"真正\",\r\n      \"FilterFalse\": \"假\",\r\n      \"NoResult\": \"找不到匹配項\",\r\n      \"ClearFilter\": \"清除篩選\",\r\n      \"NumberFilter\": \"號碼過濾器\",\r\n      \"TextFilter\": \"文字過濾器\",\r\n      \"DateFilter\": \"日期過濾器\",\r\n      \"DateTimeFilter\": \"日期時間過濾器\",\r\n      \"MatchCase\": \"相符\",\r\n      \"Between\": \"之間\",\r\n      \"CustomFilter\": \"自定義過濾器\",\r\n      \"CustomFilterPlaceHolder\": \"輸入值\",\r\n      \"CustomFilterDatePlaceHolder\": \"選擇一個日期\",\r\n      \"AND\": \"和\",\r\n      \"OR\": \"要么\",\r\n      \"ShowRowsWhere\": \"在以下位置顯示行：\",\r\n      \"In\": \"在\",\r\n      \"NotIn\": \"不在\",\r\n      \"NotStartsWith\": \"不以開頭\",\r\n      \"Like\": \"喜歡\",\r\n      \"NotEndsWith\": \"不以結束\",\r\n      \"NotContains\": \"不含\",\r\n      \"IsNull\": \"空\",\r\n      \"NotNull\": \"不為空\",\r\n      \"IsEmpty\": \"空的\",\r\n      \"IsNotEmpty\": \"不是空的\",\r\n      \"AddCurrentSelection\": \"將當前選擇添加到過濾器\",\r\n      \"UnGroupButton\": \"单击此处取消分组\",\r\n      \"AutoFitAll\": \"自动调整所有列\",\r\n      \"AutoFit\": \"自动调整此列\",\r\n      \"Clear\": \"清除\",\r\n      \"FilterMenuDialogARIA\": \"过滤器菜单对话框\",\r\n      \"ExcelFilterDialogARIA\": \"Excel 过滤器对话框\",\r\n      \"DialogEditARIA\": \"编辑对话框\",\r\n      \"ColumnChooserDialogARIA\": \"列选择器\",\r\n      \"ColumnMenuDialogARIA\": \"列菜单对话框\",\r\n      \"CustomFilterDialogARIA\": \"自定义过滤器对话框\",\r\n      \"SortAtoZ\": \"从 A 到 Z 排序\",\r\n      \"SortZtoA\": \"从 Z 到 A 排序\",\r\n      \"SortByOldest\": \"按最旧排序\",\r\n      \"SortByNewest\": \"按最新排序\",\r\n      \"SortSmallestToLargest\": \"从小到大排序\",\r\n      \"SortLargestToSmallest\": \"从大到小排序\",\r\n      \"Sort\": \"捃\",\r\n      \"FilterDescription\": \"按 Alt Down 打开过滤器菜单\",\r\n      \"SortDescription\": \"按 Enter 进行排序\",\r\n      \"ColumnMenuDescription\": \"按 Alt Down 打开列菜单\",\r\n      \"GroupDescription\": \"按 Ctrl 空格进行分组\",\r\n      \"ColumnHeader\": \" 列标题 \",\r\n      \"TemplateCell\": \" 是模板单元格\",\r\n      \"CommandColumnAria\": \"是命令列列标题 \",\r\n      \"DialogEdit\": \"对话框编辑\",\r\n      \"ClipBoard\": \"剪贴板\",\r\n      \"GroupButton\": \"组按钮\",\r\n      \"UnGroupAria\": \"取消组合按钮\",\r\n      \"GroupSeperator\": \"分组列的分隔符\",\r\n      \"UnGroupIcon\": \"取消分组分组的列 \",\r\n      \"GroupedSortIcon\": \"对分组的列进行排序 \",\r\n      \"GroupedDrag\": \"拖动分组的列\",\r\n      \"GroupCaption\": \" 是组字幕单元格\",\r\n      \"CheckBoxLabel\": \"复选框\",\r\n      \"Expanded\": \"展开\",\r\n      \"Collapsed\": \"倒塌\",\r\n      \"SelectAllCheckbox\": \"选择全部复选框\",\r\n      \"SelectRow\": \"选择行\",\r\n      \"AscendingText\": \"升序\",\r\n      \"DescendingText\": \"降序\",\r\n      \"NoneText\": \"无\"\r\n    },\r\n    \"pager\": {\r\n      \"currentPageInfo\": \"第{0}頁／共{1}頁\",\r\n      \"totalItemsInfo\": \"（{0}個項目）\",\r\n      \"firstPageTooltip\": \"轉到第一頁\",\r\n      \"lastPageTooltip\": \"轉到最後一頁\",\r\n      \"nextPageTooltip\": \"轉到下一頁\",\r\n      \"previousPageTooltip\": \"轉到上一頁\",\r\n      \"nextPagerTooltip\": \"轉到下一個尋呼機項目\",\r\n      \"previousPagerTooltip\": \"轉到上一個尋呼機項目\",\r\n      \"pagerDropDown\": \"每頁項目\",\r\n      \"pagerAllDropDown\": \"物品\",\r\n      \"All\": \"所有\",\r\n      \"totalItemInfo\": \"（{0}项目）\",\r\n      \"Container\": \"寻呼机容器\",\r\n      \"Information\": \"寻呼机信息\",\r\n      \"ExternalMsg\": \"寻呼机外部消息\",\r\n      \"Page\": \"页 \",\r\n      \"Of\": \" 的 \",\r\n      \"Pages\": \" 页面\"\r\n    },\r\n    \"kanban\": {\r\n      \"items\": \"項目\",\r\n      \"min\": \"敏\",\r\n      \"max\": \"最大\",\r\n      \"cardsSelected\": \"已選擇的卡片\",\r\n      \"addTitle\": \"新增卡片\",\r\n      \"editTitle\": \"編輯卡片詳情\",\r\n      \"deleteTitle\": \"刪除卡\",\r\n      \"deleteContent\": \"您確定要刪除此卡嗎？\",\r\n      \"save\": \"保存\",\r\n      \"delete\": \"刪除\",\r\n      \"cancel\": \"取消\",\r\n      \"yes\": \"是\",\r\n      \"no\": \"否\",\r\n      \"close\": \"关\",\r\n      \"noCard\": \"没有可显示的卡片\",\r\n      \"unassigned\": \"未分配\",\r\n      \"cards\": \"卡片\"\r\n    }\r\n  }\r\n}\r\n",
  "src/global-data.ts": "export const internationalizationData = [\r\n  { \"x\": \"Timty Castro\", \"y\": 1.23, barColor: '#D8B4F8' },\r\n  { \"x\": \"Luna Amore\", \"y\": 1.54, barColor: '#FF8080' },\r\n  { \"x\": \"Gino Acosta\", \"y\": 1.75, barColor: '#A4B465' },\r\n  { \"x\": \"Railey Cristobal\", \"y\": 2.1, barColor: '#86A7FC' },\r\n  { \"x\": \"Zyra Augerro\", \"y\": 2.25, barColor: '#73946B' },\r\n  { \"x\": \"Hash Brown\", \"y\": 2.54, barColor: '#F2C078' },\r\n  { \"x\": \"Porsche Robles\", \"y\": 2.6, barColor: '#578FCA' },\r\n  { \"x\": \"Thomas Kong\", \"y\": 2.75, barColor: '#F6B53F' },\r\n  { \"x\": \"Corotian Gracia\", \"y\": 3.0, barColor: '#6FAAB0' },\r\n  { \"x\": \"Laura Darris\", \"y\": 3.75, barColor: '#C4C24A' },\r\n];",
  "src/context.tsx": "import { createContext } from \"react\";\r\n\r\nexport interface ThemeContextType {\r\n  themeName: string;\r\n}\r\n\r\nexport interface LoadContextType {\r\n   loading: boolean;\r\n   setLoading: React.Dispatch<React.SetStateAction<boolean>>;\r\n}\r\n\r\nexport interface RefreshContextType {\r\n   refresh: boolean;\r\n}\r\n\r\nexport const ThemeContext = createContext<ThemeContextType>({\r\n  themeName: 'material3'\r\n});\r\n\r\nexport const LoadContext = createContext<LoadContextType>({\r\n  loading: true,\r\n  setLoading: () => {}\r\n});\r\n\r\nexport const RefreshContext = createContext<RefreshContextType>({\r\n  refresh: false\r\n});\r\n\r\nexport interface TocContextType {\r\n  routeToc: boolean | undefined;\r\n  setRouteToc: (toc: boolean | undefined) => void;\r\n}\r\n\r\nexport const TocContext = createContext<TocContextType>({\r\n  routeToc: undefined,\r\n  setRouteToc: () => {}\r\n});",
  "src/theme.tsx": "// src/components/chart/theme.tsx\r\nimport {  Theme } from \"@syncfusion/react-charts\";\r\nimport { useContext, useState } from \"react\";\r\nimport { ThemeContext } from './context';\r\n\r\n// Create a custom hook to use in components\r\nexport function useChartTheme() {\r\n  const { themeName } = useContext(ThemeContext);\r\n  const chartTheme: Theme = themeName === 'material3-dark' ? 'Material3Dark' : 'Material3';\r\n  const [pointMaterial3Colors] = useState([\"#6355C7\", \"#00AEE0\", \"#FFB400\", \"#F7523F\", \"#963C70\", \"#FD7400\", \"#4BE0BC\", \"#2196F5\", \"#DE3D8A\", \"#162F88\"]);\r\n  const [pointMaterial3DarkColors] = useState([\"#4EAAFF\", \"#FA4EAB\", \"#FFF500\", \"#17EA58\", \"#38FFE7\", \"#FF9E45\", \"#B3F32F\", \"#B93CE4\", \"#FC5664\", \"#9B55FF\"]);\r\n  \r\n  return {\r\n    chartTheme,\r\n    pointMaterial3Colors,\r\n    pointMaterial3DarkColors\r\n  };\r\n}",
  "dependencies": "{\"@syncfusion/react-charts\":\"*\",\"@syncfusion/react-dropdowns\":\"*\",\"@syncfusion/react-base\":\"*\",\"@syncfusion/react-locale\":\"*\",\"@syncfusion/react-cldr-data\":\"*\"}"
}