{
  "src/App.css": "@import \"@syncfusion/react-base/styles/material3.css\";\n",
  "src/App.tsx": "import { Chart, ChartLegend, ChartPrimaryXAxis, ChartPrimaryYAxis, ChartSeries, ChartSeriesCollection, ChartTooltip, ChartTitle, ChartAxisTitle } from '@syncfusion/react-charts'\r\nimport { EnergyData } from './legend-energy-data'\r\nimport { useChartTheme } from './theme';\r\nexport default function App() {\r\n    const { chartTheme } = useChartTheme();\r\n    return (\r\n        <Chart theme={chartTheme}>\r\n            <ChartTitle text=\"Change in Energy Sources\" />\r\n            <ChartPrimaryXAxis valueType={'Category'} />\r\n            <ChartPrimaryYAxis lineStyle={{ width: 0 }}>\r\n                <ChartAxisTitle text='Measure in Tons' />\r\n            </ChartPrimaryYAxis>\r\n            <ChartSeriesCollection>\r\n                <ChartSeries dataSource={EnergyData} xField=\"quarter\" yField=\"coal\" fill='#B4E50D' name=\"Coal\" type=\"Column\" columnWidth={0.6} columnSpacing={0.1} cornerRadius={{ topLeft: 10, topRight: 10 }} legendShape=\"Rectangle\" />\r\n                <ChartSeries dataSource={EnergyData} xField=\"quarter\" yField=\"petroleum\" fill='#FF90BB' name=\"Petroleum\" type=\"Column\" columnWidth={0.6} columnSpacing={0.1} cornerRadius={{ topLeft: 10, topRight: 10 }} legendShape=\"Rectangle\" />\r\n                <ChartSeries dataSource={EnergyData} xField=\"quarter\" yField=\"naturalGas\" fill='#60B5FF' name=\"NaturalGas\" type=\"Column\" columnWidth={0.6} columnSpacing={0.1} cornerRadius={{ topLeft: 10, topRight: 10 }} legendShape=\"Rectangle\" />\r\n            </ChartSeriesCollection>\r\n            <ChartTooltip enable={true} headerText=\"${point.x}\"  format='${series.name} : <b>${point.y}</b>' />\r\n            <ChartLegend visible={true} inversed={true} />\r\n        </Chart>\r\n    )\r\n}",
  "src/legend-energy-data.ts": "export const EnergyData = [\r\n  {\r\n    quarter: \"Q1\",\r\n    coal: -666,\r\n    manufacturedFuels: -14,\r\n    primaryOil: -261,\r\n    petroleum: -124,\r\n    naturalGas: -1197,\r\n  },\r\n  {\r\n    quarter: \"Q2\",\r\n    coal: 208,\r\n    manufacturedFuels: 71,\r\n    primaryOil: 950,\r\n    petroleum: -318,\r\n    naturalGas: 906,\r\n  },\r\n  {\r\n    quarter: \"Q3\",\r\n    coal: 426,\r\n    manufacturedFuels: 19,\r\n    primaryOil: -845,\r\n    petroleum: 166,\r\n    naturalGas: 276,\r\n  },\r\n  {\r\n    quarter: \"Q4\",\r\n    coal: 158,\r\n    manufacturedFuels: -29,\r\n    primaryOil: -156,\r\n    petroleum: -19,\r\n    naturalGas: 672,\r\n  },\r\n];",
  "src/context.tsx": "import { createContext } from \"react\";\r\n\r\nexport interface ThemeContextType {\r\n  themeName: string;\r\n}\r\n\r\nexport interface LoadContextType {\r\n   loading: boolean;\r\n   setLoading: React.Dispatch<React.SetStateAction<boolean>>;\r\n}\r\n\r\nexport interface RefreshContextType {\r\n   refresh: boolean;\r\n}\r\n\r\nexport const ThemeContext = createContext<ThemeContextType>({\r\n  themeName: 'material3'\r\n});\r\n\r\nexport const LoadContext = createContext<LoadContextType>({\r\n  loading: true,\r\n  setLoading: () => {}\r\n});\r\n\r\nexport const RefreshContext = createContext<RefreshContextType>({\r\n  refresh: false\r\n});\r\n\r\nexport interface TocContextType {\r\n  routeToc: boolean | undefined;\r\n  setRouteToc: (toc: boolean | undefined) => void;\r\n}\r\n\r\nexport const TocContext = createContext<TocContextType>({\r\n  routeToc: undefined,\r\n  setRouteToc: () => {}\r\n});",
  "src/theme.tsx": "// src/components/chart/theme.tsx\r\nimport {  Theme } from \"@syncfusion/react-charts\";\r\nimport { useContext, useState } from \"react\";\r\nimport { ThemeContext } from './context';\r\n\r\n// Create a custom hook to use in components\r\nexport function useChartTheme() {\r\n  const { themeName } = useContext(ThemeContext);\r\n  const chartTheme: Theme = themeName === 'material3-dark' ? 'Material3Dark' : 'Material3';\r\n  const [pointMaterial3Colors] = useState([\"#6355C7\", \"#00AEE0\", \"#FFB400\", \"#F7523F\", \"#963C70\", \"#FD7400\", \"#4BE0BC\", \"#2196F5\", \"#DE3D8A\", \"#162F88\"]);\r\n  const [pointMaterial3DarkColors] = useState([\"#4EAAFF\", \"#FA4EAB\", \"#FFF500\", \"#17EA58\", \"#38FFE7\", \"#FF9E45\", \"#B3F32F\", \"#B93CE4\", \"#FC5664\", \"#9B55FF\"]);\r\n  \r\n  return {\r\n    chartTheme,\r\n    pointMaterial3Colors,\r\n    pointMaterial3DarkColors\r\n  };\r\n}",
  "dependencies": "{\"@syncfusion/react-charts\":\"*\",\"@syncfusion/react-locale\":\"*\",\"@syncfusion/react-cldr-data\":\"*\"}"
}