{
  "src/App.css": "@import \"@syncfusion/react-base/styles/material3.css\";\n",
  "src/App.tsx": "import {\r\n    Chart, ChartLegend, ChartPrimaryXAxis, ChartPrimaryYAxis, ChartSeries, ChartSeriesCollection, ChartAxisLabel, ChartArea, ChartTooltip, ChartMarker\r\n} from '@syncfusion/react-charts'\r\nimport { useChartTheme } from './theme';\r\n\r\nexport default function App() {\r\n    const { chartTheme } = useChartTheme();\r\n    const data = [\r\n        { x: 'WW', y: 12, y1: 22, y2: 38.3, y3: 50 },\r\n        { x: 'EU', y: 9.9, y1: 26, y2: 45.2, y3: 63.6 },\r\n        { x: 'APAC', y: 4.4, y1: 9.3, y2: 18.2, y3: 20.9 },\r\n        { x: 'LATAM', y: 6.4, y1: 28, y2: 46.7, y3: 65.1 },\r\n        { x: 'MEA', y: 30, y1: 45.7, y2: 61.5, y3: 73 },\r\n        { x: 'NA', y: 25.3, y1: 35.9, y2: 64, y3: 81.4 }\r\n    ];\r\n    return (\r\n            <Chart theme={chartTheme}>\r\n                <ChartArea border={{ width: 0 }} margin={{ bottom: 30, top: 30, right: 40, left: 40 }} />\r\n                <ChartPrimaryXAxis valueType={'Category'}>\r\n                    <ChartAxisLabel edgeLabelPlacement={\"Shift\"}/>\r\n                </ChartPrimaryXAxis>\r\n                <ChartPrimaryYAxis lineStyle={{ width: 0 }}>\r\n                    <ChartAxisLabel format=\"{value}\"/>\r\n                </ChartPrimaryYAxis>\r\n                <ChartSeriesCollection>\r\n                    <ChartSeries dataSource={data} xField=\"x\" yField=\"y\" name=\"December 2007\" type=\"Line\">\r\n                        <ChartMarker visible={true} />\r\n                    </ChartSeries>\r\n                    <ChartSeries dataSource={data} xField=\"x\" yField=\"y1\" name=\"December 2008\" type=\"Line\">\r\n                        <ChartMarker visible={true} />\r\n                    </ChartSeries>\r\n                    <ChartSeries dataSource={data} xField=\"x\" yField=\"y2\" name=\"December 2009\" type=\"Line\">\r\n                        <ChartMarker visible={true} />\r\n                    </ChartSeries>\r\n                    <ChartSeries dataSource={data} xField=\"x\" yField=\"y3\" name=\"December 2010\" type=\"Line\">\r\n                        <ChartMarker visible={true} />\r\n                    </ChartSeries>\r\n                </ChartSeriesCollection>\r\n                <ChartTooltip enable={true} showNearestTooltip={true} headerText='' />\r\n                <ChartLegend visible={true} width='200' height='100' enablePages={false} />\r\n            </Chart>\r\n    )\r\n}",
  "src/context.tsx": "import { createContext } from \"react\";\r\n\r\nexport interface ThemeContextType {\r\n  themeName: string;\r\n}\r\n\r\nexport interface LoadContextType {\r\n   loading: boolean;\r\n   setLoading: React.Dispatch<React.SetStateAction<boolean>>;\r\n}\r\n\r\nexport interface RefreshContextType {\r\n   refresh: boolean;\r\n}\r\n\r\nexport const ThemeContext = createContext<ThemeContextType>({\r\n  themeName: 'material3'\r\n});\r\n\r\nexport const LoadContext = createContext<LoadContextType>({\r\n  loading: true,\r\n  setLoading: () => {}\r\n});\r\n\r\nexport const RefreshContext = createContext<RefreshContextType>({\r\n  refresh: false\r\n});\r\n\r\nexport interface TocContextType {\r\n  routeToc: boolean | undefined;\r\n  setRouteToc: (toc: boolean | undefined) => void;\r\n}\r\n\r\nexport const TocContext = createContext<TocContextType>({\r\n  routeToc: undefined,\r\n  setRouteToc: () => {}\r\n});",
  "src/theme.tsx": "// src/components/chart/theme.tsx\r\nimport {  Theme } from \"@syncfusion/react-charts\";\r\nimport { useContext, useState } from \"react\";\r\nimport { ThemeContext } from './context';\r\n\r\n// Create a custom hook to use in components\r\nexport function useChartTheme() {\r\n  const { themeName } = useContext(ThemeContext);\r\n  const chartTheme: Theme = themeName === 'material3-dark' ? 'Material3Dark' : 'Material3';\r\n  const [pointMaterial3Colors] = useState([\"#6355C7\", \"#00AEE0\", \"#FFB400\", \"#F7523F\", \"#963C70\", \"#FD7400\", \"#4BE0BC\", \"#2196F5\", \"#DE3D8A\", \"#162F88\"]);\r\n  const [pointMaterial3DarkColors] = useState([\"#4EAAFF\", \"#FA4EAB\", \"#FFF500\", \"#17EA58\", \"#38FFE7\", \"#FF9E45\", \"#B3F32F\", \"#B93CE4\", \"#FC5664\", \"#9B55FF\"]);\r\n  \r\n  return {\r\n    chartTheme,\r\n    pointMaterial3Colors,\r\n    pointMaterial3DarkColors\r\n  };\r\n}",
  "dependencies": "{\"@syncfusion/react-charts\":\"*\",\"@syncfusion/react-locale\":\"*\",\"@syncfusion/react-cldr-data\":\"*\"}"
}