{
  "src/App.css": "@import \"@syncfusion/react-base/styles/material3.css\";\n",
  "src/App.tsx": "import { useState } from 'react';\r\nimport { Chart, ChartLegend, ChartPrimaryXAxis, ChartPrimaryYAxis, ChartSeries, ChartSeriesCollection, ChartTooltip, ChartTitle, ChartMarker, ChartAxisTitle } from '@syncfusion/react-charts';\r\nimport { pagingData } from './legend-paging-data';\r\nimport { useChartTheme } from './theme';\r\nimport { Browser } from '@syncfusion/react-base';\r\nexport default function App() {\r\n    const { chartTheme } = useChartTheme();\r\n    const [shapeHeight, setShapeHeight] = useState(25);\r\n    const [shapeWidth, setShapeWidth] = useState(25);\r\n    const [shapePadding, setShapePadding] = useState(30);\r\n    return (\r\n        <div style={{ padding: '20px' }}>\r\n            <div style={{ display: 'flex', alignItems: Browser.isDevice ? 'stretch' : 'center', flexDirection: Browser.isDevice ? 'column' : 'row' , marginBottom: '20px'}}>\r\n                <label style={{ marginRight: '10px' }}>Shape Height:</label>\r\n                <input type=\"range\" min=\"10\" max=\"50\" value={shapeHeight} onChange={(e) => setShapeHeight(Number(e.target.value))} style={{ marginRight: '20px' }} />\r\n                <label style={{ marginRight: '10px' }}>Shape Width:</label>\r\n                <input type=\"range\" min=\"10\" max=\"50\" value={shapeWidth} onChange={(e) => setShapeWidth(Number(e.target.value))} style={{ marginRight: '20px' }} />\r\n                <label style={{ marginRight: '10px' }}>Shape Padding:</label>\r\n                <input type=\"range\" min=\"0\" max=\"50\" value={shapePadding} onChange={(e) => setShapePadding(Number(e.target.value))} />\r\n            </div>\r\n            <Chart theme={chartTheme}>\r\n                <ChartTitle text=\"Renewable Sources Used to Generate Electricity for Transport Fuels\" />\r\n                <ChartPrimaryXAxis valueType={'Category'} />\r\n                <ChartPrimaryYAxis lineStyle={{ width: 0 }}>\r\n                    <ChartAxisTitle text='kilotonnes of oil equivalent (ktoe)' />\r\n                </ChartPrimaryYAxis>\r\n                <ChartSeriesCollection>\r\n                    <ChartSeries dataSource={pagingData} xField=\"year\" yField=\"Large scale Hydro\" name=\"Large scale Hydro\" type=\"Line\" fill='#6A9C89' >\r\n                        <ChartMarker visible={!Browser.isDevice} shape='Circle' />\r\n                    </ChartSeries>\r\n                    <ChartSeries dataSource={pagingData} xField=\"year\" yField=\"Animal biomass\" name=\"Animal biomass\" type=\"Line\" fill='#D7B26D'>\r\n                        <ChartMarker visible={!Browser.isDevice} shape='Circle' />\r\n                    </ChartSeries>\r\n                    <ChartSeries dataSource={pagingData} xField=\"year\" yField=\"Landfill gas\" name=\"Landfill gas\" type=\"Line\" fill='#B3C890'>\r\n                        <ChartMarker visible={!Browser.isDevice} shape='Circle' />\r\n                    </ChartSeries>\r\n                    <ChartSeries dataSource={pagingData} xField=\"year\" yField=\"Sewage gas\" name=\"Sewage gas\" type=\"Line\" fill='#7695FF'>\r\n                        <ChartMarker visible={!Browser.isDevice} shape='Circle' />\r\n                    </ChartSeries>\r\n                </ChartSeriesCollection>\r\n                <ChartTooltip enable={true} headerText=\"${point.x}\"  format='${series.name} : <b>${point.y}</b>' />\r\n                <ChartLegend visible={true} shapeHeight={shapeHeight} shapeWidth={shapeWidth} shapePadding={shapePadding} />\r\n            </Chart>\r\n        </div>\r\n    );\r\n}",
  "src/legend-paging-data.ts": "export const pagingData = [\r\n  {\r\n    year: 1990,\r\n    \"Onshore wind\": 1,\r\n    \"Offshore wind\": 0,\r\n    \"Marine energy\": 0,\r\n    \"Solar photovoltaics\": 0,\r\n    \"Small scale Hydro\": 11,\r\n    \"Large scale Hydro\": 437,\r\n    \"Plant biomass\": 0,\r\n    \"Animal biomass\": 0,\r\n    \"Landfill gas\": 46,\r\n    \"Sewage gas\": 104,\r\n  },\r\n  {\r\n    year: 1991,\r\n    \"Onshore wind\": 1,\r\n    \"Offshore wind\": 0,\r\n    \"Marine energy\": 0,\r\n    \"Solar photovoltaics\": 0,\r\n    \"Small scale Hydro\": 12,\r\n    \"Large scale Hydro\": 385,\r\n    \"Plant biomass\": 0,\r\n    \"Animal biomass\": 0,\r\n    \"Landfill gas\": 68,\r\n    \"Sewage gas\": 108,\r\n  },\r\n  {\r\n    year: 1992,\r\n    \"Onshore wind\": 3,\r\n    \"Offshore wind\": 0,\r\n    \"Marine energy\": 0,\r\n    \"Solar photovoltaics\": 0,\r\n    \"Small scale Hydro\": 13,\r\n    \"Large scale Hydro\": 454,\r\n    \"Plant biomass\": 0,\r\n    \"Animal biomass\": 17,\r\n    \"Landfill gas\": 124,\r\n    \"Sewage gas\": 108,\r\n  },\r\n  {\r\n    year: 1993,\r\n    \"Onshore wind\": 19,\r\n    \"Offshore wind\": 0,\r\n    \"Marine energy\": 0,\r\n    \"Solar photovoltaics\": 0,\r\n    \"Small scale Hydro\": 14,\r\n    \"Large scale Hydro\": 356,\r\n    \"Plant biomass\": 0,\r\n    \"Animal biomass\": 52,\r\n    \"Landfill gas\": 147,\r\n    \"Sewage gas\": 124,\r\n  },\r\n  {\r\n    year: 1994,\r\n    \"Onshore wind\": 30,\r\n    \"Offshore wind\": 0,\r\n    \"Marine energy\": 0,\r\n    \"Solar photovoltaics\": 0,\r\n    \"Small scale Hydro\": 14,\r\n    \"Large scale Hydro\": 424,\r\n    \"Plant biomass\": 0,\r\n    \"Animal biomass\": 71,\r\n    \"Landfill gas\": 170,\r\n    \"Sewage gas\": 118,\r\n  },\r\n  {\r\n    year: 1995,\r\n    \"Onshore wind\": 34,\r\n    \"Offshore wind\": 0,\r\n    \"Marine energy\": 0,\r\n    \"Solar photovoltaics\": 0,\r\n    \"Small scale Hydro\": 14,\r\n    \"Large scale Hydro\": 402,\r\n    \"Plant biomass\": 0,\r\n    \"Animal biomass\": 71,\r\n    \"Landfill gas\": 184,\r\n    \"Sewage gas\": 135,\r\n  },\r\n  {\r\n    year: 1996,\r\n    \"Onshore wind\": 42,\r\n    \"Offshore wind\": 0,\r\n    \"Marine energy\": 0,\r\n    \"Solar photovoltaics\": 0,\r\n    \"Small scale Hydro\": 10,\r\n    \"Large scale Hydro\": 282,\r\n    \"Plant biomass\": 0,\r\n    \"Animal biomass\": 67,\r\n    \"Landfill gas\": 232,\r\n    \"Sewage gas\": 135,\r\n  },\r\n  {\r\n    year: 1997,\r\n    \"Onshore wind\": 57,\r\n    \"Offshore wind\": 0,\r\n    \"Marine energy\": 0,\r\n    \"Solar photovoltaics\": 0,\r\n    \"Small scale Hydro\": 14,\r\n    \"Large scale Hydro\": 344,\r\n    \"Plant biomass\": 0,\r\n    \"Animal biomass\": 68,\r\n    \"Landfill gas\": 301,\r\n    \"Sewage gas\": 134,\r\n  },\r\n  {\r\n    year: 1998,\r\n    \"Onshore wind\": 75,\r\n    \"Offshore wind\": 0,\r\n    \"Marine energy\": 0,\r\n    \"Solar photovoltaics\": 0,\r\n    \"Small scale Hydro\": 18,\r\n    \"Large scale Hydro\": 422,\r\n    \"Plant biomass\": 0,\r\n    \"Animal biomass\": 76,\r\n    \"Landfill gas\": 389,\r\n    \"Sewage gas\": 126,\r\n  },\r\n  {\r\n    year: 1999,\r\n    \"Onshore wind\": 73,\r\n    \"Offshore wind\": 0,\r\n    \"Marine energy\": 0,\r\n    \"Solar photovoltaics\": 0,\r\n    \"Small scale Hydro\": 18,\r\n    \"Large scale Hydro\": 441,\r\n    \"Plant biomass\": 0,\r\n    \"Animal biomass\": 157,\r\n    \"Landfill gas\": 558,\r\n    \"Sewage gas\": 135,\r\n  },\r\n  {\r\n    year: 2000,\r\n    \"Onshore wind\": 81,\r\n    \"Offshore wind\": 0,\r\n    \"Marine energy\": 0,\r\n    \"Solar photovoltaics\": 0,\r\n    \"Small scale Hydro\": 18,\r\n    \"Large scale Hydro\": 419,\r\n    \"Plant biomass\": 11,\r\n    \"Animal biomass\": 183,\r\n    \"Landfill gas\": 718,\r\n    \"Sewage gas\": 120,\r\n  },\r\n  {\r\n    year: 2001,\r\n    \"Onshore wind\": 83,\r\n    \"Offshore wind\": 0,\r\n    \"Marine energy\": 0,\r\n    \"Solar photovoltaics\": 0,\r\n    \"Small scale Hydro\": 18,\r\n    \"Large scale Hydro\": 331,\r\n    \"Plant biomass\": 81,\r\n    \"Animal biomass\": 205,\r\n    \"Landfill gas\": 822,\r\n    \"Sewage gas\": 119,\r\n  },\r\n  {\r\n    year: 2002,\r\n    \"Onshore wind\": 108,\r\n    \"Offshore wind\": 0,\r\n    \"Marine energy\": 0,\r\n    \"Solar photovoltaics\": 0,\r\n    \"Small scale Hydro\": 18,\r\n    \"Large scale Hydro\": 394,\r\n    \"Plant biomass\": 92,\r\n    \"Animal biomass\": 184,\r\n    \"Landfill gas\": 879,\r\n    \"Sewage gas\": 121,\r\n  },\r\n  {\r\n    year: 2003,\r\n    \"Onshore wind\": 110,\r\n    \"Offshore wind\": 1,\r\n    \"Marine energy\": 0,\r\n    \"Solar photovoltaics\": 0,\r\n    \"Small scale Hydro\": 13,\r\n    \"Large scale Hydro\": 257,\r\n    \"Plant biomass\": 137,\r\n    \"Animal biomass\": 169,\r\n    \"Landfill gas\": 1075,\r\n    \"Sewage gas\": 129,\r\n  },\r\n  {\r\n    year: 2004,\r\n    \"Onshore wind\": 149,\r\n    \"Offshore wind\": 17,\r\n    \"Marine energy\": 0,\r\n    \"Solar photovoltaics\": 0,\r\n    \"Small scale Hydro\": 24,\r\n    \"Large scale Hydro\": 392,\r\n    \"Plant biomass\": 123,\r\n    \"Animal biomass\": 179,\r\n    \"Landfill gas\": 1313,\r\n    \"Sewage gas\": 144,\r\n  },\r\n  {\r\n    year: 2005,\r\n    \"Onshore wind\": 215,\r\n    \"Offshore wind\": 35,\r\n    \"Marine energy\": 0,\r\n    \"Solar photovoltaics\": 1,\r\n    \"Small scale Hydro\": 38,\r\n    \"Large scale Hydro\": 385,\r\n    \"Plant biomass\": 129,\r\n    \"Animal biomass\": 159,\r\n    \"Landfill gas\": 1407,\r\n    \"Sewage gas\": 153,\r\n  },\r\n  {\r\n    year: 2006,\r\n    \"Onshore wind\": 307,\r\n    \"Offshore wind\": 56,\r\n    \"Marine energy\": 0,\r\n    \"Solar photovoltaics\": 1,\r\n    \"Small scale Hydro\": 41,\r\n    \"Large scale Hydro\": 354,\r\n    \"Plant biomass\": 123,\r\n    \"Animal biomass\": 145,\r\n    \"Landfill gas\": 1451,\r\n    \"Sewage gas\": 146,\r\n  },\r\n  {\r\n    year: 2007,\r\n    \"Onshore wind\": 386,\r\n    \"Offshore wind\": 67,\r\n    \"Marine energy\": 0,\r\n    \"Solar photovoltaics\": 1,\r\n    \"Small scale Hydro\": 45,\r\n    \"Large scale Hydro\": 392,\r\n    \"Plant biomass\": 138,\r\n    \"Animal biomass\": 218,\r\n    \"Landfill gas\": 1534,\r\n    \"Sewage gas\": 162,\r\n  },\r\n  {\r\n    year: 2008,\r\n    \"Onshore wind\": 498,\r\n    \"Offshore wind\": 115,\r\n    \"Marine energy\": 0,\r\n    \"Solar photovoltaics\": 1,\r\n    \"Small scale Hydro\": 47,\r\n    \"Large scale Hydro\": 396,\r\n    \"Plant biomass\": 242,\r\n    \"Animal biomass\": 260,\r\n    \"Landfill gas\": 1540,\r\n    \"Sewage gas\": 180,\r\n  },\r\n  {\r\n    year: 2009,\r\n    \"Onshore wind\": 647,\r\n    \"Offshore wind\": 151,\r\n    \"Marine energy\": 0,\r\n    \"Solar photovoltaics\": 2,\r\n    \"Small scale Hydro\": 49,\r\n    \"Large scale Hydro\": 401,\r\n    \"Plant biomass\": 387,\r\n    \"Animal biomass\": 232,\r\n    \"Landfill gas\": 1613,\r\n    \"Sewage gas\": 198,\r\n  },\r\n  {\r\n    year: 2010,\r\n    \"Onshore wind\": 621,\r\n    \"Offshore wind\": 263,\r\n    \"Marine energy\": 0,\r\n    \"Solar photovoltaics\": 3,\r\n    \"Small scale Hydro\": 43,\r\n    \"Large scale Hydro\": 266,\r\n    \"Plant biomass\": 461,\r\n    \"Animal biomass\": 239,\r\n    \"Landfill gas\": 1711,\r\n    \"Sewage gas\": 237,\r\n  },\r\n  {\r\n    year: 2011,\r\n    \"Onshore wind\": 930,\r\n    \"Offshore wind\": 443,\r\n    \"Marine energy\": 0,\r\n    \"Solar photovoltaics\": 21,\r\n    \"Small scale Hydro\": 61,\r\n    \"Large scale Hydro\": 429,\r\n    \"Plant biomass\": 554,\r\n    \"Animal biomass\": 224,\r\n    \"Landfill gas\": 1744,\r\n    \"Sewage gas\": 254,\r\n  },\r\n  {\r\n    year: 2012,\r\n    \"Onshore wind\": 1053,\r\n    \"Offshore wind\": 654,\r\n    \"Marine energy\": 0,\r\n    \"Solar photovoltaics\": 116,\r\n    \"Small scale Hydro\": 58,\r\n    \"Large scale Hydro\": 398,\r\n    \"Plant biomass\": 1062,\r\n    \"Animal biomass\": 225,\r\n    \"Landfill gas\": 1708,\r\n    \"Sewage gas\": 242,\r\n  },\r\n  {\r\n    year: 2013,\r\n    \"Onshore wind\": 1455,\r\n    \"Offshore wind\": 986,\r\n    \"Marine energy\": 0,\r\n    \"Solar photovoltaics\": 173,\r\n    \"Small scale Hydro\": 58,\r\n    \"Large scale Hydro\": 346,\r\n    \"Plant biomass\": 2008,\r\n    \"Animal biomass\": 226,\r\n    \"Landfill gas\": 1697,\r\n    \"Sewage gas\": 251,\r\n  },\r\n  {\r\n    year: 2014,\r\n    \"Onshore wind\": 1595,\r\n    \"Offshore wind\": 1153,\r\n    \"Marine energy\": 0,\r\n    \"Solar photovoltaics\": 349,\r\n    \"Small scale Hydro\": 72,\r\n    \"Large scale Hydro\": 435,\r\n    \"Plant biomass\": 2913,\r\n    \"Animal biomass\": 225,\r\n    \"Landfill gas\": 1651,\r\n    \"Sewage gas\": 276,\r\n  },\r\n  {\r\n    year: 2015,\r\n    \"Onshore wind\": 1965,\r\n    \"Offshore wind\": 1498,\r\n    \"Marine energy\": 0,\r\n    \"Solar photovoltaics\": 648,\r\n    \"Small scale Hydro\": 85,\r\n    \"Large scale Hydro\": 457,\r\n    \"Plant biomass\": 3850,\r\n    \"Animal biomass\": 235,\r\n    \"Landfill gas\": 1598,\r\n    \"Sewage gas\": 293,\r\n  },\r\n  {\r\n    year: 2016,\r\n    \"Onshore wind\": 1785,\r\n    \"Offshore wind\": 1411,\r\n    \"Marine energy\": 0,\r\n    \"Solar photovoltaics\": 894,\r\n    \"Small scale Hydro\": 87,\r\n    \"Large scale Hydro\": 374,\r\n    \"Plant biomass\": 3855,\r\n    \"Animal biomass\": 230,\r\n    \"Landfill gas\": 1542,\r\n    \"Sewage gas\": 312,\r\n  },\r\n  {\r\n    year: 2017,\r\n    \"Onshore wind\": 2470,\r\n    \"Offshore wind\": 1798,\r\n    \"Marine energy\": 0,\r\n    \"Solar photovoltaics\": 985,\r\n    \"Small scale Hydro\": 112,\r\n    \"Large scale Hydro\": 394,\r\n    \"Plant biomass\": 4206,\r\n    \"Animal biomass\": 226,\r\n    \"Landfill gas\": 1405,\r\n    \"Sewage gas\": 317,\r\n  },\r\n  {\r\n    year: 2018,\r\n    \"Onshore wind\": 2612,\r\n    \"Offshore wind\": 2281,\r\n    \"Marine energy\": 1,\r\n    \"Solar photovoltaics\": 1089,\r\n    \"Small scale Hydro\": 111,\r\n    \"Large scale Hydro\": 357,\r\n    \"Plant biomass\": 4898,\r\n    \"Animal biomass\": 219,\r\n    \"Landfill gas\": 1284,\r\n    \"Sewage gas\": 325,\r\n  },\r\n  {\r\n    year: 2019,\r\n    \"Onshore wind\": 2739,\r\n    \"Offshore wind\": 2749,\r\n    \"Marine energy\": 1,\r\n    \"Solar photovoltaics\": 1068,\r\n    \"Small scale Hydro\": 120,\r\n    \"Large scale Hydro\": 390,\r\n    \"Plant biomass\": 5400,\r\n    \"Animal biomass\": 243,\r\n    \"Landfill gas\": 866,\r\n    \"Sewage gas\": 233,\r\n  },\r\n  {\r\n    year: 2020,\r\n    \"Onshore wind\": 3004,\r\n    \"Offshore wind\": 3498,\r\n    \"Marine energy\": 1,\r\n    \"Solar photovoltaics\": 1109,\r\n    \"Small scale Hydro\": 134,\r\n    \"Large scale Hydro\": 456,\r\n    \"Plant biomass\": 5637,\r\n    \"Animal biomass\": 241,\r\n    \"Landfill gas\": 835,\r\n    \"Sewage gas\": 237,\r\n  },\r\n  {\r\n    year: 2021,\r\n    \"Onshore wind\": 2507,\r\n    \"Offshore wind\": 3053,\r\n    \"Marine energy\": 0,\r\n    \"Solar photovoltaics\": 1044,\r\n    \"Small scale Hydro\": 119,\r\n    \"Large scale Hydro\": 353,\r\n    \"Plant biomass\": 5990,\r\n    \"Animal biomass\": 240,\r\n    \"Landfill gas\": 791,\r\n    \"Sewage gas\": 233,\r\n  },\r\n];",
  "src/context.tsx": "import { createContext } from \"react\";\r\n\r\nexport interface ThemeContextType {\r\n  themeName: string;\r\n}\r\n\r\nexport interface LoadContextType {\r\n   loading: boolean;\r\n   setLoading: React.Dispatch<React.SetStateAction<boolean>>;\r\n}\r\n\r\nexport interface RefreshContextType {\r\n   refresh: boolean;\r\n}\r\n\r\nexport const ThemeContext = createContext<ThemeContextType>({\r\n  themeName: 'material3'\r\n});\r\n\r\nexport const LoadContext = createContext<LoadContextType>({\r\n  loading: true,\r\n  setLoading: () => {}\r\n});\r\n\r\nexport const RefreshContext = createContext<RefreshContextType>({\r\n  refresh: false\r\n});\r\n\r\nexport interface TocContextType {\r\n  routeToc: boolean | undefined;\r\n  setRouteToc: (toc: boolean | undefined) => void;\r\n}\r\n\r\nexport const TocContext = createContext<TocContextType>({\r\n  routeToc: undefined,\r\n  setRouteToc: () => {}\r\n});",
  "src/theme.tsx": "// src/components/chart/theme.tsx\r\nimport {  Theme } from \"@syncfusion/react-charts\";\r\nimport { useContext, useState } from \"react\";\r\nimport { ThemeContext } from './context';\r\n\r\n// Create a custom hook to use in components\r\nexport function useChartTheme() {\r\n  const { themeName } = useContext(ThemeContext);\r\n  const chartTheme: Theme = themeName === 'material3-dark' ? 'Material3Dark' : 'Material3';\r\n  const [pointMaterial3Colors] = useState([\"#6355C7\", \"#00AEE0\", \"#FFB400\", \"#F7523F\", \"#963C70\", \"#FD7400\", \"#4BE0BC\", \"#2196F5\", \"#DE3D8A\", \"#162F88\"]);\r\n  const [pointMaterial3DarkColors] = useState([\"#4EAAFF\", \"#FA4EAB\", \"#FFF500\", \"#17EA58\", \"#38FFE7\", \"#FF9E45\", \"#B3F32F\", \"#B93CE4\", \"#FC5664\", \"#9B55FF\"]);\r\n  \r\n  return {\r\n    chartTheme,\r\n    pointMaterial3Colors,\r\n    pointMaterial3DarkColors\r\n  };\r\n}",
  "dependencies": "{\"@syncfusion/react-charts\":\"*\",\"@syncfusion/react-base\":\"*\",\"@syncfusion/react-locale\":\"*\",\"@syncfusion/react-cldr-data\":\"*\"}"
}