{
  "src/App.css": "@import \"@syncfusion/react-base/styles/material3.css\";\n",
  "src/App.tsx": "import { Chart, ChartLegend, ChartPrimaryXAxis, ChartPrimaryYAxis, ChartSeries, ChartSeriesCollection, ChartTooltip, ChartTitle, ChartAxisLabel } from '@syncfusion/react-charts'\r\nimport { toggleData } from './legend-toggle-data'\r\nimport { useChartTheme } from './theme';\r\nimport { Browser } from '@syncfusion/react-base';\r\nexport default function App() {\r\n    const { chartTheme } = useChartTheme();\r\n    return (\r\n        <Chart theme={chartTheme}>\r\n            <ChartTitle text=\"Apple Quartely Revenue by Product Category\" />\r\n            <ChartPrimaryXAxis valueType={'Category'}>\r\n                <ChartAxisLabel rotationAngle={Browser.isDevice ? -45 : 0} />\r\n            </ChartPrimaryXAxis>\r\n            <ChartPrimaryYAxis lineStyle={{ width: 0 }}>\r\n                <ChartAxisLabel format='${value}B' />\r\n            </ChartPrimaryYAxis>\r\n            <ChartSeriesCollection>\r\n                <ChartSeries dataSource={toggleData} xField=\"x\" yField=\"y1\" fill='#A2C579' name=\"Jun 29, 2024\" type=\"Column\" columnWidth={0.6} cornerRadius={{ topRight: 15, topLeft: 15 }} columnSpacing={0.1} legendShape=\"Rectangle\" />\r\n                <ChartSeries dataSource={toggleData} xField=\"x\" yField=\"y2\" fill='#8E7AB5' name=\"Jun 29, 2025\" type=\"Column\" columnWidth={0.6} cornerRadius={{ topRight: 15, topLeft: 15 }} columnSpacing={0.1} legendShape=\"Rectangle\" />\r\n            </ChartSeriesCollection>\r\n            <ChartTooltip enable={true} headerText=\"${point.x}\"  format='${series.name} : <b>${point.y}</b>' />\r\n            <ChartLegend visible={true} toggleVisibility={true} />\r\n        </Chart>\r\n    )\r\n}",
  "src/legend-toggle-data.ts": "export const toggleData = [\r\n  { x: \"Iphone\", y1: 39.3, y2: 44.6 },\r\n  { x: \"Services\", y1: 24.2, y2: 27.4 },\r\n  { x: \"Mac\", y1: 7, y2: 8 },\r\n  { x: \"Wearable Accessories\", y1: 8.1, y2: 7.4 },\r\n  { x: \"Ipad\", y1: 7.2, y2: 6.6 },\r\n]",
  "src/context.tsx": "import { createContext } from \"react\";\r\n\r\nexport interface ThemeContextType {\r\n  themeName: string;\r\n}\r\n\r\nexport interface LoadContextType {\r\n   loading: boolean;\r\n   setLoading: React.Dispatch<React.SetStateAction<boolean>>;\r\n}\r\n\r\nexport interface RefreshContextType {\r\n   refresh: boolean;\r\n}\r\n\r\nexport const ThemeContext = createContext<ThemeContextType>({\r\n  themeName: 'material3'\r\n});\r\n\r\nexport const LoadContext = createContext<LoadContextType>({\r\n  loading: true,\r\n  setLoading: () => {}\r\n});\r\n\r\nexport const RefreshContext = createContext<RefreshContextType>({\r\n  refresh: false\r\n});\r\n\r\nexport interface TocContextType {\r\n  routeToc: boolean | undefined;\r\n  setRouteToc: (toc: boolean | undefined) => void;\r\n}\r\n\r\nexport const TocContext = createContext<TocContextType>({\r\n  routeToc: undefined,\r\n  setRouteToc: () => {}\r\n});",
  "src/theme.tsx": "// src/components/chart/theme.tsx\r\nimport {  Theme } from \"@syncfusion/react-charts\";\r\nimport { useContext, useState } from \"react\";\r\nimport { ThemeContext } from './context';\r\n\r\n// Create a custom hook to use in components\r\nexport function useChartTheme() {\r\n  const { themeName } = useContext(ThemeContext);\r\n  const chartTheme: Theme = themeName === 'material3-dark' ? 'Material3Dark' : 'Material3';\r\n  const [pointMaterial3Colors] = useState([\"#6355C7\", \"#00AEE0\", \"#FFB400\", \"#F7523F\", \"#963C70\", \"#FD7400\", \"#4BE0BC\", \"#2196F5\", \"#DE3D8A\", \"#162F88\"]);\r\n  const [pointMaterial3DarkColors] = useState([\"#4EAAFF\", \"#FA4EAB\", \"#FFF500\", \"#17EA58\", \"#38FFE7\", \"#FF9E45\", \"#B3F32F\", \"#B93CE4\", \"#FC5664\", \"#9B55FF\"]);\r\n  \r\n  return {\r\n    chartTheme,\r\n    pointMaterial3Colors,\r\n    pointMaterial3DarkColors\r\n  };\r\n}",
  "dependencies": "{\"@syncfusion/react-charts\":\"*\",\"@syncfusion/react-base\":\"*\",\"@syncfusion/react-locale\":\"*\",\"@syncfusion/react-cldr-data\":\"*\"}"
}