{
  "src/App.css": "@import \"@syncfusion/react-base/styles/material3.css\";\n",
  "src/App.tsx": "import { Chart, ChartLegend, ChartPrimaryXAxis, ChartPrimaryYAxis, ChartSeries, ChartSeriesCollection, ChartTooltip, ChartTitle, ChartAxisLabel, ChartMarker } from '@syncfusion/react-charts'\r\nimport { africaTitleData, americaTitleData, asiaTitleData, europeTitleData } from './legend-title-data'\r\nimport { useChartTheme } from './theme';\r\nimport { Browser } from '@syncfusion/react-base';\r\nexport default function App() {\r\n    const { chartTheme } = useChartTheme();\r\n    return (\r\n        <Chart theme={chartTheme}>\r\n            <ChartTitle text=\"Understanding Period Life Expectancy: A Measure of Longevity\" />\r\n            <ChartPrimaryXAxis valueType={'Category'} interval={3}>\r\n                <ChartAxisLabel rotationAngle={Browser.isDevice ? -45 : 0} />\r\n            </ChartPrimaryXAxis>\r\n            <ChartPrimaryYAxis lineStyle={{ width: 0 }} minimum={50}>\r\n                <ChartAxisLabel format='{value} Years' />\r\n            </ChartPrimaryYAxis>\r\n            <ChartSeriesCollection>\r\n                <ChartSeries dataSource={africaTitleData} xField=\"x\" yField=\"y\" fill='#60B5FF' name=\"Africa\" type=\"Line\">\r\n                    <ChartMarker visible={!Browser.isDevice} shape='Circle' />\r\n                </ChartSeries>\r\n                <ChartSeries dataSource={americaTitleData} xField=\"x\" yField=\"y\" fill='#5DB996' name=\"America\" type=\"Line\">\r\n                    <ChartMarker visible={!Browser.isDevice} shape='Circle' />\r\n                </ChartSeries>\r\n                <ChartSeries dataSource={asiaTitleData} xField=\"x\" yField=\"y\" fill='#FF748B' name=\"Asia\" type=\"Line\">\r\n                    <ChartMarker visible={!Browser.isDevice} shape='Circle' />\r\n                </ChartSeries>\r\n                <ChartSeries dataSource={europeTitleData} xField=\"x\" yField=\"y\" fill='#B3C890' name=\"Europe\" type=\"Line\" >\r\n                    <ChartMarker visible={!Browser.isDevice} shape='Circle' />\r\n                </ChartSeries>\r\n            </ChartSeriesCollection>\r\n            <ChartTooltip enable={true} headerText=\"${point.x}\"  format='${series.name} : <b>${point.y}</b>' />\r\n            <ChartLegend visible={true} title=\"Country\" maxTitleWidth={20} titleStyle={{ color:chartTheme.includes('Dark') ? \"white\" : \"#1040cfff\", fontSize: \"20px\", fontFamily: \"Arial, Helvetica, sans-serif\", fontWeight: \"bold\", fontStyle: 'italy', opacity: 0.7 }} />\r\n        </Chart>\r\n    )\r\n}",
  "src/legend-title-data.ts": "export const africaTitleData = [\r\n  { x: 2000, y: 54 },\r\n  { x: 2001, y: 54 },\r\n  { x: 2002, y: 54 },\r\n  { x: 2003, y: 55 },\r\n  { x: 2004, y: 55 },\r\n  { x: 2005, y: 56 },\r\n  { x: 2006, y: 56 },\r\n  { x: 2007, y: 57 },\r\n  { x: 2008, y: 58 },\r\n  { x: 2009, y: 58 },\r\n  { x: 2010, y: 59 },\r\n  { x: 2011, y: 59 },\r\n  { x: 2012, y: 60 },\r\n  { x: 2013, y: 60 },\r\n  { x: 2014, y: 60 },\r\n  { x: 2015, y: 61 },\r\n  { x: 2016, y: 61 },\r\n  { x: 2017, y: 62 },\r\n  { x: 2018, y: 62 },\r\n  { x: 2019, y: 62 },\r\n  { x: 2020, y: 62 },\r\n  { x: 2021, y: 62 },\r\n  { x: 2022, y: 63 },\r\n  { x: 2023, y: 64 }\r\n]\r\n\r\nexport const americaTitleData = [\r\n  { x: 2000, y: 73 },\r\n  { x: 2001, y: 73 },\r\n  { x: 2002, y: 74 },\r\n  { x: 2003, y: 74 },\r\n  { x: 2004, y: 74 },\r\n  { x: 2005, y: 75 },\r\n  { x: 2006, y: 75 },\r\n  { x: 2007, y: 75 },\r\n  { x: 2008, y: 75 },\r\n  { x: 2009, y: 76 },\r\n  { x: 2010, y: 75 },\r\n  { x: 2011, y: 76 },\r\n  { x: 2012, y: 76 },\r\n  { x: 2013, y: 76 },\r\n  { x: 2014, y: 76 },\r\n  { x: 2015, y: 76 },\r\n  { x: 2016, y: 76 },\r\n  { x: 2017, y: 77 },\r\n  { x: 2018, y: 77 },\r\n  { x: 2019, y: 77 },\r\n  { x: 2020, y: 75 },\r\n  { x: 2021, y: 74 },\r\n  { x: 2022, y: 76 },\r\n  { x: 2023, y: 77 }\r\n]\r\n\r\nexport const asiaTitleData = [\r\n  { x: 2000, y: 68 },\r\n  { x: 2001, y: 68 },\r\n  { x: 2002, y: 68 },\r\n  { x: 2003, y: 69 },\r\n  { x: 2004, y: 69 },\r\n  { x: 2005, y: 69 },\r\n  { x: 2006, y: 70 },\r\n  { x: 2007, y: 70 },\r\n  { x: 2008, y: 71 },\r\n  { x: 2009, y: 71 },\r\n  { x: 2010, y: 71 },\r\n  { x: 2011, y: 72 },\r\n  { x: 2012, y: 72 },\r\n  { x: 2013, y: 72 },\r\n  { x: 2014, y: 73 },\r\n  { x: 2015, y: 73 },\r\n  { x: 2016, y: 73 },\r\n  { x: 2017, y: 73 },\r\n  { x: 2018, y: 74 },\r\n  { x: 2019, y: 74 },\r\n  { x: 2020, y: 74 },\r\n  { x: 2021, y: 72 },\r\n  { x: 2022, y: 74 },\r\n  { x: 2023, y: 75 }\r\n]\r\n\r\nexport const europeTitleData = [\r\n  { x: 2000, y: 73 },\r\n  { x: 2001, y: 74 },\r\n  { x: 2002, y: 74 },\r\n  { x: 2003, y: 74 },\r\n  { x: 2004, y: 74 },\r\n  { x: 2005, y: 74 },\r\n  { x: 2006, y: 75 },\r\n  { x: 2007, y: 75 },\r\n  { x: 2008, y: 76 },\r\n  { x: 2009, y: 76 },\r\n  { x: 2010, y: 76 },\r\n  { x: 2011, y: 77 },\r\n  { x: 2012, y: 77 },\r\n  { x: 2013, y: 77 },\r\n  { x: 2014, y: 78 },\r\n  { x: 2015, y: 78 },\r\n  { x: 2016, y: 78 },\r\n  { x: 2017, y: 78 },\r\n  { x: 2018, y: 79 },\r\n  { x: 2019, y: 79 },\r\n  { x: 2020, y: 78 },\r\n  { x: 2021, y: 77 },\r\n  { x: 2022, y: 78 },\r\n  { x: 2023, y: 79 }\r\n]",
  "src/context.tsx": "import { createContext } from \"react\";\r\n\r\nexport interface ThemeContextType {\r\n  themeName: string;\r\n}\r\n\r\nexport interface LoadContextType {\r\n   loading: boolean;\r\n   setLoading: React.Dispatch<React.SetStateAction<boolean>>;\r\n}\r\n\r\nexport interface RefreshContextType {\r\n   refresh: boolean;\r\n}\r\n\r\nexport const ThemeContext = createContext<ThemeContextType>({\r\n  themeName: 'material3'\r\n});\r\n\r\nexport const LoadContext = createContext<LoadContextType>({\r\n  loading: true,\r\n  setLoading: () => {}\r\n});\r\n\r\nexport const RefreshContext = createContext<RefreshContextType>({\r\n  refresh: false\r\n});\r\n\r\nexport interface TocContextType {\r\n  routeToc: boolean | undefined;\r\n  setRouteToc: (toc: boolean | undefined) => void;\r\n}\r\n\r\nexport const TocContext = createContext<TocContextType>({\r\n  routeToc: undefined,\r\n  setRouteToc: () => {}\r\n});",
  "src/theme.tsx": "// src/components/chart/theme.tsx\r\nimport {  Theme } from \"@syncfusion/react-charts\";\r\nimport { useContext, useState } from \"react\";\r\nimport { ThemeContext } from './context';\r\n\r\n// Create a custom hook to use in components\r\nexport function useChartTheme() {\r\n  const { themeName } = useContext(ThemeContext);\r\n  const chartTheme: Theme = themeName === 'material3-dark' ? 'Material3Dark' : 'Material3';\r\n  const [pointMaterial3Colors] = useState([\"#6355C7\", \"#00AEE0\", \"#FFB400\", \"#F7523F\", \"#963C70\", \"#FD7400\", \"#4BE0BC\", \"#2196F5\", \"#DE3D8A\", \"#162F88\"]);\r\n  const [pointMaterial3DarkColors] = useState([\"#4EAAFF\", \"#FA4EAB\", \"#FFF500\", \"#17EA58\", \"#38FFE7\", \"#FF9E45\", \"#B3F32F\", \"#B93CE4\", \"#FC5664\", \"#9B55FF\"]);\r\n  \r\n  return {\r\n    chartTheme,\r\n    pointMaterial3Colors,\r\n    pointMaterial3DarkColors\r\n  };\r\n}",
  "dependencies": "{\"@syncfusion/react-charts\":\"*\",\"@syncfusion/react-base\":\"*\",\"@syncfusion/react-locale\":\"*\",\"@syncfusion/react-cldr-data\":\"*\"}"
}