{
  "src/App.css": "@import \"@syncfusion/react-base/styles/material3.css\";\n",
  "src/App.tsx": "import { Chart, ChartLegend, ChartPrimaryXAxis, ChartPrimaryYAxis, ChartSeries, ChartSeriesCollection, ChartTooltip, ChartTitle, ChartAxisLabel, ChartMarker } from '@syncfusion/react-charts'\r\nimport { chinaSizeData, germanySizeData, spainSizeData, UKSizeData, usaSizeData } from './fossil-consume-data'\r\nimport { useChartTheme } from './theme';\r\nimport { Browser } from '@syncfusion/react-base';\r\nexport default function App() {\r\n    const { chartTheme } = useChartTheme();\r\n    return (\r\n        <Chart theme={chartTheme}>\r\n            <ChartTitle text=\"Annual Percentage Change in Fossil Fuel Consumption\" />\r\n            <ChartPrimaryXAxis valueType={'Category'}>\r\n                <ChartAxisLabel rotationAngle={Browser.isDevice ? -45 : 0} />\r\n            </ChartPrimaryXAxis>\r\n            <ChartPrimaryYAxis lineStyle={{ width: 0 }} interval={10}>\r\n                <ChartAxisLabel format='{value}%' />\r\n            </ChartPrimaryYAxis>\r\n            <ChartSeriesCollection>\r\n                <ChartSeries dataSource={chinaSizeData} xField=\"x\" yField=\"y\" fill='#898AC4' name=\"China\" type=\"Line\" columnWidth={0.6} cornerRadius={{ topRight: 5, topLeft: 5 }} columnSpacing={0.1}>\r\n                    <ChartMarker visible={!Browser.isDevice} shape='Circle' />\r\n                </ChartSeries>\r\n                <ChartSeries dataSource={germanySizeData} xField=\"x\" yField=\"y\" fill='#B3C890' name=\"Germany\" type=\"Line\" columnWidth={0.6} cornerRadius={{ topRight: 5, topLeft: 5 }} columnSpacing={0.1}>\r\n                    <ChartMarker visible={!Browser.isDevice} shape='Circle' />\r\n                </ChartSeries>\r\n                <ChartSeries dataSource={spainSizeData} xField=\"x\" yField=\"y\" fill='#CD8D7A' name=\"Spain\" type=\"Line\" columnWidth={0.6} cornerRadius={{ topRight: 5, topLeft: 5 }} columnSpacing={0.1}>\r\n                    <ChartMarker visible={!Browser.isDevice} shape='Circle' />\r\n                </ChartSeries>\r\n                <ChartSeries dataSource={UKSizeData} xField=\"x\" yField=\"y\" fill='#D7B26D' name=\"U.K\" type=\"Line\" columnWidth={0.6} cornerRadius={{ topRight: 5, topLeft: 5 }} columnSpacing={0.1}>\r\n                    <ChartMarker visible={!Browser.isDevice} shape='Circle' />\r\n                </ChartSeries>\r\n                <ChartSeries dataSource={usaSizeData} xField=\"x\" yField=\"y\" fill='#6A9C89' name=\"USA\" type=\"Line\" columnWidth={0.6} cornerRadius={{ topRight: 5, topLeft: 5 }} columnSpacing={0.1}>\r\n                    <ChartMarker visible={!Browser.isDevice} shape='Circle' />\r\n                </ChartSeries>\r\n            </ChartSeriesCollection>\r\n            <ChartTooltip enable={true} headerText=\"${point.x}\"  format='${series.name} : <b>${point.y}</b>' />\r\n            <ChartLegend visible={true} border={{ width: 2, color: chartTheme.includes('Dark') ? \"#4e4b53\" : \"black\" }} background={chartTheme.includes('Dark') ? \"#2b2831\": '#D3D3D3'} />\r\n        </Chart>\r\n    )\r\n}",
  "src/fossil-consume-data.ts": "export const chinaSizeData = [\r\n  { x: 2012, y: 2.4214766 },\r\n  { x: 2013, y: 3.1872222 },\r\n  { x: 2014, y: 0.9907671 },\r\n  { x: 2015, y: 0.17833611 },\r\n  { x: 2016, y: -0.9456275 },\r\n  { x: 2017, y: 2.998546 },\r\n  { x: 2018, y: 3.836773 },\r\n  { x: 2019, y: 3.5982943 },\r\n  { x: 2020, y: 2.4511456 },\r\n  { x: 2021, y: 4.503112 },\r\n  { x: 2022, y: 0.22152454 },\r\n  { x: 2023, y: 5.356142 },\r\n  { x: 2024, y: 1.5303844 }\r\n]\r\n\r\nexport const germanySizeData = [\r\n  { x: 2012, y: 0.6560194 },\r\n  { x: 2013, y: 3.1069093 },\r\n  { x: 2014, y: -5.853749 },\r\n  { x: 2015, y: 0.60647434 },\r\n  { x: 2016, y: 2.6676753 },\r\n  { x: 2017, y: 2.012044 },\r\n  { x: 2018, y: -3.8458169 },\r\n  { x: 2019, y: -4.46649 },\r\n  { x: 2020, y: -9.026834 },\r\n  { x: 2021, y: 5.361363 },\r\n  { x: 2022, y: -3.983767 },\r\n  { x: 2023, y: -9.798819 },\r\n  { x: 2024, y: 0.82265115 }\r\n]\r\n\r\nexport const spainSizeData = [\r\n  { x: 2012, y: -2.4186563 },\r\n  { x: 2013, y: -8.309622 },\r\n  { x: 2014, y: -2.0009587 },\r\n  { x: 2015, y: 5.18584 },\r\n  { x: 2016, y: -1.1721327 },\r\n  { x: 2017, y: 5.7110085 },\r\n  { x: 2018, y: -1.214902 },\r\n  { x: 2019, y: -2.3932867 },\r\n  { x: 2020, y: -17.604729 },\r\n  { x: 2021, y: 8.793011 },\r\n  { x: 2022, y: 6.266217 },\r\n  { x: 2023, y: -7.0316525 },\r\n  { x: 2024, y: 2.8967035 }\r\n]\r\nexport const UKSizeData = [\r\n  { x: 2012, y: 1.1497142 },\r\n  { x: 2013, y: -1.4915984 },\r\n  { x: 2014, y: -7.248566 },\r\n  { x: 2015, y: -2.27227 },\r\n  { x: 2016, y: -1.8265706 },\r\n  { x: 2017, y: -1.8465825 },\r\n  { x: 2018, y: -1.409581 },\r\n  { x: 2019, y: -3.4915404 },\r\n  { x: 2020, y: -13.557806 },\r\n  { x: 2021, y: 3.4425383 },\r\n  { x: 2022, y: -1.3518904 },\r\n  { x: 2023, y: -4.398203 },\r\n  { x: 2024, y: -1.3263665 }\r\n]\r\nexport const usaSizeData = [\r\n  { x: 2012, y: -2.579147 },\r\n  { x: 2013, y: 2.4972367 },\r\n  { x: 2014, y: 0.9460448 },\r\n  { x: 2015, y: -1.2333843 },\r\n  { x: 2016, y: -1.1025952 },\r\n  { x: 2017, y: -0.4846117 },\r\n  { x: 2018, y: 4.220058 },\r\n  { x: 2019, y: -1.1917049 },\r\n  { x: 2020, y: -9.127873 },\r\n  { x: 2021, y: 6.143898 },\r\n  { x: 2022, y: 1.4998055 },\r\n  { x: 2023, y: -1.6757863 },\r\n  { x: 2024, y: 0.18467744 }\r\n]",
  "src/context.tsx": "import { createContext } from \"react\";\r\n\r\nexport interface ThemeContextType {\r\n  themeName: string;\r\n}\r\n\r\nexport interface LoadContextType {\r\n   loading: boolean;\r\n   setLoading: React.Dispatch<React.SetStateAction<boolean>>;\r\n}\r\n\r\nexport interface RefreshContextType {\r\n   refresh: boolean;\r\n}\r\n\r\nexport const ThemeContext = createContext<ThemeContextType>({\r\n  themeName: 'material3'\r\n});\r\n\r\nexport const LoadContext = createContext<LoadContextType>({\r\n  loading: true,\r\n  setLoading: () => {}\r\n});\r\n\r\nexport const RefreshContext = createContext<RefreshContextType>({\r\n  refresh: false\r\n});\r\n\r\nexport interface TocContextType {\r\n  routeToc: boolean | undefined;\r\n  setRouteToc: (toc: boolean | undefined) => void;\r\n}\r\n\r\nexport const TocContext = createContext<TocContextType>({\r\n  routeToc: undefined,\r\n  setRouteToc: () => {}\r\n});",
  "src/theme.tsx": "// src/components/chart/theme.tsx\r\nimport {  Theme } from \"@syncfusion/react-charts\";\r\nimport { useContext, useState } from \"react\";\r\nimport { ThemeContext } from './context';\r\n\r\n// Create a custom hook to use in components\r\nexport function useChartTheme() {\r\n  const { themeName } = useContext(ThemeContext);\r\n  const chartTheme: Theme = themeName === 'material3-dark' ? 'Material3Dark' : 'Material3';\r\n  const [pointMaterial3Colors] = useState([\"#6355C7\", \"#00AEE0\", \"#FFB400\", \"#F7523F\", \"#963C70\", \"#FD7400\", \"#4BE0BC\", \"#2196F5\", \"#DE3D8A\", \"#162F88\"]);\r\n  const [pointMaterial3DarkColors] = useState([\"#4EAAFF\", \"#FA4EAB\", \"#FFF500\", \"#17EA58\", \"#38FFE7\", \"#FF9E45\", \"#B3F32F\", \"#B93CE4\", \"#FC5664\", \"#9B55FF\"]);\r\n  \r\n  return {\r\n    chartTheme,\r\n    pointMaterial3Colors,\r\n    pointMaterial3DarkColors\r\n  };\r\n}",
  "dependencies": "{\"@syncfusion/react-charts\":\"*\",\"@syncfusion/react-base\":\"*\",\"@syncfusion/react-locale\":\"*\",\"@syncfusion/react-cldr-data\":\"*\"}"
}