{
  "src/App.css": "@import \"@syncfusion/react-base/styles/material3.css\";\n",
  "src/App.tsx": "import { Chart, ChartLegend, ChartPrimaryXAxis, ChartPrimaryYAxis, ChartSeries, ChartSeriesCollection, ChartTooltip, ChartTitle, ChartAxisLabel } from '@syncfusion/react-charts'\r\nimport { legendData } from './olympic-medal-data'\r\nimport { useChartTheme } from './theme';\r\nimport { Browser } from '@syncfusion/react-base';\r\nexport default function App() {\r\n    const { chartTheme } = useChartTheme();\r\n    return (\r\n        <Chart theme={chartTheme}>\r\n            <ChartTitle text=\"Paris 2024 Olympics: Medal Count by Country\" />\r\n            <ChartPrimaryXAxis valueType={'Category'}>\r\n                <ChartAxisLabel rotationAngle={Browser.isDevice ? -45 : 0} />\r\n            </ChartPrimaryXAxis>\r\n            <ChartPrimaryYAxis lineStyle={{ width: 0 }} interval={10}/>\r\n            <ChartSeriesCollection>\r\n                <ChartSeries dataSource={legendData} xField=\"x\" yField=\"gold\" fill='#83A2FF' name=\"Gold\" type=\"Column\" columnWidth={0.6} cornerRadius={{ topRight: 15, topLeft: 15 }} columnSpacing={0.1} legendShape=\"Rectangle\" />\r\n                <ChartSeries dataSource={legendData} xField=\"x\" yField=\"sliver\" fill='#FFB823' name=\"Sliver\" type=\"Column\" columnWidth={0.6} cornerRadius={{ topRight: 15, topLeft: 15 }} columnSpacing={0.1} legendShape=\"Rectangle\" />\r\n                <ChartSeries dataSource={legendData} xField=\"x\" yField=\"bronze\" fill='#B6F500' name=\"Bronze\" type=\"Column\" columnWidth={0.6} cornerRadius={{ topRight: 15, topLeft: 15 }} columnSpacing={0.1} legendShape=\"Rectangle\" />\r\n            </ChartSeriesCollection>\r\n            <ChartTooltip enable={true} headerText=\"${point.x}\"  format='${series.name} : <b>${point.y}</b>' />\r\n            <ChartLegend visible={true} position={\"Custom\"} location={{ x: Browser.isDevice ? 90 : 300, y: 100 }} />\r\n        </Chart>\r\n    )\r\n}",
  "src/olympic-medal-data.ts": "export const legendData = [\r\n  { x: \"USA\", gold: 40, sliver: 44, bronze: 42 },\r\n  { x: \"China\", gold: 40, sliver: 27, bronze: 24 },\r\n  { x: \"Japan\", gold: 20, sliver: 12, bronze: 13 },\r\n  { x: \"Australia\", gold: 18, sliver: 19, bronze: 16 },\r\n  { x: \"France\", gold: 16, sliver: 26, bronze: 22 },\r\n  { x: \"Netherlands\", gold: 15, sliver: 7, bronze: 12 }\r\n]",
  "src/context.tsx": "import { createContext } from \"react\";\r\n\r\nexport interface ThemeContextType {\r\n  themeName: string;\r\n}\r\n\r\nexport interface LoadContextType {\r\n   loading: boolean;\r\n   setLoading: React.Dispatch<React.SetStateAction<boolean>>;\r\n}\r\n\r\nexport interface RefreshContextType {\r\n   refresh: boolean;\r\n}\r\n\r\nexport const ThemeContext = createContext<ThemeContextType>({\r\n  themeName: 'material3'\r\n});\r\n\r\nexport const LoadContext = createContext<LoadContextType>({\r\n  loading: true,\r\n  setLoading: () => {}\r\n});\r\n\r\nexport const RefreshContext = createContext<RefreshContextType>({\r\n  refresh: false\r\n});\r\n\r\nexport interface TocContextType {\r\n  routeToc: boolean | undefined;\r\n  setRouteToc: (toc: boolean | undefined) => void;\r\n}\r\n\r\nexport const TocContext = createContext<TocContextType>({\r\n  routeToc: undefined,\r\n  setRouteToc: () => {}\r\n});",
  "src/theme.tsx": "// src/components/chart/theme.tsx\r\nimport {  Theme } from \"@syncfusion/react-charts\";\r\nimport { useContext, useState } from \"react\";\r\nimport { ThemeContext } from './context';\r\n\r\n// Create a custom hook to use in components\r\nexport function useChartTheme() {\r\n  const { themeName } = useContext(ThemeContext);\r\n  const chartTheme: Theme = themeName === 'material3-dark' ? 'Material3Dark' : 'Material3';\r\n  const [pointMaterial3Colors] = useState([\"#6355C7\", \"#00AEE0\", \"#FFB400\", \"#F7523F\", \"#963C70\", \"#FD7400\", \"#4BE0BC\", \"#2196F5\", \"#DE3D8A\", \"#162F88\"]);\r\n  const [pointMaterial3DarkColors] = useState([\"#4EAAFF\", \"#FA4EAB\", \"#FFF500\", \"#17EA58\", \"#38FFE7\", \"#FF9E45\", \"#B3F32F\", \"#B93CE4\", \"#FC5664\", \"#9B55FF\"]);\r\n  \r\n  return {\r\n    chartTheme,\r\n    pointMaterial3Colors,\r\n    pointMaterial3DarkColors\r\n  };\r\n}",
  "dependencies": "{\"@syncfusion/react-charts\":\"*\",\"@syncfusion/react-base\":\"*\",\"@syncfusion/react-locale\":\"*\",\"@syncfusion/react-cldr-data\":\"*\"}"
}