{
  "src/App.css": "@import \"@syncfusion/react-base/styles/material3.css\";\n@import \"@syncfusion/react-buttons/styles/material3.css\";\n@import \"@syncfusion/react-popups/styles/material3.css\";\n@import \"@syncfusion/react-splitbuttons/styles/material3.css\";\n@import \"@syncfusion/react-inputs/styles/material3.css\";\n@import \"@syncfusion/react-lists/styles/material3.css\";\n@import \"@syncfusion/react-dropdowns/styles/material3.css\";\n",
  "src/App.tsx": "import { useState } from 'react';\r\nimport { Chart, ChartPrimaryXAxis, ChartPrimaryYAxis, ChartSeries, ChartSeriesCollection, ChartTooltip, ChartMarker, EmptyPointMode, ChartTitle } from '@syncfusion/react-charts';\r\nimport { lineEmptyData } from './line-empty-data';\r\nimport { useChartTheme } from './theme';\r\nimport { DropDownList } from '@syncfusion/react-dropdowns';\r\n\r\nexport default function App() {\r\n    const { chartTheme } = useChartTheme();\r\n    const [emptyPointMode, setEmptyPointMode] = useState<EmptyPointMode>(\"Gap\");\r\n    const seriesColor = chartTheme.indexOf('Dark') > -1 ? '#77E4D4' : '#0A97B0';\r\n    const emptyPointModes: { [key: string]: unknown }[] = [\r\n        { text: 'Gap', value: 'Gap' },\r\n        { text: 'Zero', value: 'Zero' },\r\n        { text: 'Average', value: 'Average' },\r\n        { text: 'Drop', value: 'Drop' }\r\n    ];\r\n    const dropdownFields = { text: 'text', value: 'value' };\r\n    return (\r\n        <div>\r\n            <div style={{ marginBottom: '20px', display: 'flex', alignItems: 'center', gap: '10px', width: '236px' }}>\r\n                <label style={{ fontWeight: 700, whiteSpace: 'nowrap' }}> Empty Point Mode:</label>\r\n                <DropDownList  width={170} dataSource={emptyPointModes as { [key: string]: object }[]} value={emptyPointMode} fields={dropdownFields} onChange={(e) => {\r\n                    if (e && e.value !== undefined) {\r\n                        setEmptyPointMode(e.value as EmptyPointMode);\r\n                    }\r\n                }} />\r\n            </div>\r\n            <Chart theme={chartTheme}>\r\n                <ChartTitle text='Sales Analysis' />\r\n                <ChartPrimaryXAxis valueType={\"Category\"} />\r\n                <ChartPrimaryYAxis lineStyle={{ width: 0 }} />\r\n                <ChartSeriesCollection>\r\n                    <ChartSeries dataSource={lineEmptyData} xField=\"x\" yField=\"y\" type=\"Line\" fill={seriesColor} emptyPointSettings={{ mode: emptyPointMode }}>\r\n                        <ChartMarker visible={true} />\r\n                    </ChartSeries>\r\n                </ChartSeriesCollection>\r\n                <ChartTooltip enable={true} headerText=\"${point.x}\" format='Sales : <b>${point.y} Units</b>' />\r\n            </Chart>\r\n        </div>\r\n    );\r\n}\r\n",
  "src/line-empty-data.ts": "export const lineEmptyData = [\r\n  { x: \"Jan\", y: 200 }, { x: \"Feb\", y: 300 }, { x: \"Mar\", y: 170 },\r\n  { x: \"April\", y: null }, { x: \"May\", y: 300 }, { x: \"Jun\", y: null },\r\n  { x: \"July\", y: 100 }, { x: \"Aug\", y: 200 }, { x: \"Sep\", y: 174 },\r\n  { x: \"Oct\", y: null }, { x: \"Nov\", y: null }, { x: \"Dec\", y: 160 },\r\n]",
  "src/context.tsx": "import { createContext } from \"react\";\r\n\r\nexport interface ThemeContextType {\r\n  themeName: string;\r\n}\r\n\r\nexport interface LoadContextType {\r\n   loading: boolean;\r\n   setLoading: React.Dispatch<React.SetStateAction<boolean>>;\r\n}\r\n\r\nexport interface RefreshContextType {\r\n   refresh: boolean;\r\n}\r\n\r\nexport const ThemeContext = createContext<ThemeContextType>({\r\n  themeName: 'material3'\r\n});\r\n\r\nexport const LoadContext = createContext<LoadContextType>({\r\n  loading: true,\r\n  setLoading: () => {}\r\n});\r\n\r\nexport const RefreshContext = createContext<RefreshContextType>({\r\n  refresh: false\r\n});\r\n\r\nexport interface TocContextType {\r\n  routeToc: boolean | undefined;\r\n  setRouteToc: (toc: boolean | undefined) => void;\r\n}\r\n\r\nexport const TocContext = createContext<TocContextType>({\r\n  routeToc: undefined,\r\n  setRouteToc: () => {}\r\n});",
  "src/theme.tsx": "// src/components/chart/theme.tsx\r\nimport {  Theme } from \"@syncfusion/react-charts\";\r\nimport { useContext, useState } from \"react\";\r\nimport { ThemeContext } from './context';\r\n\r\n// Create a custom hook to use in components\r\nexport function useChartTheme() {\r\n  const { themeName } = useContext(ThemeContext);\r\n  const chartTheme: Theme = themeName === 'material3-dark' ? 'Material3Dark' : 'Material3';\r\n  const [pointMaterial3Colors] = useState([\"#6355C7\", \"#00AEE0\", \"#FFB400\", \"#F7523F\", \"#963C70\", \"#FD7400\", \"#4BE0BC\", \"#2196F5\", \"#DE3D8A\", \"#162F88\"]);\r\n  const [pointMaterial3DarkColors] = useState([\"#4EAAFF\", \"#FA4EAB\", \"#FFF500\", \"#17EA58\", \"#38FFE7\", \"#FF9E45\", \"#B3F32F\", \"#B93CE4\", \"#FC5664\", \"#9B55FF\"]);\r\n  \r\n  return {\r\n    chartTheme,\r\n    pointMaterial3Colors,\r\n    pointMaterial3DarkColors\r\n  };\r\n}",
  "dependencies": "{\"@syncfusion/react-charts\":\"*\",\"@syncfusion/react-dropdowns\":\"*\",\"@syncfusion/react-locale\":\"*\",\"@syncfusion/react-cldr-data\":\"*\"}"
}