{
  "src/App.css": "@import \"@syncfusion/react-base/styles/material3.css\";\n",
  "src/App.tsx": "import { Chart, ChartPrimaryXAxis, ChartPrimaryYAxis, ChartTooltip, ChartSeries, ChartSeriesCollection, ChartMajorGridLines, ChartMarker, ChartAxisLabel, ChartTitle } from \"@syncfusion/react-charts\"\r\nimport { logRangeData } from './log-range-data'\r\nimport { useChartTheme } from './theme';\r\nexport default function App() {\r\n    const { chartTheme } = useChartTheme();\r\n    return (\r\n        <Chart theme={chartTheme}>\r\n            <ChartTitle text=\"Product X Growth [1995-2005]\" />\r\n            <ChartPrimaryXAxis valueType={\"DateTime\"}>\r\n                <ChartAxisLabel format=\"y\" />\r\n            </ChartPrimaryXAxis>\r\n            <ChartPrimaryYAxis valueType=\"Logarithmic\" lineStyle={{ width: 0 }} minimum={100} maximum={100000}>\r\n                <ChartMajorGridLines width={1.5} />\r\n                <ChartAxisLabel format=\"${value}\" />\r\n            </ChartPrimaryYAxis>\r\n            <ChartSeriesCollection>\r\n                <ChartSeries dataSource={logRangeData} xField=\"x\" yField=\"y\" type=\"Line\" width={2} fill=\"#ED3500\">\r\n                    <ChartMarker visible={true} />\r\n                </ChartSeries>\r\n            </ChartSeriesCollection>\r\n            <ChartTooltip enable={true} headerText='${point.x}'  format='Growth : <b>${point.y}</b>' />\r\n        </Chart>\r\n    )\r\n}",
  "src/log-range-data.ts": "export const logRangeData = [\r\n  { x: new Date(1995, 0, 1), y: 100 },\r\n  { x: new Date(1996, 0, 1), y: 200 },\r\n  { x: new Date(1997, 0, 1), y: 400 },\r\n  { x: new Date(1998, 0, 1), y: 600 },\r\n  { x: new Date(1999, 0, 1), y: 700 },\r\n  { x: new Date(2000, 0, 1), y: 1400 },\r\n  { x: new Date(2001, 0, 1), y: 2000 },\r\n  { x: new Date(2002, 0, 1), y: 4000 },\r\n  { x: new Date(2003, 0, 1), y: 6000 },\r\n  { x: new Date(2004, 0, 1), y: 8000 },\r\n  { x: new Date(2005, 0, 1), y: 11000 }\r\n]",
  "src/context.tsx": "import { createContext } from \"react\";\r\n\r\nexport interface ThemeContextType {\r\n  themeName: string;\r\n}\r\n\r\nexport interface LoadContextType {\r\n   loading: boolean;\r\n   setLoading: React.Dispatch<React.SetStateAction<boolean>>;\r\n}\r\n\r\nexport interface RefreshContextType {\r\n   refresh: boolean;\r\n}\r\n\r\nexport const ThemeContext = createContext<ThemeContextType>({\r\n  themeName: 'material3'\r\n});\r\n\r\nexport const LoadContext = createContext<LoadContextType>({\r\n  loading: true,\r\n  setLoading: () => {}\r\n});\r\n\r\nexport const RefreshContext = createContext<RefreshContextType>({\r\n  refresh: false\r\n});\r\n\r\nexport interface TocContextType {\r\n  routeToc: boolean | undefined;\r\n  setRouteToc: (toc: boolean | undefined) => void;\r\n}\r\n\r\nexport const TocContext = createContext<TocContextType>({\r\n  routeToc: undefined,\r\n  setRouteToc: () => {}\r\n});",
  "src/theme.tsx": "// src/components/chart/theme.tsx\r\nimport {  Theme } from \"@syncfusion/react-charts\";\r\nimport { useContext, useState } from \"react\";\r\nimport { ThemeContext } from './context';\r\n\r\n// Create a custom hook to use in components\r\nexport function useChartTheme() {\r\n  const { themeName } = useContext(ThemeContext);\r\n  const chartTheme: Theme = themeName === 'material3-dark' ? 'Material3Dark' : 'Material3';\r\n  const [pointMaterial3Colors] = useState([\"#6355C7\", \"#00AEE0\", \"#FFB400\", \"#F7523F\", \"#963C70\", \"#FD7400\", \"#4BE0BC\", \"#2196F5\", \"#DE3D8A\", \"#162F88\"]);\r\n  const [pointMaterial3DarkColors] = useState([\"#4EAAFF\", \"#FA4EAB\", \"#FFF500\", \"#17EA58\", \"#38FFE7\", \"#FF9E45\", \"#B3F32F\", \"#B93CE4\", \"#FC5664\", \"#9B55FF\"]);\r\n  \r\n  return {\r\n    chartTheme,\r\n    pointMaterial3Colors,\r\n    pointMaterial3DarkColors\r\n  };\r\n}",
  "dependencies": "{\"@syncfusion/react-charts\":\"*\",\"@syncfusion/react-locale\":\"*\",\"@syncfusion/react-cldr-data\":\"*\"}"
}