{
  "src/App.css": "@import \"@syncfusion/react-base/styles/material3.css\";\n",
  "src/App.tsx": "import { Chart, ChartPrimaryYAxis, ChartSeriesCollection, ChartSeries, ChartTooltip, ChartMarker, ChartTitle } from \"@syncfusion/react-charts\";\r\nimport { markerOverviewData } from './minimum-temperature-data'\r\nimport { useChartTheme } from './theme';\r\nexport default function App() {\r\n    const { chartTheme } = useChartTheme();\r\n    return (\r\n        <Chart theme={chartTheme}>\r\n            <ChartTitle text=\"Minimum of Daily Minimum Temperature (°C)\" />            \r\n            <ChartTooltip enable={true} shared={true} headerText='${point.x}'  format='${series.name} : <b>${point.y}°C</b>' />\r\n            <ChartPrimaryYAxis lineStyle={{ width: 0 }} interval={3}/>\r\n            <ChartSeriesCollection>\r\n                <ChartSeries dataSource={markerOverviewData} xField='year' yField='China' name=\"China\" fill=\"#BA7DDA\" width={3} type='Spline'>\r\n                    <ChartMarker visible={true} />\r\n                </ChartSeries>\r\n                <ChartSeries dataSource={markerOverviewData} xField='year' yField='United States' name=\"United States\" fill=\"#00C5BC\" width={3} type='Spline'>\r\n                    <ChartMarker visible={true} />\r\n                </ChartSeries>\r\n            </ChartSeriesCollection>\r\n        </Chart>\r\n    );\r\n}",
  "src/minimum-temperature-data.ts": "export const markerOverviewData = [\r\n  { \"year\": 2001, \"China\": -19.9, \"United States\": -15.9 },\r\n  { \"year\": 2002, \"China\": -19.1, \"United States\": -16.6 },\r\n  { \"year\": 2003, \"China\": -19.5, \"United States\": -17.1 },\r\n  { \"year\": 2004, \"China\": -19.3, \"United States\": -19.7 },\r\n  { \"year\": 2005, \"China\": -18.9, \"United States\": -18.2 },\r\n  { \"year\": 2006, \"China\": -18.6, \"United States\": -18.0 },\r\n  { \"year\": 2007, \"China\": -17.3, \"United States\": -18.6 },\r\n  { \"year\": 2008, \"China\": -20.3, \"United States\": -19.0 },\r\n  { \"year\": 2009, \"China\": -18.3, \"United States\": -19.9 },\r\n  { \"year\": 2010, \"China\": -19.0, \"United States\": -18.5 },\r\n  { \"year\": 2011, \"China\": -21.1, \"United States\": -19.9 },\r\n  { \"year\": 2012, \"China\": -19.9, \"United States\": -16.9 },\r\n  { \"year\": 2013, \"China\": -20.0, \"United States\": -18.8 },\r\n  { \"year\": 2014, \"China\": -18.4, \"United States\": -18.3 },\r\n  { \"year\": 2015, \"China\": -17.6, \"United States\": -18.3 },\r\n  { \"year\": 2016, \"China\": -20.8, \"United States\": -18.2 },\r\n  { \"year\": 2017, \"China\": -17.0, \"United States\": -19.4 },\r\n  { \"year\": 2018, \"China\": -19.9, \"United States\": -18.6 },\r\n  { \"year\": 2019, \"China\": -18.1, \"United States\": -18.3 },\r\n  { \"year\": 2020, \"China\": -18.0, \"United States\": -16.1 },\r\n  { \"year\": 2021, \"China\": -20.3, \"United States\": -19.7 },\r\n  { \"year\": 2022, \"China\": -17.3, \"United States\": -19.9 }\r\n];",
  "src/context.tsx": "import { createContext } from \"react\";\r\n\r\nexport interface ThemeContextType {\r\n  themeName: string;\r\n}\r\n\r\nexport interface LoadContextType {\r\n   loading: boolean;\r\n   setLoading: React.Dispatch<React.SetStateAction<boolean>>;\r\n}\r\n\r\nexport interface RefreshContextType {\r\n   refresh: boolean;\r\n}\r\n\r\nexport const ThemeContext = createContext<ThemeContextType>({\r\n  themeName: 'material3'\r\n});\r\n\r\nexport const LoadContext = createContext<LoadContextType>({\r\n  loading: true,\r\n  setLoading: () => {}\r\n});\r\n\r\nexport const RefreshContext = createContext<RefreshContextType>({\r\n  refresh: false\r\n});\r\n\r\nexport interface TocContextType {\r\n  routeToc: boolean | undefined;\r\n  setRouteToc: (toc: boolean | undefined) => void;\r\n}\r\n\r\nexport const TocContext = createContext<TocContextType>({\r\n  routeToc: undefined,\r\n  setRouteToc: () => {}\r\n});",
  "src/theme.tsx": "// src/components/chart/theme.tsx\r\nimport {  Theme } from \"@syncfusion/react-charts\";\r\nimport { useContext, useState } from \"react\";\r\nimport { ThemeContext } from './context';\r\n\r\n// Create a custom hook to use in components\r\nexport function useChartTheme() {\r\n  const { themeName } = useContext(ThemeContext);\r\n  const chartTheme: Theme = themeName === 'material3-dark' ? 'Material3Dark' : 'Material3';\r\n  const [pointMaterial3Colors] = useState([\"#6355C7\", \"#00AEE0\", \"#FFB400\", \"#F7523F\", \"#963C70\", \"#FD7400\", \"#4BE0BC\", \"#2196F5\", \"#DE3D8A\", \"#162F88\"]);\r\n  const [pointMaterial3DarkColors] = useState([\"#4EAAFF\", \"#FA4EAB\", \"#FFF500\", \"#17EA58\", \"#38FFE7\", \"#FF9E45\", \"#B3F32F\", \"#B93CE4\", \"#FC5664\", \"#9B55FF\"]);\r\n  \r\n  return {\r\n    chartTheme,\r\n    pointMaterial3Colors,\r\n    pointMaterial3DarkColors\r\n  };\r\n}",
  "dependencies": "{\"@syncfusion/react-charts\":\"*\",\"@syncfusion/react-locale\":\"*\",\"@syncfusion/react-cldr-data\":\"*\"}"
}