{
  "src/App.css": "@import \"@syncfusion/react-base/styles/material3.css\";\n",
  "src/App.tsx": "import { Chart, ChartPrimaryXAxis, ChartPrimaryYAxis, ChartSeries, ChartSeriesCollection, ChartTooltip, ChartAxes, ChartAxis, ChartAxisLabel, ChartMarker, ChartTitle } from '@syncfusion/react-charts'\r\nimport { multipleAxisData } from './multiple-axes-data'\r\nimport { useChartTheme } from './theme';\r\nexport default function App() {\r\n    const { chartTheme } = useChartTheme();\r\n    return (\r\n        <Chart theme={chartTheme}>\r\n            <ChartTitle text='C & F Temperature Overview Across Cities' />\r\n            <ChartPrimaryXAxis valueType={'Category'} interval={1}>\r\n                <ChartAxisLabel intersectAction='Rotate90' />\r\n            </ChartPrimaryXAxis>\r\n            <ChartPrimaryYAxis minimum={0} maximum={100} interval={20} lineStyle={{ width: 0 }}>\r\n                <ChartAxisLabel format='{value}°F' />\r\n            </ChartPrimaryYAxis>\r\n            <ChartAxes>\r\n                <ChartAxis minimum={24} maximum={36} interval={2} opposedPosition={true} rowIndex={0} name='yAxis2' lineStyle={{ width: 0 }}>\r\n                    <ChartAxisLabel format='{value}°C' />\r\n                </ChartAxis>\r\n            </ChartAxes>\r\n            <ChartSeriesCollection>\r\n                <ChartSeries dataSource={multipleAxisData} xField=\"x\" yField=\"y1\" type=\"Column\" fill='#856EEBE5' columnWidth={0.4} cornerRadius={{ topLeft: 6, topRight: 6 }} name='Temperature in °F' />\r\n                <ChartSeries dataSource={multipleAxisData} yAxisName=\"yAxis2\" xField=\"x\" yField=\"y2\" fill=\"#DF4E6D\" width={2} type=\"Spline\" name='Temperature in °C'>\r\n                    <ChartMarker visible={true} />\r\n                </ChartSeries>\r\n            </ChartSeriesCollection>\r\n            <ChartTooltip enable={true} headerText=\"${point.x}\" format='Temperature : <b>${point.y}</b>' />\r\n        </Chart>\r\n    )\r\n}",
  "src/multiple-axes-data.ts": "export const multipleAxisData = [\r\n  { x: 'Sun', y1: 35, y2: 30 },\r\n  { x: 'Mon', y1: 40, y2: 28 },\r\n  { x: 'Tue', y1: 80, y2: 29 },\r\n  { x: 'Wed', y1: 70, y2: 30 },\r\n  { x: 'Thu', y1: 65, y2: 33 },\r\n  { x: 'Fri', y1: 55, y2: 32 },\r\n  { x: 'Sat', y1: 50, y2: 34 }\r\n]",
  "src/context.tsx": "import { createContext } from \"react\";\r\n\r\nexport interface ThemeContextType {\r\n  themeName: string;\r\n}\r\n\r\nexport interface LoadContextType {\r\n   loading: boolean;\r\n   setLoading: React.Dispatch<React.SetStateAction<boolean>>;\r\n}\r\n\r\nexport interface RefreshContextType {\r\n   refresh: boolean;\r\n}\r\n\r\nexport const ThemeContext = createContext<ThemeContextType>({\r\n  themeName: 'material3'\r\n});\r\n\r\nexport const LoadContext = createContext<LoadContextType>({\r\n  loading: true,\r\n  setLoading: () => {}\r\n});\r\n\r\nexport const RefreshContext = createContext<RefreshContextType>({\r\n  refresh: false\r\n});\r\n\r\nexport interface TocContextType {\r\n  routeToc: boolean | undefined;\r\n  setRouteToc: (toc: boolean | undefined) => void;\r\n}\r\n\r\nexport const TocContext = createContext<TocContextType>({\r\n  routeToc: undefined,\r\n  setRouteToc: () => {}\r\n});",
  "src/theme.tsx": "// src/components/chart/theme.tsx\r\nimport {  Theme } from \"@syncfusion/react-charts\";\r\nimport { useContext, useState } from \"react\";\r\nimport { ThemeContext } from './context';\r\n\r\n// Create a custom hook to use in components\r\nexport function useChartTheme() {\r\n  const { themeName } = useContext(ThemeContext);\r\n  const chartTheme: Theme = themeName === 'material3-dark' ? 'Material3Dark' : 'Material3';\r\n  const [pointMaterial3Colors] = useState([\"#6355C7\", \"#00AEE0\", \"#FFB400\", \"#F7523F\", \"#963C70\", \"#FD7400\", \"#4BE0BC\", \"#2196F5\", \"#DE3D8A\", \"#162F88\"]);\r\n  const [pointMaterial3DarkColors] = useState([\"#4EAAFF\", \"#FA4EAB\", \"#FFF500\", \"#17EA58\", \"#38FFE7\", \"#FF9E45\", \"#B3F32F\", \"#B93CE4\", \"#FC5664\", \"#9B55FF\"]);\r\n  \r\n  return {\r\n    chartTheme,\r\n    pointMaterial3Colors,\r\n    pointMaterial3DarkColors\r\n  };\r\n}",
  "dependencies": "{\"@syncfusion/react-charts\":\"*\",\"@syncfusion/react-locale\":\"*\",\"@syncfusion/react-cldr-data\":\"*\"}"
}