{
  "src/App.css": "@import \"@syncfusion/react-base/styles/material3.css\";\n",
  "src/App.tsx": "import { Chart, ChartPrimaryXAxis, ChartPrimaryYAxis, ChartSeries, ChartSeriesCollection, ChartTooltip, ChartMajorGridLines, ChartMinorGridLines, ChartTitle, ChartAxisTitle, ChartAxisLabel, ChartMarker, ChartAxes, ChartAxis } from '@syncfusion/react-charts'\r\nimport { electricVehicleData } from './electric-vehicle-data';\r\nimport { useChartTheme } from './theme';\r\nimport { Browser } from '@syncfusion/react-base';\r\nexport default function App() {\r\n    const { chartTheme } = useChartTheme();\r\n    return (\r\n        <Chart theme={chartTheme}>\r\n            <ChartTitle text='Electric Vechicle Performance' />\r\n            <ChartPrimaryXAxis valueType={'Category'} interval={Browser.isDevice ? 4 : 1} lineStyle={{ width: 0 }}>\r\n            </ChartPrimaryXAxis>\r\n            <ChartPrimaryYAxis minimum={90} maximum={102} interval={3} lineStyle={{ width: 0 }}>\r\n                <ChartMajorGridLines width={1} />\r\n                <ChartMinorGridLines width={1} />\r\n                <ChartAxisLabel format='{value}%' color='#1E88E5' />\r\n                <ChartAxisTitle text='Battery Level' color='#1E88E5' />\r\n            </ChartPrimaryYAxis>\r\n            <ChartAxes>\r\n                <ChartAxis minimum={50} maximum={80} interval={8} opposedPosition={true} rowIndex={0} name='yAxis1' lineStyle={{ width: 0 }}>\r\n                    <ChartAxisLabel format='{value}' color='#F25087' />\r\n                    <ChartAxisTitle text='Speed (km/h)' color='#F25087' />\r\n                </ChartAxis>\r\n                <ChartAxis minimum={15} maximum={16} interval={0.3} opposedPosition={true} rowIndex={0} name='yAxis2' lineStyle={{ width: 0 }}>\r\n                    <ChartAxisLabel format='{value}' color='#FB8C00' />\r\n                    <ChartAxisTitle text='Energy Consumption (kWh/100km)' color='#FB8C00' />\r\n                </ChartAxis>\r\n            </ChartAxes>\r\n            <ChartSeriesCollection>\r\n                <ChartSeries dataSource={electricVehicleData} xField=\"time\" yField=\"batteryLevel\" type=\"Column\" name=\"Battery Level\" width={2} columnWidth={0.5} cornerRadius={{ topLeft: 4, topRight: 4 }} legendShape=\"Rectangle\">\r\n                </ChartSeries>\r\n                <ChartSeries dataSource={electricVehicleData} xField=\"time\" yField=\"speed\" type=\"Line\" name=\"Speed\" width={2} yAxisName='yAxis1'>\r\n                    <ChartMarker visible={true} width={7} height={7} />\r\n                </ChartSeries>\r\n                <ChartSeries dataSource={electricVehicleData} xField=\"time\" yField=\"energyConsumption\" type=\"Line\" name=\"Energy Consumption\" width={2} dashArray='2,2' yAxisName='yAxis2'/>\r\n            </ChartSeriesCollection>\r\n            <ChartTooltip enable={true} shared={true} showNearestTooltip={false} />\r\n        </Chart>\r\n    )\r\n}",
  "src/electric-vehicle-data.ts": "export const electricVehicleData = [\r\n  { time: '08:00', batteryLevel: 100.0, speed: 65.0, energyConsumption: 15.20 },\r\n  { time: '08:01', batteryLevel: 99.0, speed: 58.6, energyConsumption: 15.79 },\r\n  { time: '08:02', batteryLevel: 97.9, speed: 66.5, energyConsumption: 15.64 },\r\n  { time: '08:03', batteryLevel: 96.9, speed: 75.2, energyConsumption: 15.99 },\r\n  { time: '08:04', batteryLevel: 95.9, speed: 57.7, energyConsumption: 15.18 },\r\n  { time: '08:05', batteryLevel: 94.8, speed: 62.3, energyConsumption: 15.45 },\r\n  { time: '08:06', batteryLevel: 93.7, speed: 68.9, energyConsumption: 15.72 },\r\n  { time: '08:07', batteryLevel: 92.6, speed: 70.1, energyConsumption: 15.88 },\r\n  { time: '08:08', batteryLevel: 91.5, speed: 60.4, energyConsumption: 15.33 }\r\n];",
  "src/context.tsx": "import { createContext } from \"react\";\r\n\r\nexport interface ThemeContextType {\r\n  themeName: string;\r\n}\r\n\r\nexport interface LoadContextType {\r\n   loading: boolean;\r\n   setLoading: React.Dispatch<React.SetStateAction<boolean>>;\r\n}\r\n\r\nexport interface RefreshContextType {\r\n   refresh: boolean;\r\n}\r\n\r\nexport const ThemeContext = createContext<ThemeContextType>({\r\n  themeName: 'material3'\r\n});\r\n\r\nexport const LoadContext = createContext<LoadContextType>({\r\n  loading: true,\r\n  setLoading: () => {}\r\n});\r\n\r\nexport const RefreshContext = createContext<RefreshContextType>({\r\n  refresh: false\r\n});\r\n\r\nexport interface TocContextType {\r\n  routeToc: boolean | undefined;\r\n  setRouteToc: (toc: boolean | undefined) => void;\r\n}\r\n\r\nexport const TocContext = createContext<TocContextType>({\r\n  routeToc: undefined,\r\n  setRouteToc: () => {}\r\n});",
  "src/theme.tsx": "// src/components/chart/theme.tsx\r\nimport {  Theme } from \"@syncfusion/react-charts\";\r\nimport { useContext, useState } from \"react\";\r\nimport { ThemeContext } from './context';\r\n\r\n// Create a custom hook to use in components\r\nexport function useChartTheme() {\r\n  const { themeName } = useContext(ThemeContext);\r\n  const chartTheme: Theme = themeName === 'material3-dark' ? 'Material3Dark' : 'Material3';\r\n  const [pointMaterial3Colors] = useState([\"#6355C7\", \"#00AEE0\", \"#FFB400\", \"#F7523F\", \"#963C70\", \"#FD7400\", \"#4BE0BC\", \"#2196F5\", \"#DE3D8A\", \"#162F88\"]);\r\n  const [pointMaterial3DarkColors] = useState([\"#4EAAFF\", \"#FA4EAB\", \"#FFF500\", \"#17EA58\", \"#38FFE7\", \"#FF9E45\", \"#B3F32F\", \"#B93CE4\", \"#FC5664\", \"#9B55FF\"]);\r\n  \r\n  return {\r\n    chartTheme,\r\n    pointMaterial3Colors,\r\n    pointMaterial3DarkColors\r\n  };\r\n}",
  "dependencies": "{\"@syncfusion/react-charts\":\"*\",\"@syncfusion/react-base\":\"*\",\"@syncfusion/react-locale\":\"*\",\"@syncfusion/react-cldr-data\":\"*\"}"
}