{
  "src/App.css": "@import \"@syncfusion/react-base/styles/material3.css\";\n",
  "src/App.tsx": "import { Chart, ChartPrimaryXAxis, ChartPrimaryYAxis, ChartTooltip, ChartSeries, ChartSeriesCollection, ChartAxisTitle, ChartAxisLabel } from \"@syncfusion/react-charts\"\r\nimport { numericData } from './numeric-data'\r\nimport { useChartTheme } from './theme';\r\nimport { Browser } from \"@syncfusion/react-base\";\r\nexport default function App() {\r\n    const { chartTheme } = useChartTheme();\r\n    return (\r\n        <Chart theme={chartTheme}>\r\n            <ChartPrimaryXAxis valueType=\"Double\" interval={1}>\r\n                <ChartAxisLabel rotationAngle={Browser.isDevice ? -45 : 0} />\r\n            </ChartPrimaryXAxis>\r\n            <ChartPrimaryYAxis lineStyle={{ width: 0 }} minimum={7} maximum={8.2} interval={0.2}>\r\n                <ChartAxisTitle text=\"Population in Billions\" />\r\n            </ChartPrimaryYAxis>\r\n            <ChartSeriesCollection>\r\n                <ChartSeries dataSource={numericData} xField=\"x\" yField=\"y1\" type=\"Column\" colorField=\"color\" columnWidth={0.5} cornerRadius={{ topLeft: 5, topRight: 5 }} />\r\n            </ChartSeriesCollection>\r\n            <ChartTooltip enable={true} headerText=\"${point.x}\" format='Population : <b>${point.y}B</b>' />\r\n        </Chart>\r\n    )\r\n}",
  "src/numeric-data.ts": "export const numericData = [\r\n  { x: 2016, y: 7558554526, y1: 7.5, color: '#E433F6' },\r\n  { x: 2017, y: 7645617954, y1: 7.6, color: '#D833F3' },\r\n  { x: 2018, y: 7729902781, y1: 7.7, color: '#C931EE' },\r\n  { x: 2019, y: 7811293698, y1: 7.81, color: '#BB30EA' },\r\n  { x: 2020, y: 7887001292, y1: 7.88, color: '#B030E7' },\r\n  { x: 2021, y: 7954448391, y1: 7.95, color: '#A92FE5' },\r\n  { x: 2022, y: 8021407192, y1: 8.02, color: '#972DDE' },\r\n  { x: 2023, y: 8091734930, y1: 8.09, color: '#8D2CDC' },\r\n  { x: 2024, y: 8161972572, y1: 8.1, color: '#7F2BD7' },\r\n  { x: 2025, y: 8231613070, y1: 8.2, color: '#6829D0' }\r\n]",
  "src/context.tsx": "import { createContext } from \"react\";\r\n\r\nexport interface ThemeContextType {\r\n  themeName: string;\r\n}\r\n\r\nexport interface LoadContextType {\r\n   loading: boolean;\r\n   setLoading: React.Dispatch<React.SetStateAction<boolean>>;\r\n}\r\n\r\nexport interface RefreshContextType {\r\n   refresh: boolean;\r\n}\r\n\r\nexport const ThemeContext = createContext<ThemeContextType>({\r\n  themeName: 'material3'\r\n});\r\n\r\nexport const LoadContext = createContext<LoadContextType>({\r\n  loading: true,\r\n  setLoading: () => {}\r\n});\r\n\r\nexport const RefreshContext = createContext<RefreshContextType>({\r\n  refresh: false\r\n});\r\n\r\nexport interface TocContextType {\r\n  routeToc: boolean | undefined;\r\n  setRouteToc: (toc: boolean | undefined) => void;\r\n}\r\n\r\nexport const TocContext = createContext<TocContextType>({\r\n  routeToc: undefined,\r\n  setRouteToc: () => {}\r\n});",
  "src/theme.tsx": "// src/components/chart/theme.tsx\r\nimport {  Theme } from \"@syncfusion/react-charts\";\r\nimport { useContext, useState } from \"react\";\r\nimport { ThemeContext } from './context';\r\n\r\n// Create a custom hook to use in components\r\nexport function useChartTheme() {\r\n  const { themeName } = useContext(ThemeContext);\r\n  const chartTheme: Theme = themeName === 'material3-dark' ? 'Material3Dark' : 'Material3';\r\n  const [pointMaterial3Colors] = useState([\"#6355C7\", \"#00AEE0\", \"#FFB400\", \"#F7523F\", \"#963C70\", \"#FD7400\", \"#4BE0BC\", \"#2196F5\", \"#DE3D8A\", \"#162F88\"]);\r\n  const [pointMaterial3DarkColors] = useState([\"#4EAAFF\", \"#FA4EAB\", \"#FFF500\", \"#17EA58\", \"#38FFE7\", \"#FF9E45\", \"#B3F32F\", \"#B93CE4\", \"#FC5664\", \"#9B55FF\"]);\r\n  \r\n  return {\r\n    chartTheme,\r\n    pointMaterial3Colors,\r\n    pointMaterial3DarkColors\r\n  };\r\n}",
  "dependencies": "{\"@syncfusion/react-charts\":\"*\",\"@syncfusion/react-base\":\"*\",\"@syncfusion/react-locale\":\"*\",\"@syncfusion/react-cldr-data\":\"*\"}"
}