{
  "src/App.css": "@import \"@syncfusion/react-base/styles/material3.css\";\n",
  "src/App.tsx": "import { Chart, ChartPrimaryXAxis, ChartPrimaryYAxis, ChartSeriesCollection, ChartSeries, ChartTooltip, ChartAxisLabel, ChartTitle } from \"@syncfusion/react-charts\";\r\nimport { numericFormatData } from './numeric-format-data'\r\nimport { useChartTheme } from './theme';\r\nimport { Browser } from \"@syncfusion/react-base\";\r\nexport default function App() {\r\n    const { chartTheme } = useChartTheme();\r\n    return (\r\n        <Chart theme={chartTheme}>\r\n            <ChartTitle text=\"Yearly Temperature Readings (°F)\" />\r\n            <ChartPrimaryYAxis lineStyle={{ width: 0 }} minimum={50} maximum={57}>\r\n                <ChartAxisLabel format=\"{value}°F\" />\r\n            </ChartPrimaryYAxis>\r\n            <ChartPrimaryXAxis valueType=\"Double\" interval={1}>\r\n                <ChartAxisLabel rotationAngle={Browser.isDevice ? -45 : 0} />\r\n            </ChartPrimaryXAxis>\r\n            <ChartTooltip enable={true} headerText=\"${point.x}\" format='Temperature : <b>${point.y}</b>' />\r\n            <ChartSeriesCollection>\r\n                <ChartSeries dataSource={numericFormatData} xField=\"x\" yField=\"y\" type=\"Column\" fill=\"#7D8D86\" columnWidth={0.5} cornerRadius={{ topLeft: 5, topRight: 5 }} />\r\n            </ChartSeriesCollection>\r\n        </Chart>\r\n    );\r\n}",
  "src/numeric-format-data.ts": "export const numericFormatData = [\r\n  { x: 2010, y: 52.7 },\r\n  { x: 2011, y: 51.8 },\r\n  { x: 2012, y: 56.6 },\r\n  { x: 2013, y: 53.3 },\r\n  { x: 2014, y: 55.6 },\r\n  { x: 2015, y: 54.3 },\r\n  { x: 2016, y: 53.2 },\r\n  { x: 2017, y: 52.1 },\r\n  { x: 2018, y: 55.2 }\r\n];",
  "src/context.tsx": "import { createContext } from \"react\";\r\n\r\nexport interface ThemeContextType {\r\n  themeName: string;\r\n}\r\n\r\nexport interface LoadContextType {\r\n   loading: boolean;\r\n   setLoading: React.Dispatch<React.SetStateAction<boolean>>;\r\n}\r\n\r\nexport interface RefreshContextType {\r\n   refresh: boolean;\r\n}\r\n\r\nexport const ThemeContext = createContext<ThemeContextType>({\r\n  themeName: 'material3'\r\n});\r\n\r\nexport const LoadContext = createContext<LoadContextType>({\r\n  loading: true,\r\n  setLoading: () => {}\r\n});\r\n\r\nexport const RefreshContext = createContext<RefreshContextType>({\r\n  refresh: false\r\n});\r\n\r\nexport interface TocContextType {\r\n  routeToc: boolean | undefined;\r\n  setRouteToc: (toc: boolean | undefined) => void;\r\n}\r\n\r\nexport const TocContext = createContext<TocContextType>({\r\n  routeToc: undefined,\r\n  setRouteToc: () => {}\r\n});",
  "src/theme.tsx": "// src/components/chart/theme.tsx\r\nimport {  Theme } from \"@syncfusion/react-charts\";\r\nimport { useContext, useState } from \"react\";\r\nimport { ThemeContext } from './context';\r\n\r\n// Create a custom hook to use in components\r\nexport function useChartTheme() {\r\n  const { themeName } = useContext(ThemeContext);\r\n  const chartTheme: Theme = themeName === 'material3-dark' ? 'Material3Dark' : 'Material3';\r\n  const [pointMaterial3Colors] = useState([\"#6355C7\", \"#00AEE0\", \"#FFB400\", \"#F7523F\", \"#963C70\", \"#FD7400\", \"#4BE0BC\", \"#2196F5\", \"#DE3D8A\", \"#162F88\"]);\r\n  const [pointMaterial3DarkColors] = useState([\"#4EAAFF\", \"#FA4EAB\", \"#FFF500\", \"#17EA58\", \"#38FFE7\", \"#FF9E45\", \"#B3F32F\", \"#B93CE4\", \"#FC5664\", \"#9B55FF\"]);\r\n  \r\n  return {\r\n    chartTheme,\r\n    pointMaterial3Colors,\r\n    pointMaterial3DarkColors\r\n  };\r\n}",
  "dependencies": "{\"@syncfusion/react-charts\":\"*\",\"@syncfusion/react-base\":\"*\",\"@syncfusion/react-locale\":\"*\",\"@syncfusion/react-cldr-data\":\"*\"}"
}