{
  "src/App.css": "@import \"@syncfusion/react-base/styles/material3.css\";\n",
  "src/App.tsx": "import { Chart, ChartPrimaryXAxis, ChartPrimaryYAxis, ChartSeries, ChartSeriesCollection, ChartMarker, ChartTooltip, ChartAxisTitle, ChartTitle, ChartAxisLabel, ChartStripLines, ChartStripLine } from '@syncfusion/react-charts'\r\nimport { weeklySalesData } from './weekly-sales-data';\r\nimport { useChartTheme } from './theme';\r\nimport { Browser } from '@syncfusion/react-base';\r\nexport default function App() {\r\n    const { chartTheme } = useChartTheme();\r\n    const seriesColor = chartTheme.indexOf('Dark') > -1 ? '#77E4D4' : '#0A97B0';\r\n    return (\r\n        <Chart theme={chartTheme}>\r\n            <ChartTitle text='Weekly sales vs. target' />\r\n            <ChartPrimaryXAxis valueType={'DateTime'} minimum={new Date(2024, 2, 27)} maximum={new Date(2024, 5, 26)} lineStyle={{ width: 0, color: '#e0e0e0' }}>\r\n                <ChartAxisLabel format='MMM dd, yyyy' rotationAngle={Browser.isDevice ? -45 : -45} />\r\n            </ChartPrimaryXAxis>\r\n            <ChartPrimaryYAxis lineStyle={{ width: 0 }} rangePadding='None' minimum={0}>\r\n                <ChartAxisTitle text='Sales' />\r\n                <ChartAxisLabel format='{value}K' />\r\n                <ChartStripLines>\r\n                    <ChartStripLine range={{ start:12, end:12.1}} visible={true} segment={{ enable: true, start: new Date(2024, 2, 27), end: new Date(2024, 5, 26),axisName:'primaryXAxis' }}\r\n                        style={{ color:\"#79747E\", dashArray:'10,10', zIndex: 'Over'}} />\r\n                    <ChartStripLine range={{ start:12.5, end:12.6}} visible={true}\r\n                        segment={{ enable: true, start:new Date(2024, 2, 27), end: new Date(2024, 5, 26), axisName:'primaryXAxis'}}\r\n                        text={{ content: \"Weekly sales target\", rotation:0, hAlign:'Left',\r\n                        font:{ color: chartTheme.includes('Dark') ? \"#E6E1E5\" : \"#1C1B1F\", fontSize: \"14px\", fontWeight: \"400\" }}} style={{ zIndex:'Over', color:\"transparent\"}} />\r\n                </ChartStripLines>\r\n            </ChartPrimaryYAxis>\r\n            <ChartSeriesCollection>\r\n                <ChartSeries dataSource={weeklySalesData} xField=\"x\" yField=\"sales\" type=\"Line\" fill={seriesColor}>\r\n                    <ChartMarker visible={true} />\r\n                </ChartSeries>\r\n            </ChartSeriesCollection>\r\n            <ChartTooltip enable={true} headerText='${point.x}' format='Sales : <b>${point.y}</b>' />\r\n        </Chart>\r\n    )\r\n}",
  "src/weekly-sales-data.ts": "export const weeklySalesData = [\r\n  { x: new Date(2024, 2, 27), sales: 7 },\r\n  { x: new Date(2024, 3, 3), sales: 11 },\r\n  { x: new Date(2024, 3, 10), sales: 4.5 },\r\n  { x: new Date(2024, 3, 17), sales: 8.5 },\r\n  { x: new Date(2024, 3, 24), sales: 6 },\r\n  { x: new Date(2024, 4, 1), sales: 13 },\r\n  { x: new Date(2024, 4, 8), sales: 13.2 },\r\n  { x: new Date(2024, 4, 15), sales: 11.5 },\r\n  { x: new Date(2024, 4, 22), sales: 5.5 },\r\n  { x: new Date(2024, 4, 29), sales: 9.8 },\r\n  { x: new Date(2024, 5, 5), sales: 8 },\r\n  { x: new Date(2024, 5, 12), sales: 14.8 },\r\n  { x: new Date(2024, 5, 19), sales: 7.2 },\r\n  { x: new Date(2024, 5, 26), sales: 15.2 }\r\n]",
  "src/context.tsx": "import { createContext } from \"react\";\r\n\r\nexport interface ThemeContextType {\r\n  themeName: string;\r\n}\r\n\r\nexport interface LoadContextType {\r\n   loading: boolean;\r\n   setLoading: React.Dispatch<React.SetStateAction<boolean>>;\r\n}\r\n\r\nexport interface RefreshContextType {\r\n   refresh: boolean;\r\n}\r\n\r\nexport const ThemeContext = createContext<ThemeContextType>({\r\n  themeName: 'material3'\r\n});\r\n\r\nexport const LoadContext = createContext<LoadContextType>({\r\n  loading: true,\r\n  setLoading: () => {}\r\n});\r\n\r\nexport const RefreshContext = createContext<RefreshContextType>({\r\n  refresh: false\r\n});\r\n\r\nexport interface TocContextType {\r\n  routeToc: boolean | undefined;\r\n  setRouteToc: (toc: boolean | undefined) => void;\r\n}\r\n\r\nexport const TocContext = createContext<TocContextType>({\r\n  routeToc: undefined,\r\n  setRouteToc: () => {}\r\n});",
  "src/theme.tsx": "// src/components/chart/theme.tsx\r\nimport {  Theme } from \"@syncfusion/react-charts\";\r\nimport { useContext, useState } from \"react\";\r\nimport { ThemeContext } from './context';\r\n\r\n// Create a custom hook to use in components\r\nexport function useChartTheme() {\r\n  const { themeName } = useContext(ThemeContext);\r\n  const chartTheme: Theme = themeName === 'material3-dark' ? 'Material3Dark' : 'Material3';\r\n  const [pointMaterial3Colors] = useState([\"#6355C7\", \"#00AEE0\", \"#FFB400\", \"#F7523F\", \"#963C70\", \"#FD7400\", \"#4BE0BC\", \"#2196F5\", \"#DE3D8A\", \"#162F88\"]);\r\n  const [pointMaterial3DarkColors] = useState([\"#4EAAFF\", \"#FA4EAB\", \"#FFF500\", \"#17EA58\", \"#38FFE7\", \"#FF9E45\", \"#B3F32F\", \"#B93CE4\", \"#FC5664\", \"#9B55FF\"]);\r\n  \r\n  return {\r\n    chartTheme,\r\n    pointMaterial3Colors,\r\n    pointMaterial3DarkColors\r\n  };\r\n}",
  "dependencies": "{\"@syncfusion/react-charts\":\"*\",\"@syncfusion/react-base\":\"*\",\"@syncfusion/react-locale\":\"*\",\"@syncfusion/react-cldr-data\":\"*\"}"
}