{
  "src/App.css": "@import \"@syncfusion/react-base/styles/material3.css\";\n",
  "src/App.tsx": "import { Chart, ChartPrimaryXAxis, ChartPrimaryYAxis, ChartSeries, ChartSeriesCollection, ChartTooltip, ChartMarker, ChartDataLabel, ChartAxisTitle, ChartTitle } from \"@syncfusion/react-charts\"\r\nimport { scatterLabelData } from './scatter-label-data';\r\nimport { useChartTheme } from './theme';\r\nexport default function App() {\r\n    const { chartTheme } = useChartTheme();\r\n    return (\r\n        <Chart theme={chartTheme}>\r\n            <ChartTooltip enable={true} headerText=\"${point.tooltip}\"  format=\"Height: <b>${point.x} in</b><br/>Weight: <b>${point.y} kg</b>\" />\r\n            <ChartTitle text=\"Weight by Height\"/>\r\n            <ChartPrimaryXAxis valueType=\"Double\" minimum={50} maximum={75} interval={5} >\r\n                <ChartAxisTitle text=\"Height (inches)\"/>\r\n            </ChartPrimaryXAxis>\r\n            <ChartPrimaryYAxis lineStyle={{ width: 0 }} minimum={50} maximum={160} interval={20}>\r\n                <ChartAxisTitle text=\"Weight (kg)\"/>\r\n            </ChartPrimaryYAxis>\r\n            <ChartSeriesCollection>\r\n                <ChartSeries dataSource={scatterLabelData} fill={chartTheme.includes('Dark') ? \"#635DE5\" : \"#5853C6\"} xField=\"height\" yField=\"weight\" type=\"Scatter\" tooltipField=\"name\">\r\n                    <ChartMarker visible={true} shape=\"Star\" height={12} width={12}>\r\n                        <ChartDataLabel visible={true} labelField=\"name\" />\r\n                    </ChartMarker>\r\n                </ChartSeries>\r\n            </ChartSeriesCollection>\r\n        </Chart>\r\n    );\r\n}",
  "src/scatter-label-data.ts": "export const scatterLabelData = [\r\n  { height: 57, weight: 105, name: \"John\" },\r\n  { height: 63, weight: 127, name: \"Robert\" },\r\n  { height: 54, weight: 70, name: \"James\" },\r\n  { height: 64, weight: 110, name: \"Henry\" },\r\n  { height: 68, weight: 120, name: \"William\" },\r\n  { height: 70, weight: 112, name: \"Alfred\" },\r\n  { height: 58, weight: 88, name: \"Thomas\" },\r\n  { height: 72, weight: 150, name: \"Philip\" },\r\n  { height: 68, weight: 137, name: \"Ronald\" },\r\n  { height: 60, weight: 84, name: \"Jeffrey\" },\r\n  { height: 54, weight: 85, name: \"Alice\" },\r\n  { height: 58, weight: 55, name: \"Jane\" },\r\n  { height: 70, weight: 84, name: \"Louise\" },\r\n  { height: 61, weight: 101, name: \"Janet\" },\r\n  { height: 66, weight: 98, name: \"Carol\" },\r\n  { height: 66, weight: 112, name: \"Mary\" },\r\n  { height: 65, weight: 78, name: \"Barbara\" },\r\n  { height: 64, weight: 90, name: \"Judy\" },\r\n  { height: 51, weight: 59, name: \"Joyce\" }\r\n];",
  "src/context.tsx": "import { createContext } from \"react\";\r\n\r\nexport interface ThemeContextType {\r\n  themeName: string;\r\n}\r\n\r\nexport interface LoadContextType {\r\n   loading: boolean;\r\n   setLoading: React.Dispatch<React.SetStateAction<boolean>>;\r\n}\r\n\r\nexport interface RefreshContextType {\r\n   refresh: boolean;\r\n}\r\n\r\nexport const ThemeContext = createContext<ThemeContextType>({\r\n  themeName: 'material3'\r\n});\r\n\r\nexport const LoadContext = createContext<LoadContextType>({\r\n  loading: true,\r\n  setLoading: () => {}\r\n});\r\n\r\nexport const RefreshContext = createContext<RefreshContextType>({\r\n  refresh: false\r\n});\r\n\r\nexport interface TocContextType {\r\n  routeToc: boolean | undefined;\r\n  setRouteToc: (toc: boolean | undefined) => void;\r\n}\r\n\r\nexport const TocContext = createContext<TocContextType>({\r\n  routeToc: undefined,\r\n  setRouteToc: () => {}\r\n});",
  "src/theme.tsx": "// src/components/chart/theme.tsx\r\nimport {  Theme } from \"@syncfusion/react-charts\";\r\nimport { useContext, useState } from \"react\";\r\nimport { ThemeContext } from './context';\r\n\r\n// Create a custom hook to use in components\r\nexport function useChartTheme() {\r\n  const { themeName } = useContext(ThemeContext);\r\n  const chartTheme: Theme = themeName === 'material3-dark' ? 'Material3Dark' : 'Material3';\r\n  const [pointMaterial3Colors] = useState([\"#6355C7\", \"#00AEE0\", \"#FFB400\", \"#F7523F\", \"#963C70\", \"#FD7400\", \"#4BE0BC\", \"#2196F5\", \"#DE3D8A\", \"#162F88\"]);\r\n  const [pointMaterial3DarkColors] = useState([\"#4EAAFF\", \"#FA4EAB\", \"#FFF500\", \"#17EA58\", \"#38FFE7\", \"#FF9E45\", \"#B3F32F\", \"#B93CE4\", \"#FC5664\", \"#9B55FF\"]);\r\n  \r\n  return {\r\n    chartTheme,\r\n    pointMaterial3Colors,\r\n    pointMaterial3DarkColors\r\n  };\r\n}",
  "dependencies": "{\"@syncfusion/react-charts\":\"*\",\"@syncfusion/react-locale\":\"*\",\"@syncfusion/react-cldr-data\":\"*\"}"
}