{
  "src/App.css": "@import \"@syncfusion/react-base/styles/material3.css\";\n",
  "src/App.tsx": "import {\r\n    Chart, ChartPrimaryXAxis, ChartPrimaryYAxis, ChartSeries, ChartSeriesCollection, ChartAxisTitle, ChartMarker, ChartTooltip\r\n} from \"@syncfusion/react-charts\"\r\nimport { cluster2Value, cluster3Value, cluster4Value } from './circumference-data';\r\nimport { useChartTheme } from './theme';\r\nexport default function App() {\r\n    const { chartTheme } = useChartTheme();\r\n    return (\r\n        <Chart theme={chartTheme}>            \r\n            <ChartTooltip enable={true} headerText=\"${series.name}\"  format=\"Shoulder Breadth: <b>${point.x} cm</b><br/>Bust Chest Circumference: <b>${point.y} cm</b>\" />\r\n            <ChartPrimaryXAxis valueType=\"Double\" minimum={44} maximum={54}>\r\n                <ChartAxisTitle text=\"Shoulder Breadth (cm)\" />                \r\n            </ChartPrimaryXAxis>\r\n            <ChartPrimaryYAxis lineStyle={{ width: 0 }} minimum={70} maximum={140} interval={20} rangePadding=\"None\">                \r\n                <ChartAxisTitle text=\"Bust Chest Circumference (cm)\" />\r\n            </ChartPrimaryYAxis>\r\n            <ChartSeriesCollection>\r\n                <ChartSeries dataSource={cluster2Value} xField=\"Breadth\" yField=\"Circumference\" fill={chartTheme.includes('Dark') ? \"#635DE5\" : \"#5853C6\"} name=\"21-25 Years\" type=\"Scatter\" legendShape={\"Circle\"}>\r\n                    <ChartMarker visible={true} width={10} height={10} shape=\"Triangle\" opacity={0.5} />\r\n                </ChartSeries>\r\n                <ChartSeries dataSource={cluster3Value} xField=\"Breadth\" yField=\"Circumference\" fill={chartTheme.includes('Dark') ? \"#FFA330\" : \"#FF9B1D\"} name=\"26-30 Years\" type=\"Scatter\" legendShape={\"Circle\"}>\r\n                    <ChartMarker visible={true} width={10} height={10} shape=\"Pentagon\" opacity={0.5} />\r\n                </ChartSeries>\r\n                <ChartSeries dataSource={cluster4Value} xField=\"Breadth\" yField=\"Circumference\" fill={chartTheme.includes('Dark') ? \"#FE6C38\" : \"#FE6C38\"} name=\"31-35 years\" type=\"Scatter\" legendShape={\"Circle\"}>\r\n                    <ChartMarker visible={true} width={10} height={10} shape=\"Diamond\" opacity={0.5} />\r\n                </ChartSeries>\r\n            </ChartSeriesCollection>\r\n        </Chart>\r\n    );\r\n}",
  "src/circumference-data.ts": "export const cluster1Value = [\r\n  { Breadth: 41.3, Circumference: 78.1 },\r\n  { Breadth: 41.3, Circumference: 78.04 },\r\n  { Breadth: 42.9, Circumference: 78.9 },\r\n  { Breadth: 42.4, Circumference: 80.4 },\r\n  { Breadth: 42.3, Circumference: 81.7 },\r\n  { Breadth: 42.1, Circumference: 83.9 },\r\n  { Breadth: 41.9, Circumference: 82.9 },\r\n  { Breadth: 41.6, Circumference: 84.6 },\r\n  { Breadth: 41.6, Circumference: 84.6 },\r\n  { Breadth: 41.5, Circumference: 85.1 },\r\n  { Breadth: 41.5, Circumference: 84.3 },\r\n  { Breadth: 41.5, Circumference: 84.3 },\r\n  { Breadth: 41.9, Circumference: 87.9 },\r\n  { Breadth: 42.6, Circumference: 84.0 },\r\n  { Breadth: 42.6, Circumference: 84.0 },\r\n  { Breadth: 42.9, Circumference: 84.9 },\r\n  { Breadth: 42.9, Circumference: 84.9 },\r\n  { Breadth: 43.4, Circumference: 85.8 },\r\n  { Breadth: 43.1, Circumference: 83.5 },\r\n  { Breadth: 42.9, Circumference: 82.2 },\r\n  { Breadth: 43.2, Circumference: 81.7 },\r\n  { Breadth: 43.5, Circumference: 82.8 },\r\n  { Breadth: 43.7, Circumference: 82.7 },\r\n  { Breadth: 43.5, Circumference: 81.3 },\r\n  { Breadth: 43.7, Circumference: 80.9 },\r\n  { Breadth: 43.7, Circumference: 80.9 },\r\n  { Breadth: 43.5, Circumference: 89.4 },\r\n  { Breadth: 43.5, Circumference: 79.4 },\r\n  { Breadth: 43.7, Circumference: 89.0 },\r\n  { Breadth: 43.5, Circumference: 88.4 },\r\n  { Breadth: 43.5, Circumference: 88.4 },\r\n  { Breadth: 43.4, Circumference: 89.4 },\r\n  { Breadth: 43.0, Circumference: 91.5 },\r\n  { Breadth: 42.6, Circumference: 87.9 },\r\n  { Breadth: 42.9, Circumference: 88.4 },\r\n  { Breadth: 42.9, Circumference: 86.8 },\r\n  { Breadth: 42.9, Circumference: 86.8 },\r\n  { Breadth: 43.1, Circumference: 88.5 },\r\n  { Breadth: 44.2, Circumference: 84.7 },\r\n  { Breadth: 44.2, Circumference: 84.7 },\r\n  { Breadth: 44.1, Circumference: 88.6 },\r\n  { Breadth: 44.1, Circumference: 88.6 },\r\n  { Breadth: 43.9, Circumference: 87.6 },\r\n  { Breadth: 44.0, Circumference: 86.6 },\r\n  { Breadth: 44.3, Circumference: 86.5 },\r\n  { Breadth: 44.3, Circumference: 86.59 },\r\n  { Breadth: 44.5, Circumference: 86.9 },\r\n  { Breadth: 44.5, Circumference: 85.5 },\r\n  { Breadth: 44.8, Circumference: 85.8 },\r\n  { Breadth: 45.0, Circumference: 84.6 },\r\n  { Breadth: 45.0, Circumference: 84.64 },\r\n  { Breadth: 44.9, Circumference: 82.7 },\r\n  { Breadth: 44.8, Circumference: 83.7 },\r\n  { Breadth: 44.89, Circumference: 83.75 },\r\n  { Breadth: 44.6, Circumference: 83.3 },\r\n  { Breadth: 44.65, Circumference: 83.37 },\r\n  { Breadth: 44.65, Circumference: 84.5 },\r\n  { Breadth: 44.65, Circumference: 84.53 },\r\n  { Breadth: 44.2, Circumference: 81.8 },\r\n  { Breadth: 44.9, Circumference: 80.2 },\r\n  { Breadth: 45.1, Circumference: 85.5 },\r\n  { Breadth: 44.7, Circumference: 87.1 },\r\n  { Breadth: 44.70, Circumference: 87.10 },\r\n  { Breadth: 44.70, Circumference: 87.1 },\r\n  { Breadth: 44.9, Circumference: 86.8 },\r\n  { Breadth: 45.1, Circumference: 87.2 },\r\n  { Breadth: 45.0, Circumference: 88.6 },\r\n  { Breadth: 45.0, Circumference: 89.4 },\r\n  { Breadth: 45.0, Circumference: 89.4 },\r\n  { Breadth: 44.7, Circumference: 88.5 },\r\n  { Breadth: 44.4, Circumference: 88.3 },\r\n  { Breadth: 44.4, Circumference: 88.39 },\r\n  { Breadth: 44.5, Circumference: 89.4 },\r\n  { Breadth: 44.4, Circumference: 90.0 },\r\n  { Breadth: 43.9, Circumference: 89.3 },\r\n  { Breadth: 44.2, Circumference: 90.2 },\r\n  { Breadth: 44.0, Circumference: 91.2 },\r\n  { Breadth: 44.0, Circumference: 91.24 },\r\n  { Breadth: 44.1, Circumference: 88.5 },\r\n  { Breadth: 44.16, Circumference: 88.53 },\r\n  { Breadth: 44.16, Circumference: 88.535 },\r\n  { Breadth: 44.2, Circumference: 91.7 },\r\n  { Breadth: 44.2, Circumference: 91.75 },\r\n  { Breadth: 43.9, Circumference: 92.79 },\r\n  { Breadth: 43.9, Circumference: 92.7 },\r\n  { Breadth: 44.2, Circumference: 94.8 },\r\n  { Breadth: 44.0, Circumference: 93.8 },\r\n  { Breadth: 44.0, Circumference: 93.81 },\r\n  { Breadth: 44.4, Circumference: 95.6 },\r\n  { Breadth: 44.8, Circumference: 97.4 },\r\n  { Breadth: 44.8, Circumference: 93.6 },\r\n  { Breadth: 44.8, Circumference: 93.67 },\r\n  { Breadth: 44.6, Circumference: 92.5 },\r\n  { Breadth: 44.7, Circumference: 94.5 },\r\n  { Breadth: 45.2, Circumference: 92.2 },\r\n  { Breadth: 45.2, Circumference: 92.24 },\r\n  { Breadth: 45.1, Circumference: 94.0 },\r\n  { Breadth: 45.1, Circumference: 94.0 },\r\n  { Breadth: 44.9, Circumference: 90.4 },\r\n  { Breadth: 44.9, Circumference: 89.4 },\r\n  { Breadth: 44.7, Circumference: 90.4 },\r\n  { Breadth: 44.7, Circumference: 90.45 },\r\n  { Breadth: 41.3, Circumference: 78.0 },\r\n  { Breadth: 42.9, Circumference: 78.9 },\r\n  { Breadth: 42.4, Circumference: 80.4 },\r\n  { Breadth: 42.3, Circumference: 81.7 },\r\n  { Breadth: 42.1, Circumference: 83.9 },\r\n  { Breadth: 41.9, Circumference: 82.9 },\r\n  { Breadth: 41.6, Circumference: 84.6 },\r\n  { Breadth: 41.6, Circumference: 84.60 },\r\n  { Breadth: 41.5, Circumference: 85.1 },\r\n  { Breadth: 41.5, Circumference: 84.3 },\r\n  { Breadth: 41.5, Circumference: 84.34 },\r\n  { Breadth: 41.9, Circumference: 87.9 },\r\n  { Breadth: 42.6, Circumference: 84.0 },\r\n  { Breadth: 42.6, Circumference: 84.0 },\r\n  { Breadth: 42.9, Circumference: 84.9 },\r\n  { Breadth: 42.9, Circumference: 84.9 },\r\n  { Breadth: 43.4, Circumference: 85.8 },\r\n  { Breadth: 43.1, Circumference: 83.5 },\r\n  { Breadth: 42.9, Circumference: 82.2 },\r\n  { Breadth: 43.2, Circumference: 81.7 },\r\n  { Breadth: 43.5, Circumference: 82.8 },\r\n  { Breadth: 43.7, Circumference: 82.7 },\r\n  { Breadth: 43.5, Circumference: 81.3 },\r\n  { Breadth: 43.7, Circumference: 80.9 },\r\n  { Breadth: 43.7, Circumference: 80.94 },\r\n  { Breadth: 43.5, Circumference: 79.4 },\r\n  { Breadth: 43.5, Circumference: 79.40 },\r\n  { Breadth: 43.7, Circumference: 89.0 },\r\n  { Breadth: 43.5, Circumference: 88.4 },\r\n  { Breadth: 43.5, Circumference: 88.42 },\r\n  { Breadth: 43.4, Circumference: 89.45 },\r\n  { Breadth: 43.0, Circumference: 91.5 },\r\n  { Breadth: 42.6, Circumference: 87.9 },\r\n  { Breadth: 42.9, Circumference: 88.4 },\r\n  { Breadth: 42.9, Circumference: 86.8 },\r\n  { Breadth: 42.95, Circumference: 86.89 },\r\n  { Breadth: 43.1, Circumference: 88.5 },\r\n  { Breadth: 44.2, Circumference: 84.7 },\r\n  { Breadth: 44.2, Circumference: 84.7 },\r\n  { Breadth: 44.1, Circumference: 88.6 },\r\n  { Breadth: 44.1, Circumference: 88.66 },\r\n  { Breadth: 43.9, Circumference: 87.6 },\r\n  { Breadth: 44.0, Circumference: 86.6 },\r\n  { Breadth: 44.3, Circumference: 86.5 },\r\n  { Breadth: 44.3, Circumference: 86.5 },\r\n  { Breadth: 44.5, Circumference: 86.9 },\r\n  { Breadth: 44.57, Circumference: 85.5 },\r\n  { Breadth: 44.8, Circumference: 85.8 },\r\n  { Breadth: 45.0, Circumference: 84.6 },\r\n  { Breadth: 45.0, Circumference: 84.64 },\r\n  { Breadth: 44.9, Circumference: 82.7 },\r\n  { Breadth: 44.8, Circumference: 83.7 },\r\n  { Breadth: 44.8, Circumference: 83.75 },\r\n  { Breadth: 44.6, Circumference: 83.3 },\r\n  { Breadth: 44.65, Circumference: 83.37 },\r\n  { Breadth: 44.65, Circumference: 84.5 },\r\n  { Breadth: 44.65, Circumference: 84.53 },\r\n  { Breadth: 44.2, Circumference: 81.8 },\r\n  { Breadth: 44.9, Circumference: 80.2 },\r\n  { Breadth: 45.1, Circumference: 85.5 },\r\n  { Breadth: 44.7, Circumference: 87.1 },\r\n  { Breadth: 44.7, Circumference: 87.10 },\r\n  { Breadth: 44.70, Circumference: 87.10 },\r\n  { Breadth: 44.9, Circumference: 86.8 },\r\n  { Breadth: 45.1, Circumference: 87.2 },\r\n  { Breadth: 45.0, Circumference: 88.6 },\r\n  { Breadth: 45.0, Circumference: 89.4 },\r\n  { Breadth: 45.0, Circumference: 89.41 },\r\n  { Breadth: 44.7, Circumference: 88.5 },\r\n  { Breadth: 44.4, Circumference: 88.3 },\r\n  { Breadth: 44.4, Circumference: 88.3 },\r\n  { Breadth: 44.5, Circumference: 89.4 },\r\n  { Breadth: 44.4, Circumference: 90.0 },\r\n  { Breadth: 43.9, Circumference: 89.3 },\r\n  { Breadth: 44.20, Circumference: 90.2 },\r\n  { Breadth: 44.0, Circumference: 91.2 },\r\n  { Breadth: 44.0, Circumference: 91.24 },\r\n  { Breadth: 44.1, Circumference: 88.5 },\r\n  { Breadth: 44.1, Circumference: 88.53 },\r\n  { Breadth: 44.16, Circumference: 88.5 },\r\n  { Breadth: 44.2, Circumference: 91.7 },\r\n  { Breadth: 44.2, Circumference: 91.75 },\r\n  { Breadth: 43.9, Circumference: 92.7 },\r\n  { Breadth: 43.9, Circumference: 92.79 },\r\n  { Breadth: 44.2, Circumference: 94.8 },\r\n  { Breadth: 44.0, Circumference: 93.8 },\r\n  { Breadth: 44.0, Circumference: 93.81 },\r\n  { Breadth: 44.4, Circumference: 95.6 },\r\n  { Breadth: 44.8, Circumference: 97.4 },\r\n  { Breadth: 44.8, Circumference: 93.6 },\r\n  { Breadth: 44.81, Circumference: 93.67 },\r\n  { Breadth: 44.6, Circumference: 92.5 },\r\n  { Breadth: 44.7, Circumference: 94.57 },\r\n  { Breadth: 45.2, Circumference: 92.2 },\r\n  { Breadth: 45.2, Circumference: 92.24 },\r\n  { Breadth: 45.1, Circumference: 94.0 },\r\n  { Breadth: 45.1, Circumference: 94.0 },\r\n  { Breadth: 44.9, Circumference: 90.4 },\r\n  { Breadth: 44.9, Circumference: 89.4 },\r\n  { Breadth: 44.7, Circumference: 90.4 },\r\n  { Breadth: 44.7, Circumference: 90.45 }\r\n]\r\nexport const cluster2Value = [\r\n  { Breadth: 45.6, Circumference: 91.6 },\r\n  { Breadth: 46.0, Circumference: 92.6 },\r\n  { Breadth: 46.4, Circumference: 94.7 },\r\n  { Breadth: 46.9, Circumference: 97.3 },\r\n  { Breadth: 46.9, Circumference: 97.3 },\r\n  { Breadth: 46.8, Circumference: 98.7 },\r\n  { Breadth: 46.84, Circumference: 98.72 },\r\n  { Breadth: 45.4, Circumference: 95.9 },\r\n  { Breadth: 45.4, Circumference: 94.8 },\r\n  { Breadth: 45.2, Circumference: 97.2 },\r\n  { Breadth: 45.2, Circumference: 95.9 },\r\n  { Breadth: 45.3, Circumference: 97.4 },\r\n  { Breadth: 46.2, Circumference: 96.6 },\r\n  { Breadth: 46.2, Circumference: 98.3 },\r\n  { Breadth: 46.3, Circumference: 96.9 },\r\n  { Breadth: 46.3, Circumference: 96.9 },\r\n  { Breadth: 46.0, Circumference: 97.0 },\r\n  { Breadth: 46.0, Circumference: 97.7 },\r\n  { Breadth: 45.7, Circumference: 97.5 },\r\n  { Breadth: 45.7, Circumference: 98.8 },\r\n  { Breadth: 45.79, Circumference: 98.88 },\r\n  { Breadth: 45.79, Circumference: 98.88 },\r\n  { Breadth: 45.6, Circumference: 98.7 },\r\n  { Breadth: 45.63, Circumference: 98.75 },\r\n  { Breadth: 45.5, Circumference: 99.9 },\r\n  { Breadth: 45.6, Circumference: 101.4 },\r\n  { Breadth: 45.7, Circumference: 102.6 },\r\n  { Breadth: 45.7, Circumference: 102.62 },\r\n  { Breadth: 45.3, Circumference: 101.3 },\r\n  { Breadth: 45.3, Circumference: 103.0 },\r\n  { Breadth: 45.1, Circumference: 100.7 },\r\n  { Breadth: 45.1, Circumference: 100.70 },\r\n  { Breadth: 45.5, Circumference: 102.7 },\r\n  { Breadth: 45.5, Circumference: 103.9 },\r\n  { Breadth: 45.4, Circumference: 105.3 },\r\n  { Breadth: 45.2, Circumference: 108.1 },\r\n  { Breadth: 45.6, Circumference: 108.2 },\r\n  { Breadth: 45.5, Circumference: 107.3 },\r\n  { Breadth: 46.3, Circumference: 107.6 },\r\n  { Breadth: 45.9, Circumference: 106.0 },\r\n  { Breadth: 45.8, Circumference: 104.9 },\r\n  { Breadth: 45.9, Circumference: 104.1 },\r\n  { Breadth: 46.0, Circumference: 103.7 },\r\n  { Breadth: 46.07, Circumference: 105.3 },\r\n  { Breadth: 46.0, Circumference: 105.31 },\r\n  { Breadth: 46.3, Circumference: 105.4 },\r\n  { Breadth: 46.3, Circumference: 105.43 },\r\n  { Breadth: 46.5, Circumference: 105.1 },\r\n  { Breadth: 46.58, Circumference: 105.17 },\r\n  { Breadth: 46.6, Circumference: 104.5 },\r\n  { Breadth: 46.7, Circumference: 104.2 },\r\n  { Breadth: 46.5, Circumference: 102.9 },\r\n  { Breadth: 46.4, Circumference: 102.7 },\r\n  { Breadth: 46.0, Circumference: 102.6 },\r\n  { Breadth: 46.2, Circumference: 104.1 },\r\n  { Breadth: 46.2, Circumference: 104.15 },\r\n  { Breadth: 46.2, Circumference: 104.15 },\r\n  { Breadth: 46.3, Circumference: 101.3 },\r\n  { Breadth: 46.6, Circumference: 100.4 },\r\n  { Breadth: 46.4, Circumference: 99.6 },\r\n  { Breadth: 46.4, Circumference: 100.2 },\r\n  { Breadth: 46.1, Circumference: 100.29 },\r\n  { Breadth: 45.9, Circumference: 99.5 },\r\n  { Breadth: 46.94, Circumference: 102.0 },\r\n  { Breadth: 46.9, Circumference: 102.07 },\r\n  { Breadth: 47.1, Circumference: 99.8 },\r\n  { Breadth: 46.8, Circumference: 101.1 },\r\n  { Breadth: 47.0, Circumference: 101.2 },\r\n  { Breadth: 47.7, Circumference: 96.7 },\r\n  { Breadth: 47.5, Circumference: 98.9 },\r\n  { Breadth: 47.5, Circumference: 100.3 },\r\n  { Breadth: 47.5, Circumference: 100.38 },\r\n  { Breadth: 47.5, Circumference: 101.5 },\r\n  { Breadth: 47.2, Circumference: 102.9 },\r\n  { Breadth: 46.8, Circumference: 103.7 },\r\n  { Breadth: 47.1, Circumference: 102.4 },\r\n  { Breadth: 46.9, Circumference: 104.2 },\r\n  { Breadth: 47.0, Circumference: 105.2 },\r\n  { Breadth: 46.7, Circumference: 106.4 },\r\n  { Breadth: 47.1, Circumference: 106.0 },\r\n  { Breadth: 46.9, Circumference: 106.0 },\r\n  { Breadth: 47.0, Circumference: 106.4 },\r\n  { Breadth: 47.2, Circumference: 106.5 },\r\n  { Breadth: 47.2, Circumference: 108.2 },\r\n  { Breadth: 47.2, Circumference: 109.1 },\r\n  { Breadth: 47.0, Circumference: 109.9 },\r\n  { Breadth: 46.9, Circumference: 108.3 },\r\n  { Breadth: 46.5, Circumference: 108.9 },\r\n  { Breadth: 47.1, Circumference: 113.9 },\r\n  { Breadth: 46.3, Circumference: 113.5 },\r\n  { Breadth: 46.3, Circumference: 110.8 },\r\n  { Breadth: 46.32, Circumference: 110.8 },\r\n  { Breadth: 46.4, Circumference: 111.7 },\r\n  { Breadth: 46.8, Circumference: 112.2 },\r\n  { Breadth: 46.9, Circumference: 112.2 },\r\n  { Breadth: 47.1, Circumference: 111.7 },\r\n  { Breadth: 47.3, Circumference: 110.8 },\r\n  { Breadth: 47.4, Circumference: 106.8 }\r\n]\r\nexport const cluster3Value = [\r\n  { Breadth: 47.6, Circumference: 96.5 },\r\n  { Breadth: 47.6, Circumference: 98.3 },\r\n  { Breadth: 47.5, Circumference: 100.2 },\r\n  { Breadth: 47.5, Circumference: 103.0 },\r\n  { Breadth: 47.6, Circumference: 104.3 },\r\n  { Breadth: 47.8, Circumference: 103.7 },\r\n  { Breadth: 48.3, Circumference: 102.9 },\r\n  { Breadth: 48.2, Circumference: 103.7 },\r\n  { Breadth: 48.3, Circumference: 103.8 },\r\n  { Breadth: 48.6, Circumference: 103.7 },\r\n  { Breadth: 48.7, Circumference: 104.4 },\r\n  { Breadth: 48.8, Circumference: 103.7 },\r\n  { Breadth: 48.3, Circumference: 105.5 },\r\n  { Breadth: 48.3, Circumference: 105.52 },\r\n  { Breadth: 48.4, Circumference: 106.2 },\r\n  { Breadth: 48.46, Circumference: 104.7 },\r\n  { Breadth: 48.7, Circumference: 104.9 },\r\n  { Breadth: 48.7, Circumference: 104.99 },\r\n  { Breadth: 48.7, Circumference: 104.9 },\r\n  { Breadth: 48.8, Circumference: 106.66 },\r\n  { Breadth: 49.3, Circumference: 106.2 },\r\n  { Breadth: 49.0, Circumference: 106.0 },\r\n  { Breadth: 49.2, Circumference: 104.3 },\r\n  { Breadth: 49.7, Circumference: 109.8 },\r\n  { Breadth: 49.6, Circumference: 108.0 },\r\n  { Breadth: 49.5, Circumference: 108.0 },\r\n  { Breadth: 49.3, Circumference: 106.7 },\r\n  { Breadth: 49.1, Circumference: 106.78 },\r\n  { Breadth: 49.0, Circumference: 108.3 },\r\n  { Breadth: 49.1, Circumference: 109.2 },\r\n  { Breadth: 49.3, Circumference: 108.0 },\r\n  { Breadth: 48.9, Circumference: 107.3 },\r\n  { Breadth: 47.7, Circumference: 106.9 },\r\n  { Breadth: 48.1, Circumference: 106.6 },\r\n  { Breadth: 47.9, Circumference: 105.9 },\r\n  { Breadth: 47.9, Circumference: 107.5 },\r\n  { Breadth: 47.8, Circumference: 107.0 },\r\n  { Breadth: 47.8, Circumference: 107.0 },\r\n  { Breadth: 48.3, Circumference: 107.06 },\r\n  { Breadth: 48.1, Circumference: 108.1 },\r\n  { Breadth: 48.4, Circumference: 107.7 },\r\n  { Breadth: 48.2, Circumference: 107.71 },\r\n  { Breadth: 48.3, Circumference: 108.8 },\r\n  { Breadth: 48.31, Circumference: 109.8 },\r\n  { Breadth: 48.0, Circumference: 108.8 },\r\n  { Breadth: 47.9, Circumference: 109.3 },\r\n  { Breadth: 47.8, Circumference: 109.9 },\r\n  { Breadth: 47.8, Circumference: 110.9 },\r\n  { Breadth: 47.82, Circumference: 112.4 },\r\n  { Breadth: 48.1, Circumference: 112.6 },\r\n  { Breadth: 47.9, Circumference: 111.3 },\r\n  { Breadth: 47.9, Circumference: 111.32 },\r\n  { Breadth: 48.6, Circumference: 112.9 },\r\n  { Breadth: 48.0, Circumference: 113.2 },\r\n  { Breadth: 47.8, Circumference: 108.8 },\r\n  { Breadth: 49.0, Circumference: 115.0 },\r\n  { Breadth: 48.9, Circumference: 115.0 },\r\n  { Breadth: 47.6, Circumference: 108.2 },\r\n  { Breadth: 47.6, Circumference: 110.0 },\r\n  { Breadth: 47.7, Circumference: 108.6 },\r\n  { Breadth: 47.9, Circumference: 117.5 },\r\n  { Breadth: 48.3, Circumference: 118.3 },\r\n  { Breadth: 48.6, Circumference: 118.9 },\r\n  { Breadth: 48.7, Circumference: 122.3 },\r\n  { Breadth: 49.4, Circumference: 120.8 },\r\n  { Breadth: 49.3, Circumference: 117.7 },\r\n  { Breadth: 48.6, Circumference: 115.9 },\r\n  { Breadth: 48.7, Circumference: 116.4 },\r\n  { Breadth: 48.3, Circumference: 115.5 },\r\n  { Breadth: 49.2, Circumference: 115.2 },\r\n  { Breadth: 49.5, Circumference: 115.27 },\r\n  { Breadth: 48.6, Circumference: 113.2 },\r\n  { Breadth: 48.5, Circumference: 112.4 },\r\n  { Breadth: 49.0, Circumference: 113.2 },\r\n  { Breadth: 48.9, Circumference: 112.5 },\r\n  { Breadth: 48.8, Circumference: 110.9 },\r\n  { Breadth: 48.6, Circumference: 109.8 },\r\n  { Breadth: 48.6, Circumference: 108.0 },\r\n  { Breadth: 48.5, Circumference: 110.4 },\r\n  { Breadth: 48.5, Circumference: 108.8 },\r\n  { Breadth: 48.8, Circumference: 110.6 },\r\n  { Breadth: 48.8, Circumference: 110.65 },\r\n  { Breadth: 49.0, Circumference: 109.8 },\r\n  { Breadth: 49.2, Circumference: 111.6 },\r\n  { Breadth: 48.8, Circumference: 111.9 },\r\n  { Breadth: 48.9, Circumference: 111.6 },\r\n  { Breadth: 49.3, Circumference: 111.4 },\r\n  { Breadth: 49.3, Circumference: 111.42 },\r\n  { Breadth: 49.3, Circumference: 111.6 },\r\n  { Breadth: 49.4, Circumference: 112.1 },\r\n  { Breadth: 49.5, Circumference: 112.9 },\r\n  { Breadth: 49.7, Circumference: 113.2 },\r\n  { Breadth: 49.9, Circumference: 113.3 },\r\n  { Breadth: 49.6, Circumference: 113.7 },\r\n  { Breadth: 48.9, Circumference: 111.3 },\r\n  { Breadth: 49.0, Circumference: 112.0 },\r\n  { Breadth: 48.8, Circumference: 109.3 }\r\n]\r\nexport const cluster4Value = [\r\n  { Breadth: 50.3, Circumference: 107.0 },\r\n  { Breadth: 50.1, Circumference: 107.5 },\r\n  { Breadth: 50.0, Circumference: 110.2 },\r\n  { Breadth: 49.8, Circumference: 110.7 },\r\n  { Breadth: 50.0, Circumference: 111.2 },\r\n  { Breadth: 50.0, Circumference: 112.0 },\r\n  { Breadth: 50.1, Circumference: 112.17 },\r\n  { Breadth: 50.0, Circumference: 113.2 },\r\n  { Breadth: 50.6, Circumference: 113.4 },\r\n  { Breadth: 50.3, Circumference: 114.7 },\r\n  { Breadth: 50.3, Circumference: 115.3 },\r\n  { Breadth: 50.2, Circumference: 116.5 },\r\n  { Breadth: 49.8, Circumference: 116.8 },\r\n  { Breadth: 49.9, Circumference: 117.9 },\r\n  { Breadth: 49.94, Circumference: 121.9 },\r\n  { Breadth: 50.3, Circumference: 123.2 },\r\n  { Breadth: 50.6, Circumference: 121.4 },\r\n  { Breadth: 50.9, Circumference: 121.0 },\r\n  { Breadth: 50.7, Circumference: 118.4 },\r\n  { Breadth: 50.70, Circumference: 118.2 },\r\n  { Breadth: 50.8, Circumference: 117.1 },\r\n  { Breadth: 50.8, Circumference: 115.2 },\r\n  { Breadth: 50.9, Circumference: 112.7 },\r\n  { Breadth: 50.6, Circumference: 112.4 },\r\n  { Breadth: 50.5, Circumference: 111.5 },\r\n  { Breadth: 50.7, Circumference: 110.6 },\r\n  { Breadth: 50.7, Circumference: 111.3 },\r\n  { Breadth: 50.8, Circumference: 110.9 },\r\n  { Breadth: 51.0, Circumference: 111.8 },\r\n  { Breadth: 50.7, Circumference: 108.8 },\r\n  { Breadth: 50.6, Circumference: 108.2 },\r\n  { Breadth: 50.65, Circumference: 108.2 },\r\n  { Breadth: 51.2, Circumference: 108.6 },\r\n  { Breadth: 51.8, Circumference: 112.0 },\r\n  { Breadth: 52.3, Circumference: 113.6 },\r\n  { Breadth: 51.1, Circumference: 115.4 },\r\n  { Breadth: 51.8, Circumference: 115.7 },\r\n  { Breadth: 51.7, Circumference: 117.2 },\r\n  { Breadth: 52.0, Circumference: 119.5 },\r\n  { Breadth: 52.0, Circumference: 120.6 },\r\n  { Breadth: 51.9, Circumference: 122.9 },\r\n  { Breadth: 51.9, Circumference: 124.8 },\r\n  { Breadth: 51.17, Circumference: 124.7 },\r\n  { Breadth: 52.3, Circumference: 128.0 },\r\n  { Breadth: 52.3, Circumference: 128.0 },\r\n  { Breadth: 52.6, Circumference: 124.9 },\r\n  { Breadth: 52.7, Circumference: 124.2 },\r\n  { Breadth: 52.5, Circumference: 120.2 },\r\n  { Breadth: 52.8, Circumference: 119.7 }\r\n]\r\nexport const cluster5Value = [\r\n  { Breadth: 53.1, Circumference: 121.3 },\r\n  { Breadth: 53.0, Circumference: 122.4 },\r\n  { Breadth: 54.6, Circumference: 133.4 },\r\n  { Breadth: 53.3, Circumference: 122.6 },\r\n  { Breadth: 53.6, Circumference: 125.4 },\r\n  { Breadth: 53.9, Circumference: 128.5 },\r\n  { Breadth: 53.3, Circumference: 125.7 },\r\n  { Breadth: 53.3, Circumference: 125.78 },\r\n  { Breadth: 54.0, Circumference: 127.0 },\r\n  { Breadth: 54.0, Circumference: 127.05 },\r\n  { Breadth: 53.1, Circumference: 127.3 },\r\n  { Breadth: 53.6, Circumference: 121.36 },\r\n  { Breadth: 52.6, Circumference: 123.4 },\r\n  { Breadth: 54.0, Circumference: 123.2 },\r\n  { Breadth: 53.8, Circumference: 124.8 },\r\n  { Breadth: 53.3, Circumference: 123.3 },\r\n  { Breadth: 53.3, Circumference: 124.3 },\r\n  { Breadth: 53.8, Circumference: 123.6 },\r\n  { Breadth: 53.8, Circumference: 124.61 },\r\n  { Breadth: 53.5, Circumference: 123.5 }\r\n];",
  "src/context.tsx": "import { createContext } from \"react\";\r\n\r\nexport interface ThemeContextType {\r\n  themeName: string;\r\n}\r\n\r\nexport interface LoadContextType {\r\n   loading: boolean;\r\n   setLoading: React.Dispatch<React.SetStateAction<boolean>>;\r\n}\r\n\r\nexport interface RefreshContextType {\r\n   refresh: boolean;\r\n}\r\n\r\nexport const ThemeContext = createContext<ThemeContextType>({\r\n  themeName: 'material3'\r\n});\r\n\r\nexport const LoadContext = createContext<LoadContextType>({\r\n  loading: true,\r\n  setLoading: () => {}\r\n});\r\n\r\nexport const RefreshContext = createContext<RefreshContextType>({\r\n  refresh: false\r\n});\r\n\r\nexport interface TocContextType {\r\n  routeToc: boolean | undefined;\r\n  setRouteToc: (toc: boolean | undefined) => void;\r\n}\r\n\r\nexport const TocContext = createContext<TocContextType>({\r\n  routeToc: undefined,\r\n  setRouteToc: () => {}\r\n});",
  "src/theme.tsx": "// src/components/chart/theme.tsx\r\nimport {  Theme } from \"@syncfusion/react-charts\";\r\nimport { useContext, useState } from \"react\";\r\nimport { ThemeContext } from './context';\r\n\r\n// Create a custom hook to use in components\r\nexport function useChartTheme() {\r\n  const { themeName } = useContext(ThemeContext);\r\n  const chartTheme: Theme = themeName === 'material3-dark' ? 'Material3Dark' : 'Material3';\r\n  const [pointMaterial3Colors] = useState([\"#6355C7\", \"#00AEE0\", \"#FFB400\", \"#F7523F\", \"#963C70\", \"#FD7400\", \"#4BE0BC\", \"#2196F5\", \"#DE3D8A\", \"#162F88\"]);\r\n  const [pointMaterial3DarkColors] = useState([\"#4EAAFF\", \"#FA4EAB\", \"#FFF500\", \"#17EA58\", \"#38FFE7\", \"#FF9E45\", \"#B3F32F\", \"#B93CE4\", \"#FC5664\", \"#9B55FF\"]);\r\n  \r\n  return {\r\n    chartTheme,\r\n    pointMaterial3Colors,\r\n    pointMaterial3DarkColors\r\n  };\r\n}",
  "dependencies": "{\"@syncfusion/react-charts\":\"*\",\"@syncfusion/react-locale\":\"*\",\"@syncfusion/react-cldr-data\":\"*\"}"
}