{
  "src/App.css": "@import \"@syncfusion/react-base/styles/material3.css\";\n",
  "src/App.tsx": "import {\r\n    Chart, ChartPrimaryXAxis, ChartPrimaryYAxis, ChartSeries, ChartSeriesCollection, ChartTitle, ChartMarker\r\n} from \"@syncfusion/react-charts\"\r\nimport { useRef, useState, useEffect } from \"react\";\r\nimport { generateInitialScatterData } from './generate-scatter-data';\r\nimport { useChartTheme } from './theme';\r\nexport default function App() {\r\n    const { chartTheme } = useChartTheme();\r\n    const [data, setData] = useState(generateInitialScatterData());\r\n    const timerRef = useRef<number | null>(null);\r\n    useEffect(() => {\r\n        timerRef.current = window.setInterval(() => {\r\n            setData(prev =>\r\n                prev.map(point => ({\r\n                    x: point.x,\r\n                    y: Math.random() * 20\r\n                }))\r\n            );\r\n        }, 2000);\r\n        return () => {\r\n            if (timerRef.current !== null) {\r\n                window.clearInterval(timerRef.current);\r\n            }\r\n        };\r\n    }, []);\r\n    return (\r\n        <Chart theme={chartTheme}>\r\n            <ChartTitle text='Auto-Updating Scatter Chart' />\r\n            <ChartPrimaryXAxis valueType={'Double'} />\r\n            <ChartPrimaryYAxis valueType={'Double'} interval={10} />\r\n            <ChartSeriesCollection>\r\n                <ChartSeries dataSource={data} xField=\"x\" yField=\"y\" fill={chartTheme.includes('Dark') ? \"#635DE5\" : \"#5853C6\"} type=\"Scatter\" animation={{ enable: true, duration: 1000 }}>\r\n                    <ChartMarker visible={true} width={10} height={10} shape=\"Circle\" />\r\n                </ChartSeries>\r\n            </ChartSeriesCollection>\r\n        </Chart>\r\n    );\r\n}\r\n",
  "src/generate-scatter-data.ts": "const DATA_COUNT = 12;\r\nconst START_YEAR = 2017;\r\nexport const generateInitialScatterData = () => {\r\n  const arr = [];\r\n  for (let i = 0; i < DATA_COUNT; i++) {\r\n    arr.push({ x: START_YEAR + i, y: Math.random() * 50 });\r\n  }\r\n  return arr;\r\n};",
  "src/context.tsx": "import { createContext } from \"react\";\r\n\r\nexport interface ThemeContextType {\r\n  themeName: string;\r\n}\r\n\r\nexport interface LoadContextType {\r\n   loading: boolean;\r\n   setLoading: React.Dispatch<React.SetStateAction<boolean>>;\r\n}\r\n\r\nexport interface RefreshContextType {\r\n   refresh: boolean;\r\n}\r\n\r\nexport const ThemeContext = createContext<ThemeContextType>({\r\n  themeName: 'material3'\r\n});\r\n\r\nexport const LoadContext = createContext<LoadContextType>({\r\n  loading: true,\r\n  setLoading: () => {}\r\n});\r\n\r\nexport const RefreshContext = createContext<RefreshContextType>({\r\n  refresh: false\r\n});\r\n\r\nexport interface TocContextType {\r\n  routeToc: boolean | undefined;\r\n  setRouteToc: (toc: boolean | undefined) => void;\r\n}\r\n\r\nexport const TocContext = createContext<TocContextType>({\r\n  routeToc: undefined,\r\n  setRouteToc: () => {}\r\n});",
  "src/theme.tsx": "// src/components/chart/theme.tsx\r\nimport {  Theme } from \"@syncfusion/react-charts\";\r\nimport { useContext, useState } from \"react\";\r\nimport { ThemeContext } from './context';\r\n\r\n// Create a custom hook to use in components\r\nexport function useChartTheme() {\r\n  const { themeName } = useContext(ThemeContext);\r\n  const chartTheme: Theme = themeName === 'material3-dark' ? 'Material3Dark' : 'Material3';\r\n  const [pointMaterial3Colors] = useState([\"#6355C7\", \"#00AEE0\", \"#FFB400\", \"#F7523F\", \"#963C70\", \"#FD7400\", \"#4BE0BC\", \"#2196F5\", \"#DE3D8A\", \"#162F88\"]);\r\n  const [pointMaterial3DarkColors] = useState([\"#4EAAFF\", \"#FA4EAB\", \"#FFF500\", \"#17EA58\", \"#38FFE7\", \"#FF9E45\", \"#B3F32F\", \"#B93CE4\", \"#FC5664\", \"#9B55FF\"]);\r\n  \r\n  return {\r\n    chartTheme,\r\n    pointMaterial3Colors,\r\n    pointMaterial3DarkColors\r\n  };\r\n}",
  "dependencies": "{\"@syncfusion/react-charts\":\"*\",\"@syncfusion/react-locale\":\"*\",\"@syncfusion/react-cldr-data\":\"*\"}"
}