{
  "src/App.css": "@import \"@syncfusion/react-base/styles/material3.css\";\n",
  "src/App.tsx": "import { Chart, ChartPrimaryXAxis, ChartPrimaryYAxis, ChartTooltip, ChartSeries, ChartSeriesCollection, ChartMajorGridLines, ChartMinorGridLines, ChartAxisLabel, ChartTitle } from \"@syncfusion/react-charts\"\r\nimport { smartAxisLabelData } from './label-position-data'\r\nimport { useChartTheme } from './theme';\r\nimport { Browser } from \"@syncfusion/react-base\";\r\n\r\nexport default function App() {\r\n    const { chartTheme } = useChartTheme();\r\n    return (\r\n        <Chart theme={chartTheme}>\r\n            <ChartTitle text='Population by Country 2024' />            \r\n            <ChartTooltip enable={true} headerText=\"${point.x}\"  format='Population : <b>${point.y}</b>' />\r\n            <ChartPrimaryXAxis valueType=\"Category\" minorTicksPerInterval={3}>\r\n                <ChartMajorGridLines width={2} dashArray=\"5,3\" />\r\n                <ChartMinorGridLines width={2} dashArray=\"5,3\" />\r\n                <ChartAxisLabel rotationAngle={Browser.isDevice ? -45 : 0} />\r\n            </ChartPrimaryXAxis>\r\n            <ChartPrimaryYAxis lineStyle={{ width: 0 }} minorTicksPerInterval={3} interval={0.3}>\r\n                <ChartMajorGridLines width={2} dashArray=\"5,3\" />\r\n                <ChartMinorGridLines width={2} dashArray=\"5,3\" />\r\n                <ChartAxisLabel format='{value}B' />\r\n            </ChartPrimaryYAxis>\r\n            <ChartSeriesCollection>\r\n                <ChartSeries dataSource={smartAxisLabelData} xField=\"x\" yField=\"y\" type=\"Column\" fill=\"#57A8EB\" columnWidth={0.4} cornerRadius={{ topLeft: 5, topRight: 5 }} />\r\n            </ChartSeriesCollection>\r\n        </Chart>\r\n    );\r\n}",
  "src/label-position-data.ts": "export const smartAxisLabelData = [\r\n  { x: \"India\", y: 1.42 },\r\n  { x: \"China\", y: 1.41},\r\n  { x: \"USA\", y: 0.33 },\r\n  { x: \"Indonesia\", y: 0.27 },\r\n  { x: \"Pakistan\", y: 0.24 },\r\n  { x: \"Nigeria\", y: 0.22 },\r\n  { x: \"Brazil\", y: 0.21 },\r\n  { x: \"Bangladesh\", y: 0.17 }\r\n];",
  "src/context.tsx": "import { createContext } from \"react\";\r\n\r\nexport interface ThemeContextType {\r\n  themeName: string;\r\n}\r\n\r\nexport interface LoadContextType {\r\n   loading: boolean;\r\n   setLoading: React.Dispatch<React.SetStateAction<boolean>>;\r\n}\r\n\r\nexport interface RefreshContextType {\r\n   refresh: boolean;\r\n}\r\n\r\nexport const ThemeContext = createContext<ThemeContextType>({\r\n  themeName: 'material3'\r\n});\r\n\r\nexport const LoadContext = createContext<LoadContextType>({\r\n  loading: true,\r\n  setLoading: () => {}\r\n});\r\n\r\nexport const RefreshContext = createContext<RefreshContextType>({\r\n  refresh: false\r\n});\r\n\r\nexport interface TocContextType {\r\n  routeToc: boolean | undefined;\r\n  setRouteToc: (toc: boolean | undefined) => void;\r\n}\r\n\r\nexport const TocContext = createContext<TocContextType>({\r\n  routeToc: undefined,\r\n  setRouteToc: () => {}\r\n});",
  "src/theme.tsx": "// src/components/chart/theme.tsx\r\nimport {  Theme } from \"@syncfusion/react-charts\";\r\nimport { useContext, useState } from \"react\";\r\nimport { ThemeContext } from './context';\r\n\r\n// Create a custom hook to use in components\r\nexport function useChartTheme() {\r\n  const { themeName } = useContext(ThemeContext);\r\n  const chartTheme: Theme = themeName === 'material3-dark' ? 'Material3Dark' : 'Material3';\r\n  const [pointMaterial3Colors] = useState([\"#6355C7\", \"#00AEE0\", \"#FFB400\", \"#F7523F\", \"#963C70\", \"#FD7400\", \"#4BE0BC\", \"#2196F5\", \"#DE3D8A\", \"#162F88\"]);\r\n  const [pointMaterial3DarkColors] = useState([\"#4EAAFF\", \"#FA4EAB\", \"#FFF500\", \"#17EA58\", \"#38FFE7\", \"#FF9E45\", \"#B3F32F\", \"#B93CE4\", \"#FC5664\", \"#9B55FF\"]);\r\n  \r\n  return {\r\n    chartTheme,\r\n    pointMaterial3Colors,\r\n    pointMaterial3DarkColors\r\n  };\r\n}",
  "dependencies": "{\"@syncfusion/react-charts\":\"*\",\"@syncfusion/react-base\":\"*\",\"@syncfusion/react-locale\":\"*\",\"@syncfusion/react-cldr-data\":\"*\"}"
}