{
  "src/App.css": "@import \"@syncfusion/react-base/styles/material3.css\";\n@import \"@syncfusion/react-buttons/styles/material3.css\";\n@import \"@syncfusion/react-popups/styles/material3.css\";\n@import \"@syncfusion/react-splitbuttons/styles/material3.css\";\n@import \"@syncfusion/react-inputs/styles/material3.css\";\n@import \"@syncfusion/react-lists/styles/material3.css\";\n@import \"@syncfusion/react-dropdowns/styles/material3.css\";\n",
  "src/App.tsx": "import { useState } from \"react\";\r\nimport { Chart, ChartPrimaryXAxis, ChartPrimaryYAxis, ChartSeries, ChartSeriesCollection, ChartAxisLabel, ChartTooltip, ChartTitle, ChartMarker, ChartDataLabel, ChartArea, LabelIntersectMode } from '@syncfusion/react-charts';\r\nimport { smartLabel } from './smart-label-data';\r\nimport { useChartTheme } from \"./theme\";\r\nimport { Browser } from \"@syncfusion/react-base\";\r\nimport { DropDownList } from '@syncfusion/react-dropdowns';\r\nconst dropdownFields = { text: 'text', value: 'value' };\r\nconst intersectActions: { [key: string]: unknown }[] = [\r\n    { text: \"None\", value: \"None\" },\r\n    { text: \"Hide\", value: \"Hide\" },\r\n    { text: \"Trim\", value: \"Trim\" },\r\n    { text: \"Wrap\", value: \"Wrap\" },\r\n    { text: \"Multiple Rows\", value: \"MultipleRows\" },\r\n    { text: \"Rotate 45\", value: \"Rotate45\" },\r\n    { text: \"Rotate 90\", value: \"Rotate90\" }\r\n];\r\nexport default function App() {\r\n    const { chartTheme } = useChartTheme();\r\n    const [intersectAction, setintersectAction] = useState<LabelIntersectMode>(\"Hide\");\r\n    return (\r\n        <div>\r\n            <div style={{ marginBottom: '20px', display: 'flex', alignItems: 'center', gap: '10px', width: '246px' }}>\r\n                <label style={{ fontWeight: 700, whiteSpace: 'nowrap' }}> Intersect Mode</label>\r\n                <DropDownList width={170} dataSource={intersectActions as { [key: string]: object }[]} value={intersectAction} fields={dropdownFields} onChange={(e) => {\r\n                    if (e && e.value !== undefined) {\r\n                        setintersectAction(e.value as LabelIntersectMode);\r\n                    }\r\n                }} />\r\n            </div>\r\n            <Chart theme={chartTheme} width={Browser.isDevice ? \"100%\" : \"75%\"} border={{ width: 2 }}>\r\n                <ChartArea border={{ width: 2 }} />\r\n                <ChartTitle text='Internet Users in Millions' />\r\n                <ChartTooltip enable={true} headerText=\"${point.x}\" format='Internet Users : <b>${point.y}</b>' />\r\n                <ChartPrimaryXAxis valueType={'Category'}>\r\n                    <ChartAxisLabel intersectAction={intersectAction} />\r\n                </ChartPrimaryXAxis>\r\n                <ChartPrimaryYAxis lineStyle={{ width: 0 }}>\r\n                    <ChartAxisLabel format='{value}' />\r\n                </ChartPrimaryYAxis>\r\n                <ChartSeriesCollection>\r\n                    <ChartSeries dataSource={smartLabel} xField=\"x\" yField=\"y\" type=\"Column\" fill=\"#43CDFF\" columnWidth={0.6} cornerRadius={{ topLeft: 5, topRight: 5 }}>\r\n                        <ChartMarker>\r\n                            <ChartDataLabel visible={!Browser.isDevice} format={\"{value}M\"} position=\"Top\" enableRotation={Browser.isDevice} rotationAngle={Browser.isDevice ? -90 : 0} />\r\n                        </ChartMarker>\r\n                    </ChartSeries>\r\n                </ChartSeriesCollection>\r\n            </Chart>\r\n        </div>\r\n    );\r\n}\r\n",
  "src/smart-label-data.ts": "export const smartLabel = [\r\n  { x: 'South Korea', y: 39 }, { x: 'India', y: 61 },\r\n  { x: 'Pakistan', y: 20 }, { x: 'Germany', y: 65 },\r\n  { x: 'Australia', y: 16 }, { x: 'Italy', y: 29 },\r\n  { x: 'France', y: 45 }, { x: 'United Arab Emirates', y: 10 },\r\n  { x: 'Russia', y: 41 }, { x: 'Mexico', y: 31 },\r\n  { x: 'Brazil', y: 76 }, { x: 'China', y: 51 }];",
  "src/context.tsx": "import { createContext } from \"react\";\r\n\r\nexport interface ThemeContextType {\r\n  themeName: string;\r\n}\r\n\r\nexport interface LoadContextType {\r\n   loading: boolean;\r\n   setLoading: React.Dispatch<React.SetStateAction<boolean>>;\r\n}\r\n\r\nexport interface RefreshContextType {\r\n   refresh: boolean;\r\n}\r\n\r\nexport const ThemeContext = createContext<ThemeContextType>({\r\n  themeName: 'material3'\r\n});\r\n\r\nexport const LoadContext = createContext<LoadContextType>({\r\n  loading: true,\r\n  setLoading: () => {}\r\n});\r\n\r\nexport const RefreshContext = createContext<RefreshContextType>({\r\n  refresh: false\r\n});\r\n\r\nexport interface TocContextType {\r\n  routeToc: boolean | undefined;\r\n  setRouteToc: (toc: boolean | undefined) => void;\r\n}\r\n\r\nexport const TocContext = createContext<TocContextType>({\r\n  routeToc: undefined,\r\n  setRouteToc: () => {}\r\n});",
  "src/theme.tsx": "// src/components/chart/theme.tsx\r\nimport {  Theme } from \"@syncfusion/react-charts\";\r\nimport { useContext, useState } from \"react\";\r\nimport { ThemeContext } from './context';\r\n\r\n// Create a custom hook to use in components\r\nexport function useChartTheme() {\r\n  const { themeName } = useContext(ThemeContext);\r\n  const chartTheme: Theme = themeName === 'material3-dark' ? 'Material3Dark' : 'Material3';\r\n  const [pointMaterial3Colors] = useState([\"#6355C7\", \"#00AEE0\", \"#FFB400\", \"#F7523F\", \"#963C70\", \"#FD7400\", \"#4BE0BC\", \"#2196F5\", \"#DE3D8A\", \"#162F88\"]);\r\n  const [pointMaterial3DarkColors] = useState([\"#4EAAFF\", \"#FA4EAB\", \"#FFF500\", \"#17EA58\", \"#38FFE7\", \"#FF9E45\", \"#B3F32F\", \"#B93CE4\", \"#FC5664\", \"#9B55FF\"]);\r\n  \r\n  return {\r\n    chartTheme,\r\n    pointMaterial3Colors,\r\n    pointMaterial3DarkColors\r\n  };\r\n}",
  "dependencies": "{\"@syncfusion/react-charts\":\"*\",\"@syncfusion/react-base\":\"*\",\"@syncfusion/react-dropdowns\":\"*\",\"@syncfusion/react-locale\":\"*\",\"@syncfusion/react-cldr-data\":\"*\"}"
}