{
  "src/App.css": "@import \"@syncfusion/react-base/styles/material3.css\";\n",
  "src/App.tsx": "import {\r\n    Chart, ChartLegend, ChartPrimaryXAxis, ChartPrimaryYAxis,\r\n    ChartSeries, ChartSeriesCollection, ChartMajorTickLines, ChartMajorGridLines, ChartAxisLabel, ChartArea, ChartTooltip,\r\n} from '@syncfusion/react-charts'\r\nimport { useChartTheme } from './theme';\r\n\r\nexport default function App() {\r\n    const { chartTheme } = useChartTheme();\r\n    const data = [\r\n        { country: \"South Korea\", user: 39, dataLabelMappingName: \"39M\" },\r\n        { country: \"India\", user: 61, dataLabelMappingName: \"61M\" },\r\n        { country: \"Pakistan\", user: 20, dataLabelMappingName: \"20M\" },\r\n        { country: \"Germany\", user: 65, dataLabelMappingName: \"65M\" },\r\n        { country: \"Australia\", user: 16, dataLabelMappingName: \"16M\" },\r\n        { country: \"Italy\", user: 29, dataLabelMappingName: \"29M\" },\r\n        { country: \"France\", user: 45, dataLabelMappingName: \"45M\" },\r\n        { country: \"United Arab Emirates\", user: 10, dataLabelMappingName: \"10M\" },\r\n        { country: \"Russia\", user: 41, dataLabelMappingName: \"41M\" },\r\n        { country: \"Mexico\", user: 31, dataLabelMappingName: \"31M\" },\r\n        { country: \"Brazil\", user: 76, dataLabelMappingName: \"76M\" },\r\n        { country: \"China\", user: 51, dataLabelMappingName: \"51M\" }\r\n    ]\r\n    return (\r\n            <Chart theme={chartTheme}>\r\n                <ChartArea border={{ width: 0 }} margin={{ bottom: 30, top: 30, right: 40, left: 40 }} />\r\n                <ChartPrimaryXAxis valueType={'Category'}>\r\n                    <ChartMajorGridLines width={0}/>\r\n                    <ChartAxisLabel color=\"black\" intersectAction=\"Hide\" edgeLabelPlacement={\"Shift\"} rotationAngle={45} maxLabelWidth={34} enableTrim={false}/>\r\n                    <ChartMajorTickLines width={0}/>   \r\n                </ChartPrimaryXAxis>\r\n                <ChartPrimaryYAxis lineStyle={{ width: 0 }}>\r\n                    <ChartAxisLabel fontSize=\"0px\" format=\"{value}\"/>\r\n                    <ChartMajorTickLines width={0}/>\r\n                </ChartPrimaryYAxis>\r\n                <ChartSeriesCollection>\r\n                    <ChartSeries dataSource={data} xField=\"country\" yField=\"user\" name=\"Users\" type=\"Column\" columnWidth={0.4} cornerRadius={{ topLeft: 4, topRight: 4}}/>\r\n                </ChartSeriesCollection>\r\n                <ChartTooltip enable={true} headerText=\"\"  format=\"${point.x} <br> Internet Users : <b>${point.y}M</b>\"/>\r\n                <ChartLegend visible={false}/>\r\n            </Chart>\r\n    )\r\n}",
  "src/context.tsx": "import { createContext } from \"react\";\r\n\r\nexport interface ThemeContextType {\r\n  themeName: string;\r\n}\r\n\r\nexport interface LoadContextType {\r\n   loading: boolean;\r\n   setLoading: React.Dispatch<React.SetStateAction<boolean>>;\r\n}\r\n\r\nexport interface RefreshContextType {\r\n   refresh: boolean;\r\n}\r\n\r\nexport const ThemeContext = createContext<ThemeContextType>({\r\n  themeName: 'material3'\r\n});\r\n\r\nexport const LoadContext = createContext<LoadContextType>({\r\n  loading: true,\r\n  setLoading: () => {}\r\n});\r\n\r\nexport const RefreshContext = createContext<RefreshContextType>({\r\n  refresh: false\r\n});\r\n\r\nexport interface TocContextType {\r\n  routeToc: boolean | undefined;\r\n  setRouteToc: (toc: boolean | undefined) => void;\r\n}\r\n\r\nexport const TocContext = createContext<TocContextType>({\r\n  routeToc: undefined,\r\n  setRouteToc: () => {}\r\n});",
  "src/theme.tsx": "// src/components/chart/theme.tsx\r\nimport {  Theme } from \"@syncfusion/react-charts\";\r\nimport { useContext, useState } from \"react\";\r\nimport { ThemeContext } from './context';\r\n\r\n// Create a custom hook to use in components\r\nexport function useChartTheme() {\r\n  const { themeName } = useContext(ThemeContext);\r\n  const chartTheme: Theme = themeName === 'material3-dark' ? 'Material3Dark' : 'Material3';\r\n  const [pointMaterial3Colors] = useState([\"#6355C7\", \"#00AEE0\", \"#FFB400\", \"#F7523F\", \"#963C70\", \"#FD7400\", \"#4BE0BC\", \"#2196F5\", \"#DE3D8A\", \"#162F88\"]);\r\n  const [pointMaterial3DarkColors] = useState([\"#4EAAFF\", \"#FA4EAB\", \"#FFF500\", \"#17EA58\", \"#38FFE7\", \"#FF9E45\", \"#B3F32F\", \"#B93CE4\", \"#FC5664\", \"#9B55FF\"]);\r\n  \r\n  return {\r\n    chartTheme,\r\n    pointMaterial3Colors,\r\n    pointMaterial3DarkColors\r\n  };\r\n}",
  "dependencies": "{\"@syncfusion/react-charts\":\"*\",\"@syncfusion/react-locale\":\"*\",\"@syncfusion/react-cldr-data\":\"*\"}"
}