{
  "src/App.css": "@import \"@syncfusion/react-base/styles/material3.css\";\n",
  "src/App.tsx": "import { Chart, ChartPrimaryXAxis, ChartPrimaryYAxis, ChartSeriesCollection, ChartSeries, ChartTooltip, ChartAxisLabel, ChartTitle } from \"@syncfusion/react-charts\";\r\nimport { splineAreaData } from './inflation-rate-data';\r\nimport { useChartTheme } from './theme';\r\nexport default function App() {\r\n    const { chartTheme } = useChartTheme();\r\n    return (\r\n        <Chart theme={chartTheme}>\r\n            <ChartTitle text=\"France's Inflation Rate (%) Over Time\"/>            \r\n            <ChartTooltip enable={true} headerText=\"<b>France</b>\" />\r\n            <ChartPrimaryXAxis valueType=\"DateTime\" intervalType=\"Years\" minimum={new Date(2002, 0, 1)} maximum={new Date(2011, 0, 1)}>\r\n                <ChartAxisLabel format=\"y\" edgeLabelPlacement={\"Shift\"} />\r\n            </ChartPrimaryXAxis>\r\n            <ChartPrimaryYAxis lineStyle={{ width: 0 }} maximum={4} interval={1}>\r\n                <ChartAxisLabel format=\"{value}%\" />\r\n            </ChartPrimaryYAxis>\r\n            <ChartSeriesCollection>\r\n                <ChartSeries dataSource={splineAreaData} xField=\"x\" yField=\"y1\" type=\"SplineArea\" opacity={0.4} fill=\"#D6FF89\" width={2} border={{ width: 2, color: chartTheme.includes('Dark') ? \"#A3E920\" : \"#71AD01\", dashArray:'5,5'}}>\r\n                </ChartSeries>\r\n            </ChartSeriesCollection>\r\n        </Chart>\r\n    );\r\n}",
  "src/inflation-rate-data.ts": "export const splineAreaData = [\r\n  { x: new Date(2002, 0, 1), y1: 2.2, y2: 2 },\r\n  { x: new Date(2003, 0, 1), y1: 3.4, y2: 1.7 },\r\n  { x: new Date(2004, 0, 1), y1: 2.8, y2: 1.8 },\r\n  { x: new Date(2005, 0, 1), y1: 1.6, y2: 2.1 },\r\n  { x: new Date(2006, 0, 1), y1: 2.3, y2: 2.3 },\r\n  { x: new Date(2007, 0, 1), y1: 2.5, y2: 1.7 },\r\n  { x: new Date(2008, 0, 1), y1: 2.9, y2: 1.5 },\r\n  { x: new Date(2009, 0, 1), y1: 1.1, y2: 0.5 },\r\n  { x: new Date(2010, 0, 1), y1: 1.4, y2: 1.5 },\r\n  { x: new Date(2011, 0, 1), y1: 1.1, y2: 1.3 }\r\n]",
  "src/context.tsx": "import { createContext } from \"react\";\r\n\r\nexport interface ThemeContextType {\r\n  themeName: string;\r\n}\r\n\r\nexport interface LoadContextType {\r\n   loading: boolean;\r\n   setLoading: React.Dispatch<React.SetStateAction<boolean>>;\r\n}\r\n\r\nexport interface RefreshContextType {\r\n   refresh: boolean;\r\n}\r\n\r\nexport const ThemeContext = createContext<ThemeContextType>({\r\n  themeName: 'material3'\r\n});\r\n\r\nexport const LoadContext = createContext<LoadContextType>({\r\n  loading: true,\r\n  setLoading: () => {}\r\n});\r\n\r\nexport const RefreshContext = createContext<RefreshContextType>({\r\n  refresh: false\r\n});\r\n\r\nexport interface TocContextType {\r\n  routeToc: boolean | undefined;\r\n  setRouteToc: (toc: boolean | undefined) => void;\r\n}\r\n\r\nexport const TocContext = createContext<TocContextType>({\r\n  routeToc: undefined,\r\n  setRouteToc: () => {}\r\n});",
  "src/theme.tsx": "// src/components/chart/theme.tsx\r\nimport {  Theme } from \"@syncfusion/react-charts\";\r\nimport { useContext, useState } from \"react\";\r\nimport { ThemeContext } from './context';\r\n\r\n// Create a custom hook to use in components\r\nexport function useChartTheme() {\r\n  const { themeName } = useContext(ThemeContext);\r\n  const chartTheme: Theme = themeName === 'material3-dark' ? 'Material3Dark' : 'Material3';\r\n  const [pointMaterial3Colors] = useState([\"#6355C7\", \"#00AEE0\", \"#FFB400\", \"#F7523F\", \"#963C70\", \"#FD7400\", \"#4BE0BC\", \"#2196F5\", \"#DE3D8A\", \"#162F88\"]);\r\n  const [pointMaterial3DarkColors] = useState([\"#4EAAFF\", \"#FA4EAB\", \"#FFF500\", \"#17EA58\", \"#38FFE7\", \"#FF9E45\", \"#B3F32F\", \"#B93CE4\", \"#FC5664\", \"#9B55FF\"]);\r\n  \r\n  return {\r\n    chartTheme,\r\n    pointMaterial3Colors,\r\n    pointMaterial3DarkColors\r\n  };\r\n}",
  "dependencies": "{\"@syncfusion/react-charts\":\"*\",\"@syncfusion/react-locale\":\"*\",\"@syncfusion/react-cldr-data\":\"*\"}"
}