{
  "src/App.css": "@import \"@syncfusion/react-base/styles/material3.css\";\n",
  "src/App.tsx": "import { Chart, ChartPrimaryXAxis, ChartPrimaryYAxis, ChartSeries, ChartSeriesCollection, ChartAxisLabel, ChartTitle, ChartTooltip, ChartMarker } from '@syncfusion/react-charts'\r\nimport { areaTransposedData } from './revenue-spline-data';\r\nimport { useChartTheme } from './theme';\r\nexport default function App() {    \r\n    const { chartTheme } = useChartTheme();\r\n    return (\r\n        <Chart theme={chartTheme} transposed={true}>\r\n            <ChartTitle text='Alibaba and Meta (Facebook) revenue' />\r\n            <ChartTooltip enable={true} headerText='${point.x}'  format='${series.name} : <b>${point.y} Billions</b>' />\r\n            <ChartPrimaryXAxis lineStyle={{ width: 0 }} valueType=\"Category\" interval={2}>\r\n            </ChartPrimaryXAxis>\r\n            <ChartPrimaryYAxis minimum={12}>\r\n                <ChartAxisLabel format='{value}B' />\r\n            </ChartPrimaryYAxis>\r\n            <ChartSeriesCollection>\r\n                <ChartSeries dataSource={areaTransposedData} xField=\"x\" yField=\"y1\" type=\"Area\" opacity={0.5} fill={\"#71AD01\"} name=\"Alibaba\" border={{ width: 2, color: chartTheme.indexOf('Dark') > -1 ? \"#30EDC1\" : '#008264' }}>\r\n                    <ChartMarker visible={true} shape='Circle' fill={chartTheme.includes('Dark') ? \"#D6FF89\" : \"#71AD01\"} border={{ width: 2, color: chartTheme.includes('Dark') ? \"#D6FF89\" : \"#71AD01\"}} />\r\n                </ChartSeries>\r\n                <ChartSeries dataSource={areaTransposedData} xField=\"x\" yField=\"y2\" type=\"Area\" opacity={0.5} fill='#71C8EE' name=\"Meta (Facebook)\" border={{ width: 2, color: chartTheme.indexOf('Dark') > -1 ? \"#DCFF89\" : '#5A8100' }} >\r\n                    <ChartMarker visible={true} fill={chartTheme.includes('Dark') ? \"#30C0FF\" : \"#0085BF\"} shape=\"Circle\" border={{ width: 2, color: chartTheme.includes('Dark') ? \"#30C0FF\" : \"#0085BF\"}} />\r\n                </ChartSeries>\r\n            </ChartSeriesCollection>\r\n        </Chart>\r\n    );\r\n}",
  "src/revenue-spline-data.ts": "export const areaTransposedData = [\r\n  { x: 2023, y1: 130.80, y2: 134.90 },\r\n  { x: 2022, y1: 127.84, y2: 116.61 },\r\n  { x: 2021, y1: 129.44, y2: 117.93 },\r\n  { x: 2020, y1: 94.46, y2: 84.17 },\r\n  { x: 2019, y1: 70.49, y2: 69.65 },\r\n  { x: 2018, y1: 51.52, y2: 55.01 },\r\n  { x: 2017, y1: 34.03, y2: 39.94 },\r\n  { x: 2016, y1: 21.40, y2: 26.88 },\r\n  { x: 2015, y1: 14.89, y2: 17.08 },\r\n  { x: 2014, y1: 11.44, y2: 11.49 }\r\n]",
  "src/context.tsx": "import { createContext } from \"react\";\r\n\r\nexport interface ThemeContextType {\r\n  themeName: string;\r\n}\r\n\r\nexport interface LoadContextType {\r\n   loading: boolean;\r\n   setLoading: React.Dispatch<React.SetStateAction<boolean>>;\r\n}\r\n\r\nexport interface RefreshContextType {\r\n   refresh: boolean;\r\n}\r\n\r\nexport const ThemeContext = createContext<ThemeContextType>({\r\n  themeName: 'material3'\r\n});\r\n\r\nexport const LoadContext = createContext<LoadContextType>({\r\n  loading: true,\r\n  setLoading: () => {}\r\n});\r\n\r\nexport const RefreshContext = createContext<RefreshContextType>({\r\n  refresh: false\r\n});\r\n\r\nexport interface TocContextType {\r\n  routeToc: boolean | undefined;\r\n  setRouteToc: (toc: boolean | undefined) => void;\r\n}\r\n\r\nexport const TocContext = createContext<TocContextType>({\r\n  routeToc: undefined,\r\n  setRouteToc: () => {}\r\n});",
  "src/theme.tsx": "// src/components/chart/theme.tsx\r\nimport {  Theme } from \"@syncfusion/react-charts\";\r\nimport { useContext, useState } from \"react\";\r\nimport { ThemeContext } from './context';\r\n\r\n// Create a custom hook to use in components\r\nexport function useChartTheme() {\r\n  const { themeName } = useContext(ThemeContext);\r\n  const chartTheme: Theme = themeName === 'material3-dark' ? 'Material3Dark' : 'Material3';\r\n  const [pointMaterial3Colors] = useState([\"#6355C7\", \"#00AEE0\", \"#FFB400\", \"#F7523F\", \"#963C70\", \"#FD7400\", \"#4BE0BC\", \"#2196F5\", \"#DE3D8A\", \"#162F88\"]);\r\n  const [pointMaterial3DarkColors] = useState([\"#4EAAFF\", \"#FA4EAB\", \"#FFF500\", \"#17EA58\", \"#38FFE7\", \"#FF9E45\", \"#B3F32F\", \"#B93CE4\", \"#FC5664\", \"#9B55FF\"]);\r\n  \r\n  return {\r\n    chartTheme,\r\n    pointMaterial3Colors,\r\n    pointMaterial3DarkColors\r\n  };\r\n}",
  "dependencies": "{\"@syncfusion/react-charts\":\"*\",\"@syncfusion/react-locale\":\"*\",\"@syncfusion/react-cldr-data\":\"*\"}"
}