{
  "src/App.css": "@import \"@syncfusion/react-base/styles/material3.css\";\n@import \"@syncfusion/react-buttons/styles/material3.css\";\n@import \"@syncfusion/react-popups/styles/material3.css\";\n@import \"@syncfusion/react-splitbuttons/styles/material3.css\";\n@import \"@syncfusion/react-inputs/styles/material3.css\";\n@import \"@syncfusion/react-lists/styles/material3.css\";\n@import \"@syncfusion/react-dropdowns/styles/material3.css\";\n",
  "src/App.tsx": "import { useState } from \"react\";\r\nimport { Chart, ChartPrimaryXAxis, ChartPrimaryYAxis, ChartSeriesCollection, ChartSeries, ChartTooltip, ChartMarker, ChartAxisLabel, SplineType, ChartTitle } from \"@syncfusion/react-charts\";\r\nimport { temperatureData } from './temperature-data';\r\nimport { useChartTheme } from './theme';\r\nimport { DropDownList } from '@syncfusion/react-dropdowns';\r\nexport default function App() {\r\n    const { chartTheme } = useChartTheme();\r\n    const [splineType, setSplineType] = useState<SplineType>(\"Natural\");\r\n    const splineTypes: { [key: string]: unknown }[] = [\r\n        { text: \"Natural\", value: \"Natural\" },\r\n        { text: \"Monotonic\", value: \"Monotonic\" },\r\n        { text: \"Cardinal\", value: \"Cardinal\" },\r\n        { text: \"Clamped\", value: \"Clamped\" }\r\n    ];\r\n    const dropdownFields = { text: 'text', value: 'value' };\r\n    return (\r\n        <div>\r\n            <div style={{ marginBottom: '20px', display: 'flex', alignItems: 'center', gap: '10px', width: '190px' }}>\r\n                <label style={{ fontWeight: 700, whiteSpace: 'nowrap' }}> Spline Type</label>\r\n                <DropDownList width={170} dataSource={splineTypes as { [key: string]: object }[]} value={splineType} fields={dropdownFields} onChange={(e) => {\r\n                    if (e && e.value !== undefined) {\r\n                        setSplineType(e.value as SplineType);\r\n                    }\r\n                }} />\r\n            </div>\r\n            <Chart theme={chartTheme}>\r\n                <ChartTitle text=\"2024 US Temperature Trends with Average Records\" />\r\n                <ChartTooltip enable={true} headerText=\"${point.x}\" format=\"Temperature : <b>${point.y}</b>\" />\r\n                <ChartPrimaryXAxis valueType=\"Category\">\r\n                </ChartPrimaryXAxis>\r\n                <ChartPrimaryYAxis lineStyle={{ width: 0 }} minimum={20} maximum={80} interval={10}>\r\n                    <ChartAxisLabel format='{value}°C' />\r\n                </ChartPrimaryYAxis>\r\n                <ChartSeriesCollection>\r\n                    <ChartSeries dataSource={temperatureData} xField=\"x\" yField=\"avg\" type=\"Spline\" splineType={splineType} width={2} fill={\"#6F00FF\"}>\r\n                        <ChartMarker visible={true} />\r\n                    </ChartSeries>\r\n                </ChartSeriesCollection>\r\n            </Chart>\r\n        </div>\r\n    );\r\n}",
  "src/temperature-data.ts": "export const temperatureData = [\r\n  { x: 'Jan', min: 22.75, avg: 31.89, max: 41.02 },\r\n  { x: 'Feb', min: 29.71, avg: 40.82, max: 51.93 },\r\n  { x: 'Mar', min: 33.53, avg: 44.96, max: 56.39 },\r\n  { x: 'Apr', min: 41.22, avg: 53.64, max: 66.06 },\r\n  { x: 'May', min: 49.87, avg: 62.28, max: 74.64 },\r\n  { x: 'Jun', min: 59.02, avg: 71.80, max: 84.58 },\r\n  { x: 'Jul', min: 62.94, avg: 75.69, max: 88.43 },\r\n  { x: 'Aug', min: 61.27, avg: 73.99, max: 86.72 },\r\n  { x: 'Sep', min: 55.36, avg: 68.61, max: 81.86 },\r\n  { x: 'Oct', min: 44.76, avg: 58.95, max: 73.13 },\r\n  { x: 'Nov', min: 34.79, avg: 45.18, max: 55.54 },\r\n  { x: 'Dec', min: 28.04, avg: 38.21, max: 48.36 }\r\n]",
  "src/context.tsx": "import { createContext } from \"react\";\r\n\r\nexport interface ThemeContextType {\r\n  themeName: string;\r\n}\r\n\r\nexport interface LoadContextType {\r\n   loading: boolean;\r\n   setLoading: React.Dispatch<React.SetStateAction<boolean>>;\r\n}\r\n\r\nexport interface RefreshContextType {\r\n   refresh: boolean;\r\n}\r\n\r\nexport const ThemeContext = createContext<ThemeContextType>({\r\n  themeName: 'material3'\r\n});\r\n\r\nexport const LoadContext = createContext<LoadContextType>({\r\n  loading: true,\r\n  setLoading: () => {}\r\n});\r\n\r\nexport const RefreshContext = createContext<RefreshContextType>({\r\n  refresh: false\r\n});\r\n\r\nexport interface TocContextType {\r\n  routeToc: boolean | undefined;\r\n  setRouteToc: (toc: boolean | undefined) => void;\r\n}\r\n\r\nexport const TocContext = createContext<TocContextType>({\r\n  routeToc: undefined,\r\n  setRouteToc: () => {}\r\n});",
  "src/theme.tsx": "// src/components/chart/theme.tsx\r\nimport {  Theme } from \"@syncfusion/react-charts\";\r\nimport { useContext, useState } from \"react\";\r\nimport { ThemeContext } from './context';\r\n\r\n// Create a custom hook to use in components\r\nexport function useChartTheme() {\r\n  const { themeName } = useContext(ThemeContext);\r\n  const chartTheme: Theme = themeName === 'material3-dark' ? 'Material3Dark' : 'Material3';\r\n  const [pointMaterial3Colors] = useState([\"#6355C7\", \"#00AEE0\", \"#FFB400\", \"#F7523F\", \"#963C70\", \"#FD7400\", \"#4BE0BC\", \"#2196F5\", \"#DE3D8A\", \"#162F88\"]);\r\n  const [pointMaterial3DarkColors] = useState([\"#4EAAFF\", \"#FA4EAB\", \"#FFF500\", \"#17EA58\", \"#38FFE7\", \"#FF9E45\", \"#B3F32F\", \"#B93CE4\", \"#FC5664\", \"#9B55FF\"]);\r\n  \r\n  return {\r\n    chartTheme,\r\n    pointMaterial3Colors,\r\n    pointMaterial3DarkColors\r\n  };\r\n}",
  "dependencies": "{\"@syncfusion/react-charts\":\"*\",\"@syncfusion/react-dropdowns\":\"*\",\"@syncfusion/react-locale\":\"*\",\"@syncfusion/react-cldr-data\":\"*\"}"
}