{
  "src/App.css": "@import \"@syncfusion/react-base/styles/material3.css\";\n",
  "src/App.tsx": "import { useEffect, useRef, useState } from \"react\";\r\nimport {\r\n    Chart, ChartPrimaryXAxis, ChartPrimaryYAxis, ChartSeries, ChartSeriesCollection, ChartTitle, ChartComponentProps, ChartMarker, ChartAxisLabel,\r\n    ChartMajorGridLines\r\n} from '@syncfusion/react-charts'\r\nimport { useChartTheme } from \"./theme\";\r\nimport { Browser } from \"@syncfusion/react-base\";\r\nconst initialData = [\r\n    { x: new Date(2020, 0, 1, 10, 0), y: 21.5 },\r\n    { x: new Date(2020, 0, 1, 10, 1), y: 24.0 },\r\n    { x: new Date(2020, 0, 1, 10, 2), y: 41.3 },\r\n    { x: new Date(2020, 0, 1, 10, 3), y: 49.5 },\r\n    { x: new Date(2020, 0, 1, 10, 4), y: 61.0 },\r\n    { x: new Date(2020, 0, 1, 10, 5), y: 48.6 },\r\n    { x: new Date(2020, 0, 1, 10, 6), y: 39.5 },\r\n    { x: new Date(2020, 0, 1, 10, 7), y: 42.1 }\r\n];\r\nexport default function App() {\r\n    const { chartTheme } = useChartTheme();\r\n    const chartRef = useRef<ChartComponentProps>(null);\r\n    const [dataSource, setDataSource] = useState(initialData);\r\n    const intervalRef = useRef<ReturnType<typeof setTimeout> | null>(null);\r\n    const getRandomValue = (min: number, max: number) => {\r\n        return Math.floor(Math.random() * (max - min + 1)) + min;\r\n    };\r\n    const addPoint = () => {\r\n        setDataSource(prevData => {\r\n            if (prevData.length === 0) {\r\n                return prevData;\r\n            }\r\n            const newData = [...prevData];\r\n            const lastPoint = newData[newData.length - 1];\r\n            const newMinute = new Date(lastPoint.x);\r\n            newMinute.setMinutes(newMinute.getMinutes() + 1);\r\n            const lastY = lastPoint.y;\r\n            const newY = Math.max(5, Math.min(60, lastY + getRandomValue(-15, 15)));\r\n            newData.push({ x: newMinute, y: newY });\r\n            return newData;\r\n        });\r\n    };\r\n    const removeFirstPoint = () => {\r\n        setDataSource(prevData => {\r\n            if (prevData.length === 0) {\r\n                return prevData;\r\n            }\r\n            const newData = [...prevData];\r\n            return newData.slice(1);\r\n        });\r\n    };\r\n    const updateData = () => {\r\n        addPoint();\r\n        setTimeout(() => {\r\n            removeFirstPoint();\r\n        }, 1000);\r\n    };\r\n    useEffect(() => {\r\n        intervalRef.current = setInterval(updateData, 2000);\r\n        return () => {\r\n            if (intervalRef.current) {\r\n                clearInterval(intervalRef.current);\r\n                intervalRef.current = null;\r\n            }\r\n        };\r\n    }, []);\r\n    return (\r\n        <Chart ref={chartRef} theme={chartTheme}>\r\n            <ChartTitle text={'Live Spline Chart'} />\r\n            <ChartPrimaryXAxis valueType={'DateTime'} interval={1} intervalType=\"Minutes\">\r\n                <ChartAxisLabel rotationAngle={Browser.isDevice ? -45 : 0} />\r\n                <ChartMajorGridLines width={1} />\r\n            </ChartPrimaryXAxis>\r\n            <ChartPrimaryYAxis valueType={'Double'} maximum={70}>\r\n                <ChartMajorGridLines width={1} />\r\n            </ChartPrimaryYAxis>\r\n            <ChartSeriesCollection>\r\n                <ChartSeries dataSource={dataSource} xField=\"x\" yField=\"y\" type=\"Spline\" fill=\"#E377C2\" animation={{ enable: true, duration: 500 }}>\r\n                    <ChartMarker visible={true} />\r\n                </ChartSeries>\r\n            </ChartSeriesCollection>\r\n        </Chart>\r\n    );\r\n};",
  "src/context.tsx": "import { createContext } from \"react\";\r\n\r\nexport interface ThemeContextType {\r\n  themeName: string;\r\n}\r\n\r\nexport interface LoadContextType {\r\n   loading: boolean;\r\n   setLoading: React.Dispatch<React.SetStateAction<boolean>>;\r\n}\r\n\r\nexport interface RefreshContextType {\r\n   refresh: boolean;\r\n}\r\n\r\nexport const ThemeContext = createContext<ThemeContextType>({\r\n  themeName: 'material3'\r\n});\r\n\r\nexport const LoadContext = createContext<LoadContextType>({\r\n  loading: true,\r\n  setLoading: () => {}\r\n});\r\n\r\nexport const RefreshContext = createContext<RefreshContextType>({\r\n  refresh: false\r\n});\r\n\r\nexport interface TocContextType {\r\n  routeToc: boolean | undefined;\r\n  setRouteToc: (toc: boolean | undefined) => void;\r\n}\r\n\r\nexport const TocContext = createContext<TocContextType>({\r\n  routeToc: undefined,\r\n  setRouteToc: () => {}\r\n});",
  "src/theme.tsx": "// src/components/chart/theme.tsx\r\nimport {  Theme } from \"@syncfusion/react-charts\";\r\nimport { useContext, useState } from \"react\";\r\nimport { ThemeContext } from './context';\r\n\r\n// Create a custom hook to use in components\r\nexport function useChartTheme() {\r\n  const { themeName } = useContext(ThemeContext);\r\n  const chartTheme: Theme = themeName === 'material3-dark' ? 'Material3Dark' : 'Material3';\r\n  const [pointMaterial3Colors] = useState([\"#6355C7\", \"#00AEE0\", \"#FFB400\", \"#F7523F\", \"#963C70\", \"#FD7400\", \"#4BE0BC\", \"#2196F5\", \"#DE3D8A\", \"#162F88\"]);\r\n  const [pointMaterial3DarkColors] = useState([\"#4EAAFF\", \"#FA4EAB\", \"#FFF500\", \"#17EA58\", \"#38FFE7\", \"#FF9E45\", \"#B3F32F\", \"#B93CE4\", \"#FC5664\", \"#9B55FF\"]);\r\n  \r\n  return {\r\n    chartTheme,\r\n    pointMaterial3Colors,\r\n    pointMaterial3DarkColors\r\n  };\r\n}",
  "dependencies": "{\"@syncfusion/react-charts\":\"*\",\"@syncfusion/react-base\":\"*\",\"@syncfusion/react-locale\":\"*\",\"@syncfusion/react-cldr-data\":\"*\"}"
}