{
  "src/App.css": "@import \"@syncfusion/react-base/styles/material3.css\";\n",
  "src/App.tsx": "import { Chart, ChartPrimaryXAxis, ChartPrimaryYAxis, ChartSeries, ChartSeriesCollection, ChartTooltip, ChartMarker, ChartTitle, ChartAxisTitle, ChartStripLines, ChartStripLine } from '@syncfusion/react-charts';\r\nimport { lineNegativeData } from './gold-data';\r\nimport { useChartTheme } from './theme';\r\nexport default function App() {\r\n    const { chartTheme } = useChartTheme();\r\n    return (\r\n        <Chart theme={chartTheme}>\r\n            <ChartTitle text={`Annual Gold Price (2009-2023) in USD`} />\r\n            <ChartPrimaryXAxis valueType={'Double'}>\r\n            </ChartPrimaryXAxis>\r\n            <ChartPrimaryYAxis lineStyle={{ width: 0 }}>\r\n                <ChartAxisTitle text='% Annual Exchange Rate' />\r\n                <ChartStripLines>\r\n                    <ChartStripLine range={{ start: 20, end: 20.5, size: 1 }} visible={true} style={{ dashArray: '10,10' }} />\r\n                    <ChartStripLine range={{ start: 21, end: 21.5, size: 1 }} style={{ color: 'transparent', dashArray: '4,4' }} visible={true} text={{ content: 'Highest Annual Growth', hAlign: 'Right', rotation: 0, font: { color: chartTheme.includes('Dark') ? '#50C812' : '#337D0E' } }} />\r\n                    <ChartStripLine range={{ start: -25, end: -24.5, size: 1 }} visible={true} style={{ dashArray: '10,10' }} />\r\n                    <ChartStripLine range={{ start: -28.5, end: -28, size: 1 }} style={{ color: 'transparent', dashArray: '4,4' }} visible={true} text={{ content: 'Lowest Annual Growth', hAlign: 'Right', rotation: 0, font: { color: chartTheme.includes('Dark') ? '#F5463C' : '#E02F25' } }} />\r\n                </ChartStripLines>\r\n            </ChartPrimaryYAxis>\r\n            <ChartSeriesCollection>\r\n                <ChartSeries dataSource={lineNegativeData} xField=\"x\" yField=\"USD\" width={2} type=\"Spline\" fill={\"#34B98F\"}>\r\n                    <ChartMarker visible={true} />\r\n                </ChartSeries>\r\n            </ChartSeriesCollection>\r\n            <ChartTooltip enable={true} headerText='${point.x}' format={`Annual Growth : <b>${'${point.y}'}</b>`} />\r\n        </Chart>\r\n    );\r\n}\r\n",
  "src/gold-data.ts": "export const lineNegativeData = [\r\n  { x: 2009, USD: 23.4, AUD: -3.0, CAD: 5.9, CHF: 20.1, CNY: 23.6, EUR: 20.7, GBP: 12.7, INR: 19.3, JPY: 26.8 },\r\n  { x: 2010, USD: 29.5, AUD: 13.5, CAD: 22.3, CHF: 16.7, CNY: 24.9, EUR: 38.8, GBP: 34.3, INR: 23.7, JPY: 13.0 },\r\n  { x: 2011, USD: 10.1, AUD: 10.2, CAD: 13.5, CHF: 11.2, CNY: 5.9, EUR: 14.2, GBP: 10.5, INR: 31.1, JPY: 4.5 },\r\n  { x: 2012, USD: 7.0, AUD: 5.4, CAD: 4.3, CHF: 4.2, CNY: 6.2, EUR: 4.9, GBP: 2.2, INR: 10.3, JPY: 20.7 },\r\n  { x: 2013, USD: -28.3, AUD: -16.2, CAD: -23.0, CHF: -30.1, CNY: -30.2, EUR: -31.2, GBP: -29.4, INR: -18.7, JPY: -12.8 },\r\n  { x: 2014, USD: -1.5, AUD: 7.7, CAD: 7.9, CHF: 9.9, CNY: 1.2, EUR: 12.1, GBP: 5.0, INR: 0.8, JPY: 12.3 },\r\n  { x: 2015, USD: -10.4, AUD: 0.4, CAD: 7.5, CHF: -9.9, CNY: -6.2, EUR: -0.3, GBP: -5.2, INR: -5.9, JPY: -10.1 },\r\n  { x: 2016, USD: 9.1, AUD: 10.5, CAD: 5.9, CHF: 10.8, CNY: 16.8, EUR: 12.4, GBP: 30.2, INR: 11.9, JPY: 5.8 },\r\n  { x: 2017, USD: 13.6, AUD: 4.6, CAD: 6.0, CHF: 8.1, CNY: 6.4, EUR: -1.0, GBP: 3.2, INR: 6.4, JPY: 8.9 },\r\n  { x: 2018, USD: -2.1, AUD: 8.5, CAD: 6.3, CHF: -1.2, CNY: 3.5, EUR: 2.7, GBP: 3.8, INR: 6.6, JPY: -4.7 },\r\n  { x: 2019, USD: 18.9, AUD: 19.3, CAD: 13.0, CHF: 17.1, CNY: 20.3, EUR: 22.7, GBP: 14.2, INR: 21.6, JPY: 17.7 },\r\n  { x: 2020, USD: 24.6, AUD: 13.6, CAD: 22.2, CHF: 14.0, CNY: 16.9, EUR: 14.4, GBP: 20.9, INR: 27.9, JPY: 18.5 },\r\n  { x: 2021, USD: -3.5, AUD: 2.2, CAD: -4.1, CHF: -2.0, CNY: -6.1, EUR: 2.9, GBP: -2.5, INR: -1.6, JPY: 7.5 },\r\n  { x: 2022, USD: -0.3, AUD: 6.5, CAD: 6.9, CHF: 1.0, CNY: 8.3, EUR: 6.0, GBP: 11.8, INR: 10.7, JPY: 13.4 },\r\n  { x: 2023, USD: 12.8, AUD: 12.6, CAD: 9.9, CHF: 2.4, CNY: 15.7, EUR: 8.7, GBP: 6.6, INR: 13.4, JPY: 21.6 }\r\n];",
  "src/context.tsx": "import { createContext } from \"react\";\r\n\r\nexport interface ThemeContextType {\r\n  themeName: string;\r\n}\r\n\r\nexport interface LoadContextType {\r\n   loading: boolean;\r\n   setLoading: React.Dispatch<React.SetStateAction<boolean>>;\r\n}\r\n\r\nexport interface RefreshContextType {\r\n   refresh: boolean;\r\n}\r\n\r\nexport const ThemeContext = createContext<ThemeContextType>({\r\n  themeName: 'material3'\r\n});\r\n\r\nexport const LoadContext = createContext<LoadContextType>({\r\n  loading: true,\r\n  setLoading: () => {}\r\n});\r\n\r\nexport const RefreshContext = createContext<RefreshContextType>({\r\n  refresh: false\r\n});\r\n\r\nexport interface TocContextType {\r\n  routeToc: boolean | undefined;\r\n  setRouteToc: (toc: boolean | undefined) => void;\r\n}\r\n\r\nexport const TocContext = createContext<TocContextType>({\r\n  routeToc: undefined,\r\n  setRouteToc: () => {}\r\n});",
  "src/theme.tsx": "// src/components/chart/theme.tsx\r\nimport {  Theme } from \"@syncfusion/react-charts\";\r\nimport { useContext, useState } from \"react\";\r\nimport { ThemeContext } from './context';\r\n\r\n// Create a custom hook to use in components\r\nexport function useChartTheme() {\r\n  const { themeName } = useContext(ThemeContext);\r\n  const chartTheme: Theme = themeName === 'material3-dark' ? 'Material3Dark' : 'Material3';\r\n  const [pointMaterial3Colors] = useState([\"#6355C7\", \"#00AEE0\", \"#FFB400\", \"#F7523F\", \"#963C70\", \"#FD7400\", \"#4BE0BC\", \"#2196F5\", \"#DE3D8A\", \"#162F88\"]);\r\n  const [pointMaterial3DarkColors] = useState([\"#4EAAFF\", \"#FA4EAB\", \"#FFF500\", \"#17EA58\", \"#38FFE7\", \"#FF9E45\", \"#B3F32F\", \"#B93CE4\", \"#FC5664\", \"#9B55FF\"]);\r\n  \r\n  return {\r\n    chartTheme,\r\n    pointMaterial3Colors,\r\n    pointMaterial3DarkColors\r\n  };\r\n}",
  "dependencies": "{\"@syncfusion/react-charts\":\"*\",\"@syncfusion/react-locale\":\"*\",\"@syncfusion/react-cldr-data\":\"*\"}"
}