{
  "src/App.css": "@import \"@syncfusion/react-base/styles/material3.css\";\n",
  "src/App.tsx": "import { Chart, ChartPrimaryXAxis, ChartPrimaryYAxis, ChartSeries, ChartSeriesCollection, ChartTooltip, ChartAxisTitle, ChartAxisLabel, ChartTitle, ChartLegend, ChartMarker } from '@syncfusion/react-charts'\r\nimport { stackingColumnData } from './stacking-column-data'\r\nimport { useChartTheme } from './theme';\r\nexport default function App() {\r\n    const { chartTheme } = useChartTheme();\r\n    return (\r\n        <Chart theme={chartTheme}>\r\n            <ChartTitle text='Global Cotton Production by Country (2019–2024)' />            \r\n            <ChartPrimaryXAxis valueType={'Category'} interval={1}>\r\n                <ChartAxisLabel intersectAction='Rotate45' />\r\n            </ChartPrimaryXAxis>\r\n            <ChartPrimaryYAxis lineStyle={{ width: 0 }} interval={20}>                \r\n                <ChartAxisLabel format='{value}M' />\r\n                <ChartAxisTitle text='Production (60KG Bags)' />\r\n            </ChartPrimaryYAxis>\r\n            <ChartSeriesCollection>\r\n                <ChartSeries dataSource={stackingColumnData} xField='x' yField='y1' name='India' fill='#FFA24C' columnWidth={0.4} type='StackingColumn' legendShape='Rectangle'>\r\n                    <ChartMarker visible={false} shape='Rectangle' />\r\n                </ChartSeries>\r\n                <ChartSeries dataSource={stackingColumnData} xField='x' yField='y2' name='China' fill='#FF77B7' columnWidth={0.4} type='StackingColumn' legendShape='Rectangle'>\r\n                    <ChartMarker visible={false} shape='Rectangle' />\r\n                </ChartSeries>\r\n                <ChartSeries dataSource={stackingColumnData} xField='x' yField='y3' name='United States' fill='#219C90' columnWidth={0.4} type='StackingColumn' legendShape='Rectangle' cornerRadius={{ topLeft: 5, topRight: 5 }}>\r\n                    <ChartMarker visible={false} shape='Rectangle' />\r\n                </ChartSeries>\r\n            </ChartSeriesCollection>\r\n            <ChartLegend visible={true} />\r\n            <ChartTooltip enable={true} headerText='${point.x}'  format='${series.name} : <b>${point.y}</b>' />\r\n        </Chart>\r\n    )\r\n}",
  "src/stacking-column-data.ts": "export const stackingColumnData = [\r\n  { x: '2019', y1: 28.5, y2: 26.9, y3: 19.9, total: 75.3 },\r\n  { x: '2020', y1: 27.5, y2: 29.3, y3: 14.6, total: 71.4 },\r\n  { x: '2021', y1: 24.3, y2: 26.7, y3: 17.5, total: 68.5 },\r\n  { x: '2022', y1: 26.3, y2: 30.8, y3: 14.5, total: 71.6 },\r\n  { x: '2023', y1: 25.4, y2: 27.4, y3: 12.1, total: 64.9 },\r\n  { x: '2024', y1: 25, y2: 31, y3: 14.4, total: 70.4 }\r\n]",
  "src/context.tsx": "import { createContext } from \"react\";\r\n\r\nexport interface ThemeContextType {\r\n  themeName: string;\r\n}\r\n\r\nexport interface LoadContextType {\r\n   loading: boolean;\r\n   setLoading: React.Dispatch<React.SetStateAction<boolean>>;\r\n}\r\n\r\nexport interface RefreshContextType {\r\n   refresh: boolean;\r\n}\r\n\r\nexport const ThemeContext = createContext<ThemeContextType>({\r\n  themeName: 'material3'\r\n});\r\n\r\nexport const LoadContext = createContext<LoadContextType>({\r\n  loading: true,\r\n  setLoading: () => {}\r\n});\r\n\r\nexport const RefreshContext = createContext<RefreshContextType>({\r\n  refresh: false\r\n});\r\n\r\nexport interface TocContextType {\r\n  routeToc: boolean | undefined;\r\n  setRouteToc: (toc: boolean | undefined) => void;\r\n}\r\n\r\nexport const TocContext = createContext<TocContextType>({\r\n  routeToc: undefined,\r\n  setRouteToc: () => {}\r\n});",
  "src/theme.tsx": "// src/components/chart/theme.tsx\r\nimport {  Theme } from \"@syncfusion/react-charts\";\r\nimport { useContext, useState } from \"react\";\r\nimport { ThemeContext } from './context';\r\n\r\n// Create a custom hook to use in components\r\nexport function useChartTheme() {\r\n  const { themeName } = useContext(ThemeContext);\r\n  const chartTheme: Theme = themeName === 'material3-dark' ? 'Material3Dark' : 'Material3';\r\n  const [pointMaterial3Colors] = useState([\"#6355C7\", \"#00AEE0\", \"#FFB400\", \"#F7523F\", \"#963C70\", \"#FD7400\", \"#4BE0BC\", \"#2196F5\", \"#DE3D8A\", \"#162F88\"]);\r\n  const [pointMaterial3DarkColors] = useState([\"#4EAAFF\", \"#FA4EAB\", \"#FFF500\", \"#17EA58\", \"#38FFE7\", \"#FF9E45\", \"#B3F32F\", \"#B93CE4\", \"#FC5664\", \"#9B55FF\"]);\r\n  \r\n  return {\r\n    chartTheme,\r\n    pointMaterial3Colors,\r\n    pointMaterial3DarkColors\r\n  };\r\n}",
  "dependencies": "{\"@syncfusion/react-charts\":\"*\",\"@syncfusion/react-locale\":\"*\",\"@syncfusion/react-cldr-data\":\"*\"}"
}