{
  "src/App.css": "@import \"@syncfusion/react-base/styles/material3.css\";\n",
  "src/App.tsx": "import { Chart, ChartPrimaryXAxis, ChartPrimaryYAxis, ChartSeries, ChartSeriesCollection, ChartTooltip, ChartLegend, ChartTitle, ChartAxisLabel } from '@syncfusion/react-charts'\r\nimport { stackingColumnGroupData } from './stacking-group-data';\r\nimport { useChartTheme } from './theme';\r\nimport { Browser } from '@syncfusion/react-base';\r\nexport default function App() {\r\n    const { chartTheme } = useChartTheme();\r\n    return (\r\n        <Chart theme={chartTheme}>\r\n            <ChartTitle text=\"Steel Production by Countries, Grouped by Continent\"/>            \r\n            <ChartPrimaryXAxis valueType=\"Category\" interval={1}/>\r\n            <ChartPrimaryYAxis maximum={60} interval={10} lineStyle={{ width: 0 }}>\r\n                <ChartAxisLabel rotationAngle={ Browser.isDevice ? -45 : 0 } format='{value} Mmt' />\r\n            </ChartPrimaryYAxis>\r\n            <ChartLegend visible={true} />\r\n            <ChartTooltip enable={true} headerText=\"${point.x}\"  format='${series.name} : <b>${point.y}</b><br/> Total : <b>${point.tooltip} Mmt</b>' />\r\n            <ChartSeriesCollection>\r\n                <ChartSeries dataSource={stackingColumnGroupData} xField=\"x\" yField=\"y1\" name=\"Iran\" type=\"StackingBar\" stackingGroup=\"Asia\" columnSpacing={0.2} fill=\"#E195AB\" legendShape='Circle' tooltipField='total' border={{ width: 1, color: chartTheme.includes('Dark') ? 'black' : 'white'}}/>\r\n                <ChartSeries dataSource={stackingColumnGroupData} xField=\"x\" yField=\"y2\" name=\"Indonesia\" type=\"StackingBar\" stackingGroup=\"Asia\" columnSpacing={0.2} fill=\"#7E99A3\" legendShape='Circle' cornerRadius={{ bottomRight: 10, topRight: 10 }} tooltipField='total' border={{ width: 1, color: chartTheme.includes('Dark') ? 'black' : 'white'}}/>                \r\n                <ChartSeries dataSource={stackingColumnGroupData} xField=\"x\" yField=\"y3\" name=\"Italy\" type=\"StackingBar\" stackingGroup=\"Europe\" columnSpacing={0.2} fill=\"#67BFA2\" legendShape='Circle' tooltipField='total' border={{ width: 1, color: chartTheme.includes('Dark') ? 'black' : 'white'}} />\r\n                <ChartSeries dataSource={stackingColumnGroupData} xField=\"x\" yField=\"y4\" name=\"France\" type=\"StackingBar\" stackingGroup=\"Europe\" columnSpacing={0.2} fill=\"#B2CD9C\" legendShape='Circle' cornerRadius={{ bottomRight: 10, topRight: 10 }} tooltipField='total' border={{ width: 1, color: chartTheme.includes('Dark') ? 'black' : 'white'}} />                \r\n            </ChartSeriesCollection>\r\n        </Chart>\r\n    );\r\n}\r\n",
  "src/stacking-group-data.ts": "export const stackingColumnGroupData = [\r\n  {x: '2018', y1: 24.5, y2: 6.2, y3: 24.5, y4: 15.4, total: 70.6},\r\n  {x: '2019', y1: 25.6, y2: 15.6, y3: 23.2, y4: 21.1, total: 85.5},\r\n  {x: '2020', y1: 29, y2: 14.3, y3: 20.4, y4: 13.9, total: 77.6},\r\n  {x: '2021', y1: 28.5, y2: 9.3, y3: 23.2, y4: 11.6, total: 75.4},\r\n  {x: '2022', y1: 30.6, y2: 7.8, y3: 24.5, y4: 14.4, total: 77.3},\r\n\r\n];",
  "src/context.tsx": "import { createContext } from \"react\";\r\n\r\nexport interface ThemeContextType {\r\n  themeName: string;\r\n}\r\n\r\nexport interface LoadContextType {\r\n   loading: boolean;\r\n   setLoading: React.Dispatch<React.SetStateAction<boolean>>;\r\n}\r\n\r\nexport interface RefreshContextType {\r\n   refresh: boolean;\r\n}\r\n\r\nexport const ThemeContext = createContext<ThemeContextType>({\r\n  themeName: 'material3'\r\n});\r\n\r\nexport const LoadContext = createContext<LoadContextType>({\r\n  loading: true,\r\n  setLoading: () => {}\r\n});\r\n\r\nexport const RefreshContext = createContext<RefreshContextType>({\r\n  refresh: false\r\n});\r\n\r\nexport interface TocContextType {\r\n  routeToc: boolean | undefined;\r\n  setRouteToc: (toc: boolean | undefined) => void;\r\n}\r\n\r\nexport const TocContext = createContext<TocContextType>({\r\n  routeToc: undefined,\r\n  setRouteToc: () => {}\r\n});",
  "src/theme.tsx": "// src/components/chart/theme.tsx\r\nimport {  Theme } from \"@syncfusion/react-charts\";\r\nimport { useContext, useState } from \"react\";\r\nimport { ThemeContext } from './context';\r\n\r\n// Create a custom hook to use in components\r\nexport function useChartTheme() {\r\n  const { themeName } = useContext(ThemeContext);\r\n  const chartTheme: Theme = themeName === 'material3-dark' ? 'Material3Dark' : 'Material3';\r\n  const [pointMaterial3Colors] = useState([\"#6355C7\", \"#00AEE0\", \"#FFB400\", \"#F7523F\", \"#963C70\", \"#FD7400\", \"#4BE0BC\", \"#2196F5\", \"#DE3D8A\", \"#162F88\"]);\r\n  const [pointMaterial3DarkColors] = useState([\"#4EAAFF\", \"#FA4EAB\", \"#FFF500\", \"#17EA58\", \"#38FFE7\", \"#FF9E45\", \"#B3F32F\", \"#B93CE4\", \"#FC5664\", \"#9B55FF\"]);\r\n  \r\n  return {\r\n    chartTheme,\r\n    pointMaterial3Colors,\r\n    pointMaterial3DarkColors\r\n  };\r\n}",
  "dependencies": "{\"@syncfusion/react-charts\":\"*\",\"@syncfusion/react-base\":\"*\",\"@syncfusion/react-locale\":\"*\",\"@syncfusion/react-cldr-data\":\"*\"}"
}