{
  "src/App.css": "@import \"@syncfusion/react-base/styles/material3.css\";\n",
  "src/App.tsx": "import { Chart, ChartPrimaryXAxis, ChartPrimaryYAxis, ChartSeries, ChartSeriesCollection, ChartTooltip } from '@syncfusion/react-charts'\r\nimport { stackColumnEmptydata } from './column-empty-data'\r\nimport { useState } from 'react';\r\nimport { useChartTheme } from './theme';\r\n\r\ntype EmptyPointMode = \"Gap\" | \"Zero\" | \"Average\" | \"Drop\";\r\nexport default function App() {\r\n\r\n    const { chartTheme } = useChartTheme();\r\n    const [emptyPointMode, setEmptyPointMode] = useState<EmptyPointMode>(\"Gap\");\r\n\r\n    return (\r\n        <div>\r\n            <div style={{ marginBottom: '20px' }}>\r\n                <label style={{ marginRight: '10px' }}>Empty Point Mode:</label>\r\n                <select\r\n                    value={emptyPointMode} onChange={(e) => setEmptyPointMode(e.target.value as EmptyPointMode)}\r\n                    style={{\r\n                        padding: '10px',\r\n                        borderRadius: '5px',\r\n                        border: '1px solid #ccc',\r\n                        boxShadow: '0 2px 5px rgba(0,0,0,0.1)',\r\n                        fontSize: '16px',\r\n                        color: chartTheme.includes('Dark') ? 'white': 'black'\r\n                    }}>\r\n                    <option value=\"Gap\">Gap</option>\r\n                    <option value=\"Zero\">Zero</option>\r\n                    <option value=\"Average\">Average</option>\r\n                    <option value=\"Drop\">Drop</option>\r\n                </select>\r\n            </div>\r\n            <Chart theme={chartTheme}>\r\n                \r\n                <ChartPrimaryXAxis valueType={'Category'}>\r\n                    \r\n                </ChartPrimaryXAxis>\r\n                <ChartPrimaryYAxis lineStyle={{ width: 0 }} interval={200}>\r\n                    \r\n                </ChartPrimaryYAxis>\r\n                <ChartSeriesCollection>\r\n                    <ChartSeries dataSource={stackColumnEmptydata} xField=\"x\" yField=\"y\" type=\"StackingColumn\" columnWidth={0.4} emptyPointSettings={{ mode: emptyPointMode }} />\r\n                    <ChartSeries dataSource={stackColumnEmptydata} xField=\"x\" yField=\"y1\" type=\"StackingColumn\" columnWidth={0.4} />\r\n                    <ChartSeries dataSource={stackColumnEmptydata} xField=\"x\" yField=\"y2\" type=\"StackingColumn\" columnWidth={0.4} emptyPointSettings={{ mode: emptyPointMode }} />\r\n                    <ChartSeries dataSource={stackColumnEmptydata} xField=\"x\" yField=\"y3\" type=\"StackingColumn\" columnWidth={0.4} />\r\n                </ChartSeriesCollection>\r\n                <ChartTooltip enable={true} />\r\n            </Chart>\r\n        </div>\r\n    )\r\n}",
  "src/column-empty-data.ts": "export const stackColumnEmptydata = [\r\n  { x: '2014', y: 111.1, y1: 76.9, y2: 66.1, y3: 34.1 },\r\n  { x: '2015', y: 127.3, y1: 99.5, y2: 79.3, y3: 38.2 },\r\n  { x: '2016', y: null, y1: 121.7, y2: 91.3, y3: 44.0 },\r\n  { x: '2017', y: 159.9, y1: 142.5, y2: 102.4, y3: 51.6 },\r\n  { x: '2018', y: 175.4, y1: 166.7, y2: 112.9, y3: 61.9 },\r\n  { x: '2019', y: 189.0, y1: 182.9, y2: null, y3: 71.5 },\r\n  { x: '2020', y: 202.7, y1: 197.3, y2: 120.9, y3: 82.0 }\r\n];",
  "src/context.tsx": "import { createContext } from \"react\";\r\n\r\nexport interface ThemeContextType {\r\n  themeName: string;\r\n}\r\n\r\nexport interface LoadContextType {\r\n   loading: boolean;\r\n   setLoading: React.Dispatch<React.SetStateAction<boolean>>;\r\n}\r\n\r\nexport interface RefreshContextType {\r\n   refresh: boolean;\r\n}\r\n\r\nexport const ThemeContext = createContext<ThemeContextType>({\r\n  themeName: 'material3'\r\n});\r\n\r\nexport const LoadContext = createContext<LoadContextType>({\r\n  loading: true,\r\n  setLoading: () => {}\r\n});\r\n\r\nexport const RefreshContext = createContext<RefreshContextType>({\r\n  refresh: false\r\n});\r\n\r\nexport interface TocContextType {\r\n  routeToc: boolean | undefined;\r\n  setRouteToc: (toc: boolean | undefined) => void;\r\n}\r\n\r\nexport const TocContext = createContext<TocContextType>({\r\n  routeToc: undefined,\r\n  setRouteToc: () => {}\r\n});",
  "src/theme.tsx": "// src/components/chart/theme.tsx\r\nimport {  Theme } from \"@syncfusion/react-charts\";\r\nimport { useContext, useState } from \"react\";\r\nimport { ThemeContext } from './context';\r\n\r\n// Create a custom hook to use in components\r\nexport function useChartTheme() {\r\n  const { themeName } = useContext(ThemeContext);\r\n  const chartTheme: Theme = themeName === 'material3-dark' ? 'Material3Dark' : 'Material3';\r\n  const [pointMaterial3Colors] = useState([\"#6355C7\", \"#00AEE0\", \"#FFB400\", \"#F7523F\", \"#963C70\", \"#FD7400\", \"#4BE0BC\", \"#2196F5\", \"#DE3D8A\", \"#162F88\"]);\r\n  const [pointMaterial3DarkColors] = useState([\"#4EAAFF\", \"#FA4EAB\", \"#FFF500\", \"#17EA58\", \"#38FFE7\", \"#FF9E45\", \"#B3F32F\", \"#B93CE4\", \"#FC5664\", \"#9B55FF\"]);\r\n  \r\n  return {\r\n    chartTheme,\r\n    pointMaterial3Colors,\r\n    pointMaterial3DarkColors\r\n  };\r\n}",
  "dependencies": "{\"@syncfusion/react-charts\":\"*\",\"@syncfusion/react-locale\":\"*\",\"@syncfusion/react-cldr-data\":\"*\"}"
}