{
  "src/App.css": "@import \"@syncfusion/react-base/styles/material3.css\";\n",
  "src/App.tsx": "import { useEffect, useState } from \"react\";\r\nimport { Chart, ChartPrimaryXAxis, ChartPrimaryYAxis, ChartSeriesCollection, ChartSeries, ChartLegend, ChartMarker } from \"@syncfusion/react-charts\";\r\nimport { useChartTheme } from './theme';\r\nexport default function App() {\r\n    const { chartTheme } = useChartTheme();\r\n    const [data, setData] = useState([\r\n        { x: 2006, y: 378 },\r\n        { x: 2007, y: 416 },\r\n        { x: 2008, y: 404 },\r\n        { x: 2009, y: 390 },\r\n        { x: 2010, y: 376 },\r\n        { x: 2011, y: 365 }\r\n    ]);\r\n    useEffect(() => {\r\n        const interval = setInterval(() => {\r\n            // Update the data here. For example, you can add a new data point or modify existing ones.\r\n            setData(prevData => {\r\n                const newData = [...prevData];\r\n                const lastYear = newData[newData.length - 1].x;\r\n                const newYear = lastYear + 1;\r\n                const newValue = Math.floor(Math.random() * 500); // Random value for demonstration\r\n                newData.push({ x: newYear, y: newValue });\r\n                return newData;\r\n            });\r\n        }, 1000); // Update every 1 second\r\n\r\n        return () => clearInterval(interval); // Cleanup on component unmount\r\n    }, []);\r\n    return (\r\n        <Chart theme={chartTheme}>\r\n            <ChartLegend visible={false} />\r\n            <ChartPrimaryXAxis valueType=\"Category\"/>\r\n            <ChartPrimaryYAxis lineStyle={{ width: 0 }}/>\r\n            <ChartSeriesCollection>\r\n                <ChartSeries dataSource={data} xField=\"x\" yField=\"y\" width={2} name=\"India\" type=\"StepLine\">\r\n                    <ChartMarker visible={true} />\r\n                </ChartSeries>\r\n            </ChartSeriesCollection>\r\n        </Chart>\r\n    );\r\n}\r\n",
  "src/context.tsx": "import { createContext } from \"react\";\r\n\r\nexport interface ThemeContextType {\r\n  themeName: string;\r\n}\r\n\r\nexport interface LoadContextType {\r\n   loading: boolean;\r\n   setLoading: React.Dispatch<React.SetStateAction<boolean>>;\r\n}\r\n\r\nexport interface RefreshContextType {\r\n   refresh: boolean;\r\n}\r\n\r\nexport const ThemeContext = createContext<ThemeContextType>({\r\n  themeName: 'material3'\r\n});\r\n\r\nexport const LoadContext = createContext<LoadContextType>({\r\n  loading: true,\r\n  setLoading: () => {}\r\n});\r\n\r\nexport const RefreshContext = createContext<RefreshContextType>({\r\n  refresh: false\r\n});\r\n\r\nexport interface TocContextType {\r\n  routeToc: boolean | undefined;\r\n  setRouteToc: (toc: boolean | undefined) => void;\r\n}\r\n\r\nexport const TocContext = createContext<TocContextType>({\r\n  routeToc: undefined,\r\n  setRouteToc: () => {}\r\n});",
  "src/theme.tsx": "// src/components/chart/theme.tsx\r\nimport {  Theme } from \"@syncfusion/react-charts\";\r\nimport { useContext, useState } from \"react\";\r\nimport { ThemeContext } from './context';\r\n\r\n// Create a custom hook to use in components\r\nexport function useChartTheme() {\r\n  const { themeName } = useContext(ThemeContext);\r\n  const chartTheme: Theme = themeName === 'material3-dark' ? 'Material3Dark' : 'Material3';\r\n  const [pointMaterial3Colors] = useState([\"#6355C7\", \"#00AEE0\", \"#FFB400\", \"#F7523F\", \"#963C70\", \"#FD7400\", \"#4BE0BC\", \"#2196F5\", \"#DE3D8A\", \"#162F88\"]);\r\n  const [pointMaterial3DarkColors] = useState([\"#4EAAFF\", \"#FA4EAB\", \"#FFF500\", \"#17EA58\", \"#38FFE7\", \"#FF9E45\", \"#B3F32F\", \"#B93CE4\", \"#FC5664\", \"#9B55FF\"]);\r\n  \r\n  return {\r\n    chartTheme,\r\n    pointMaterial3Colors,\r\n    pointMaterial3DarkColors\r\n  };\r\n}",
  "dependencies": "{\"@syncfusion/react-charts\":\"*\",\"@syncfusion/react-locale\":\"*\",\"@syncfusion/react-cldr-data\":\"*\"}"
}