{
  "src/App.css": "@import \"@syncfusion/react-base/styles/material3.css\";\n@import \"@syncfusion/react-buttons/styles/material3.css\";\n@import \"@syncfusion/react-popups/styles/material3.css\";\n@import \"@syncfusion/react-splitbuttons/styles/material3.css\";\n@import \"@syncfusion/react-inputs/styles/material3.css\";\n@import \"@syncfusion/react-lists/styles/material3.css\";\n@import \"@syncfusion/react-dropdowns/styles/material3.css\";\n",
  "src/App.tsx": "import { Chart, ChartPrimaryXAxis, ChartPrimaryYAxis, ChartSeries, ChartSeriesCollection, ChartArea, ChartAxisTitle, ChartTooltip, ChartTitle, StepPosition, ChartMarker } from \"@syncfusion/react-charts\";\r\nimport { useState } from 'react';\r\nimport { stepLineData } from './album-data'\r\nimport { useChartTheme } from \"./theme\";\r\nimport { DropDownList } from '@syncfusion/react-dropdowns';\r\nconst dropdownFields = { text: 'text', value: 'value' };\r\nconst stepPosition: { [key: string]: unknown }[] = [\r\n    { text: \"Left\", value: \"Left\" },\r\n    { text: \"Center\", value: \"Center\" },\r\n    { text: \"Right\", value: \"Right\" }\r\n];\r\nexport default function App() {\r\n    const { chartTheme } = useChartTheme();\r\n    const [stepType, setStepType] = useState<StepPosition>(\"Left\");\r\n    return (\r\n        <div>\r\n            <div style={{ marginBottom: '20px', display: 'flex', alignItems: 'center', gap: '10px', width: '176px' }}>\r\n                <label style={{ fontWeight: 700, whiteSpace: 'nowrap' }}> Step Position</label>\r\n                <DropDownList width={170} dataSource={stepPosition as { [key: string]: object }[]} value={stepType} fields={dropdownFields} onChange={(e) => {\r\n                    if (e && e.value !== undefined) {\r\n                        setStepType(e.value as StepPosition);\r\n                    }\r\n                }} />\r\n            </div>\r\n            <Chart theme={chartTheme}>\r\n                <ChartTitle text=\"Worldwide Best-Selling Albums by Year\" />\r\n                <ChartArea border={{ width: 0 }} />\r\n                <ChartTooltip enable={true} headerText=\"${point.x}\" format='Sales : <b>${point.y}M</b>' />\r\n                <ChartPrimaryXAxis valueType=\"Double\" minimum={2006} maximum={2025} interval={3} />\r\n                <ChartPrimaryYAxis lineStyle={{ width: 0 }} interval={4} minimum={0} maximum={20}>\r\n                    <ChartAxisTitle text=\"Sales in million\" />\r\n                </ChartPrimaryYAxis>\r\n                <ChartSeriesCollection>\r\n                    <ChartSeries dataSource={stepLineData} xField=\"x\" yField=\"y\" width={3} type=\"StepLine\" step={stepType} fill={\"#0FAF9C\"}>\r\n                        <ChartMarker visible={true} />\r\n                    </ChartSeries>\r\n                </ChartSeriesCollection>\r\n            </Chart>\r\n        </div>\r\n    );\r\n}\r\n",
  "src/album-data.ts": "export const stepLineData = [\r\n  { x: 2007, y: 6.0, album: 'High School Musical 2', artist: 'Various Artists' },\r\n  { x: 2008, y: 6.8, album: 'Viva la Vida or Death and All His Friends', artist: 'Coldplay' },\r\n  { x: 2009, y: 8.3, album: 'I Dreamed a Dream', artist: 'Susan Boyle' },\r\n  { x: 2010, y: 5.7, album: 'Recovery', artist: 'Eminem' },\r\n  { x: 2011, y: 17.7, album: '21', artist: 'Adele' },\r\n  { x: 2012, y: 8.3, album: '21', artist: 'Adele' },\r\n  { x: 2013, y: 4.0, album: 'Midnight Memories', artist: 'One Direction' },\r\n  { x: 2014, y: 10.0, album: 'Frozen', artist: 'Various Artists' },\r\n  { x: 2015, y: 17.4, album: '25', artist: 'Adele' },\r\n  { x: 2016, y: 2.5, album: 'Lemonade', artist: 'Beyoncé' },\r\n  { x: 2017, y: 6.1, album: '÷', artist: 'Ed Sheeran' },\r\n  { x: 2018, y: 3.5, album: 'The Greatest Showman', artist: 'Hugh Jackman & Various Artists' },\r\n  { x: 2019, y: 3.3, album: '5x20 All the Best!! 1999–2019', artist: 'Arashi' },\r\n  { x: 2020, y: 4.8, album: 'Map of the Soul: 7', artist: 'BTS' },\r\n  { x: 2021, y: 4.68, album: '30', artist: 'Adele' },\r\n  { x: 2022, y: 7.2, album: 'Greatest Works of Art', artist: 'Jay Chou' },\r\n  { x: 2023, y: 6.4, album: 'FML', artist: 'Seventeen' },\r\n  { x: 2024, y: 5.6, album: 'The Tortured Poets Department', artist: 'Taylor Swift' }\r\n]",
  "src/context.tsx": "import { createContext } from \"react\";\r\n\r\nexport interface ThemeContextType {\r\n  themeName: string;\r\n}\r\n\r\nexport interface LoadContextType {\r\n   loading: boolean;\r\n   setLoading: React.Dispatch<React.SetStateAction<boolean>>;\r\n}\r\n\r\nexport interface RefreshContextType {\r\n   refresh: boolean;\r\n}\r\n\r\nexport const ThemeContext = createContext<ThemeContextType>({\r\n  themeName: 'material3'\r\n});\r\n\r\nexport const LoadContext = createContext<LoadContextType>({\r\n  loading: true,\r\n  setLoading: () => {}\r\n});\r\n\r\nexport const RefreshContext = createContext<RefreshContextType>({\r\n  refresh: false\r\n});\r\n\r\nexport interface TocContextType {\r\n  routeToc: boolean | undefined;\r\n  setRouteToc: (toc: boolean | undefined) => void;\r\n}\r\n\r\nexport const TocContext = createContext<TocContextType>({\r\n  routeToc: undefined,\r\n  setRouteToc: () => {}\r\n});",
  "src/theme.tsx": "// src/components/chart/theme.tsx\r\nimport {  Theme } from \"@syncfusion/react-charts\";\r\nimport { useContext, useState } from \"react\";\r\nimport { ThemeContext } from './context';\r\n\r\n// Create a custom hook to use in components\r\nexport function useChartTheme() {\r\n  const { themeName } = useContext(ThemeContext);\r\n  const chartTheme: Theme = themeName === 'material3-dark' ? 'Material3Dark' : 'Material3';\r\n  const [pointMaterial3Colors] = useState([\"#6355C7\", \"#00AEE0\", \"#FFB400\", \"#F7523F\", \"#963C70\", \"#FD7400\", \"#4BE0BC\", \"#2196F5\", \"#DE3D8A\", \"#162F88\"]);\r\n  const [pointMaterial3DarkColors] = useState([\"#4EAAFF\", \"#FA4EAB\", \"#FFF500\", \"#17EA58\", \"#38FFE7\", \"#FF9E45\", \"#B3F32F\", \"#B93CE4\", \"#FC5664\", \"#9B55FF\"]);\r\n  \r\n  return {\r\n    chartTheme,\r\n    pointMaterial3Colors,\r\n    pointMaterial3DarkColors\r\n  };\r\n}",
  "dependencies": "{\"@syncfusion/react-charts\":\"*\",\"@syncfusion/react-dropdowns\":\"*\",\"@syncfusion/react-locale\":\"*\",\"@syncfusion/react-cldr-data\":\"*\"}"
}