{
  "src/App.css": "@import \"@syncfusion/react-base/styles/material3.css\";\n",
  "src/App.tsx": "import { Chart, ChartPrimaryXAxis, ChartPrimaryYAxis, ChartSeries, ChartSeriesCollection, ChartTooltip, ChartMarker, ChartAxisLabel, ChartTitle, ChartMajorGridLines } from '@syncfusion/react-charts'\r\nimport { steplineTransposedData } from './unemployee-data';\r\nimport { useChartTheme } from './theme';\r\nexport default function App() {\r\n    const { chartTheme } = useChartTheme();\r\n    return (\r\n        <Chart theme={chartTheme} transposed={true}>\r\n            <ChartTitle text='Unemployment rate 1975 - 2010' />            \r\n            <ChartPrimaryXAxis valueType={'Category'}>                \r\n                <ChartMajorGridLines width={1} />\r\n            </ChartPrimaryXAxis>\r\n            <ChartPrimaryYAxis>\r\n                <ChartAxisLabel format='{value}%' />\r\n                <ChartMajorGridLines width={1} />\r\n            </ChartPrimaryYAxis>\r\n            <ChartSeriesCollection>\r\n                <ChartSeries dataSource={steplineTransposedData} xField=\"x\" yField=\"y1\" width={2} type=\"StepLine\" name='China' fill={chartTheme.indexOf('Dark') > -1 ? \"#7F9CFE\" : \"#0A30AE\"}>\r\n                    <ChartMarker visible={true} shape='Circle' />\r\n                </ChartSeries>\r\n                <ChartSeries dataSource={steplineTransposedData} xField=\"x\" yField=\"y2\" width={2} type=\"StepLine\" name=\"Australia\" fill={chartTheme.indexOf('Dark') > -1 ? \"#EE884E\" :\"#E3651D\"}>\r\n                    <ChartMarker visible={true} shape='Circle' />\r\n                </ChartSeries>\r\n            </ChartSeriesCollection>\r\n            <ChartTooltip enable={true} headerText='${series.name}' />\r\n        </Chart>\r\n    )\r\n}",
  "src/unemployee-data.ts": "export const steplineTransposedData = [\r\n  { x: 1975, y1: 16, y2: 10 },\r\n  { x: 1980, y1: 12.5, y2: 7.5 },\r\n  { x: 1985, y1: 19, y2: 11 },\r\n  { x: 1990, y1: 14.4, y2: 7 },\r\n  { x: 1995, y1: 11.5, y2: 8 },\r\n  { x: 2000, y1: 14, y2: 6 },\r\n  { x: 2005, y1: 10, y2: 3.5 },\r\n  { x: 2010, y1: 16, y2: 7 }\r\n]",
  "src/context.tsx": "import { createContext } from \"react\";\r\n\r\nexport interface ThemeContextType {\r\n  themeName: string;\r\n}\r\n\r\nexport interface LoadContextType {\r\n   loading: boolean;\r\n   setLoading: React.Dispatch<React.SetStateAction<boolean>>;\r\n}\r\n\r\nexport interface RefreshContextType {\r\n   refresh: boolean;\r\n}\r\n\r\nexport const ThemeContext = createContext<ThemeContextType>({\r\n  themeName: 'material3'\r\n});\r\n\r\nexport const LoadContext = createContext<LoadContextType>({\r\n  loading: true,\r\n  setLoading: () => {}\r\n});\r\n\r\nexport const RefreshContext = createContext<RefreshContextType>({\r\n  refresh: false\r\n});\r\n\r\nexport interface TocContextType {\r\n  routeToc: boolean | undefined;\r\n  setRouteToc: (toc: boolean | undefined) => void;\r\n}\r\n\r\nexport const TocContext = createContext<TocContextType>({\r\n  routeToc: undefined,\r\n  setRouteToc: () => {}\r\n});",
  "src/theme.tsx": "// src/components/chart/theme.tsx\r\nimport {  Theme } from \"@syncfusion/react-charts\";\r\nimport { useContext, useState } from \"react\";\r\nimport { ThemeContext } from './context';\r\n\r\n// Create a custom hook to use in components\r\nexport function useChartTheme() {\r\n  const { themeName } = useContext(ThemeContext);\r\n  const chartTheme: Theme = themeName === 'material3-dark' ? 'Material3Dark' : 'Material3';\r\n  const [pointMaterial3Colors] = useState([\"#6355C7\", \"#00AEE0\", \"#FFB400\", \"#F7523F\", \"#963C70\", \"#FD7400\", \"#4BE0BC\", \"#2196F5\", \"#DE3D8A\", \"#162F88\"]);\r\n  const [pointMaterial3DarkColors] = useState([\"#4EAAFF\", \"#FA4EAB\", \"#FFF500\", \"#17EA58\", \"#38FFE7\", \"#FF9E45\", \"#B3F32F\", \"#B93CE4\", \"#FC5664\", \"#9B55FF\"]);\r\n  \r\n  return {\r\n    chartTheme,\r\n    pointMaterial3Colors,\r\n    pointMaterial3DarkColors\r\n  };\r\n}",
  "dependencies": "{\"@syncfusion/react-charts\":\"*\",\"@syncfusion/react-locale\":\"*\",\"@syncfusion/react-cldr-data\":\"*\"}"
}