{
  "src/App.css": "@import \"@syncfusion/react-base/styles/material3.css\";\n",
  "src/App.tsx": "import { Chart, ChartPrimaryXAxis, ChartPrimaryYAxis, ChartSeries, ChartSeriesCollection, ChartTooltip, ChartTitle, ChartAxisTitle, ChartAxisLabel, ChartLegend, ChartStripLines, ChartStripLine } from '@syncfusion/react-charts'\r\nimport { windSpeedData, windGustData } from './wind-speed-data'\r\nimport { useChartTheme } from './theme';\r\nexport default function App() {\r\n    const { chartTheme } = useChartTheme();\r\n    return (\r\n        <Chart theme={chartTheme}>\r\n            <ChartTitle text='Wind Speed and Gust (km/h)' />\r\n            <ChartPrimaryXAxis valueType={'DateTime'}>\r\n                <ChartAxisLabel format='E dd/MM' intersectAction=\"None\" rotationAngle={-90} />\r\n            </ChartPrimaryXAxis>\r\n            <ChartPrimaryYAxis minimum={0} maximum={30} interval={10} lineStyle={{ width: 0 }} rangePadding='None'>\r\n                <ChartAxisTitle text='Wind Speed and Gust (km/h)' />\r\n                <ChartStripLines>\r\n                    <ChartStripLine range={{ start:0, end: 5 }} text={{ content: 'Calm', hAlign: 'Left', font: { fontSize: '13px' } }} style={{ color: 'rgba(68, 170, 213, 0.1)', border: { width: 0 } }} visible={true} />\r\n                    <ChartStripLine range={{ start:5, end: 8 }} text={{ content: 'Light Air', hAlign: 'Left', font: { fontSize: '13px' } }} style={{ color: 'rgba(0, 0, 0, 0)', border: { width: 0 } }} visible={true} />\r\n                    <ChartStripLine range={{ start:8, end: 11 }} text={{ content: 'Light Breeze', hAlign: 'Left', font: { fontSize: '13px' } }} style={{ color: 'rgba(68, 170, 213, 0.1)', border: { width: 0 } }} visible={true} />\r\n                    <ChartStripLine range={{ start:11, end: 18 }} text={{ content: 'Gentle Breeze', hAlign: 'Left', font: { fontSize: '13px' } }} style={{ color: 'rgba(0, 0, 0, 0)', border: { width: 0 } }} visible={true} />\r\n                    <ChartStripLine range={{ start:18, end: 28 }} text={{ content: 'Moderate Breeze', hAlign: 'Left', font: { fontSize: '13px' } }} style={{ color: 'rgba(68, 170, 213, 0.1)', border: { width: 0 } }} visible={true} />\r\n                    <ChartStripLine range={{ start:28, end: 30 }} text={{ content: 'Fresh Breeze', hAlign: 'Left', font: { fontSize: '13px' } }} style={{ color: 'rgba(0, 0, 0, 0)', border: { width: 0 } }} visible={true} />\r\n                </ChartStripLines>\r\n            </ChartPrimaryYAxis>\r\n            <ChartSeriesCollection>\r\n                <ChartSeries dataSource={windSpeedData} xField=\"x\" yField=\"wind\" type=\"Spline\" fill='#01A725' name=\"Wind Speed (km/h)\" width={2} legendShape='HorizontalLine' />\r\n                <ChartSeries dataSource={windGustData} xField=\"x\" yField=\"gust\" type=\"Spline\" fill='#FF8225' name=\"Wind Gust (km/h)\" width={2} legendShape='HorizontalLine' />\r\n            </ChartSeriesCollection>\r\n            <ChartTooltip enable={true} headerText='' format='${point.x} <br> ${series.name} : <b>${point.y}</b>' showMarker={false} showNearestTooltip={true} />\r\n            <ChartLegend visible={true} shapeHeight={6} shapeWidth={15} />\r\n        </Chart>\r\n    )\r\n}",
  "src/wind-speed-data.ts": "export const windSpeedData = [\r\n  { x: new Date(2023, 4, 1), wind: 19 },\r\n  { x: new Date(2023, 4, 2), wind: 17 },\r\n  { x: new Date(2023, 4, 3), wind: 14 },\r\n  { x: new Date(2023, 4, 4), wind: 9 },\r\n  { x: new Date(2023, 4, 5), wind: 10 },\r\n  { x: new Date(2023, 4, 6), wind: 8 },\r\n  { x: new Date(2023, 4, 7), wind: 8 },\r\n  { x: new Date(2023, 4, 8), wind: 16 },\r\n  { x: new Date(2023, 4, 9), wind: 9 },\r\n  { x: new Date(2023, 4, 10), wind: 13 },\r\n  { x: new Date(2023, 4, 11), wind: 7 },\r\n  { x: new Date(2023, 4, 12), wind: 12 },\r\n  { x: new Date(2023, 4, 13), wind: 10 },\r\n  { x: new Date(2023, 4, 14), wind: 5 },\r\n  { x: new Date(2023, 4, 15), wind: 8 }\r\n]\r\n\r\nexport const windGustData = [\r\n  { x: new Date(2023, 4, 1), gust: 30 },\r\n  { x: new Date(2023, 4, 2), gust: 28 },\r\n  { x: new Date(2023, 4, 3), gust: 26 },\r\n  { x: new Date(2023, 4, 4), gust: 19 },\r\n  { x: new Date(2023, 4, 5), gust: 21 },\r\n  { x: new Date(2023, 4, 6), gust: 14 },\r\n  { x: new Date(2023, 4, 7), gust: 13 },\r\n  { x: new Date(2023, 4, 8), gust: 29 },\r\n  { x: new Date(2023, 4, 9), gust: 19 },\r\n  { x: new Date(2023, 4, 10), gust: 20 },\r\n  { x: new Date(2023, 4, 11), gust: 15 },\r\n  { x: new Date(2023, 4, 12), gust: 25 },\r\n  { x: new Date(2023, 4, 13), gust: 20 },\r\n  { x: new Date(2023, 4, 14), gust: 10 },\r\n  { x: new Date(2023, 4, 15), gust: 15 }\r\n]",
  "src/context.tsx": "import { createContext } from \"react\";\r\n\r\nexport interface ThemeContextType {\r\n  themeName: string;\r\n}\r\n\r\nexport interface LoadContextType {\r\n   loading: boolean;\r\n   setLoading: React.Dispatch<React.SetStateAction<boolean>>;\r\n}\r\n\r\nexport interface RefreshContextType {\r\n   refresh: boolean;\r\n}\r\n\r\nexport const ThemeContext = createContext<ThemeContextType>({\r\n  themeName: 'material3'\r\n});\r\n\r\nexport const LoadContext = createContext<LoadContextType>({\r\n  loading: true,\r\n  setLoading: () => {}\r\n});\r\n\r\nexport const RefreshContext = createContext<RefreshContextType>({\r\n  refresh: false\r\n});\r\n\r\nexport interface TocContextType {\r\n  routeToc: boolean | undefined;\r\n  setRouteToc: (toc: boolean | undefined) => void;\r\n}\r\n\r\nexport const TocContext = createContext<TocContextType>({\r\n  routeToc: undefined,\r\n  setRouteToc: () => {}\r\n});",
  "src/theme.tsx": "// src/components/chart/theme.tsx\r\nimport {  Theme } from \"@syncfusion/react-charts\";\r\nimport { useContext, useState } from \"react\";\r\nimport { ThemeContext } from './context';\r\n\r\n// Create a custom hook to use in components\r\nexport function useChartTheme() {\r\n  const { themeName } = useContext(ThemeContext);\r\n  const chartTheme: Theme = themeName === 'material3-dark' ? 'Material3Dark' : 'Material3';\r\n  const [pointMaterial3Colors] = useState([\"#6355C7\", \"#00AEE0\", \"#FFB400\", \"#F7523F\", \"#963C70\", \"#FD7400\", \"#4BE0BC\", \"#2196F5\", \"#DE3D8A\", \"#162F88\"]);\r\n  const [pointMaterial3DarkColors] = useState([\"#4EAAFF\", \"#FA4EAB\", \"#FFF500\", \"#17EA58\", \"#38FFE7\", \"#FF9E45\", \"#B3F32F\", \"#B93CE4\", \"#FC5664\", \"#9B55FF\"]);\r\n  \r\n  return {\r\n    chartTheme,\r\n    pointMaterial3Colors,\r\n    pointMaterial3DarkColors\r\n  };\r\n}",
  "dependencies": "{\"@syncfusion/react-charts\":\"*\",\"@syncfusion/react-locale\":\"*\",\"@syncfusion/react-cldr-data\":\"*\"}"
}