{
  "src/App.css": "@import \"@syncfusion/react-base/styles/material3.css\";\n",
  "src/App.tsx": "import { Chart, ChartPrimaryXAxis, ChartPrimaryYAxis, ChartSeries, ChartSeriesCollection, ChartTooltip, ChartMajorGridLines, ChartTitle, ChartAxisLabel, ChartStripLines, ChartStripLine, ChartMinorTickLines } from '@syncfusion/react-charts'\r\nimport { allSourcesData, autosData } from './pollution-data';\r\nimport { useChartTheme } from './theme';\r\nexport default function App() {\r\n    const { chartTheme } = useChartTheme();\r\n    return (\r\n        <Chart theme={chartTheme}>\r\n            <ChartTitle text='World Pollution Report' />            \r\n            <ChartPrimaryXAxis valueType={'DateTime'} intervalType='Years' minimum={new Date(1965, 1, 1)} maximum={new Date(2010, 1, 1)}>\r\n                <ChartMinorTickLines width={0}/>\r\n                <ChartAxisLabel edgeLabelPlacement='Shift' format='yyyy' />\r\n                <ChartStripLines>\r\n                    <ChartStripLine range={{ shouldStartFromAxis: true, size: 5, sizeType: 'Years'}} repeat={{enable: true, every: 10 }} visible={true} style={{ color:'rgba(167,169,171, 0.1)'}} />\r\n                </ChartStripLines>\r\n            </ChartPrimaryXAxis>\r\n            <ChartPrimaryYAxis minimum={0} maximum={18000} interval={2000} lineStyle={{ width: 0 }}>\r\n                <ChartMajorGridLines color='rgba(167,169,171, 0.3)' />                \r\n                <ChartAxisLabel color='transparent' />\r\n                <ChartStripLines>\r\n                    <ChartStripLine range={{ shouldStartFromAxis: true, size: 2000 }} repeat={{enable: true, every: 4000 }} visible={true} style={{ color:'rgba(167,169,171, 0.1)'}} />\r\n                </ChartStripLines>\r\n            </ChartPrimaryYAxis>\r\n            <ChartSeriesCollection>\r\n                <ChartSeries dataSource={allSourcesData} xField=\"x\" yField=\"y\" type=\"Column\" fill='#00C58D' name=\"All sources\" columnWidth={0.8} columnSpacing={0.2} cornerRadius={{topLeft: 5, topRight: 5}}/>\r\n                <ChartSeries dataSource={autosData} xField=\"x\" yField=\"y\" type=\"Column\" fill='#DA7DD4' name=\"Autos & Light Trucks\" columnWidth={0.8} columnSpacing={0.2} cornerRadius={{topLeft: 5, topRight: 5}} />\r\n            </ChartSeriesCollection>\r\n            <ChartTooltip enable={true}  format='Year: ${point.x}<br> Tons Per Day: <b>${point.y}</b>' />\r\n        </Chart>\r\n    )\r\n}",
  "src/pollution-data.ts": "export const allSourcesData = [\r\n  { x: new Date(1970, 1, 1), y: 16500 },\r\n  { x: new Date(1975, 1, 1), y: 16000 },\r\n  { x: new Date(1980, 1, 1), y: 15400 },\r\n  { x: new Date(1985, 1, 1), y: 15800 },\r\n  { x: new Date(1990, 1, 1), y: 14000 },\r\n  { x: new Date(1995, 1, 1), y: 10500 },\r\n  { x: new Date(2000, 1, 1), y: 13300 },\r\n  { x: new Date(2005, 1, 1), y: 12800 }\r\n];\r\n\r\nexport const autosData = [\r\n  { x: new Date(1970, 1, 1), y: 8000 },\r\n  { x: new Date(1975, 1, 1), y: 7600 },\r\n  { x: new Date(1980, 1, 1), y: 6400 },\r\n  { x: new Date(1985, 1, 1), y: 3700 },\r\n  { x: new Date(1990, 1, 1), y: 7200 },\r\n  { x: new Date(1995, 1, 1), y: 2300 },\r\n  { x: new Date(2000, 1, 1), y: 4000 },\r\n  { x: new Date(2005, 1, 1), y: 4800 }\r\n];",
  "src/context.tsx": "import { createContext } from \"react\";\r\n\r\nexport interface ThemeContextType {\r\n  themeName: string;\r\n}\r\n\r\nexport interface LoadContextType {\r\n   loading: boolean;\r\n   setLoading: React.Dispatch<React.SetStateAction<boolean>>;\r\n}\r\n\r\nexport interface RefreshContextType {\r\n   refresh: boolean;\r\n}\r\n\r\nexport const ThemeContext = createContext<ThemeContextType>({\r\n  themeName: 'material3'\r\n});\r\n\r\nexport const LoadContext = createContext<LoadContextType>({\r\n  loading: true,\r\n  setLoading: () => {}\r\n});\r\n\r\nexport const RefreshContext = createContext<RefreshContextType>({\r\n  refresh: false\r\n});\r\n\r\nexport interface TocContextType {\r\n  routeToc: boolean | undefined;\r\n  setRouteToc: (toc: boolean | undefined) => void;\r\n}\r\n\r\nexport const TocContext = createContext<TocContextType>({\r\n  routeToc: undefined,\r\n  setRouteToc: () => {}\r\n});",
  "src/theme.tsx": "// src/components/chart/theme.tsx\r\nimport {  Theme } from \"@syncfusion/react-charts\";\r\nimport { useContext, useState } from \"react\";\r\nimport { ThemeContext } from './context';\r\n\r\n// Create a custom hook to use in components\r\nexport function useChartTheme() {\r\n  const { themeName } = useContext(ThemeContext);\r\n  const chartTheme: Theme = themeName === 'material3-dark' ? 'Material3Dark' : 'Material3';\r\n  const [pointMaterial3Colors] = useState([\"#6355C7\", \"#00AEE0\", \"#FFB400\", \"#F7523F\", \"#963C70\", \"#FD7400\", \"#4BE0BC\", \"#2196F5\", \"#DE3D8A\", \"#162F88\"]);\r\n  const [pointMaterial3DarkColors] = useState([\"#4EAAFF\", \"#FA4EAB\", \"#FFF500\", \"#17EA58\", \"#38FFE7\", \"#FF9E45\", \"#B3F32F\", \"#B93CE4\", \"#FC5664\", \"#9B55FF\"]);\r\n  \r\n  return {\r\n    chartTheme,\r\n    pointMaterial3Colors,\r\n    pointMaterial3DarkColors\r\n  };\r\n}",
  "dependencies": "{\"@syncfusion/react-charts\":\"*\",\"@syncfusion/react-locale\":\"*\",\"@syncfusion/react-cldr-data\":\"*\"}"
}