{
  "src/App.css": "@import \"@syncfusion/react-base/styles/material3.css\";\n",
  "src/App.tsx": "import { Chart, ChartPrimaryXAxis, ChartPrimaryYAxis, ChartSeriesCollection, ChartSeries, ChartTooltip, ChartAxisLabel, ChartAxes, ChartAxis, ChartMarker, ChartAxisTitle } from \"@syncfusion/react-charts\";\r\nimport { evChargingData } from './ev-charging-data'\r\nimport { useChartTheme } from './theme';\r\nimport { Browser } from \"@syncfusion/react-base\";\r\nexport default function App() {\r\n    const { chartTheme } = useChartTheme();\r\n    return (\r\n        <Chart theme={chartTheme}>\r\n            <ChartPrimaryXAxis valueType=\"Category\" lineStyle={{width: 1, color: 'black'}}/>\r\n            <ChartPrimaryYAxis minimum={0} maximum={5.4} interval={Browser.isDevice ? 2 : 0.9} lineStyle={{width: 0}}>\r\n                <ChartAxisLabel format=\"{value}\" />\r\n                <ChartAxisTitle text=\"kW of public charging per electric LDV\"/>\r\n            </ChartPrimaryYAxis>\r\n            <ChartAxes>\r\n                <ChartAxis opposedPosition={true} minimum={0} maximum={90} interval={Browser.isDevice ? 15 : 15} name=\"xAxis2\"  lineStyle={{width: 0}}>\r\n                    <ChartAxisLabel format=\"{value}\" />\r\n                    <ChartAxisTitle text=\"Number of Electric LDVs per charging point\"/>\r\n                </ChartAxis>\r\n            </ChartAxes>\r\n            <ChartSeriesCollection>\r\n                <ChartSeries dataSource={evChargingData} type=\"Bar\" xField=\"country\" yField=\"publicChargingPerEV\" tooltipFormat=\"EV/EVSE : <b>${point.y}</b>\" fill={\"#799EFF\"} />\r\n                <ChartSeries dataSource={evChargingData} fill={\"#FF5850\"} type=\"Scatter\" xField=\"country\" yField=\"evPerChargingPoint\" yAxisName=\"xAxis2\" tooltipFormat=\"kW/EV : <b>${point.y}</b>\">\r\n                    <ChartMarker visible={true} shape=\"Circle\" height={10} width={10}></ChartMarker>\r\n                </ChartSeries>\r\n            </ChartSeriesCollection>\r\n            <ChartTooltip enable={true} headerText=\"${point.x}\" />\r\n        </Chart>\r\n    );\r\n}",
  "src/ev-charging-data.ts": "export const evChargingData = [\r\n  { country: \"New Zealand\", evPerChargingPoint: 81.9, publicChargingPerEV: 0.7, kwPerElectricLDV: 0, kwPerEV: 0 },\r\n  { country: \"Australia\", evPerChargingPoint: 45.0, publicChargingPerEV: 1.1, kwPerElectricLDV: 0, kwPerEV: 0 },\r\n  { country: \"Mexico\", evPerChargingPoint: 40.6, publicChargingPerEV: 0.6, kwPerElectricLDV: 0, kwPerEV: 0 },\r\n  { country: \"United States\", evPerChargingPoint: 32.6, publicChargingPerEV: 1.3, kwPerElectricLDV: 0, kwPerEV: 0 },\r\n  { country: \"Norway\", evPerChargingPoint: 32.1, publicChargingPerEV: 2.0, kwPerElectricLDV: 0, kwPerEV: 0 },\r\n  { country: \"China\", evPerChargingPoint: 8.0, publicChargingPerEV: 3.0, kwPerElectricLDV: 0, kwPerEV: 0 },\r\n  { country: \"Netherlands\", evPerChargingPoint: 12.0, publicChargingPerEV: 4.8, kwPerElectricLDV: 0, kwPerEV: 0 },\r\n  { country: \"Germany\", evPerChargingPoint: 20.0, publicChargingPerEV: 2.5, kwPerElectricLDV: 0, kwPerEV: 0 },\r\n  { country: \"France\", evPerChargingPoint: 18.0, publicChargingPerEV: 2.0, kwPerElectricLDV: 0, kwPerEV: 0 },\r\n  { country: \"Japan\", evPerChargingPoint: 25.0, publicChargingPerEV: 1.5, kwPerElectricLDV: 0, kwPerEV: 0 },\r\n  { country: \"United Kingdom\", evPerChargingPoint: 28.0, publicChargingPerEV: 1.8, kwPerElectricLDV: 0, kwPerEV: 0 },\r\n  { country: \"Spain\", evPerChargingPoint: 22.0, publicChargingPerEV: 1.2, kwPerElectricLDV: 0, kwPerEV: 0 },\r\n  { country: \"India\", evPerChargingPoint: 55.0, publicChargingPerEV: 0.8, kwPerElectricLDV: 0, kwPerEV: 0 }\r\n];",
  "src/context.tsx": "import { createContext } from \"react\";\r\n\r\nexport interface ThemeContextType {\r\n  themeName: string;\r\n}\r\n\r\nexport interface LoadContextType {\r\n   loading: boolean;\r\n   setLoading: React.Dispatch<React.SetStateAction<boolean>>;\r\n}\r\n\r\nexport interface RefreshContextType {\r\n   refresh: boolean;\r\n}\r\n\r\nexport const ThemeContext = createContext<ThemeContextType>({\r\n  themeName: 'material3'\r\n});\r\n\r\nexport const LoadContext = createContext<LoadContextType>({\r\n  loading: true,\r\n  setLoading: () => {}\r\n});\r\n\r\nexport const RefreshContext = createContext<RefreshContextType>({\r\n  refresh: false\r\n});\r\n\r\nexport interface TocContextType {\r\n  routeToc: boolean | undefined;\r\n  setRouteToc: (toc: boolean | undefined) => void;\r\n}\r\n\r\nexport const TocContext = createContext<TocContextType>({\r\n  routeToc: undefined,\r\n  setRouteToc: () => {}\r\n});",
  "src/theme.tsx": "// src/components/chart/theme.tsx\r\nimport {  Theme } from \"@syncfusion/react-charts\";\r\nimport { useContext, useState } from \"react\";\r\nimport { ThemeContext } from './context';\r\n\r\n// Create a custom hook to use in components\r\nexport function useChartTheme() {\r\n  const { themeName } = useContext(ThemeContext);\r\n  const chartTheme: Theme = themeName === 'material3-dark' ? 'Material3Dark' : 'Material3';\r\n  const [pointMaterial3Colors] = useState([\"#6355C7\", \"#00AEE0\", \"#FFB400\", \"#F7523F\", \"#963C70\", \"#FD7400\", \"#4BE0BC\", \"#2196F5\", \"#DE3D8A\", \"#162F88\"]);\r\n  const [pointMaterial3DarkColors] = useState([\"#4EAAFF\", \"#FA4EAB\", \"#FFF500\", \"#17EA58\", \"#38FFE7\", \"#FF9E45\", \"#B3F32F\", \"#B93CE4\", \"#FC5664\", \"#9B55FF\"]);\r\n  \r\n  return {\r\n    chartTheme,\r\n    pointMaterial3Colors,\r\n    pointMaterial3DarkColors\r\n  };\r\n}",
  "dependencies": "{\"@syncfusion/react-charts\":\"*\",\"@syncfusion/react-base\":\"*\",\"@syncfusion/react-locale\":\"*\",\"@syncfusion/react-cldr-data\":\"*\"}"
}