{
  "src/App.css": "@import \"@syncfusion/react-base/styles/material3.css\";\n",
  "src/App.tsx": "import { Chart, ChartPrimaryXAxis, ChartPrimaryYAxis, ChartSeriesCollection, ChartSeries, ChartLegend, ChartTooltip, ChartMarker } from \"@syncfusion/react-charts\";\r\n\r\nimport { useChartTheme } from './theme';\r\n\r\nexport default function App() {\r\n    const { chartTheme } = useChartTheme();\r\n    const data = [\r\n        { x: new Date(1975, 0, 1), y: 16, y1: 10, y2: 4.5 },\r\n        { x: new Date(1980, 0, 1), y: 12.5, y1: 7.5, y2: 5 },\r\n        { x: new Date(1985, 0, 1), y: 19, y1: 11, y2: 6.5 },\r\n        { x: new Date(1990, 0, 1), y: 14.4, y1: 7, y2: 4.4 },\r\n        { x: new Date(1995, 0, 1), y: 11.5, y1: 8, y2: 5 },\r\n        { x: new Date(2000, 0, 1), y: 14, y1: 6, y2: 1.5 },\r\n        { x: new Date(2005, 0, 1), y: 10, y1: 3.5, y2: 2.5 },\r\n        { x: new Date(2010, 0, 1), y: 16, y1: 7, y2: 3.7 }\r\n    ];\r\n    return (\r\n        <Chart theme={chartTheme}>\r\n            <ChartLegend visible={false} />\r\n            <ChartTooltip enable={true} showNearestTooltip={true} />\r\n            <ChartPrimaryXAxis valueType=\"DateTime\" >\r\n            </ChartPrimaryXAxis>\r\n            <ChartPrimaryYAxis lineStyle={{ width: 0 }}>\r\n            </ChartPrimaryYAxis>\r\n            <ChartSeriesCollection>\r\n                <ChartSeries dataSource={data} xField=\"x\" yField=\"y\" width={2} name=\"China\" type=\"Line\" >\r\n                    <ChartMarker visible={true} />\r\n                </ChartSeries>\r\n                <ChartSeries dataSource={data} xField=\"x\" yField=\"y1\" width={2} name=\"Australia\" type=\"Line\">\r\n                    <ChartMarker visible={true} />\r\n                </ChartSeries>\r\n                <ChartSeries dataSource={data} xField=\"x\" yField=\"y2\" width={2} name=\"Japan\" type=\"Line\">\r\n                    <ChartMarker visible={true} />\r\n                </ChartSeries>\r\n            </ChartSeriesCollection>\r\n        </Chart>\r\n    );\r\n}\r\n",
  "src/context.tsx": "import { createContext } from \"react\";\r\n\r\nexport interface ThemeContextType {\r\n  themeName: string;\r\n}\r\n\r\nexport interface LoadContextType {\r\n   loading: boolean;\r\n   setLoading: React.Dispatch<React.SetStateAction<boolean>>;\r\n}\r\n\r\nexport interface RefreshContextType {\r\n   refresh: boolean;\r\n}\r\n\r\nexport const ThemeContext = createContext<ThemeContextType>({\r\n  themeName: 'material3'\r\n});\r\n\r\nexport const LoadContext = createContext<LoadContextType>({\r\n  loading: true,\r\n  setLoading: () => {}\r\n});\r\n\r\nexport const RefreshContext = createContext<RefreshContextType>({\r\n  refresh: false\r\n});\r\n\r\nexport interface TocContextType {\r\n  routeToc: boolean | undefined;\r\n  setRouteToc: (toc: boolean | undefined) => void;\r\n}\r\n\r\nexport const TocContext = createContext<TocContextType>({\r\n  routeToc: undefined,\r\n  setRouteToc: () => {}\r\n});",
  "src/theme.tsx": "// src/components/chart/theme.tsx\r\nimport {  Theme } from \"@syncfusion/react-charts\";\r\nimport { useContext, useState } from \"react\";\r\nimport { ThemeContext } from './context';\r\n\r\n// Create a custom hook to use in components\r\nexport function useChartTheme() {\r\n  const { themeName } = useContext(ThemeContext);\r\n  const chartTheme: Theme = themeName === 'material3-dark' ? 'Material3Dark' : 'Material3';\r\n  const [pointMaterial3Colors] = useState([\"#6355C7\", \"#00AEE0\", \"#FFB400\", \"#F7523F\", \"#963C70\", \"#FD7400\", \"#4BE0BC\", \"#2196F5\", \"#DE3D8A\", \"#162F88\"]);\r\n  const [pointMaterial3DarkColors] = useState([\"#4EAAFF\", \"#FA4EAB\", \"#FFF500\", \"#17EA58\", \"#38FFE7\", \"#FF9E45\", \"#B3F32F\", \"#B93CE4\", \"#FC5664\", \"#9B55FF\"]);\r\n  \r\n  return {\r\n    chartTheme,\r\n    pointMaterial3Colors,\r\n    pointMaterial3DarkColors\r\n  };\r\n}",
  "dependencies": "{\"@syncfusion/react-charts\":\"*\",\"@syncfusion/react-locale\":\"*\",\"@syncfusion/react-cldr-data\":\"*\"}"
}