{
  "src/App.css": "@import \"@syncfusion/react-base/styles/material3.css\";\n",
  "src/App.tsx": "import { Chart, ChartPrimaryXAxis, ChartPrimaryYAxis, ChartSeriesCollection, ChartSeries, ChartTooltip, ChartAxisLabel, ChartTitle\r\n} from \"@syncfusion/react-charts\";\r\nimport { tooltipData } from './tooltip-data'\r\nimport { useChartTheme } from './theme';\r\nexport default function App() {\r\n    const { chartTheme } = useChartTheme();\r\n    return (\r\n        <Chart theme={chartTheme}>\r\n            <ChartTitle text=\"Sales - Yearly Performance\" />            \r\n            <ChartTooltip enable={true}  format='${point.x} : <b>${point.y}</b>' fill=\"white\" border={{ width: 3, color: \"#1E88E5\" }}\r\n                textStyle={{\r\n                    color: \"black\", fontFamily: \"Arial, Helvetica, sans-serif\", fontWeight: \"bold\", fontStyle: 'italy', opacity: 0.7\r\n                }} />\r\n            <ChartPrimaryXAxis valueType=\"Category\" >                \r\n                <ChartAxisLabel fontSize=\"11px\" />\r\n            </ChartPrimaryXAxis>\r\n            <ChartPrimaryYAxis lineStyle={{ width: 0 }} minimum={0} maximum={100} >                \r\n                <ChartAxisLabel format='{value}%' fontSize=\"11px\" />\r\n            </ChartPrimaryYAxis>\r\n            <ChartSeriesCollection>\r\n                <ChartSeries type=\"Column\" dataSource={tooltipData} name=\"Online\" xField=\"Period\" fill=\"#799EFF\" yField=\"Percentage1\" columnWidth={0.45} columnSpacing={0.1} cornerRadius={{ topLeft: 4, topRight: 4 }} legendShape=\"Rectangle\"/>\r\n                <ChartSeries type=\"Column\" dataSource={tooltipData} name=\"Retail\" xField=\"Period\" fill=\"#FF79C3\" yField=\"Percentage2\" columnWidth={0.45} columnSpacing={0.1} cornerRadius={{ topLeft: 4, topRight: 4 }} legendShape=\"Rectangle\"/>\r\n            </ChartSeriesCollection>\r\n        </Chart>\r\n    );\r\n}",
  "src/tooltip-data.ts": "export const tooltipData = [\r\n  { Period: '2020', Percentage1: 60, Percentage2: 40 },\r\n  { Period: '2021', Percentage1: 56, Percentage2: 44 },\r\n  { Period: '2022', Percentage1: 71, Percentage2: 29 },\r\n  { Period: '2023', Percentage1: 85, Percentage2: 15 },\r\n  { Period: '2024', Percentage1: 73, Percentage2: 27 }\r\n]",
  "src/context.tsx": "import { createContext } from \"react\";\r\n\r\nexport interface ThemeContextType {\r\n  themeName: string;\r\n}\r\n\r\nexport interface LoadContextType {\r\n   loading: boolean;\r\n   setLoading: React.Dispatch<React.SetStateAction<boolean>>;\r\n}\r\n\r\nexport interface RefreshContextType {\r\n   refresh: boolean;\r\n}\r\n\r\nexport const ThemeContext = createContext<ThemeContextType>({\r\n  themeName: 'material3'\r\n});\r\n\r\nexport const LoadContext = createContext<LoadContextType>({\r\n  loading: true,\r\n  setLoading: () => {}\r\n});\r\n\r\nexport const RefreshContext = createContext<RefreshContextType>({\r\n  refresh: false\r\n});\r\n\r\nexport interface TocContextType {\r\n  routeToc: boolean | undefined;\r\n  setRouteToc: (toc: boolean | undefined) => void;\r\n}\r\n\r\nexport const TocContext = createContext<TocContextType>({\r\n  routeToc: undefined,\r\n  setRouteToc: () => {}\r\n});",
  "src/theme.tsx": "// src/components/chart/theme.tsx\r\nimport {  Theme } from \"@syncfusion/react-charts\";\r\nimport { useContext, useState } from \"react\";\r\nimport { ThemeContext } from './context';\r\n\r\n// Create a custom hook to use in components\r\nexport function useChartTheme() {\r\n  const { themeName } = useContext(ThemeContext);\r\n  const chartTheme: Theme = themeName === 'material3-dark' ? 'Material3Dark' : 'Material3';\r\n  const [pointMaterial3Colors] = useState([\"#6355C7\", \"#00AEE0\", \"#FFB400\", \"#F7523F\", \"#963C70\", \"#FD7400\", \"#4BE0BC\", \"#2196F5\", \"#DE3D8A\", \"#162F88\"]);\r\n  const [pointMaterial3DarkColors] = useState([\"#4EAAFF\", \"#FA4EAB\", \"#FFF500\", \"#17EA58\", \"#38FFE7\", \"#FF9E45\", \"#B3F32F\", \"#B93CE4\", \"#FC5664\", \"#9B55FF\"]);\r\n  \r\n  return {\r\n    chartTheme,\r\n    pointMaterial3Colors,\r\n    pointMaterial3DarkColors\r\n  };\r\n}",
  "dependencies": "{\"@syncfusion/react-charts\":\"*\",\"@syncfusion/react-locale\":\"*\",\"@syncfusion/react-cldr-data\":\"*\"}"
}