{
  "src/App.css": "@import \"@syncfusion/react-base/styles/material3.css\";\n",
  "src/App.tsx": "import { Chart, ChartPrimaryXAxis, ChartPrimaryYAxis, ChartSeriesCollection, ChartSeries, ChartLegend, ChartTooltip, ChartMarker } from \"@syncfusion/react-charts\";\r\n\r\nimport { useChartTheme } from './theme';\r\n\r\nexport default function App() {\r\n    const { chartTheme } = useChartTheme();\r\n    const data1 = [\r\n    { x: 'Sun', y: 15 }, \r\n    { x: 'Mon', y: 22 },\r\n    { x: 'Tue', y: 32 },\r\n    { x: 'Wed', y: 31 },\r\n    { x: 'Thu', y: 29 }, \r\n    { x: 'Fri', y: 24 },\r\n    { x: 'Sat', y: 18 }\r\n];\r\n\r\nconst data2 = [\r\n    { x: 'Sun', y: 10 }, \r\n    { x: 'Mon', y: 18 },\r\n    { x: 'Tue', y: 28 },\r\n    { x: 'Wed', y: 28 },\r\n    { x: 'Thu', y: 26 }, \r\n    { x: 'Fri', y: 20 },\r\n    { x: 'Sat', y: 15 }\r\n];\r\n\r\nconst data3 = [\r\n    { x: 'Sun', y: 2 }, \r\n    { x: 'Mon', y: 12 },\r\n    { x: 'Tue', y: 22 },\r\n    { x: 'Wed', y: 23 },\r\n    { x: 'Thu', y: 19 }, \r\n    { x: 'Fri', y: 13 },\r\n    { x: 'Sat', y: 8 }\r\n];\r\n    return (\r\n        <Chart theme={chartTheme}>\r\n            <ChartLegend visible={false} />\r\n            <ChartTooltip enable={true} headerText=\"Unemployment\"   format= '${point.x} : <b>${point.y}</b>' />\r\n            <ChartPrimaryXAxis valueType=\"Category\" >\r\n            </ChartPrimaryXAxis>\r\n            <ChartPrimaryYAxis lineStyle={{ width: 0 }}/>\r\n            <ChartSeriesCollection>\r\n                <ChartSeries dataSource={data1} xField=\"x\" yField=\"y\" width={2} name=\"Max Temp\" type=\"Line\">\r\n                    <ChartMarker visible={true} />\r\n                </ChartSeries>\r\n                <ChartSeries dataSource={data2} xField=\"x\" yField=\"y\" width={2} name=\"Avg Temp\" type=\"Line\">\r\n                    <ChartMarker visible={true} />\r\n                </ChartSeries>\r\n                <ChartSeries dataSource={data3} xField=\"x\" yField=\"y\" width={2} name=\"Min Temp\" type=\"Line\">\r\n                    <ChartMarker visible={true} />\r\n                </ChartSeries>\r\n            </ChartSeriesCollection>\r\n        </Chart>\r\n    );\r\n}\r\n",
  "src/context.tsx": "import { createContext } from \"react\";\r\n\r\nexport interface ThemeContextType {\r\n  themeName: string;\r\n}\r\n\r\nexport interface LoadContextType {\r\n   loading: boolean;\r\n   setLoading: React.Dispatch<React.SetStateAction<boolean>>;\r\n}\r\n\r\nexport interface RefreshContextType {\r\n   refresh: boolean;\r\n}\r\n\r\nexport const ThemeContext = createContext<ThemeContextType>({\r\n  themeName: 'material3'\r\n});\r\n\r\nexport const LoadContext = createContext<LoadContextType>({\r\n  loading: true,\r\n  setLoading: () => {}\r\n});\r\n\r\nexport const RefreshContext = createContext<RefreshContextType>({\r\n  refresh: false\r\n});\r\n\r\nexport interface TocContextType {\r\n  routeToc: boolean | undefined;\r\n  setRouteToc: (toc: boolean | undefined) => void;\r\n}\r\n\r\nexport const TocContext = createContext<TocContextType>({\r\n  routeToc: undefined,\r\n  setRouteToc: () => {}\r\n});",
  "src/theme.tsx": "// src/components/chart/theme.tsx\r\nimport {  Theme } from \"@syncfusion/react-charts\";\r\nimport { useContext, useState } from \"react\";\r\nimport { ThemeContext } from './context';\r\n\r\n// Create a custom hook to use in components\r\nexport function useChartTheme() {\r\n  const { themeName } = useContext(ThemeContext);\r\n  const chartTheme: Theme = themeName === 'material3-dark' ? 'Material3Dark' : 'Material3';\r\n  const [pointMaterial3Colors] = useState([\"#6355C7\", \"#00AEE0\", \"#FFB400\", \"#F7523F\", \"#963C70\", \"#FD7400\", \"#4BE0BC\", \"#2196F5\", \"#DE3D8A\", \"#162F88\"]);\r\n  const [pointMaterial3DarkColors] = useState([\"#4EAAFF\", \"#FA4EAB\", \"#FFF500\", \"#17EA58\", \"#38FFE7\", \"#FF9E45\", \"#B3F32F\", \"#B93CE4\", \"#FC5664\", \"#9B55FF\"]);\r\n  \r\n  return {\r\n    chartTheme,\r\n    pointMaterial3Colors,\r\n    pointMaterial3DarkColors\r\n  };\r\n}",
  "dependencies": "{\"@syncfusion/react-charts\":\"*\",\"@syncfusion/react-locale\":\"*\",\"@syncfusion/react-cldr-data\":\"*\"}"
}