{
  "src/App.css": "@import \"@syncfusion/react-base/styles/material3.css\";\n@import \"@syncfusion/react-buttons/styles/material3.css\";\n@import \"@syncfusion/react-popups/styles/material3.css\";\n@import \"@syncfusion/react-splitbuttons/styles/material3.css\";\n@import \"@syncfusion/react-inputs/styles/material3.css\";\n@import \"@syncfusion/react-calendars/styles/material3.css\";\n",
  "src/App.tsx": "import { DatePicker } from '@syncfusion/react-calendars';\r\nimport { useState } from 'react';\r\nexport default function App() {\r\n    const [controlledValue, setControlledValue] = useState<Date>(new Date());\r\n    const uncontrolledValue = new Date();\r\n    return (\r\n        <div className=\"component-section\" style={{display: 'flex', flexDirection: 'row', gap: '40px' }}>\r\n            <div style={{ width: '290px' }}>\r\n                <h4>Controlled DatePicker</h4>\r\n                <DatePicker\r\n                    value={controlledValue}\r\n                    onChange={(e) => {\r\n                        const value = (e as unknown as { value: Date }).value;\r\n                        setControlledValue(value);\r\n                    }}\r\n                />\r\n            </div>\r\n            <div style={{ width: '250px' }}>\r\n                <h4>Uncontrolled DatePicker</h4>\r\n                <DatePicker\r\n                    defaultValue={uncontrolledValue}\r\n                />\r\n            </div>\r\n        </div>\r\n    );\r\n};",
  "dependencies": "{\"@syncfusion/react-calendars\":\"*\",\"@syncfusion/react-locale\":\"*\",\"@syncfusion/react-cldr-data\":\"*\"}"
}