{
  "src/App.css": "@import \"@syncfusion/react-base/styles/material3.css\";\n@import \"@syncfusion/react-buttons/styles/material3.css\";\n@import \"@syncfusion/react-popups/styles/material3.css\";\n@import \"@syncfusion/react-splitbuttons/styles/material3.css\";\n@import \"@syncfusion/react-inputs/styles/material3.css\";\n@import \"@syncfusion/react-calendars/styles/material3.css\";\n",
  "src/App.tsx": "import { CalendarCell, CalendarCellProps, DatePicker } from '@syncfusion/react-calendars';\r\nexport default function App() {\r\n    const onRenderDayCell = (props: CalendarCellProps) => {\r\n        if (typeof props === 'string' || typeof props === 'boolean') {\r\n            return null;\r\n        }\r\n        const { date, isWeekend } = props;\r\n        let dayOfMonth: number = 0;\r\n\r\n        if (date instanceof Date) {\r\n            dayOfMonth = date.getDate();\r\n        }\r\n            \r\n        if (isWeekend) {\r\n            return (\r\n                <CalendarCell {...props} isDisabled={true}>\r\n                    <span className='sf-day sf-weekend'>\r\n                        {dayOfMonth}\r\n                    </span>\r\n                </CalendarCell>\r\n            );\r\n        }\r\n    \r\n        return (\r\n            <CalendarCell {...props}>\r\n                <span className='sf-day'>{dayOfMonth}</span>\r\n            </CalendarCell>\r\n        );\r\n    };\r\n    return (\r\n        <div className=\"component-section\" style={{ width: '250px' }}>\r\n            <DatePicker placeholder='Choose a date' cellTemplate={onRenderDayCell} />\r\n        </div>\r\n    );\r\n};",
  "dependencies": "{\"@syncfusion/react-calendars\":\"*\",\"@syncfusion/react-locale\":\"*\",\"@syncfusion/react-cldr-data\":\"*\"}"
}