{
  "src/App.css": "@import \"@syncfusion/react-base/styles/material3.css\";\n@import \"@syncfusion/react-buttons/styles/material3.css\";\n@import \"@syncfusion/react-popups/styles/material3.css\";\n@import \"@syncfusion/react-splitbuttons/styles/material3.css\";\n@import \"@syncfusion/react-inputs/styles/material3.css\";\n@import \"@syncfusion/react-calendars/styles/material3.css\";\n\n .form-group {\r\n   margin-bottom: 20px;\r\n }\r\n\r\n label {\r\n   display: block;\r\n   margin-bottom: 8px;\r\n   font-weight: 500;\r\n }\r\n\r\n .validation-message {\r\n   color: #f44336;\r\n   font-size: 12px;\r\n   margin-top: 4px;\r\n }\r\n\r\n .datepicker-view-container {\r\n    width: 290px;\r\n}\r\n\r\n.datepicker-view-options {\r\n    margin-bottom: 16px;\r\n    display: flex;\r\n    align-items: center;\r\n    width: 500px;\r\n}\r\n\r\n.datepicker-view-label {\r\n    margin-right: 12px;\r\n    font-weight: 500;\r\n    white-space: nowrap;\r\n}\r\n\r\n.datepicker-radio-group {\r\n    display: flex;\r\n    align-items: center;\r\n}\r\n\r\n.datepicker-radio-option {\r\n    margin-right: 20px;\r\n    display: flex;\r\n    align-items: center;\r\n}\r\n\r\n.datepicker-current-view {\r\n    margin-bottom: 10px;\r\n}\n",
  "src/App.tsx": "import { RadioButton } from '@syncfusion/react-buttons';\r\nimport { DatePicker } from '@syncfusion/react-calendars';\r\nimport { useState } from 'react';\r\nimport './App.css';\r\n\r\nconst formats = [\r\n    { value: 'dd-MMM-yy', label: 'dd-MMM-yy' },\r\n    { value: 'yyyy-MM-dd', label: 'yyyy-MM-dd' },\r\n    { value: 'dd-MMMM', label: 'dd-MMMM' },\r\n];\r\n\r\nexport default function App() {\r\n    const [format, setFormat] = useState(formats[0].value);\r\n\r\n    return (\r\n        <div className=\"component-section datepicker-view-container\">\r\n            <div className=\"datepicker-view-options\">\r\n                <span className=\"datepicker-view-label\">Date format:</span>\r\n                <div className=\"datepicker-radio-group\">\r\n                    {formats.map((f) => (\r\n                        <div className=\"datepicker-radio-option\" key={f.value}>\r\n                            <RadioButton\r\n                                label={f.label}\r\n                                value={f.value}\r\n                                checked={format === f.value}\r\n                                onChange={() => setFormat(f.value)}\r\n                                labelPlacement=\"After\"\r\n                            />\r\n                        </div>\r\n                    ))}\r\n                </div>\r\n            </div>\r\n            <DatePicker format={format} defaultValue={new Date()} /> \r\n        </div>\r\n    );\r\n};",
  "dependencies": "{\"@syncfusion/react-buttons\":\"*\",\"@syncfusion/react-calendars\":\"*\",\"@syncfusion/react-locale\":\"*\",\"@syncfusion/react-cldr-data\":\"*\"}"
}