{
  "src/App.css": "@import \"@syncfusion/react-base/styles/material3.css\";\n@import \"@syncfusion/react-buttons/styles/material3.css\";\n@import \"@syncfusion/react-popups/styles/material3.css\";\n@import \"@syncfusion/react-splitbuttons/styles/material3.css\";\n@import \"@syncfusion/react-inputs/styles/material3.css\";\n@import \"@syncfusion/react-calendars/styles/material3.css\";\n",
  "src/App.tsx": "import { DatePicker } from '@syncfusion/react-calendars';\r\nexport default function App() {\r\n    return (\r\n        <div className=\"component-section\" style={{ width: '290px' }}>\r\n            <DatePicker defaultValue={new Date()} readOnly={true} />\r\n        </div>\r\n    );\r\n};",
  "dependencies": "{\"@syncfusion/react-calendars\":\"*\",\"@syncfusion/react-locale\":\"*\",\"@syncfusion/react-cldr-data\":\"*\"}"
}