{
  "src/App.css": "@import \"@syncfusion/react-base/styles/material3.css\";\n@import \"@syncfusion/react-buttons/styles/material3.css\";\n@import \"@syncfusion/react-popups/styles/material3.css\";\n@import \"@syncfusion/react-splitbuttons/styles/material3.css\";\n@import \"@syncfusion/react-inputs/styles/material3.css\";\n@import \"@syncfusion/react-calendars/styles/material3.css\";\n",
  "src/App.tsx": "import { DatePicker, CalendarCellProps, CalendarCell } from '@syncfusion/react-calendars';\r\n\r\nexport default function App() {\r\n\r\n    const cellTemplate = (props: CalendarCellProps | string | boolean): React.ReactNode => {\r\n        if (typeof props === 'string' || typeof props === 'boolean') {\r\n            return null;\r\n        }\r\n\r\n        const { date, isWeekend } = props;\r\n\r\n        if (!date || !(date instanceof Date)) {\r\n            return <CalendarCell {...props} />;\r\n        }\r\n\r\n        const dayOfMonth = date.getDate();\r\n        if (isWeekend) {\r\n            return (\r\n                <CalendarCell {...props}>\r\n                    <span className='sf-day sf-weekend'>\r\n                        {dayOfMonth}\r\n                    </span>\r\n                </CalendarCell>\r\n            );\r\n        }\r\n\r\n        if (dayOfMonth === 4) {\r\n            return (\r\n                <CalendarCell {...props} title=\"Birthday\">\r\n                    <span className='sf-day sf-specialDay-4'>\r\n                        {dayOfMonth}\r\n                    </span>\r\n                    <span className=\"highlight-day\" />\r\n                </CalendarCell>\r\n            );\r\n        } else if (dayOfMonth === 15) {\r\n            return (\r\n                <CalendarCell {...props} title=\"Farewell\">\r\n                    <span className='sf-day'>{dayOfMonth}</span>\r\n                    <span className=\"highlight-day\" />\r\n                </CalendarCell>\r\n            );\r\n        } else if (dayOfMonth === 25) {\r\n            return (\r\n                <CalendarCell {...props} title=\"Vacation\">\r\n                    <span className='sf-day'>{dayOfMonth}</span>\r\n                    <span className=\"highlight-day\" />\r\n                </CalendarCell>\r\n            );\r\n        }\r\n\r\n        return (\r\n            <CalendarCell {...props}>\r\n                <span className='sf-day'>{dayOfMonth}</span>\r\n            </CalendarCell>\r\n        );\r\n    };\r\n\r\n    return (\r\n        <div className=\"component-section\" style={{ width: '250px' }}>\r\n            <DatePicker\r\n                id='specialdate'\r\n                placeholder='Choose a date'\r\n                defaultValue={new Date()}\r\n                cellTemplate={cellTemplate}\r\n            />\r\n        </div>\r\n    );\r\n}\r\n",
  "dependencies": "{\"@syncfusion/react-calendars\":\"*\",\"@syncfusion/react-locale\":\"*\",\"@syncfusion/react-cldr-data\":\"*\"}"
}