{
  "src/App.css": "@import \"@syncfusion/react-base/styles/material3.css\";\n@import \"@syncfusion/react-buttons/styles/material3.css\";\n@import \"@syncfusion/react-popups/styles/material3.css\";\n@import \"@syncfusion/react-splitbuttons/styles/material3.css\";\n@import \"@syncfusion/react-inputs/styles/material3.css\";\n@import \"@syncfusion/react-calendars/styles/material3.css\";\n\n .form-group {\r\n   margin-bottom: 20px;\r\n }\r\n\r\n label {\r\n   display: block;\r\n   margin-bottom: 8px;\r\n   font-weight: 500;\r\n }\r\n\r\n .validation-message {\r\n   color: #f44336;\r\n   font-size: 12px;\r\n   margin-top: 4px;\r\n }\r\n\r\n .datepicker-view-container {\r\n    width: 290px;\r\n}\r\n\r\n.datepicker-view-options {\r\n    margin-bottom: 16px;\r\n    display: flex;\r\n    align-items: center;\r\n    width: 500px;\r\n}\r\n\r\n.datepicker-view-label {\r\n    margin-right: 12px;\r\n    font-weight: 500;\r\n    white-space: nowrap;\r\n}\r\n\r\n.datepicker-radio-group {\r\n    display: flex;\r\n    align-items: center;\r\n}\r\n\r\n.datepicker-radio-option {\r\n    margin-right: 20px;\r\n    display: flex;\r\n    align-items: center;\r\n}\r\n\r\n.datepicker-current-view {\r\n    margin-bottom: 10px;\r\n}\n",
  "src/App.tsx": "import { RadioButton } from '@syncfusion/react-buttons';\r\nimport { DatePicker, CalendarView, ViewChangeEvent } from '@syncfusion/react-calendars';\r\nimport { useState } from 'react';\r\nimport './App.css';\r\n\r\nconst viewOptions = [\r\n    { value: CalendarView.Month, label: 'Month' },\r\n    { value: CalendarView.Year, label: 'Year' },\r\n    { value: CalendarView.Decade, label: 'Decade' },\r\n];\r\n\r\nexport default function App() {\r\n    const [initialView, setInitialView] = useState(viewOptions[0].value);\r\n    const [selectedValue, setSelectedValue] = useState('Month');\r\n\r\n    const onNavigate = (args: ViewChangeEvent) => {\r\n        setSelectedValue(args.view as string);\r\n    };\r\n\r\n    return (\r\n        <div className=\"component-section datepicker-view-container\">\r\n            <div className=\"datepicker-view-options\">\r\n                <span className=\"datepicker-view-label\">Initial view:</span>\r\n                <div className=\"datepicker-radio-group\">\r\n                    {viewOptions.map((option) => (\r\n                        <div className=\"datepicker-radio-option\" key={option.value}>\r\n                            <RadioButton\r\n                                label={option.label}\r\n                                value={option.value}\r\n                                checked={initialView === option.value}\r\n                                onChange={() => {\r\n                                    setInitialView(option.value);\r\n                                    setSelectedValue(option.label);\r\n                                }}\r\n                                labelPlacement=\"After\"\r\n                            />\r\n                        </div>\r\n                    ))}\r\n                </div>\r\n            </div>\r\n\r\n            <div className=\"datepicker-current-view\">\r\n                <label id=\"date_label\">Current View: {selectedValue}</label>\r\n            </div>\r\n\r\n            <DatePicker\r\n                start={initialView}\r\n                depth={CalendarView.Month}\r\n                onViewChange={onNavigate}\r\n            />\r\n        </div>\r\n    );\r\n};",
  "dependencies": "{\"@syncfusion/react-buttons\":\"*\",\"@syncfusion/react-calendars\":\"*\",\"@syncfusion/react-locale\":\"*\",\"@syncfusion/react-cldr-data\":\"*\"}"
}