{
  "src/App.css": "@import \"@syncfusion/react-base/styles/material3.css\";\n@import \"@syncfusion/react-buttons/styles/material3.css\";\n",
  "src/App.tsx": "import { Button } from '@syncfusion/react-buttons';\r\nimport './class-styles.css';\r\n\r\nexport default function App() {\r\n  return (\r\n    <div className='component-section'>\r\n      <Button className=\"button-green\">\r\n        Save\r\n      </Button>\r\n    </div>\r\n  );\r\n};",
  "src/class-styles.css": ".sf-btn.button-green {\r\n    color: white;\r\n    background: green !important;\r\n    font-size: 16px;\r\n}",
  "dependencies": "{\"@syncfusion/react-buttons\":\"*\",\"@syncfusion/react-locale\":\"*\",\"@syncfusion/react-cldr-data\":\"*\"}"
}