{
  "src/App.css": "@import \"@syncfusion/react-base/styles/material3.css\";\n@import \"@syncfusion/react-buttons/styles/material3.css\";\n",
  "src/App.tsx": "import { Button } from '@syncfusion/react-buttons';\r\nimport { Provider } from '@syncfusion/react-base';\r\n\r\nexport default function App() {\r\n\r\nreturn (\r\n    <Provider ripple={true}>\r\n    <div className='component-section'>\r\n      {/* Primary Button - Used to represent a primary action. */}\r\n      <Button className='sf-success'>Button</Button>\r\n    </div>\r\n    </Provider>\r\n  );\r\n};",
  "dependencies": "{\"@syncfusion/react-buttons\":\"*\",\"@syncfusion/react-base\":\"*\",\"@syncfusion/react-locale\":\"*\",\"@syncfusion/react-cldr-data\":\"*\"}"
}