{
  "src/App.css": "@import \"@syncfusion/react-base/styles/material3.css\";\n@import \"@syncfusion/react-buttons/styles/material3.css\";\n",
  "src/App.tsx": "import { Button } from '@syncfusion/react-buttons';\r\n\r\nexport default function App() {\r\n  return (\r\n    <div className='component-section'>\r\n      <Button style={{ background: 'blue', fontSize: 16 }}>\r\n        Button\r\n      </Button>\r\n    </div>\r\n  );\r\n};",
  "dependencies": "{\"@syncfusion/react-buttons\":\"*\",\"@syncfusion/react-locale\":\"*\",\"@syncfusion/react-cldr-data\":\"*\"}"
}