{
  "src/App.css": "@import \"@syncfusion/react-base/styles/material3.css\";\n@import \"@syncfusion/react-buttons/styles/material3.css\";\n",
  "src/App.tsx": "import styled from 'styled-components';\r\nimport { Button } from '@syncfusion/react-buttons';\r\n\r\nexport default function App() {\r\n  const StyledButton = styled(Button)`\r\n    &&.sf-btn {\r\n      background: #75e1ef;\r\n      border-color: #75e1ef;\r\n      color: #000000;\r\n    }\r\n  `;\r\n\r\n  return (\r\n    <div className=\"component-section\">\r\n      <StyledButton>Button</StyledButton>\r\n    </div>\r\n  );\r\n};",
  "dependencies": "{\"styled-components\":\"6.1.18\",\"@syncfusion/react-buttons\":\"*\",\"@syncfusion/react-locale\":\"*\",\"@syncfusion/react-cldr-data\":\"*\"}"
}