{
  "src/App.css": "@import \"@syncfusion/react-base/styles/material3.css\";\n",
  "src/App.tsx": "import { Chart, ChartPrimaryXAxis, ChartPrimaryYAxis, ChartSeries, ChartSeriesCollection, ChartTooltip, ChartTitle, ChartAxisTitle, ChartAxisLabel } from '@syncfusion/react-charts'\r\nimport { barAppleData, barXiaomiData, barOppoData } from './smart-phone-data';\r\nimport { useChartTheme } from './theme';\r\nexport default function App() {\r\n    const { chartTheme } = useChartTheme();\r\n    return (\r\n        <Chart theme={chartTheme}>\r\n            <ChartTitle text='Global Smartphone Sales Trends by Brand (2021-2023)' />            \r\n            <ChartPrimaryXAxis valueType={'Category'}/>\r\n            <ChartPrimaryYAxis lineStyle={{ width: 0 }} maximum={300}>                \r\n                <ChartAxisLabel format='{value}M' />\r\n                <ChartAxisTitle text='Units Sold (in Millions)' />\r\n            </ChartPrimaryYAxis>\r\n            <ChartSeriesCollection>\r\n                <ChartSeries dataSource={barAppleData} xField=\"year\" yField=\"count\" type=\"Bar\" fill='#8AA624' columnSpacing={0.3} name=\"Apple\" cornerRadius={{ bottomRight: 8, topRight: 8 }} legendShape='Rectangle' />\r\n                <ChartSeries dataSource={barXiaomiData} xField=\"year\" yField=\"count\" type=\"Bar\" fill='#D25D5D' columnSpacing={0.3} name=\"Xiaomi\" cornerRadius={{ bottomRight: 8, topRight: 8 }} legendShape='Rectangle' />\r\n                <ChartSeries dataSource={barOppoData} xField=\"year\" yField=\"count\" type=\"Bar\" fill='#239BA7' columnSpacing={0.3} name=\"Oppo\" cornerRadius={{ bottomRight: 8, topRight: 8 }} legendShape='Rectangle' />\r\n            </ChartSeriesCollection>\r\n            <ChartTooltip enable={true} headerText='<b>${series.name}</b>'  format='${point.x} : <b>${point.y}</b>' />\r\n        </Chart>\r\n    )\r\n}",
  "src/smart-phone-data.ts": "export const barAppleData = [\r\n  { year: '2021', count: 237 },\r\n  { year: '2022', count: 226.4 },\r\n  { year: '2023', count: 234.6 }\r\n];\r\nexport const barXiaomiData = [\r\n  { year: '2021', count: 190 },\r\n  { year: '2022', count: 153.1 },\r\n  { year: '2023', count: 145.9 }\r\n];\r\nexport const barOppoData = [\r\n  { year: '2021', count: 143 },\r\n  { year: '2022', count: 103.3 },\r\n  { year: '2023', count: 103.1 }\r\n];",
  "src/context.tsx": "import { createContext } from \"react\";\r\n\r\nexport interface ThemeContextType {\r\n  themeName: string;\r\n}\r\n\r\nexport interface LoadContextType {\r\n   loading: boolean;\r\n   setLoading: React.Dispatch<React.SetStateAction<boolean>>;\r\n}\r\n\r\nexport interface RefreshContextType {\r\n   refresh: boolean;\r\n}\r\n\r\nexport const ThemeContext = createContext<ThemeContextType>({\r\n  themeName: 'material3'\r\n});\r\n\r\nexport const LoadContext = createContext<LoadContextType>({\r\n  loading: true,\r\n  setLoading: () => {}\r\n});\r\n\r\nexport const RefreshContext = createContext<RefreshContextType>({\r\n  refresh: false\r\n});\r\n\r\nexport interface TocContextType {\r\n  routeToc: boolean | undefined;\r\n  setRouteToc: (toc: boolean | undefined) => void;\r\n}\r\n\r\nexport const TocContext = createContext<TocContextType>({\r\n  routeToc: undefined,\r\n  setRouteToc: () => {}\r\n});",
  "src/theme.tsx": "// src/components/chart/theme.tsx\r\nimport {  Theme } from \"@syncfusion/react-charts\";\r\nimport { useContext, useState } from \"react\";\r\nimport { ThemeContext } from './context';\r\n\r\n// Create a custom hook to use in components\r\nexport function useChartTheme() {\r\n  const { themeName } = useContext(ThemeContext);\r\n  const chartTheme: Theme = themeName === 'material3-dark' ? 'Material3Dark' : 'Material3';\r\n  const [pointMaterial3Colors] = useState([\"#6355C7\", \"#00AEE0\", \"#FFB400\", \"#F7523F\", \"#963C70\", \"#FD7400\", \"#4BE0BC\", \"#2196F5\", \"#DE3D8A\", \"#162F88\"]);\r\n  const [pointMaterial3DarkColors] = useState([\"#4EAAFF\", \"#FA4EAB\", \"#FFF500\", \"#17EA58\", \"#38FFE7\", \"#FF9E45\", \"#B3F32F\", \"#B93CE4\", \"#FC5664\", \"#9B55FF\"]);\r\n  \r\n  return {\r\n    chartTheme,\r\n    pointMaterial3Colors,\r\n    pointMaterial3DarkColors\r\n  };\r\n}",
  "dependencies": "{\"@syncfusion/react-charts\":\"*\",\"@syncfusion/react-locale\":\"*\",\"@syncfusion/react-cldr-data\":\"*\"}"
}