{
  "src/App.css": "@import \"@syncfusion/react-base/styles/material3.css\";\n",
  "src/App.tsx": "import { Chart, ChartPrimaryXAxis, ChartPrimaryYAxis, ChartSeries, ChartSeriesCollection, ChartTitle, ChartTooltip, ChartAxisTitle, ChartDataLabel, ChartMarker } from \"@syncfusion/react-charts\"\r\nimport { combinedData } from \"./olympic-data\";\r\nimport { useChartTheme } from \"./theme\";\r\nimport { Browser } from \"@syncfusion/react-base\";\r\n\r\nexport default function App() {\r\n    const { chartTheme } = useChartTheme();\r\n    return (\r\n        <Chart theme={chartTheme}>\r\n            <ChartTitle text=\"Olympic Medal Trends by Country and Year\" />\r\n            <ChartTooltip enable={true} headerText='${point.x}' format='${series.groupName} : <b>${point.y} Gold</b>' />\r\n            <ChartPrimaryXAxis valueType=\"Category\" interval={1} />\r\n            <ChartPrimaryYAxis lineStyle={{ width: 0 }} >\r\n                <ChartAxisTitle text=\"Number of Medals Won\" />\r\n            </ChartPrimaryYAxis>\r\n            <ChartSeriesCollection>\r\n                <ChartSeries dataSource={combinedData} xField=\"x\" yField=\"y1\" name=\"USA Total Medals\" type=\"Bar\" groupName=\"USA\" fill=\"#748DAE\" columnWidth={0.7} columnSpacing={0.2} cornerRadius={{ bottomRight: 4, topRight: 4 }} legendShape='Rectangle'>\r\n                    <ChartMarker><ChartDataLabel visible={!Browser.isDevice} position='Top'></ChartDataLabel></ChartMarker>\r\n                </ChartSeries>\r\n                <ChartSeries dataSource={combinedData} xField=\"x\" yField=\"y2\" name=\"USA Gold Medals\" type=\"Bar\" groupName=\"USA\" fill=\"#8DB6ED\" columnWidth={0.5} columnSpacing={0.2} cornerRadius={{ bottomRight: 4, topRight: 4 }} legendShape='Rectangle' >\r\n                    <ChartMarker><ChartDataLabel visible={!Browser.isDevice} position='Top'></ChartDataLabel></ChartMarker>\r\n                </ChartSeries>\r\n                <ChartSeries dataSource={combinedData} xField=\"x\" yField=\"y3\" name=\"UK Total Medals\" type=\"Bar\" groupName=\"UK\" fill=\"#8D8D87\" columnWidth={0.7} columnSpacing={0.2} cornerRadius={{ bottomRight: 4, topRight: 4 }} legendShape='Rectangle'>\r\n                    <ChartMarker><ChartDataLabel visible={!Browser.isDevice} position='Top'></ChartDataLabel></ChartMarker>\r\n                </ChartSeries>\r\n                <ChartSeries dataSource={combinedData} xField=\"x\" yField=\"y4\" name=\"UK Gold Medals\" type=\"Bar\" groupName=\"UK\" fill=\"#DDDAD0\" columnWidth={0.5} columnSpacing={0.2} cornerRadius={{ bottomRight: 4, topRight: 4 }} legendShape='Rectangle' >\r\n                    <ChartMarker><ChartDataLabel visible={!Browser.isDevice} position='Top'></ChartDataLabel></ChartMarker>\r\n                </ChartSeries>\r\n                <ChartSeries dataSource={combinedData} xField=\"x\" yField=\"y5\" name=\"China Total Medals\" type=\"Bar\" groupName=\"China\" fill=\"#689B8A\" columnWidth={0.7} columnSpacing={0.2} cornerRadius={{ bottomRight: 4, topRight: 4 }} legendShape='Rectangle'>\r\n                    <ChartMarker><ChartDataLabel visible={!Browser.isDevice} position='Top'></ChartDataLabel></ChartMarker>\r\n                </ChartSeries>\r\n                <ChartSeries dataSource={combinedData} xField=\"x\" yField=\"y6\" name=\"China Gold Medals\" type=\"Bar\" groupName=\"China\" fill=\"#B2CD9C\" columnWidth={0.5} columnSpacing={0.2} cornerRadius={{ bottomRight: 4, topRight: 4 }} legendShape='Rectangle' >\r\n                    <ChartMarker><ChartDataLabel visible={!Browser.isDevice} position='Top'></ChartDataLabel></ChartMarker>\r\n                </ChartSeries>\r\n            </ChartSeriesCollection>\r\n        </Chart>\r\n    );\r\n}",
  "src/olympic-data.ts": "export const combinedData = [\r\n  { x: '2016', y1: 104, y2: 46, y3: 65, y4: 29, y5: 91, y6: 38 },\r\n  { x: '2020', y1: 121, y2: 46, y3: 67, y4: 27, y5: 70, y6: 26 },\r\n  { x: '2024', y1: 113, y2: 39, y3: 65, y4: 22, y5: 88, y6: 38 }\r\n]",
  "src/context.tsx": "import { createContext } from \"react\";\r\n\r\nexport interface ThemeContextType {\r\n  themeName: string;\r\n}\r\n\r\nexport interface LoadContextType {\r\n   loading: boolean;\r\n   setLoading: React.Dispatch<React.SetStateAction<boolean>>;\r\n}\r\n\r\nexport interface RefreshContextType {\r\n   refresh: boolean;\r\n}\r\n\r\nexport const ThemeContext = createContext<ThemeContextType>({\r\n  themeName: 'material3'\r\n});\r\n\r\nexport const LoadContext = createContext<LoadContextType>({\r\n  loading: true,\r\n  setLoading: () => {}\r\n});\r\n\r\nexport const RefreshContext = createContext<RefreshContextType>({\r\n  refresh: false\r\n});\r\n\r\nexport interface TocContextType {\r\n  routeToc: boolean | undefined;\r\n  setRouteToc: (toc: boolean | undefined) => void;\r\n}\r\n\r\nexport const TocContext = createContext<TocContextType>({\r\n  routeToc: undefined,\r\n  setRouteToc: () => {}\r\n});",
  "src/theme.tsx": "// src/components/chart/theme.tsx\r\nimport {  Theme } from \"@syncfusion/react-charts\";\r\nimport { useContext, useState } from \"react\";\r\nimport { ThemeContext } from './context';\r\n\r\n// Create a custom hook to use in components\r\nexport function useChartTheme() {\r\n  const { themeName } = useContext(ThemeContext);\r\n  const chartTheme: Theme = themeName === 'material3-dark' ? 'Material3Dark' : 'Material3';\r\n  const [pointMaterial3Colors] = useState([\"#6355C7\", \"#00AEE0\", \"#FFB400\", \"#F7523F\", \"#963C70\", \"#FD7400\", \"#4BE0BC\", \"#2196F5\", \"#DE3D8A\", \"#162F88\"]);\r\n  const [pointMaterial3DarkColors] = useState([\"#4EAAFF\", \"#FA4EAB\", \"#FFF500\", \"#17EA58\", \"#38FFE7\", \"#FF9E45\", \"#B3F32F\", \"#B93CE4\", \"#FC5664\", \"#9B55FF\"]);\r\n  \r\n  return {\r\n    chartTheme,\r\n    pointMaterial3Colors,\r\n    pointMaterial3DarkColors\r\n  };\r\n}",
  "dependencies": "{\"@syncfusion/react-charts\":\"*\",\"@syncfusion/react-base\":\"*\",\"@syncfusion/react-locale\":\"*\",\"@syncfusion/react-cldr-data\":\"*\"}"
}