{
  "src/App.css": "@import \"@syncfusion/react-base/styles/material3.css\";\n",
  "src/App.tsx": "import { Chart, ChartSeries, ChartSeriesCollection, ChartTooltip, ChartPrimaryXAxis, ChartPrimaryYAxis, ChartAxisTitle, ChartMarker, ChartDataLabel, ChartTitle, ChartMajorTickLines, ChartAxisLabel } from \"@syncfusion/react-charts\"\r\nimport { barWithTrackData } from \"./region-revenue-data\";\r\nimport { useChartTheme } from \"./theme\";\r\nimport { Browser } from \"@syncfusion/react-base\";\r\n\r\nexport default function App() {\r\n    const { chartTheme } = useChartTheme();\r\n    return (\r\n        <Chart theme={chartTheme} enableSideBySidePlacement={false} height='450px' width='100%' >\r\n            <ChartTitle text=\"Gross Revenue by Region\" />\r\n            <ChartPrimaryXAxis valueType='Category'>\r\n                <ChartAxisTitle text=\"Region\" />\r\n                <ChartMajorTickLines width={1}/>\r\n            </ChartPrimaryXAxis>\r\n            <ChartPrimaryYAxis valueType='Double' minimum={0} maximum={12000000} interval={2000000} >\r\n                <ChartAxisLabel format=\"${value}\" rotationAngle={Browser.isDevice ? -45 : 0} />\r\n            </ChartPrimaryYAxis>\r\n            <ChartSeriesCollection>\r\n                <ChartSeries dataSource={barWithTrackData} xField=\"region\" yField=\"targetRevenue\" type='Bar' fill=\"#B2CD9C\" border={{ width: 1, color: \"#689B8A\" }} cornerRadius={{ topRight: 20, bottomRight: 20 }} opacity={0.9} columnWidth={0.4} enableTooltip={false} />\r\n                <ChartSeries dataSource={barWithTrackData} xField=\"region\" yField=\"revenue\" type='Bar' fill=\"#689B8A\" border={{ width: 1, color: \"#B2CD9C\" }} columnWidth={0.4}>\r\n                    <ChartMarker>\r\n                        <ChartDataLabel visible={true} format={\"{value}%\"} position=\"Bottom\" font={{ color: '#ffffff' }} />\r\n                    </ChartMarker>\r\n                </ChartSeries>\r\n            </ChartSeriesCollection>\r\n            <ChartTooltip enable={true} headerText=\"${point.x}\"  format=\"Revenue: <b>${point.y}</b>\" />\r\n        </Chart>\r\n    )\r\n}",
  "src/region-revenue-data.ts": "export const barWithTrackData = [\r\n  { region: 'Europe', revenue: 5300000, targetRevenue: 10050000, percentage: 53 },\r\n  { region: 'Americas', revenue: 8700000, targetRevenue: 11500000, percentage: 87 },\r\n  { region: 'Asia', revenue: 5800000, targetRevenue: 8000000, percentage: 58 },\r\n  { region: 'Africa', revenue: 7700000, targetRevenue: 10000000, percentage: 77 }\r\n];",
  "src/context.tsx": "import { createContext } from \"react\";\r\n\r\nexport interface ThemeContextType {\r\n  themeName: string;\r\n}\r\n\r\nexport interface LoadContextType {\r\n   loading: boolean;\r\n   setLoading: React.Dispatch<React.SetStateAction<boolean>>;\r\n}\r\n\r\nexport interface RefreshContextType {\r\n   refresh: boolean;\r\n}\r\n\r\nexport const ThemeContext = createContext<ThemeContextType>({\r\n  themeName: 'material3'\r\n});\r\n\r\nexport const LoadContext = createContext<LoadContextType>({\r\n  loading: true,\r\n  setLoading: () => {}\r\n});\r\n\r\nexport const RefreshContext = createContext<RefreshContextType>({\r\n  refresh: false\r\n});\r\n\r\nexport interface TocContextType {\r\n  routeToc: boolean | undefined;\r\n  setRouteToc: (toc: boolean | undefined) => void;\r\n}\r\n\r\nexport const TocContext = createContext<TocContextType>({\r\n  routeToc: undefined,\r\n  setRouteToc: () => {}\r\n});",
  "src/theme.tsx": "// src/components/chart/theme.tsx\r\nimport {  Theme } from \"@syncfusion/react-charts\";\r\nimport { useContext, useState } from \"react\";\r\nimport { ThemeContext } from './context';\r\n\r\n// Create a custom hook to use in components\r\nexport function useChartTheme() {\r\n  const { themeName } = useContext(ThemeContext);\r\n  const chartTheme: Theme = themeName === 'material3-dark' ? 'Material3Dark' : 'Material3';\r\n  const [pointMaterial3Colors] = useState([\"#6355C7\", \"#00AEE0\", \"#FFB400\", \"#F7523F\", \"#963C70\", \"#FD7400\", \"#4BE0BC\", \"#2196F5\", \"#DE3D8A\", \"#162F88\"]);\r\n  const [pointMaterial3DarkColors] = useState([\"#4EAAFF\", \"#FA4EAB\", \"#FFF500\", \"#17EA58\", \"#38FFE7\", \"#FF9E45\", \"#B3F32F\", \"#B93CE4\", \"#FC5664\", \"#9B55FF\"]);\r\n  \r\n  return {\r\n    chartTheme,\r\n    pointMaterial3Colors,\r\n    pointMaterial3DarkColors\r\n  };\r\n}",
  "dependencies": "{\"@syncfusion/react-charts\":\"*\",\"@syncfusion/react-base\":\"*\",\"@syncfusion/react-locale\":\"*\",\"@syncfusion/react-cldr-data\":\"*\"}"
}