{
  "src/App.css": "@import \"@syncfusion/react-base/styles/material3.css\";\n",
  "src/App.tsx": "import {\r\n    Chart, ChartLegend, ChartPrimaryXAxis, ChartPrimaryYAxis, ChartSeries, ChartSeriesCollection, ChartTitle, ChartAxisLabel, ChartMarker, ChartTooltip\r\n} from '@syncfusion/react-charts'\r\nimport { useChartTheme } from './theme';\r\n\r\nexport default function App() {\r\n    const { chartTheme } = useChartTheme();\r\n    const generateLargeData = (count: number) => {\r\n        const series1 = [];\r\n        let point1: object;\r\n        let value = 0;\r\n        for (let pts = 0; pts < count; pts++) {\r\n            // Create more pronounced waves by increasing the sine amplitude\r\n            // and adding additional wave components\r\n            if (pts % 3 == 0) {\r\n                value -= (Math.random() * (100) / 3) * 4;\r\n            }\r\n            else if (pts % 2 == 0) {\r\n                value += (Math.random() * (100) / 3) * 4;\r\n            }\r\n            if (value < 0) {\r\n                value = value * -1;\r\n            }\r\n            if (value >= 12000) {\r\n                value = Math.floor(Math.random() * 11000) + 1000;\r\n            }\r\n            point1 = { x: new Date(2005, 1, 1).setHours(pts), y: value };\r\n            series1.push(point1);\r\n        }\r\n        return series1;\r\n    };\r\n    const largeData = generateLargeData(1000000);\r\n    return (\r\n        <div>\r\n            <Chart id=\"bench-mark\" theme={chartTheme} border={{ width: 0, color: 'gray' }} >\r\n                <ChartTitle text=\"Chart with 1000K data\"/>                \r\n                <ChartTooltip enable={true} headerText=\"\" />\r\n                <ChartPrimaryXAxis intervalType={'Years'} valueType='DateTime'>\r\n                    <ChartAxisLabel />\r\n                </ChartPrimaryXAxis>\r\n                <ChartPrimaryYAxis visible={true}>\r\n                </ChartPrimaryYAxis>\r\n                <ChartSeriesCollection>\r\n                    <ChartSeries dataSource={largeData} xField=\"x\" yField=\"y\" type=\"Line\" name='Vietnam'>\r\n                        <ChartMarker visible={true} width={8} height={8} filled={true} />\r\n                    </ChartSeries>\r\n                </ChartSeriesCollection>\r\n                <ChartLegend visible={false}/>\r\n            </Chart>\r\n        </div>\r\n    )\r\n}",
  "src/context.tsx": "import { createContext } from \"react\";\r\n\r\nexport interface ThemeContextType {\r\n  themeName: string;\r\n}\r\n\r\nexport interface LoadContextType {\r\n   loading: boolean;\r\n   setLoading: React.Dispatch<React.SetStateAction<boolean>>;\r\n}\r\n\r\nexport interface RefreshContextType {\r\n   refresh: boolean;\r\n}\r\n\r\nexport const ThemeContext = createContext<ThemeContextType>({\r\n  themeName: 'material3'\r\n});\r\n\r\nexport const LoadContext = createContext<LoadContextType>({\r\n  loading: true,\r\n  setLoading: () => {}\r\n});\r\n\r\nexport const RefreshContext = createContext<RefreshContextType>({\r\n  refresh: false\r\n});\r\n\r\nexport interface TocContextType {\r\n  routeToc: boolean | undefined;\r\n  setRouteToc: (toc: boolean | undefined) => void;\r\n}\r\n\r\nexport const TocContext = createContext<TocContextType>({\r\n  routeToc: undefined,\r\n  setRouteToc: () => {}\r\n});",
  "src/theme.tsx": "// src/components/chart/theme.tsx\r\nimport {  Theme } from \"@syncfusion/react-charts\";\r\nimport { useContext, useState } from \"react\";\r\nimport { ThemeContext } from './context';\r\n\r\n// Create a custom hook to use in components\r\nexport function useChartTheme() {\r\n  const { themeName } = useContext(ThemeContext);\r\n  const chartTheme: Theme = themeName === 'material3-dark' ? 'Material3Dark' : 'Material3';\r\n  const [pointMaterial3Colors] = useState([\"#6355C7\", \"#00AEE0\", \"#FFB400\", \"#F7523F\", \"#963C70\", \"#FD7400\", \"#4BE0BC\", \"#2196F5\", \"#DE3D8A\", \"#162F88\"]);\r\n  const [pointMaterial3DarkColors] = useState([\"#4EAAFF\", \"#FA4EAB\", \"#FFF500\", \"#17EA58\", \"#38FFE7\", \"#FF9E45\", \"#B3F32F\", \"#B93CE4\", \"#FC5664\", \"#9B55FF\"]);\r\n  \r\n  return {\r\n    chartTheme,\r\n    pointMaterial3Colors,\r\n    pointMaterial3DarkColors\r\n  };\r\n}",
  "dependencies": "{\"@syncfusion/react-charts\":\"*\",\"@syncfusion/react-locale\":\"*\",\"@syncfusion/react-cldr-data\":\"*\"}"
}