{
  "src/App.css": "@import \"@syncfusion/react-base/styles/material3.css\";\n",
  "src/App.tsx": "import { Chart, ChartPrimaryXAxis, ChartPrimaryYAxis, ChartSeries, ChartSeriesCollection, ChartTooltip, ChartTitle, ChartMarker, ChartDataLabel, ChartStripLines, ChartStripLine, ChartAxisTitle, ChartArea, ChartAxisLabel } from '@syncfusion/react-charts'\r\nimport { bubbleData } from './bubble-data'\r\nimport { useChartTheme } from './theme';\r\nexport default function App() {\r\n    const { chartTheme } = useChartTheme();\r\n    return (\r\n        <Chart theme={chartTheme}>\r\n            <ChartTitle text='World Countries Details' />\r\n            <ChartArea border={{ width: 1, color: '#E7E3F0' }} />\r\n            <ChartTooltip enable={true} headerText=\"${point.tooltip}\"  format=\"Literacy Rate : <b>${point.x}%</b> <br/>GDP Annual Growth Rate : <b>${point.y}</b><br/>Population : <b>${point.size} Billion</b>\" />\r\n            <ChartPrimaryXAxis minimum={65} maximum={102} interval={5}>\r\n                <ChartAxisTitle text='Literacy Rate' />\r\n                <ChartStripLines>\r\n                    <ChartStripLine visible={true} range={{ start: 70, end: 70.1}} style={{ color: 'Gray', dashArray: '3,10', opacity: 0.8 }} />\r\n                </ChartStripLines>\r\n            </ChartPrimaryXAxis>\r\n            <ChartPrimaryYAxis minimum={-1} maximum={10} interval={2.5}>\r\n                <ChartAxisTitle text='GDP Annual Growth Rate' />\r\n                <ChartAxisLabel format='n1' />\r\n                <ChartStripLines>\r\n                    <ChartStripLine visible={true} range={{ start:1.5, end:1.6 }} style={{ color: 'Gray', dashArray: '3,10', opacity: 0.8 }} />\r\n                </ChartStripLines>\r\n            </ChartPrimaryYAxis>\r\n            <ChartSeriesCollection>\r\n                <ChartSeries dataSource={bubbleData} type='Bubble' minRadius={3} maxRadius={6} tooltipField='toolTipMappingName' border={{ width: 2 }} xField='x' yField='y' sizeField='size' opacity={0.5}>\r\n                    <ChartMarker>\r\n                        <ChartDataLabel visible={true} position='Middle' />\r\n                    </ChartMarker>\r\n                </ChartSeries>\r\n            </ChartSeriesCollection>\r\n        </Chart>\r\n    );\r\n}",
  "src/bubble-data.ts": "export const bubbleData = [\r\n  { x: 92.2, y: 7.8, size: 1.347, toolTipMappingName: 'China', text: 'China', color: '#FFC75F80', tooltipColor: '#5FFFF280' },\r\n  { x: 74, y: 6.5, size: 1.241, toolTipMappingName: 'India', text: 'India', color: '#FFD93D80', tooltipColor: '#FFE83D80' },\r\n  { x: 90.4, y: 6.0, size: 0.238, toolTipMappingName: 'Indonesia', text: 'Indonesia', color: '#F9F87180', tooltipColor: '#F9F87180' },\r\n  { x: 99.4, y: 2.2, size: 0.312, toolTipMappingName: 'United States', text: 'US', color: '#F76E1180', tooltipColor: '#11F75E80' },\r\n  { x: 88.6, y: 1.3, size: 0.197, toolTipMappingName: 'Brazil', text: 'Brazil', color: '#FF5E7880', tooltipColor: '#B95EFF80' },\r\n  { x: 99, y: 0.7, size: 0.0818, toolTipMappingName: 'Germany', text: 'Germany', color: '#A0E7E580', tooltipColor: '#E7A0D880' },\r\n  { x: 72, y: 2.0, size: 0.0826, toolTipMappingName: 'Egypt', text: 'Egypt', color: '#6BCB7780', tooltipColor: '#8DCB6B80' },\r\n  { x: 99.6, y: 3.4, size: 0.143, toolTipMappingName: 'Russia', text: 'Russia', color: '#2C73D280', tooltipColor: '#2C48D280' },\r\n  { x: 96.5, y: 0.2, size: 0.128, toolTipMappingName: 'Japan', text: 'Japan', color: '#FFB7B280', tooltipColor: '#B7B2FF80' },\r\n  { x: 86.1, y: 4.0, size: 0.115, toolTipMappingName: 'MeLiteracy Ion', text: 'MLI', color: '#0081CF80', tooltipColor: '#0080CF80' },\r\n  { x: 92.6, y: 5.2, size: 0.096, toolTipMappingName: 'Philippines', text: 'PH', color: '#B39CD080', tooltipColor: '#D09C9D80' },\r\n  { x: 61.3, y: 1.45, size: 0.162, toolTipMappingName: 'Nigeria', text: 'Nigeria', color: '#FFF176', tooltipColor: '' },\r\n  { x: 82.2, y: 3.97, size: 0.7, toolTipMappingName: 'Hong Kong', text: 'Hong Kong', color: '#00C9A780', tooltipColor: '#00C9A780' },\r\n  { x: 79.2, y: 4.9, size: 0.162, toolTipMappingName: 'Netherland', text: 'NL', color: '#845EC280', tooltipColor: '#C25E9280' },\r\n  { x: 72.5, y: 4.5, size: 0.7, toolTipMappingName: 'Jordan', text: 'Jordan', color: '#4D96FF80', tooltipColor: '#4DBBFF80' },\r\n  { x: 81, y: 2.5, size: 0.21, toolTipMappingName: 'Australia', text: 'Australia', color: '#C34A3680', tooltipColor: '#36C36580' },\r\n  { x: 66.8, y: 3.9, size: 0.028, toolTipMappingName: 'Mongolia', text: 'MN', color: '#90A4AE', tooltipColor: '' },\r\n  { x: 78.4, y: 2.9, size: 0.231, toolTipMappingName: 'Taiwan', text: 'Taiwan', color: '#FF967180', tooltipColor: '#89FF7180' }\r\n]",
  "src/context.tsx": "import { createContext } from \"react\";\r\n\r\nexport interface ThemeContextType {\r\n  themeName: string;\r\n}\r\n\r\nexport interface LoadContextType {\r\n   loading: boolean;\r\n   setLoading: React.Dispatch<React.SetStateAction<boolean>>;\r\n}\r\n\r\nexport interface RefreshContextType {\r\n   refresh: boolean;\r\n}\r\n\r\nexport const ThemeContext = createContext<ThemeContextType>({\r\n  themeName: 'material3'\r\n});\r\n\r\nexport const LoadContext = createContext<LoadContextType>({\r\n  loading: true,\r\n  setLoading: () => {}\r\n});\r\n\r\nexport const RefreshContext = createContext<RefreshContextType>({\r\n  refresh: false\r\n});\r\n\r\nexport interface TocContextType {\r\n  routeToc: boolean | undefined;\r\n  setRouteToc: (toc: boolean | undefined) => void;\r\n}\r\n\r\nexport const TocContext = createContext<TocContextType>({\r\n  routeToc: undefined,\r\n  setRouteToc: () => {}\r\n});",
  "src/theme.tsx": "// src/components/chart/theme.tsx\r\nimport {  Theme } from \"@syncfusion/react-charts\";\r\nimport { useContext, useState } from \"react\";\r\nimport { ThemeContext } from './context';\r\n\r\n// Create a custom hook to use in components\r\nexport function useChartTheme() {\r\n  const { themeName } = useContext(ThemeContext);\r\n  const chartTheme: Theme = themeName === 'material3-dark' ? 'Material3Dark' : 'Material3';\r\n  const [pointMaterial3Colors] = useState([\"#6355C7\", \"#00AEE0\", \"#FFB400\", \"#F7523F\", \"#963C70\", \"#FD7400\", \"#4BE0BC\", \"#2196F5\", \"#DE3D8A\", \"#162F88\"]);\r\n  const [pointMaterial3DarkColors] = useState([\"#4EAAFF\", \"#FA4EAB\", \"#FFF500\", \"#17EA58\", \"#38FFE7\", \"#FF9E45\", \"#B3F32F\", \"#B93CE4\", \"#FC5664\", \"#9B55FF\"]);\r\n  \r\n  return {\r\n    chartTheme,\r\n    pointMaterial3Colors,\r\n    pointMaterial3DarkColors\r\n  };\r\n}",
  "dependencies": "{\"@syncfusion/react-charts\":\"*\",\"@syncfusion/react-locale\":\"*\",\"@syncfusion/react-cldr-data\":\"*\"}"
}