{
  "src/App.css": "@import \"@syncfusion/react-base/styles/material3.css\";\n",
  "src/App.tsx": "import { useState } from 'react';\r\nimport { Chart, ChartAxisLabel, ChartAxisTitle, ChartPrimaryXAxis, ChartPrimaryYAxis, ChartSeries, ChartSeriesCollection, ChartTitle, ChartTooltip } from '@syncfusion/react-charts';\r\nimport { useChartTheme } from './theme';\r\nimport { Browser } from '@syncfusion/react-base';\r\n\r\nexport default function App() {\r\n  const { chartTheme } = useChartTheme();\r\n  const [chartData] = useState([\r\n    { EmployeeID: 10248, Name: 'Paul Henriot', TasksCompleted: 25 },\r\n    { EmployeeID: 10249, Name: 'Karin Josephs', TasksCompleted: 32 },\r\n    { EmployeeID: 10250, Name: 'Mario Pontes', TasksCompleted: 28 },\r\n    { EmployeeID: 10251, Name: 'Mary Saveley', TasksCompleted: 19 },\r\n    { EmployeeID: 10252, Name: 'Martin Sommer', TasksCompleted: 34 },\r\n    { EmployeeID: 10253, Name: 'Laurence Lebihan', TasksCompleted: 23 },\r\n    { EmployeeID: 10254, Name: 'Elizabeth Lincoln', TasksCompleted: 29 },\r\n    { EmployeeID: 10255, Name: 'Victoria Ashworth', TasksCompleted: 27 }\r\n  ]);\r\n  return (\r\n    <Chart theme={chartTheme}>\r\n      <ChartTitle text='Employee Task Completion' />\r\n      <ChartPrimaryXAxis valueType=\"Category\" lineStyle={{ width: 0 }}>\r\n        <ChartAxisLabel rotationAngle={Browser.isDevice ? -45 : -45} />\r\n      </ChartPrimaryXAxis>\r\n      <ChartPrimaryYAxis lineStyle={{ width: 0 }} interval={10}>\r\n        <ChartAxisTitle text='Tasks Completed' />\r\n      </ChartPrimaryYAxis>\r\n      <ChartSeriesCollection>\r\n        <ChartSeries type=\"Column\" dataSource={chartData} xField=\"Name\" yField=\"TasksCompleted\" fill='#98A1EA' columnWidth={0.4} cornerRadius={{ topLeft: 10, topRight: 10 }} />\r\n      </ChartSeriesCollection>\r\n      <ChartTooltip enable={true} headerText='${point.x}'  format='Tasks Completed: <b>${point.y}</b>' />\r\n    </Chart>\r\n  );\r\n}",
  "src/context.tsx": "import { createContext } from \"react\";\r\n\r\nexport interface ThemeContextType {\r\n  themeName: string;\r\n}\r\n\r\nexport interface LoadContextType {\r\n   loading: boolean;\r\n   setLoading: React.Dispatch<React.SetStateAction<boolean>>;\r\n}\r\n\r\nexport interface RefreshContextType {\r\n   refresh: boolean;\r\n}\r\n\r\nexport const ThemeContext = createContext<ThemeContextType>({\r\n  themeName: 'material3'\r\n});\r\n\r\nexport const LoadContext = createContext<LoadContextType>({\r\n  loading: true,\r\n  setLoading: () => {}\r\n});\r\n\r\nexport const RefreshContext = createContext<RefreshContextType>({\r\n  refresh: false\r\n});\r\n\r\nexport interface TocContextType {\r\n  routeToc: boolean | undefined;\r\n  setRouteToc: (toc: boolean | undefined) => void;\r\n}\r\n\r\nexport const TocContext = createContext<TocContextType>({\r\n  routeToc: undefined,\r\n  setRouteToc: () => {}\r\n});",
  "src/theme.tsx": "// src/components/chart/theme.tsx\r\nimport {  Theme } from \"@syncfusion/react-charts\";\r\nimport { useContext, useState } from \"react\";\r\nimport { ThemeContext } from './context';\r\n\r\n// Create a custom hook to use in components\r\nexport function useChartTheme() {\r\n  const { themeName } = useContext(ThemeContext);\r\n  const chartTheme: Theme = themeName === 'material3-dark' ? 'Material3Dark' : 'Material3';\r\n  const [pointMaterial3Colors] = useState([\"#6355C7\", \"#00AEE0\", \"#FFB400\", \"#F7523F\", \"#963C70\", \"#FD7400\", \"#4BE0BC\", \"#2196F5\", \"#DE3D8A\", \"#162F88\"]);\r\n  const [pointMaterial3DarkColors] = useState([\"#4EAAFF\", \"#FA4EAB\", \"#FFF500\", \"#17EA58\", \"#38FFE7\", \"#FF9E45\", \"#B3F32F\", \"#B93CE4\", \"#FC5664\", \"#9B55FF\"]);\r\n  \r\n  return {\r\n    chartTheme,\r\n    pointMaterial3Colors,\r\n    pointMaterial3DarkColors\r\n  };\r\n}",
  "dependencies": "{\"@syncfusion/react-charts\":\"*\",\"@syncfusion/react-base\":\"*\",\"@syncfusion/react-locale\":\"*\",\"@syncfusion/react-cldr-data\":\"*\"}"
}