{
  "src/App.css": "@import \"@syncfusion/react-base/styles/material3.css\";\n",
  "src/App.tsx": "import { Chart, ChartPrimaryXAxis, ChartPrimaryYAxis, ChartSeries, ChartSeriesCollection, ChartTooltip, ChartAxisLabel, ChartAxisTitle, ChartTitle, ChartLegend } from \"@syncfusion/react-charts\"\r\nimport { columnWithTrackData } from \"./track-data\";\r\nimport { useChartTheme } from \"./theme\";\r\nimport { Browser } from \"@syncfusion/react-base\";\r\nexport default function App() {\r\n    const { chartTheme } = useChartTheme();\r\n    return (\r\n        <div>\r\n            <svg style={{ height: 0 }}>\r\n                <defs>\r\n                    <linearGradient id=\"gradient-fill-track\" x1=\"0\" y1=\"0\" x2=\"0\" y2=\"1\">\r\n                        <stop offset=\"0%\" stopColor=\"#8F94FB\" />\r\n                        <stop offset=\"100%\" stopColor=\"#4E54C8\" />\r\n                    </linearGradient>\r\n                </defs>\r\n            </svg>\r\n            <Chart theme={chartTheme} enableSideBySidePlacement={false} background={chartTheme.includes('Dark') ? \"#1c1b1f\" : \"#f8f9fa\"}>\r\n                <ChartTitle text=\"Which Milk Is the Most Sustainable?\" />\r\n                <ChartPrimaryXAxis valueType={'Category'} interval={1}>\r\n                    <ChartAxisLabel intersectAction=\"Trim\" rotationAngle={Browser.isDevice ? -45 : 0} />\r\n                </ChartPrimaryXAxis>\r\n                <ChartPrimaryYAxis lineStyle={{ width: 0 }} interval={200} minimum={0} maximum={1050}>\r\n                    <ChartAxisTitle text=\"Water use [liters]\" />\r\n                </ChartPrimaryYAxis>\r\n                <ChartSeriesCollection>\r\n                    <ChartSeries dataSource={columnWithTrackData} xField=\"milkType\" yField=\"bottleEffect\" type='Column' name='Bottle Effect' fill={chartTheme.includes('Dark') ? \"#1c1b1f\" : \"#f0f0fd\"} opacity={0.9} border={{ width: 1, color: \"#c5d9b1\" }} cornerRadius={{ topLeft: 5, topRight: 5 }} columnSpacing={0.6} columnWidth={0.5} enableTooltip={false} />\r\n                    <ChartSeries dataSource={columnWithTrackData} xField=\"milkType\" yField=\"bottleNeck\" type='Column' name='Bottle Neck' fill={chartTheme.includes('Dark') ? \"#1c1b1f\" : \"#f0f0fd\"} opacity={0.9} border={{ width: 1, color: \"#c5d9b1\" }} cornerRadius={{ topLeft: 10, topRight: 10 }} columnSpacing={0.6} />\r\n                    <ChartSeries dataSource={columnWithTrackData} xField=\"milkType\" yField=\"waterUsage\" type='Column' name='Water Usage' fill=\"url(#gradient-fill-track)\" cornerRadius={{ topLeft: 5, topRight: 5 }} columnSpacing={0.6} />\r\n                </ChartSeriesCollection>\r\n                <ChartLegend visible={false} />\r\n                <ChartTooltip enable={true} headerText='${point.x}'  format='${series.name}: <b>${point.y}</b>' />\r\n            </Chart>\r\n        </div>\r\n    )\r\n}",
  "src/track-data.ts": "export const columnWithTrackData = [\r\n  { milkType: 'Cow', waterUsage: 628, bottleNeck: 1000, bottleEffect: 1050 },\r\n  { milkType: 'Almond', waterUsage: 371, bottleNeck: 1000, bottleEffect: 1050 },\r\n  { milkType: 'Rice', waterUsage: 270, bottleNeck: 1000, bottleEffect: 1050 },\r\n  { milkType: 'Oat', waterUsage: 48, bottleNeck: 1000, bottleEffect: 1050 },\r\n  { milkType: 'Soy', waterUsage: 28, bottleNeck: 1000, bottleEffect: 1050 }\r\n];",
  "src/context.tsx": "import { createContext } from \"react\";\r\n\r\nexport interface ThemeContextType {\r\n  themeName: string;\r\n}\r\n\r\nexport interface LoadContextType {\r\n   loading: boolean;\r\n   setLoading: React.Dispatch<React.SetStateAction<boolean>>;\r\n}\r\n\r\nexport interface RefreshContextType {\r\n   refresh: boolean;\r\n}\r\n\r\nexport const ThemeContext = createContext<ThemeContextType>({\r\n  themeName: 'material3'\r\n});\r\n\r\nexport const LoadContext = createContext<LoadContextType>({\r\n  loading: true,\r\n  setLoading: () => {}\r\n});\r\n\r\nexport const RefreshContext = createContext<RefreshContextType>({\r\n  refresh: false\r\n});\r\n\r\nexport interface TocContextType {\r\n  routeToc: boolean | undefined;\r\n  setRouteToc: (toc: boolean | undefined) => void;\r\n}\r\n\r\nexport const TocContext = createContext<TocContextType>({\r\n  routeToc: undefined,\r\n  setRouteToc: () => {}\r\n});",
  "src/theme.tsx": "// src/components/chart/theme.tsx\r\nimport {  Theme } from \"@syncfusion/react-charts\";\r\nimport { useContext, useState } from \"react\";\r\nimport { ThemeContext } from './context';\r\n\r\n// Create a custom hook to use in components\r\nexport function useChartTheme() {\r\n  const { themeName } = useContext(ThemeContext);\r\n  const chartTheme: Theme = themeName === 'material3-dark' ? 'Material3Dark' : 'Material3';\r\n  const [pointMaterial3Colors] = useState([\"#6355C7\", \"#00AEE0\", \"#FFB400\", \"#F7523F\", \"#963C70\", \"#FD7400\", \"#4BE0BC\", \"#2196F5\", \"#DE3D8A\", \"#162F88\"]);\r\n  const [pointMaterial3DarkColors] = useState([\"#4EAAFF\", \"#FA4EAB\", \"#FFF500\", \"#17EA58\", \"#38FFE7\", \"#FF9E45\", \"#B3F32F\", \"#B93CE4\", \"#FC5664\", \"#9B55FF\"]);\r\n  \r\n  return {\r\n    chartTheme,\r\n    pointMaterial3Colors,\r\n    pointMaterial3DarkColors\r\n  };\r\n}",
  "dependencies": "{\"@syncfusion/react-charts\":\"*\",\"@syncfusion/react-base\":\"*\",\"@syncfusion/react-locale\":\"*\",\"@syncfusion/react-cldr-data\":\"*\"}"
}