{
  "src/App.css": "@import \"@syncfusion/react-base/styles/material3.css\";\n",
  "src/App.tsx": "import { Chart, ChartPrimaryXAxis, ChartPrimaryYAxis, ChartSeries, ChartSeriesCollection, ChartTooltip, ChartMajorGridLines, ChartMinorGridLines, ChartTitle, ChartAxisTitle, ChartAxisLabel, ChartLegend, ChartMarker } from '@syncfusion/react-charts'\r\nimport { privateConsumptionData, governmentConsumptionData, investmentData, netForeignTradeData, gdpGrowthData } from './growth-data';\r\nimport { useChartTheme } from './theme';\r\nimport { Browser } from '@syncfusion/react-base';\r\nexport default function App() {\r\n    const { chartTheme } = useChartTheme();\r\n    return (\r\n        <Chart theme={chartTheme}>\r\n            <ChartTitle text='Annual Growth GDP in France' />            \r\n            <ChartPrimaryXAxis valueType={'Category'} interval={Browser.isDevice ? 3 : 1} lineStyle={{ width: 0 }}>\r\n            </ChartPrimaryXAxis>\r\n            <ChartPrimaryYAxis minimum={-3} maximum={3} interval={1} lineStyle={{ width: 0 }}>\r\n                <ChartMajorGridLines width={1} />                \r\n                <ChartMinorGridLines width={1} />\r\n                <ChartAxisLabel format='{value}B' />\r\n                <ChartAxisTitle text='Growth (in Billion)' />\r\n            </ChartPrimaryYAxis>\r\n            <ChartSeriesCollection>\r\n                <ChartSeries dataSource={privateConsumptionData} xField=\"x\" yField=\"y\" type=\"StackingColumn\" name=\"Private Consumption\" fill='#EF476F' />\r\n                <ChartSeries dataSource={governmentConsumptionData} xField=\"x\" yField=\"y\" type=\"StackingColumn\" name=\"Government Consumption\" fill='#FFD166' />\r\n                <ChartSeries dataSource={investmentData} xField=\"x\" yField=\"y\" type=\"StackingColumn\" name=\"Investment\" fill='#06D6A0' />\r\n                <ChartSeries dataSource={netForeignTradeData} xField=\"x\" yField=\"y\" type=\"StackingColumn\" name=\"Net Foreign Trade\" fill='#355F83' />\r\n                <ChartSeries dataSource={gdpGrowthData} xField=\"x\" yField=\"y\" type=\"Line\" name=\"GDP\" width={2} fill='#7B9E29'>\r\n                    <ChartMarker visible={true} width={7} height={7} shape='Circle' />\r\n                </ChartSeries>\r\n            </ChartSeriesCollection>\r\n            <ChartTooltip enable={true} />\r\n            <ChartLegend visible={true} />\r\n        </Chart>\r\n    )\r\n}",
  "src/growth-data.ts": "export const privateConsumptionData = [\r\n  { x: '2005', y: 1.2 }, { x: '2006', y: 1 },\r\n  { x: '2007', y: 1 }, { x: '2008', y: 0.25 },\r\n  { x: '2009', y: 0.1 }, { x: '2010', y: 1 },\r\n  { x: '2011', y: 0.1 }, { x: '2012', y: -0.25 },\r\n  { x: '2013', y: 0.25 }, { x: '2014', y: 0.6 },\r\n  { x: '2015', y: 0.9 }\r\n];\r\n\r\nexport const governmentConsumptionData = [\r\n  { x: '2005', y: 0.5 }, { x: '2006', y: 0.5 },\r\n  { x: '2007', y: 0.5 }, { x: '2008', y: 0.35 },\r\n  { x: '2009', y: 0.9 }, { x: '2010', y: 0.5 },\r\n  { x: '2011', y: 0.25 }, { x: '2012', y: -0.5 },\r\n  { x: '2013', y: 0.5 }, { x: '2014', y: 0.6 },\r\n  { x: '2015', y: 0.5 }\r\n];\r\n\r\nexport const investmentData = [\r\n  { x: '2005', y: 0.7 }, { x: '2006', y: 1.4 },\r\n  { x: '2007', y: 1.5 }, { x: '2008', y: 0.35 },\r\n  { x: '2009', y: -2.7 }, { x: '2010', y: 0.5 },\r\n  { x: '2011', y: 0.25 }, { x: '2012', y: -0.1 },\r\n  { x: '2013', y: -0.3 }, { x: '2014', y: -0.6 },\r\n  { x: '2015', y: 0 }\r\n];\r\n\r\nexport const netForeignTradeData = [\r\n  { x: '2005', y: -0.8 }, { x: '2006', y: 0 },\r\n  { x: '2007', y: -1 }, { x: '2008', y: -0.35 },\r\n  { x: '2009', y: -0.3 }, { x: '2010', y: -0.5 },\r\n  { x: '2011', y: 0 }, { x: '2012', y: -0.4 },\r\n  { x: '2013', y: 0 }, { x: '2014', y: -0.6 },\r\n  { x: '2015', y: -0.3 }\r\n];\r\n\r\nexport const gdpGrowthData = [\r\n  { x: '2005', y: 1.5 }, { x: '2006', y: 2.3 },\r\n  { x: '2007', y: 2 }, { x: '2008', y: 0.1 },\r\n  { x: '2009', y: -2.7 }, { x: '2010', y: 1.8 },\r\n  { x: '2011', y: 2 }, { x: '2012', y: 0.4 },\r\n  { x: '2013', y: 0.9 }, { x: '2014', y: 0.4 }, { x: '2015', y: 1.3 }\r\n];",
  "src/context.tsx": "import { createContext } from \"react\";\r\n\r\nexport interface ThemeContextType {\r\n  themeName: string;\r\n}\r\n\r\nexport interface LoadContextType {\r\n   loading: boolean;\r\n   setLoading: React.Dispatch<React.SetStateAction<boolean>>;\r\n}\r\n\r\nexport interface RefreshContextType {\r\n   refresh: boolean;\r\n}\r\n\r\nexport const ThemeContext = createContext<ThemeContextType>({\r\n  themeName: 'material3'\r\n});\r\n\r\nexport const LoadContext = createContext<LoadContextType>({\r\n  loading: true,\r\n  setLoading: () => {}\r\n});\r\n\r\nexport const RefreshContext = createContext<RefreshContextType>({\r\n  refresh: false\r\n});\r\n\r\nexport interface TocContextType {\r\n  routeToc: boolean | undefined;\r\n  setRouteToc: (toc: boolean | undefined) => void;\r\n}\r\n\r\nexport const TocContext = createContext<TocContextType>({\r\n  routeToc: undefined,\r\n  setRouteToc: () => {}\r\n});",
  "src/theme.tsx": "// src/components/chart/theme.tsx\r\nimport {  Theme } from \"@syncfusion/react-charts\";\r\nimport { useContext, useState } from \"react\";\r\nimport { ThemeContext } from './context';\r\n\r\n// Create a custom hook to use in components\r\nexport function useChartTheme() {\r\n  const { themeName } = useContext(ThemeContext);\r\n  const chartTheme: Theme = themeName === 'material3-dark' ? 'Material3Dark' : 'Material3';\r\n  const [pointMaterial3Colors] = useState([\"#6355C7\", \"#00AEE0\", \"#FFB400\", \"#F7523F\", \"#963C70\", \"#FD7400\", \"#4BE0BC\", \"#2196F5\", \"#DE3D8A\", \"#162F88\"]);\r\n  const [pointMaterial3DarkColors] = useState([\"#4EAAFF\", \"#FA4EAB\", \"#FFF500\", \"#17EA58\", \"#38FFE7\", \"#FF9E45\", \"#B3F32F\", \"#B93CE4\", \"#FC5664\", \"#9B55FF\"]);\r\n  \r\n  return {\r\n    chartTheme,\r\n    pointMaterial3Colors,\r\n    pointMaterial3DarkColors\r\n  };\r\n}",
  "dependencies": "{\"@syncfusion/react-charts\":\"*\",\"@syncfusion/react-base\":\"*\",\"@syncfusion/react-locale\":\"*\",\"@syncfusion/react-cldr-data\":\"*\"}"
}