{
  "src/App.css": "@import \"@syncfusion/react-base/styles/material3.css\";\n",
  "src/App.tsx": "import { Chart, ChartPrimaryXAxis, ChartPrimaryYAxis, ChartSeries, ChartSeriesCollection, ChartTooltip, ChartTitle, ChartAxisLabel, ChartMarker } from '@syncfusion/react-charts'\r\nimport { dashedLineData } from './investment.data';\r\nimport { useChartTheme } from './theme';\r\nimport { Browser } from '@syncfusion/react-base';\r\nexport default function App() {\r\n    const { chartTheme } = useChartTheme();\r\n    return (\r\n        <Chart theme={chartTheme}>\r\n            <ChartTitle text='Capital Investment as a Share of Exports' />\r\n            <ChartPrimaryXAxis valueType={'Double'} interval={1}>\r\n                <ChartAxisLabel rotationAngle={Browser.isDevice ? -45 : 0} />\r\n            </ChartPrimaryXAxis>\r\n            <ChartPrimaryYAxis minimum={3} maximum={21} interval={3} lineStyle={{ width: 0 }}>\r\n                <ChartAxisLabel format='{value}%' />\r\n            </ChartPrimaryYAxis>\r\n            <ChartSeriesCollection>\r\n                <ChartSeries dataSource={dashedLineData} xField=\"x\" yField=\"y\" type=\"Line\" name=\"Singapore\" fill={chartTheme.indexOf('Dark') > -1 ? \"#77E4D4\" : \"#92AD20\"} dashArray='4,4'>\r\n                    <ChartMarker visible={true} />\r\n                </ChartSeries>\r\n                <ChartSeries dataSource={dashedLineData} xField=\"x\" yField=\"y1\" type=\"Line\" name=\"Saudi Arabia\" fill={chartTheme.indexOf('Dark') > -1 ? \"#F6FA70\" : \"#474E93\"} dashArray='4,4'>\r\n                    <ChartMarker visible={true} />\r\n                </ChartSeries>\r\n                <ChartSeries dataSource={dashedLineData} xField=\"x\" yField=\"y2\" type=\"Line\" name=\"Spain\" fill={chartTheme.indexOf('Dark') > -1 ? \"#EF507F\" : \"#FF204E\"} dashArray='4,4'>\r\n                    <ChartMarker visible={true} />\r\n                </ChartSeries>\r\n                <ChartSeries dataSource={dashedLineData} xField=\"x\" yField=\"y3\" type=\"Line\" name=\"Portugal\" fill={chartTheme.indexOf('Dark') > -1 ? \"#37AFE1\" : \"#0A97B0\"} dashArray='4,4'>\r\n                    <ChartMarker visible={true} />\r\n                </ChartSeries>\r\n            </ChartSeriesCollection>\r\n            <ChartTooltip enable={true} />\r\n        </Chart>\r\n    )\r\n}",
  "src/investment.data.ts": "export const dashedLineData = [\r\n  { x: 2010, y: 6.6, y1: 9.0, y2: 15.1, y3: 18.8 },\r\n  { x: 2011, y: 6.3, y1: 9.3, y2: 15.5, y3: 18.5 },\r\n  { x: 2012, y: 6.7, y1: 10.2, y2: 14.5, y3: 17.6 },\r\n  { x: 2013, y: 6.7, y1: 10.2, y2: 13.9, y3: 16.1 },\r\n  { x: 2014, y: 6.4, y1: 10.9, y2: 13, y3: 17.2 },\r\n  { x: 2015, y: 6.8, y1: 9.3, y2: 13.4, y3: 18.9 },\r\n  { x: 2016, y: 7.7, y1: 10.1, y2: 14.2, y3: 19.4 }\r\n];",
  "src/context.tsx": "import { createContext } from \"react\";\r\n\r\nexport interface ThemeContextType {\r\n  themeName: string;\r\n}\r\n\r\nexport interface LoadContextType {\r\n   loading: boolean;\r\n   setLoading: React.Dispatch<React.SetStateAction<boolean>>;\r\n}\r\n\r\nexport interface RefreshContextType {\r\n   refresh: boolean;\r\n}\r\n\r\nexport const ThemeContext = createContext<ThemeContextType>({\r\n  themeName: 'material3'\r\n});\r\n\r\nexport const LoadContext = createContext<LoadContextType>({\r\n  loading: true,\r\n  setLoading: () => {}\r\n});\r\n\r\nexport const RefreshContext = createContext<RefreshContextType>({\r\n  refresh: false\r\n});\r\n\r\nexport interface TocContextType {\r\n  routeToc: boolean | undefined;\r\n  setRouteToc: (toc: boolean | undefined) => void;\r\n}\r\n\r\nexport const TocContext = createContext<TocContextType>({\r\n  routeToc: undefined,\r\n  setRouteToc: () => {}\r\n});",
  "src/theme.tsx": "// src/components/chart/theme.tsx\r\nimport {  Theme } from \"@syncfusion/react-charts\";\r\nimport { useContext, useState } from \"react\";\r\nimport { ThemeContext } from './context';\r\n\r\n// Create a custom hook to use in components\r\nexport function useChartTheme() {\r\n  const { themeName } = useContext(ThemeContext);\r\n  const chartTheme: Theme = themeName === 'material3-dark' ? 'Material3Dark' : 'Material3';\r\n  const [pointMaterial3Colors] = useState([\"#6355C7\", \"#00AEE0\", \"#FFB400\", \"#F7523F\", \"#963C70\", \"#FD7400\", \"#4BE0BC\", \"#2196F5\", \"#DE3D8A\", \"#162F88\"]);\r\n  const [pointMaterial3DarkColors] = useState([\"#4EAAFF\", \"#FA4EAB\", \"#FFF500\", \"#17EA58\", \"#38FFE7\", \"#FF9E45\", \"#B3F32F\", \"#B93CE4\", \"#FC5664\", \"#9B55FF\"]);\r\n  \r\n  return {\r\n    chartTheme,\r\n    pointMaterial3Colors,\r\n    pointMaterial3DarkColors\r\n  };\r\n}",
  "dependencies": "{\"@syncfusion/react-charts\":\"*\",\"@syncfusion/react-base\":\"*\",\"@syncfusion/react-locale\":\"*\",\"@syncfusion/react-cldr-data\":\"*\"}"
}