{
  "src/App.css": "@import \"@syncfusion/react-base/styles/material3.css\";\n@import \"@syncfusion/react-buttons/styles/material3.css\";\n@import \"@syncfusion/react-popups/styles/material3.css\";\n@import \"@syncfusion/react-splitbuttons/styles/material3.css\";\n@import \"@syncfusion/react-inputs/styles/material3.css\";\n@import \"@syncfusion/react-lists/styles/material3.css\";\n@import \"@syncfusion/react-dropdowns/styles/material3.css\";\n",
  "src/App.tsx": "import { Chart, ChartLegend, ChartPrimaryXAxis, ChartPrimaryYAxis, ChartSeries, ChartSeriesCollection, ChartTooltip, ChartTitle, LegendShape, ChartMarker, ChartAxisLabel } from '@syncfusion/react-charts';\r\nimport { indiaLegendData, chinaLegendData } from './emission-data';\r\nimport { useState } from 'react';\r\nimport { useChartTheme } from './theme';\r\nimport { DropDownList } from '@syncfusion/react-dropdowns';\r\nimport { Browser } from '@syncfusion/react-base';\r\nconst dropdownFields = { text: 'text', value: 'value' };\r\nconst legendShapes: { [key: string]: unknown }[] = [\r\n    { text: \"Series Type\", value: \"SeriesType\" },\r\n    { text: \"Circle\", value: \"Circle\" },\r\n    { text: \"Rectangle\", value: \"Rectangle\" },\r\n    { text: \"Cross\", value: \"Cross\" },\r\n    { text: \"Diamond\", value: \"Diamond\" },\r\n    { text: \"Horizontal Line\", value: \"HorizontalLine\" },\r\n    { text: \"Vertical Line\", value: \"VerticalLine\" },\r\n    { text: \"Triangle\", value: \"Triangle\" },\r\n    { text: \"Pentagon\", value: \"Pentagon\" },\r\n    { text: \"Inverted Triangle\", value: \"InvertedTriangle\" }\r\n];\r\nexport default function App() {\r\n    const { chartTheme } = useChartTheme();\r\n    const [legendShape, setLegendShape] = useState<LegendShape>(\"SeriesType\");\r\n    return (\r\n        <div>\r\n            <div style={{ marginBottom: '20px', display: 'flex', alignItems: 'center', gap: '10px', width: '246px' }}>\r\n                <label style={{ fontWeight: 700, whiteSpace: 'nowrap' }}> Legend Shape</label>\r\n                <DropDownList width={170} dataSource={legendShapes as { [key: string]: object }[]} value={legendShape} fields={dropdownFields} onChange={(e) => {\r\n                    if (e && e.value !== undefined) {\r\n                        setLegendShape(e.value as LegendShape);\r\n                    }\r\n                }} />\r\n            </div>\r\n            <Chart theme={chartTheme}>\r\n                <ChartTitle text=\"Global CO2 Emissions: A Comparative Analysis of India and China\" />\r\n                <ChartPrimaryXAxis valueType={'Category'} />\r\n                <ChartPrimaryYAxis lineStyle={{ width: 0 }} interval={10}>\r\n                    <ChartAxisLabel format='{value}%' />\r\n                </ChartPrimaryYAxis>\r\n                <ChartSeriesCollection>\r\n                    <ChartSeries dataSource={indiaLegendData} xField=\"x\" yField=\"y\" name=\"India\" type=\"SplineArea\" opacity={0.4} width={2} fill={chartTheme.includes('Dark') ? \"#F57BB8\" :\"#F57BB8\"} border={{ width: 2, color: '#C93D83' }} legendShape={legendShape}>\r\n                        <ChartMarker visible={!Browser.isDevice} shape='Circle' />\r\n                    </ChartSeries>\r\n                    <ChartSeries dataSource={chinaLegendData} xField=\"x\" yField=\"y\" name=\"China\" type=\"SplineArea\" opacity={0.4} width={2} fill={chartTheme.includes('Dark') ? \"#9DACFF\" :\"#9DACFF\"} border={{ width: 2, color: '#4F68F0' }} legendShape={legendShape} >\r\n                        <ChartMarker visible={!Browser.isDevice} shape='Circle' />\r\n                    </ChartSeries>\r\n                </ChartSeriesCollection>\r\n                <ChartTooltip enable={true} headerText=\"${point.x}\" format='${series.name} : <b>${point.y}</b>' />\r\n                <ChartLegend visible={true} />\r\n            </Chart>\r\n        </div>\r\n    );\r\n}\r\n",
  "src/emission-data.ts": "export const indiaLegendData = [\r\n  { x: 2008, y: 4.6437244 },\r\n  { x: 2009, y: 5.111345 },\r\n  { x: 2010, y: 5.028607 },\r\n  { x: 2011, y: 5.1144357 },\r\n  { x: 2012, y: 5.5019956 },\r\n  { x: 2013, y: 5.651571 },\r\n  { x: 2014, y: 6.060192 },\r\n  { x: 2015, y: 6.3104815 },\r\n  { x: 2016, y: 6.648448 },\r\n  { x: 2017, y: 6.742467 },\r\n  { x: 2018, y: 7.0597 },\r\n  { x: 2019, y: 7.042013 },\r\n  { x: 2020, y: 6.893799 },\r\n  { x: 2021, y: 7.229242 },\r\n  { x: 2022, y: 7.591513 },\r\n  { x: 2023, y: 8.103194 }\r\n];\r\nexport const chinaLegendData = [\r\n  { x: 2008, y: 23.38795 },\r\n  { x: 2009, y: 25.017748 },\r\n  { x: 2010, y: 25.844229 },\r\n  { x: 2011, y: 27.626312 },\r\n  { x: 2012, y: 27.940819 },\r\n  { x: 2013, y: 28.203577 },\r\n  { x: 2014, y: 28.181187 },\r\n  { x: 2015, y: 27.859018 },\r\n  { x: 2016, y: 27.565317 },\r\n  { x: 2017, y: 27.803198 },\r\n  { x: 2018, y: 28.13197 },\r\n  { x: 2019, y: 28.875336 },\r\n  { x: 2020, y: 31.046888 },\r\n  { x: 2021, y: 30.947222 },\r\n  { x: 2022, y: 30.435427 },\r\n  { x: 2023, y: 31.495125 }\r\n];",
  "src/context.tsx": "import { createContext } from \"react\";\r\n\r\nexport interface ThemeContextType {\r\n  themeName: string;\r\n}\r\n\r\nexport interface LoadContextType {\r\n   loading: boolean;\r\n   setLoading: React.Dispatch<React.SetStateAction<boolean>>;\r\n}\r\n\r\nexport interface RefreshContextType {\r\n   refresh: boolean;\r\n}\r\n\r\nexport const ThemeContext = createContext<ThemeContextType>({\r\n  themeName: 'material3'\r\n});\r\n\r\nexport const LoadContext = createContext<LoadContextType>({\r\n  loading: true,\r\n  setLoading: () => {}\r\n});\r\n\r\nexport const RefreshContext = createContext<RefreshContextType>({\r\n  refresh: false\r\n});\r\n\r\nexport interface TocContextType {\r\n  routeToc: boolean | undefined;\r\n  setRouteToc: (toc: boolean | undefined) => void;\r\n}\r\n\r\nexport const TocContext = createContext<TocContextType>({\r\n  routeToc: undefined,\r\n  setRouteToc: () => {}\r\n});",
  "src/theme.tsx": "// src/components/chart/theme.tsx\r\nimport {  Theme } from \"@syncfusion/react-charts\";\r\nimport { useContext, useState } from \"react\";\r\nimport { ThemeContext } from './context';\r\n\r\n// Create a custom hook to use in components\r\nexport function useChartTheme() {\r\n  const { themeName } = useContext(ThemeContext);\r\n  const chartTheme: Theme = themeName === 'material3-dark' ? 'Material3Dark' : 'Material3';\r\n  const [pointMaterial3Colors] = useState([\"#6355C7\", \"#00AEE0\", \"#FFB400\", \"#F7523F\", \"#963C70\", \"#FD7400\", \"#4BE0BC\", \"#2196F5\", \"#DE3D8A\", \"#162F88\"]);\r\n  const [pointMaterial3DarkColors] = useState([\"#4EAAFF\", \"#FA4EAB\", \"#FFF500\", \"#17EA58\", \"#38FFE7\", \"#FF9E45\", \"#B3F32F\", \"#B93CE4\", \"#FC5664\", \"#9B55FF\"]);\r\n  \r\n  return {\r\n    chartTheme,\r\n    pointMaterial3Colors,\r\n    pointMaterial3DarkColors\r\n  };\r\n}",
  "dependencies": "{\"@syncfusion/react-charts\":\"*\",\"@syncfusion/react-dropdowns\":\"*\",\"@syncfusion/react-base\":\"*\",\"@syncfusion/react-locale\":\"*\",\"@syncfusion/react-cldr-data\":\"*\"}"
}