{
  "src/App.css": "@import \"@syncfusion/react-base/styles/material3.css\";\n@import \"@syncfusion/react-buttons/styles/material3.css\";\n@import \"@syncfusion/react-popups/styles/material3.css\";\n@import \"@syncfusion/react-splitbuttons/styles/material3.css\";\n@import \"@syncfusion/react-inputs/styles/material3.css\";\n@import \"@syncfusion/react-lists/styles/material3.css\";\n@import \"@syncfusion/react-dropdowns/styles/material3.css\";\n",
  "src/App.tsx": "import { Chart, ChartLegend, ChartPrimaryXAxis, ChartPrimaryYAxis, ChartSeries, ChartSeriesCollection, ChartTooltip, ChartTitle, LegendPosition, ChartAxisLabel } from '@syncfusion/react-charts';\r\nimport { legendPositionData } from './fossil-fuel-data';\r\nimport { useState } from 'react';\r\nimport { useChartTheme } from './theme';\r\nimport { Browser } from '@syncfusion/react-base';\r\nimport { DropDownList } from '@syncfusion/react-dropdowns';\r\nconst dropdownFields = { text: 'text', value: 'value' };\r\nconst legendPositions: { [key: string]: unknown }[] = [\r\n    { text: \"Top\", value: \"Top\" },\r\n    { text: \"Bottom\", value: \"Bottom\" },\r\n    { text: \"Right\", value: \"Right\" },\r\n    { text: \"Left\", value: \"Left\" },\r\n    { text: \"Auto\", value: \"Auto\" }\r\n];\r\nexport default function App() {\r\n    const { chartTheme } = useChartTheme();\r\n    const [legendPosition, setLegendPosition] = useState<LegendPosition>(\"Top\");\r\n    return (\r\n        <div>\r\n            <div style={{ marginBottom: '20px', display: 'flex', alignItems: 'center', gap: '10px', width: '206px' }}>\r\n                <label style={{ fontWeight: 700, whiteSpace: 'nowrap' }}> Legend Position</label>\r\n                <DropDownList width={170} dataSource={legendPositions as { [key: string]: object }[]} value={legendPosition} fields={dropdownFields} onChange={(e) => {\r\n                    if (e && e.value !== undefined) {\r\n                        setLegendPosition(e.value as LegendPosition);\r\n                    }\r\n                }} />\r\n            </div>\r\n            <Chart theme={chartTheme}>\r\n                <ChartTitle text=\"Annual percentage change in fossil fuel consumption (2023 - 2024)\" />\r\n                <ChartPrimaryXAxis valueType={'Category'}>\r\n                    <ChartAxisLabel rotationAngle={Browser.isDevice ? -45 : 0} />\r\n                </ChartPrimaryXAxis>\r\n                <ChartPrimaryYAxis lineStyle={{ width: 0 }} interval={2}>\r\n                    <ChartAxisLabel format='{value}%' />\r\n                </ChartPrimaryYAxis>\r\n                <ChartSeriesCollection>\r\n                    <ChartSeries dataSource={legendPositionData} fill='#FF6868' xField=\"x\" yField=\"y\" name=\"2024\" width={2} type=\"Bar\" columnSpacing={0.1} cornerRadius={{ bottomRight: 6, topRight: 6 }} />\r\n                    <ChartSeries dataSource={legendPositionData} fill='#689B8A' xField=\"x\" yField=\"y1\" name=\"2023\" width={2} type=\"Bar\" columnSpacing={0.1} cornerRadius={{ bottomRight: 6, topRight: 6 }} />\r\n                </ChartSeriesCollection>\r\n                <ChartTooltip enable={true} headerText=\"${point.x}\" format='${series.name} : <b>${point.y}</b>' />\r\n                <ChartLegend visible={true} position={legendPosition} />\r\n            </Chart>\r\n        </div>\r\n    );\r\n}\r\n",
  "src/fossil-fuel-data.ts": "export const legendPositionData = [\r\n  { x: 'India', y: 4.28, y1: 4.5, barColor: '#D8B4F8' },\r\n  { x: 'Spain', y: 2.9, y1: 3.1, barColor: '#FF8080' },\r\n  { x: 'China', y: 1.53, y1: 1.6, barColor: '#A4B465' },\r\n  { x: 'World', y: 1.52, y1: 1.5, barColor: '#86A7FC' },\r\n  { x: 'Germany', y: 0.82, y1: 0.9, barColor: '#73946B' },\r\n  { x: 'USA', y: 0.18, y1: 0.2, barColor: '#F2C078' },\r\n  { x: 'UK', y: -1.33, y1: -1.5, barColor: '#578FCA' },\r\n]",
  "src/context.tsx": "import { createContext } from \"react\";\r\n\r\nexport interface ThemeContextType {\r\n  themeName: string;\r\n}\r\n\r\nexport interface LoadContextType {\r\n   loading: boolean;\r\n   setLoading: React.Dispatch<React.SetStateAction<boolean>>;\r\n}\r\n\r\nexport interface RefreshContextType {\r\n   refresh: boolean;\r\n}\r\n\r\nexport const ThemeContext = createContext<ThemeContextType>({\r\n  themeName: 'material3'\r\n});\r\n\r\nexport const LoadContext = createContext<LoadContextType>({\r\n  loading: true,\r\n  setLoading: () => {}\r\n});\r\n\r\nexport const RefreshContext = createContext<RefreshContextType>({\r\n  refresh: false\r\n});\r\n\r\nexport interface TocContextType {\r\n  routeToc: boolean | undefined;\r\n  setRouteToc: (toc: boolean | undefined) => void;\r\n}\r\n\r\nexport const TocContext = createContext<TocContextType>({\r\n  routeToc: undefined,\r\n  setRouteToc: () => {}\r\n});",
  "src/theme.tsx": "// src/components/chart/theme.tsx\r\nimport {  Theme } from \"@syncfusion/react-charts\";\r\nimport { useContext, useState } from \"react\";\r\nimport { ThemeContext } from './context';\r\n\r\n// Create a custom hook to use in components\r\nexport function useChartTheme() {\r\n  const { themeName } = useContext(ThemeContext);\r\n  const chartTheme: Theme = themeName === 'material3-dark' ? 'Material3Dark' : 'Material3';\r\n  const [pointMaterial3Colors] = useState([\"#6355C7\", \"#00AEE0\", \"#FFB400\", \"#F7523F\", \"#963C70\", \"#FD7400\", \"#4BE0BC\", \"#2196F5\", \"#DE3D8A\", \"#162F88\"]);\r\n  const [pointMaterial3DarkColors] = useState([\"#4EAAFF\", \"#FA4EAB\", \"#FFF500\", \"#17EA58\", \"#38FFE7\", \"#FF9E45\", \"#B3F32F\", \"#B93CE4\", \"#FC5664\", \"#9B55FF\"]);\r\n  \r\n  return {\r\n    chartTheme,\r\n    pointMaterial3Colors,\r\n    pointMaterial3DarkColors\r\n  };\r\n}",
  "dependencies": "{\"@syncfusion/react-charts\":\"*\",\"@syncfusion/react-base\":\"*\",\"@syncfusion/react-dropdowns\":\"*\",\"@syncfusion/react-locale\":\"*\",\"@syncfusion/react-cldr-data\":\"*\"}"
}