{
  "src/App.css": "@import \"@syncfusion/react-base/styles/material3.css\";\n",
  "src/App.tsx": "\r\nimport { Chart, ChartLegend, ChartPrimaryXAxis, ChartPrimaryYAxis, ChartSeries, ChartSeriesCollection, ChartTooltip, ChartTitle, ChartAxisLabel } from '@syncfusion/react-charts'\r\nimport { legendOverviewData } from './legend-data'\r\nimport { useChartTheme } from './theme';\r\nimport { Browser } from '@syncfusion/react-base';\r\nexport default function App() {\r\n    const { chartTheme } = useChartTheme();\r\n    return (\r\n        <Chart theme={chartTheme} >\r\n            <ChartTitle text=\"GDP Growth (2015 - 2024)\" />\r\n            <ChartPrimaryXAxis valueType={'Category'}>\r\n                <ChartAxisLabel rotationAngle={Browser.isDevice ? -45 : 0} />\r\n            </ChartPrimaryXAxis>\r\n            <ChartPrimaryYAxis lineStyle={{ width: 0 }} interval={5}>\r\n            </ChartPrimaryYAxis>\r\n            <ChartSeriesCollection>\r\n                <ChartSeries dataSource={legendOverviewData} xField=\"x\" yField=\"y1\" fill='#689B8A' columnSpacing={0.1} name='USA' type=\"Column\" cornerRadius={{ topRight: 2, topLeft: 2 }} legendShape=\"Rectangle\" />\r\n                <ChartSeries dataSource={legendOverviewData} xField=\"x\" yField=\"y2\" fill='#8E7AB5' columnSpacing={0.1} name=\"India\" type=\"Column\" cornerRadius={{ topRight: 2, topLeft: 2 }} legendShape=\"Rectangle\" />\r\n                <ChartSeries dataSource={legendOverviewData} xField=\"x\" yField=\"y3\" fill='#FF6868' name='Japan' columnSpacing={0.1} type=\"Column\" cornerRadius={{ topRight: 2, topLeft: 2 }} legendShape=\"Rectangle\" />\r\n                <ChartSeries dataSource={legendOverviewData} xField=\"x\" yField=\"y4\" fill='#6897D4' columnSpacing={0.1} name=\"Russia\" type=\"Column\" cornerRadius={{ topRight: 2, topLeft: 2 }} legendShape=\"Rectangle\" />\r\n                <ChartSeries dataSource={legendOverviewData} xField=\"x\" yField=\"y5\" fill='#D2A953' name='France' columnSpacing={0.1} type=\"Column\" cornerRadius={{ topRight: 2, topLeft: 2 }} legendShape=\"Rectangle\" />\r\n            </ChartSeriesCollection>\r\n            <ChartTooltip enable={true} headerText=\"<b>${point.x}</b>\"  format='${series.name} : <b>${point.y}%</b>' />\r\n            <ChartLegend visible={true} />\r\n        </Chart>\r\n    )\r\n}",
  "src/legend-data.ts": "export const legendOverviewData = [\r\n  { \"x\": 2015, \"y1\": 2.95, \"y2\": 7.41, \"y3\": 1.56, \"y4\": -1.97, \"y5\": 1.07 },\r\n  { \"x\": 2016, \"y1\": 1.82, \"y2\": 8.00, \"y3\": 0.75, \"y4\": 0.19, \"y5\": 0.86 },\r\n  { \"x\": 2017, \"y1\": 2.46, \"y2\": 8.26, \"y3\": 1.68, \"y4\": 1.83, \"y5\": 2.08 },\r\n  { \"x\": 2018, \"y1\": 2.97, \"y2\": 6.80, \"y3\": 0.64, \"y4\": 2.81, \"y5\": 1.65 },\r\n  { \"x\": 2019, \"y1\": 2.58, \"y2\": 6.45, \"y3\": -0.40, \"y4\": 2.20, \"y5\": 2.03 },\r\n  { \"x\": 2020, \"y1\": -2.16, \"y2\": -5.78, \"y3\": -4.17, \"y4\": -2.65, \"y5\": -7.44 },\r\n  { \"x\": 2021, \"y1\": 6.06, \"y2\": 9.69, \"y3\": 2.70, \"y4\": 5.87, \"y5\": 6.88 },\r\n  { \"x\": 2022, \"y1\": 2.51, \"y2\": 7.61, \"y3\": 0.94, \"y4\": -1.44, \"y5\": 2.57 },\r\n  { \"x\": 2023, \"y1\": 2.89, \"y2\": 9.19, \"y3\": 1.48, \"y4\": 4.08, \"y5\": 0.94 },\r\n  { \"x\": 2024, \"y1\": 2.80, \"y2\": 6.48, \"y3\": 0.08, \"y4\": 4.34, \"y5\": 1.17 }\r\n];",
  "src/context.tsx": "import { createContext } from \"react\";\r\n\r\nexport interface ThemeContextType {\r\n  themeName: string;\r\n}\r\n\r\nexport interface LoadContextType {\r\n   loading: boolean;\r\n   setLoading: React.Dispatch<React.SetStateAction<boolean>>;\r\n}\r\n\r\nexport interface RefreshContextType {\r\n   refresh: boolean;\r\n}\r\n\r\nexport const ThemeContext = createContext<ThemeContextType>({\r\n  themeName: 'material3'\r\n});\r\n\r\nexport const LoadContext = createContext<LoadContextType>({\r\n  loading: true,\r\n  setLoading: () => {}\r\n});\r\n\r\nexport const RefreshContext = createContext<RefreshContextType>({\r\n  refresh: false\r\n});\r\n\r\nexport interface TocContextType {\r\n  routeToc: boolean | undefined;\r\n  setRouteToc: (toc: boolean | undefined) => void;\r\n}\r\n\r\nexport const TocContext = createContext<TocContextType>({\r\n  routeToc: undefined,\r\n  setRouteToc: () => {}\r\n});",
  "src/theme.tsx": "// src/components/chart/theme.tsx\r\nimport {  Theme } from \"@syncfusion/react-charts\";\r\nimport { useContext, useState } from \"react\";\r\nimport { ThemeContext } from './context';\r\n\r\n// Create a custom hook to use in components\r\nexport function useChartTheme() {\r\n  const { themeName } = useContext(ThemeContext);\r\n  const chartTheme: Theme = themeName === 'material3-dark' ? 'Material3Dark' : 'Material3';\r\n  const [pointMaterial3Colors] = useState([\"#6355C7\", \"#00AEE0\", \"#FFB400\", \"#F7523F\", \"#963C70\", \"#FD7400\", \"#4BE0BC\", \"#2196F5\", \"#DE3D8A\", \"#162F88\"]);\r\n  const [pointMaterial3DarkColors] = useState([\"#4EAAFF\", \"#FA4EAB\", \"#FFF500\", \"#17EA58\", \"#38FFE7\", \"#FF9E45\", \"#B3F32F\", \"#B93CE4\", \"#FC5664\", \"#9B55FF\"]);\r\n  \r\n  return {\r\n    chartTheme,\r\n    pointMaterial3Colors,\r\n    pointMaterial3DarkColors\r\n  };\r\n}",
  "dependencies": "{\"@syncfusion/react-charts\":\"*\",\"@syncfusion/react-base\":\"*\",\"@syncfusion/react-locale\":\"*\",\"@syncfusion/react-cldr-data\":\"*\"}"
}