{
  "src/App.css": "@import \"@syncfusion/react-base/styles/material3.css\";\n",
  "src/App.tsx": "import {\r\n    Chart,\r\n    ChartLegend, ChartPrimaryXAxis, ChartPrimaryYAxis,\r\n    ChartSeries, ChartSeriesCollection,\r\n    ChartMajorGridLines, ChartAxisLabel,\r\n    ChartArea, ChartTooltip, ChartMajorTickLines,\r\n    ChartMarker\r\n} from '@syncfusion/react-charts'\r\nexport default function App() {\r\n    const data = [\r\n        { x: 'WW', y: 12, y1: 22, y2: 38.3, y3: 50 },\r\n        { x: 'EU', y: 9.9, y1: 26, y2: 45.2, y3: 63.6 },\r\n        { x: 'APAC', y: 4.4, y1: 9.3, y2: 18.2, y3: 20.9 },\r\n        { x: 'LATAM', y: 6.4, y1: 28, y2: 46.7, y3: 65.1 },\r\n        { x: 'MEA', y: 30, y1: 45.7, y2: 61.5, y3: 73 },\r\n        { x: 'NA', y: 25.3, y1: 35.9, y2: 64, y3: 81.4 }\r\n    ];\r\n    return (\r\n            <Chart>\r\n                <ChartArea border={{ width: 0 }} margin={{ bottom: 30, top: 30, right: 40, left: 40 }} />\r\n                <ChartPrimaryXAxis valueType={'Category'}>\r\n                    <ChartMajorGridLines width={0}/>\r\n                    <ChartAxisLabel edgeLabelPlacement={\"Shift\"}/>\r\n                </ChartPrimaryXAxis>\r\n                <ChartPrimaryYAxis lineStyle={{ width: 0 }} interval={10}>\r\n                    <ChartAxisLabel format=\"{value}\"/>\r\n                    <ChartMajorTickLines width={0}/>\r\n                </ChartPrimaryYAxis>\r\n                <ChartSeriesCollection>\r\n                    <ChartSeries dataSource={data} xField=\"x\" yField=\"y\" name=\"India\" width={2} type=\"StepLine\">\r\n                        <ChartMarker visible={true} />\r\n                    </ChartSeries>\r\n                    <ChartSeries dataSource={data} xField=\"x\" yField=\"y1\" name=\"England\" width={2} type=\"StepLine\">\r\n                        <ChartMarker visible={true} />\r\n                    </ChartSeries>\r\n                    <ChartSeries dataSource={data} xField=\"x\" yField=\"y2\" name=\"singapore\" width={2} type=\"StepLine\">\r\n                        <ChartMarker visible={true} />\r\n                    </ChartSeries>\r\n                </ChartSeriesCollection>\r\n                <ChartTooltip enable={true} showNearestTooltip={true} headerText='' />\r\n                <ChartLegend visible={true} fixedWidth={true}  />\r\n            </Chart>\r\n    )\r\n}",
  "dependencies": "{\"@syncfusion/react-charts\":\"*\",\"@syncfusion/react-locale\":\"*\",\"@syncfusion/react-cldr-data\":\"*\"}"
}