{
  "src/App.css": "@import \"@syncfusion/react-base/styles/material3.css\";\n",
  "src/App.tsx": "import { Browser } from '@syncfusion/react-base';\r\nimport { Chart, ChartPrimaryXAxis, ChartPrimaryYAxis, ChartSeries, ChartSeriesCollection, ChartAxisTitle, ChartAxisLabel } from '@syncfusion/react-charts';\r\nimport { useEffect, useRef, useState } from 'react';\r\nimport { useChartTheme } from './theme';\r\ninterface ChartData { x: number; y: number; }\r\nexport default function App() {\r\n  const [chartData, setChartData] = useState<ChartData[]>([{ x: 0, y: 0 }]);\r\n  const timerRef = useRef<ReturnType<typeof setInterval> | null>(null);\r\n  const { chartTheme } = useChartTheme();\r\n  const generateRandomInteger = (min: number, max: number): number => {\r\n    return Math.floor(Math.random() * (max - min + 1)) + min;\r\n  };\r\n  useEffect(() => {\r\n    timerRef.current = setInterval(() => {\r\n      setChartData(prevData => {\r\n        if (prevData.length > 350) {\r\n          if (timerRef.current) {\r\n            clearInterval(timerRef.current);\r\n            timerRef.current = null;\r\n          }\r\n          return prevData;\r\n        }\r\n        const newCount = prevData.length;\r\n        let newY: number;\r\n        if (newCount > 350) {\r\n          newY = generateRandomInteger(0, 1);\r\n        } else if (newCount > 250) {\r\n          newY = generateRandomInteger(-2, 1);\r\n        } else if (newCount > 180) {\r\n          newY = generateRandomInteger(-3, 2);\r\n        } else if (newCount > 100) {\r\n          newY = generateRandomInteger(-7, 6);\r\n        } else if (newCount < 50) {\r\n          newY = generateRandomInteger(-3, 3);\r\n        } else {\r\n          newY = generateRandomInteger(-9, 9);\r\n        }\r\n        return [...prevData, { x: newCount, y: newY }];\r\n      });\r\n    }, 30);\r\n\r\n    return () => {\r\n      if (timerRef.current) {\r\n        clearInterval(timerRef.current);\r\n        timerRef.current = null;\r\n      }\r\n      setChartData([{ x: 0, y: 0 }]);\r\n    };\r\n  }, []);\r\n  return (\r\n    <Chart transposed={true} theme={chartTheme}>\r\n      <ChartPrimaryXAxis valueType={\"Double\"}>\r\n        <ChartAxisTitle text=\"Time(s)\" />\r\n      </ChartPrimaryXAxis>\r\n      <ChartPrimaryYAxis minimum={-15} maximum={15} interval={5}>\r\n        <ChartAxisTitle text=\"Velocity(m/s)\" />\r\n        <ChartAxisLabel rotationAngle={Browser.isDevice ? -45 : 0} />\r\n      </ChartPrimaryYAxis>\r\n      <ChartSeriesCollection>\r\n        <ChartSeries dataSource={chartData} xField=\"x\" yField=\"y\" type=\"Line\" fill={chartTheme.includes('Dark') ? '#77E4D4' : '#0A97B0'} animation={{ enable: false }} />\r\n      </ChartSeriesCollection>\r\n    </Chart>\r\n  );\r\n}",
  "src/context.tsx": "import { createContext } from \"react\";\r\n\r\nexport interface ThemeContextType {\r\n  themeName: string;\r\n}\r\n\r\nexport interface LoadContextType {\r\n   loading: boolean;\r\n   setLoading: React.Dispatch<React.SetStateAction<boolean>>;\r\n}\r\n\r\nexport interface RefreshContextType {\r\n   refresh: boolean;\r\n}\r\n\r\nexport const ThemeContext = createContext<ThemeContextType>({\r\n  themeName: 'material3'\r\n});\r\n\r\nexport const LoadContext = createContext<LoadContextType>({\r\n  loading: true,\r\n  setLoading: () => {}\r\n});\r\n\r\nexport const RefreshContext = createContext<RefreshContextType>({\r\n  refresh: false\r\n});\r\n\r\nexport interface TocContextType {\r\n  routeToc: boolean | undefined;\r\n  setRouteToc: (toc: boolean | undefined) => void;\r\n}\r\n\r\nexport const TocContext = createContext<TocContextType>({\r\n  routeToc: undefined,\r\n  setRouteToc: () => {}\r\n});",
  "src/theme.tsx": "// src/components/chart/theme.tsx\r\nimport {  Theme } from \"@syncfusion/react-charts\";\r\nimport { useContext, useState } from \"react\";\r\nimport { ThemeContext } from './context';\r\n\r\n// Create a custom hook to use in components\r\nexport function useChartTheme() {\r\n  const { themeName } = useContext(ThemeContext);\r\n  const chartTheme: Theme = themeName === 'material3-dark' ? 'Material3Dark' : 'Material3';\r\n  const [pointMaterial3Colors] = useState([\"#6355C7\", \"#00AEE0\", \"#FFB400\", \"#F7523F\", \"#963C70\", \"#FD7400\", \"#4BE0BC\", \"#2196F5\", \"#DE3D8A\", \"#162F88\"]);\r\n  const [pointMaterial3DarkColors] = useState([\"#4EAAFF\", \"#FA4EAB\", \"#FFF500\", \"#17EA58\", \"#38FFE7\", \"#FF9E45\", \"#B3F32F\", \"#B93CE4\", \"#FC5664\", \"#9B55FF\"]);\r\n  \r\n  return {\r\n    chartTheme,\r\n    pointMaterial3Colors,\r\n    pointMaterial3DarkColors\r\n  };\r\n}",
  "dependencies": "{\"@syncfusion/react-base\":\"*\",\"@syncfusion/react-charts\":\"*\",\"@syncfusion/react-locale\":\"*\",\"@syncfusion/react-cldr-data\":\"*\"}"
}