{
  "src/App.css": "@import \"@syncfusion/react-base/styles/material3.css\";\n",
  "src/App.tsx": "import {\r\n    Chart, ChartPrimaryXAxis, ChartPrimaryYAxis, ChartSeries, ChartSeriesCollection, ChartMajorGridLines, ChartMajorTickLines, ChartTooltip, ChartMarker\r\n} from '@syncfusion/react-charts'\r\nimport { useChartTheme } from './theme';\r\n\r\nexport default function App() {\r\n    const { chartTheme } = useChartTheme();\r\n    const vietnamData = [\r\n        { x: 2016, y: 7.8 },\r\n        { x: 2017, y: 10.3 },\r\n        { x: 2018, y: 15.5 },\r\n        { x: 2019, y: 17.5 },\r\n        { x: 2020, y: 19.5 },\r\n        { x: 2021, y: 23.0 },\r\n        { x: 2022, y: 20.0 },\r\n        { x: 2023, y: 19.0 },\r\n        { x: 2024, y: 22.1 }\r\n    ];\r\n\r\n    const indonesiaData = [\r\n        { x: 2016, y: 4.8 },\r\n        { x: 2017, y: 5.2 },\r\n        { x: 2018, y: 6.2 },\r\n        { x: 2019, y: 7.8 },\r\n        { x: 2020, y: 9.3 },\r\n        { x: 2021, y: 14.3 },\r\n        { x: 2022, y: 15.6 },\r\n        { x: 2023, y: 16.0 },\r\n        { x: 2024, y: 17.0 }\r\n    ];\r\n\r\n    const franceData = [\r\n        { x: 2016, y: 14.6 },\r\n        { x: 2017, y: 15.5 },\r\n        { x: 2018, y: 15.4 },\r\n        { x: 2019, y: 14.4 },\r\n        { x: 2020, y: 11.6 },\r\n        { x: 2021, y: 13.9 },\r\n        { x: 2022, y: 12.1 },\r\n        { x: 2023, y: 10.0 },\r\n        { x: 2024, y: 10.8 }\r\n    ];\r\n\r\n    const polandData = [\r\n        { x: 2016, y: 8.9 },\r\n        { x: 2017, y: 10.3 },\r\n        { x: 2018, y: 10.8 },\r\n        { x: 2019, y: 9.0 },\r\n        { x: 2020, y: 7.9 },\r\n        { x: 2021, y: 8.5 },\r\n        { x: 2022, y: 7.4 },\r\n        { x: 2023, y: 6.4 },\r\n        { x: 2024, y: 7.1 }\r\n    ];\r\n\r\n    const mexicoData = [\r\n        { x: 2016, y: 19.0 },\r\n        { x: 2017, y: 20.0 },\r\n        { x: 2018, y: 20.2 },\r\n        { x: 2019, y: 18.4 },\r\n        { x: 2020, y: 16.8 },\r\n        { x: 2021, y: 18.5 },\r\n        { x: 2022, y: 18.4 },\r\n        { x: 2023, y: 16.3 },\r\n        { x: 2024, y: 13.7 }\r\n    ];\r\n    return (\r\n            <Chart theme={chartTheme}>\r\n                \r\n                <ChartPrimaryXAxis valueType={'Double'}>\r\n                    <ChartMajorGridLines width={0}/>\r\n                </ChartPrimaryXAxis>\r\n                <ChartPrimaryYAxis lineStyle={{ width: 0 }}>\r\n                    <ChartMajorTickLines width={0}/>\r\n                </ChartPrimaryYAxis>\r\n                <ChartSeriesCollection>\r\n                    <ChartSeries dataSource={vietnamData} xField=\"x\" yField=\"y\" type=\"Line\">\r\n                        <ChartMarker visible={true} />\r\n                    </ChartSeries>\r\n                    <ChartSeries dataSource={indonesiaData} xField=\"x\" yField=\"y\" type=\"Line\">\r\n                        <ChartMarker visible={true} />\r\n                    </ChartSeries>\r\n                    <ChartSeries dataSource={franceData} xField=\"x\" yField=\"y\" type=\"Line\">\r\n                        <ChartMarker visible={true} />\r\n                    </ChartSeries>\r\n                    <ChartSeries dataSource={polandData} xField=\"x\" yField=\"y\" type=\"Line\">\r\n                        <ChartMarker visible={true} />\r\n                    </ChartSeries>\r\n                    <ChartSeries dataSource={mexicoData} xField=\"x\" yField=\"y\" type=\"Line\">\r\n                        <ChartMarker visible={true} />\r\n                    </ChartSeries>\r\n                </ChartSeriesCollection>\r\n                <ChartTooltip enable={true} headerText='' />\r\n            </Chart>\r\n    )\r\n}",
  "src/context.tsx": "import { createContext } from \"react\";\r\n\r\nexport interface ThemeContextType {\r\n  themeName: string;\r\n}\r\n\r\nexport interface LoadContextType {\r\n   loading: boolean;\r\n   setLoading: React.Dispatch<React.SetStateAction<boolean>>;\r\n}\r\n\r\nexport interface RefreshContextType {\r\n   refresh: boolean;\r\n}\r\n\r\nexport const ThemeContext = createContext<ThemeContextType>({\r\n  themeName: 'material3'\r\n});\r\n\r\nexport const LoadContext = createContext<LoadContextType>({\r\n  loading: true,\r\n  setLoading: () => {}\r\n});\r\n\r\nexport const RefreshContext = createContext<RefreshContextType>({\r\n  refresh: false\r\n});\r\n\r\nexport interface TocContextType {\r\n  routeToc: boolean | undefined;\r\n  setRouteToc: (toc: boolean | undefined) => void;\r\n}\r\n\r\nexport const TocContext = createContext<TocContextType>({\r\n  routeToc: undefined,\r\n  setRouteToc: () => {}\r\n});",
  "src/theme.tsx": "// src/components/chart/theme.tsx\r\nimport {  Theme } from \"@syncfusion/react-charts\";\r\nimport { useContext, useState } from \"react\";\r\nimport { ThemeContext } from './context';\r\n\r\n// Create a custom hook to use in components\r\nexport function useChartTheme() {\r\n  const { themeName } = useContext(ThemeContext);\r\n  const chartTheme: Theme = themeName === 'material3-dark' ? 'Material3Dark' : 'Material3';\r\n  const [pointMaterial3Colors] = useState([\"#6355C7\", \"#00AEE0\", \"#FFB400\", \"#F7523F\", \"#963C70\", \"#FD7400\", \"#4BE0BC\", \"#2196F5\", \"#DE3D8A\", \"#162F88\"]);\r\n  const [pointMaterial3DarkColors] = useState([\"#4EAAFF\", \"#FA4EAB\", \"#FFF500\", \"#17EA58\", \"#38FFE7\", \"#FF9E45\", \"#B3F32F\", \"#B93CE4\", \"#FC5664\", \"#9B55FF\"]);\r\n  \r\n  return {\r\n    chartTheme,\r\n    pointMaterial3Colors,\r\n    pointMaterial3DarkColors\r\n  };\r\n}",
  "dependencies": "{\"@syncfusion/react-charts\":\"*\",\"@syncfusion/react-locale\":\"*\",\"@syncfusion/react-cldr-data\":\"*\"}"
}