{
  "de": {
    "chart": {
      "EmptyRecord": "Keine Datensätze zum Anzeigen",
      "True": "wahr",
      "False": "falsch",
      "InvalidFilterMessage": "Ungültige Filterdaten",
      "GroupDropArea": "Ziehen Sie eine Spaltenüberschrift hierher, um die Spalte zu gruppieren",
      "UnGroup": "Klicken Sie hier, um die Gruppierung aufzuheben",
      "GroupDisable": "Die Gruppierung ist für diese Spalte deaktiviert",
      "FilterbarTitle": "\"s Filterbalkenzelle",
      "EmptyDataSourceError": "Datenquelle darf beim ersten Laden nicht leer sein, da Spalten aus der Datenquelle automatisch generiert werden",
      "Add": "Hinzufügen",
      "Edit": "Bearbeiten",
      "Cancel": "Abbrechen",
      "Update": "Aktualisieren",
      "Delete": "Löschen",
      "Print": "Drucken",
      "Pdfexport": "PDF-Export",
      "Excelexport": "Excel-Export",
      "Wordexport": "Word-Export",
      "Csvexport": "CSV-Export",
      "Search": "Suchen",
      "Columnchooser": "Spalten",
      "Save": "Speichern",
      "Item": "Datensatz",
      "Items": "Datensätze",
      "EditOperationAlert": "Keine Datensätze zum Bearbeiten ausgewählt",
      "DeleteOperationAlert": "Keine Datensätze zum Löschen ausgewählt",
      "SaveButton": "Speichern",
      "OKButton": "in Ordnung",
      "CancelButton": "Abbrechen",
      "EditFormTitle": "Details von",
      "AddFormTitle": "Neuen Datensatz hinzufügen",
      "BatchSaveConfirm": "Möchten Sie die Änderungen wirklich speichern?",
      "BatchSaveLostChanges": "Nicht gespeicherte Änderungen gehen verloren. Sind Sie sicher, dass Sie fortfahren wollen?",
      "ConfirmDelete": "Möchten Sie den Datensatz wirklich löschen?",
      "CancelEdit": "Möchten Sie die Änderungen wirklich abbrechen?",
      "ChooseColumns": "Wählen Sie Spalten",
      "SearchColumns": "Spalten durchsuchen",
      "Matchs": "Keine Treffer gefunden",
      "FilterButton": "Filter",
      "ClearButton": "Löschen",
      "StartsWith": "Beginnt mit",
      "EndsWith": "Endet mit",
      "Contains": "Enthält",
      "Equal": "Gleich",
      "NotEqual": "Nicht gleich",
      "LessThan": "Weniger als",
      "LessThanOrEqual": "Weniger als oder gleich",
      "GreaterThan": "Grösser als",
      "GreaterThanOrEqual": "Grösser als oder gleich",
      "ChooseDate": "Wählen Sie ein Datum",
      "EnterValue": "Geben Sie den Wert ein",
      "Copy": "Kopieren",
      "Group": "Nach dieser Spalte gruppieren",
      "Ungroup": "Gruppierung nach dieser Spalte aufheben",
      "autoFitAll": "Automatisch alle Spalten anpassen",
      "autoFit": "Diese Spalte automatisch anpassen",
      "Export": "Export",
      "FirstPage": "Erste Seite",
      "LastPage": "Letzte Seite",
      "PreviousPage": "Vorherige Seite",
      "NextPage": "Nächste Seite",
      "SortAscending": "Aufsteigend sortieren",
      "SortDescending": "Absteigend sortieren",
      "EditRecord": "Datensatz bearbeiten",
      "DeleteRecord": "Datensatz löschen",
      "FilterMenu": "Filter",
      "SelectAll": "Wählen Sie Alle",
      "Blanks": "Leerzeichen",
      "FilterTrue": "Wahr",
      "FilterFalse": "Falsch",
      "NoResult": "Keine Treffer gefunden",
      "ClearFilter": "Filter löschen",
      "NumberFilter": "Anzahl Filter",
      "TextFilter": "Textfilter",
      "DateFilter": "Datumsfilter",
      "DateTimeFilter": "DatumsZeit-Filter",
      "MatchCase": "Gross- / Kleinschreibung",
      "Between": "Zwischen",
      "CustomFilter": "Benutzerdefinierte Filter",
      "CustomFilterPlaceHolder": "Geben Sie einen Wert ein",
      "CustomFilterDatePlaceHolder": "Wählen Sie ein Datum",
      "AND": "UND",
      "OR": "ODER",
      "ShowRowsWhere": "Zeilen anzeigen, in denen:",
      "NotStartsWith": "beginnt nicht mit",
      "Like": "Wie",
      "NotEndsWith": "endet nicht mit",
      "NotContains": "enthält nicht",
      "IsNull": "Null",
      "NotNull": "nicht null",
      "IsEmpty": "leer",
      "IsNotEmpty": "nicht leer",
      "AddCurrentSelection": "Aktuelle Auswahl zum Filter hinzufügen",
      "UnGroupButton": "Klicken Sie hier, um die Gruppierung aufzuheben",
      "AutoFitAll": "Automatisch alle Spalten anpassen",
      "AutoFit": "Diese Spalte automatisch anpassen",
      "Clear": "Klar",
      "FilterMenuDialogARIA": "Menüdialog filtern",
      "ExcelFilterDialogARIA": "Excel-Filterdialog",
      "DialogEditARIA": "Dialog bearbeiten",
      "ColumnChooserDialogARIA": "Spaltenauswahl",
      "ColumnMenuDialogARIA": "Spaltenmenüdialog",
      "CustomFilterDialogARIA": "Benutzerdefinierter Filterdialog",
      "SortAtoZ": "Sortiere von A bis Z",
      "SortZtoA": "Z bis A sortieren",
      "SortByOldest": "Nach Ältesten sortieren",
      "SortByNewest": "Nach Neuesten sortieren",
      "SortSmallestToLargest": "Vom Kleinsten zum Größten sortieren",
      "SortLargestToSmallest": "Vom Größten zum Kleinsten sortieren",
      "Sort": "Sortieren",
      "FilterDescription": "Drücken Sie die Alt-Nach-unten-Taste, um das Filtermenü zu öffnen",
      "SortDescription": "Drücken Sie zum Sortieren die Eingabetaste",
      "ColumnMenuDescription": "Drücken Sie die Alt-Nach-unten-Taste, um das Spaltenmenü zu öffnen",
      "GroupDescription": "Drücken Sie zum Gruppieren die Strg-Leertaste",
      "ColumnHeader": " Spaltenüberschrift ",
      "TemplateCell": " ist eine Vorlagenzelle",
      "CommandColumnAria": "ist die Spaltenüberschrift der Befehlsspalte ",
      "DialogEdit": "Dialog bearbeiten",
      "ClipBoard": "Zwischenablage",
      "GroupButton": "Gruppenschaltfläche",
      "UnGroupAria": "Schaltfläche zum Aufheben der Gruppierung",
      "GroupSeperator": "Trennzeichen für die gruppierten Spalten",
      "UnGroupIcon": "heben Sie die Gruppierung der gruppierten Spalte auf ",
      "GroupedSortIcon": "sortieren Sie die gruppierte Spalte ",
      "GroupedDrag": "Ziehen Sie die gruppierte Spalte",
      "GroupCaption": " ist eine Gruppenunterschriftszelle",
      "CheckBoxLabel": "Kontrollkästchen",
      "Expanded": "Erweitert",
      "Collapsed": "Zusammengebrochen"
    },
    "pager": {
      "currentPageInfo": "{0} von {1} Seiten",
      "totalItemsInfo": "({0} Datensätze)",
      "firstPageTooltip": "Gehe zur ersten Seite",
      "lastPageTooltip": "Gehe zur letzten Seite",
      "nextPageTooltip": "Gehe zur nächsten Seite",
      "previousPageTooltip": "Zurück zur letzten Seite",
      "nextPagerTooltip": "Gehe zu den nächsten Pager-Elementen",
      "previousPagerTooltip": "Gehen Sie zu den vorherigen Pager-Elementen",
      "pagerDropDown": "Datensätze pro Seite",
      "pagerAllDropDown": "Datensätze",
      "All": "Alle",
      "totalItemInfo": "({0} Datensatz)",
      "Container": "Pager-Container",
      "Information": "Pager-Informationen",
      "ExternalMsg": "Pager-externe Nachricht",
      "Page": "Buchseite ",
      "Of": " von ",
      "Pages": " Seiten"
    }
  },
  
  "fr-CH": {
    "chart": {
      "EmptyRecord": "Aucun enregistrement à afficher",
      "True": "vrai",
      "False": "faux",
      "InvalidFilterMessage": "Données de filtre non valides",
      "GroupDropArea": "Faites glisser un en-tête de colonne ici pour regrouper sa colonne",
      "UnGroup": "Cliquez ici pour dissocier",
      "GroupDisable": "Le regroupement est désactivé pour cette colonne",
      "FilterbarTitle": "Cellule de barre de filtre \"s",
      "EmptyDataSourceError": "DataSource ne doit pas être vide lors du chargement initial car les colonnes sont générées à partir de dataSource dans AutoGenerate Column chart",
      "Add": "Ajouter",
      "Edit": "Éditer",
      "Cancel": "Annuler",
      "Update": "Mise à jour",
      "Delete": "Supprimer",
      "Print": "Impression",
      "Pdfexport": "Exportation PDF",
      "Excelexport": "Exportation Excel",
      "Wordexport": "Exportation de mots",
      "Csvexport": "Exportation CSV",
      "Search": "Chercher",
      "Columnchooser": "Colonnes",
      "Save": "sauvegarder",
      "Item": "article",
      "Items": "articles",
      "EditOperationAlert": "Aucun enregistrement sélectionné pour l'opération d'édition",
      "DeleteOperationAlert": "Aucun enregistrement sélectionné pour l'opération de suppression",
      "SaveButton": "Sauvegarder",
      "OKButton": "Ok",
      "CancelButton": "Annuler",
      "EditFormTitle": "Les détails de",
      "AddFormTitle": "Ajouter un nouvel enregistrement",
      "BatchSaveConfirm": "Voulez-vous vraiment enregistrer les modifications ?",
      "BatchSaveLostChanges": "Les modifications non enregistrées seront perdues. Es-tu sur de vouloir continuer ?",
      "ConfirmDelete": "Voulez-vous vraiment supprimer l'enregistrement ?",
      "CancelEdit": "Voulez-vous vraiment annuler les modifications ?",
      "ChooseColumns": "Choisissez la colonne",
      "SearchColumns": "colonnes de recherche",
      "Matchs": "Aucun résultat",
      "FilterButton": "Filtrer",
      "ClearButton": "Effacer",
      "StartsWith": "Commence par",
      "EndsWith": "Se termine par",
      "Contains": "Contient",
      "Equal": "Égal",
      "NotEqual": "Différent",
      "LessThan": "Inférieur",
      "LessThanOrEqual": "Inférieur ou égal",
      "GreaterThan": "Supérieur",
      "GreaterThanOrEqual": "Supérieur ou égal",
      "ChooseDate": "Choisissez une date",
      "EnterValue": "Entrez la valeur",
      "Copy": "Copie",
      "Group": "Regrouper par cette colonne",
      "Ungroup": "Dissocier par cette colonne",
      "autoFitAll": "Ajuster automatiquement toutes les colonnes",
      "autoFit": "Ajuster automatiquement cette colonne",
      "Export": "Exportation",
      "FirstPage": "Première page",
      "LastPage": "Dernière page",
      "PreviousPage": "Page précédente",
      "NextPage": "Page suivante",
      "SortAscending": "Trier par ordre croissant",
      "SortDescending": "Trier par ordre décroissant",
      "EditRecord": "Modifier l'enregistrement",
      "DeleteRecord": "Supprimer l'enregistrement",
      "FilterMenu": "Filtre",
      "SelectAll": "Tout sélectionner",
      "Blanks": "Blancs",
      "FilterTrue": "Vrai",
      "FilterFalse": "Faux",
      "NoResult": "Aucun résultat",
      "ClearFilter": "Effacer le filtre",
      "NumberFilter": "Filtres numériques",
      "TextFilter": "Filtres de texte",
      "DateFilter": "Filtres de date",
      "DateTimeFilter": "Filtres DateTime",
      "MatchCase": "Cas de correspondance",
      "Between": "Entre",
      "CustomFilter": "Filtre personnalisé",
      "CustomFilterPlaceHolder": "Entrez la valeur",
      "CustomFilterDatePlaceHolder": "Choisissez une date",
      "AND": "ET",
      "OR": "OU",
      "ShowRowsWhere": "Afficher les lignes où:",
      "NotStartsWith": "Ne commence pas par",
      "Like": "Comme",
      "NotEndsWith": "Ne se termine pas par",
      "NotContains": "Ne contient pas",
      "IsNull": "Nul",
      "NotNull": "Non nul",
      "IsEmpty": "Vide",
      "IsNotEmpty": "Pas vide",
      "AddCurrentSelection": "Ajouter la sélection actuelle au filtre",
      "UnGroupButton": "Cliquez ici pour dissocier",
      "AutoFitAll": "Ajuster automatiquement toutes les colonnes",
      "AutoFit": "Ajuster automatiquement cette colonne",
      "Clear": "Dégager",
      "FilterMenuDialogARIA": "Boîte de dialogue du menu Filtre",
      "ExcelFilterDialogARIA": "Boîte de dialogue de filtre Excel",
      "DialogEditARIA": "Boîte de dialogue Modifier",
      "ColumnChooserDialogARIA": "Sélecteur de colonne",
      "ColumnMenuDialogARIA": "Boîte de dialogue du menu des colonnes",
      "CustomFilterDialogARIA": "Boîte de dialogue Filtre personnalisé",
      "SortAtoZ": "Trier de A à Z",
      "SortZtoA": "Trier de Z à A",
      "SortByOldest": "Trier par le plus ancien",
      "SortByNewest": "Trier par Plus récent",
      "SortSmallestToLargest": "Trier du plus petit au plus grand",
      "SortLargestToSmallest": "Trier du plus grand au plus petit",
      "Sort": "Sorte",
      "FilterDescription": "Appuyez sur Alt Bas pour ouvrir le menu du filtre",
      "SortDescription": "Appuyez sur Entrée pour trier",
      "ColumnMenuDescription": "Appuyez sur Alt Bas pour ouvrir le menu des colonnes",
      "GroupDescription": "Appuyez sur Ctrl espace pour grouper",
      "ColumnHeader": " en-tête de colonne ",
      "TemplateCell": " est une cellule modèle",
      "CommandColumnAria": "est l'en-tête de colonne de la colonne de commande ",
      "DialogEdit": "Modifier la boîte de dialogue",
      "ClipBoard": "presse-papiers",
      "GroupButton": "Bouton de groupe",
      "UnGroupAria": "bouton dissocier",
      "GroupSeperator": "Séparateur pour les colonnes groupées",
      "UnGroupIcon": "dissocier la colonne groupée ",
      "GroupedSortIcon": "trier la colonne groupée ",
      "GroupedDrag": "Faites glisser la colonne groupée",
      "GroupCaption": " est une cellule de légende de groupe",
      "CheckBoxLabel": "case à cocher",
      "Expanded": "Étendue",
      "Collapsed": "S'est effondré"
    },
    "pager": {
      "currentPageInfo": "{0} de {1} pages",
      "totalItemsInfo": "({0} éléments)",
      "firstPageTooltip": "Aller à la première page",
      "lastPageTooltip": "Aller à la dernière page",
      "nextPageTooltip": "Aller à la page suivante",
      "previousPageTooltip": "Aller à la page précédente",
      "nextPagerTooltip": "Aller aux éléments suivants du téléavertisseur",
      "previousPagerTooltip": "Accéder aux éléments de téléavertisseur précédents",
      "pagerDropDown": "objets par page",
      "pagerAllDropDown": "Articles",
      "All": "Tout",
      "totalItemInfo": "({0} élément)",
      "Container": "Conteneur de téléavertisseur",
      "Information": "Informations sur le téléavertisseur",
      "ExternalMsg": "Message externe du téléavertisseur",
      "Page": "Page",
      "Of": " de ",
      "Pages": " pages"
    }
  },

  "ja": {
    "chart": {
      "EmptyRecord": "表示するレコードはありません",
      "True": "本当",
      "False": "偽",
      "InvalidFilterMessage": "無効なフィルターデータ",
      "GroupDropArea": "列ヘッダーをここにドラッグして、列をグループ化します",
      "UnGroup": "グループ化を解除するにはここをクリック",
      "GroupDisable": "この列ではグループ化が無効になっています",
      "FilterbarTitle": "\"sフィルターバーセル",
      "EmptyDataSourceError": "列はAutoGenerate Column chartのdataSourceから生成されるため、DataSourceは初期ロード時に空であってはなりません",
      "Add": "追加",
      "Edit": "編集",
      "Cancel": "キャンセル",
      "Update": "更新",
      "Delete": "削除",
      "Print": "印刷する",
      "Pdfexport": "PDFエクスポート",
      "Excelexport": "Excelエクスポート",
      "Wordexport": "ワードエクスポート",
      "Csvexport": "CSVエクスポート",
      "Search": "探す",
      "Columnchooser": "列",
      "Save": "セーブ",
      "Item": "項目",
      "Items": "アイテム",
      "EditOperationAlert": "編集操作のために選択されたレコードがありません",
      "DeleteOperationAlert": "削除操作にレコードが選択されていません",
      "SaveButton": "セーブ",
      "OKButton": "OK",
      "CancelButton": "キャンセル",
      "EditFormTitle": "の詳細",
      "AddFormTitle": "新しいレコードを追加",
      "BatchSaveConfirm": "変更を保存してもよろしいですか？",
      "BatchSaveLostChanges": "保存していない変更は失われます。続行しますか？",
      "ConfirmDelete": "レコードを削除してもよろしいですか？",
      "CancelEdit": "変更をキャンセルしてもよろしいですか？",
      "ChooseColumns": "列を選択",
      "SearchColumns": "検索列",
      "Matchs": "一致するものは見つかりませんでした",
      "FilterButton": "フィルタ",
      "ClearButton": "晴れ",
      "StartsWith": "〜で始まる",
      "EndsWith": "次で終わる",
      "Contains": "含む",
      "Equal": "等しい",
      "NotEqual": "等しくない",
      "LessThan": "未満",
      "LessThanOrEqual": "より小さいか等しい",
      "GreaterThan": "より大きい",
      "GreaterThanOrEqual": "より大きいか等しい",
      "ChooseDate": "日付を選択してください",
      "EnterValue": "値を入力してください",
      "Copy": "コピー",
      "Group": "この列でグループ化",
      "Ungroup": "この列でグループ解除",
      "autoFitAll": "すべての列を自動調整",
      "autoFit": "この列を自動調整",
      "Export": "書き出す",
      "FirstPage": "先頭ページ",
      "LastPage": "最後のページ",
      "PreviousPage": "前のページ",
      "NextPage": "次のページ",
      "SortAscending": "ソート昇順",
      "SortDescending": "降順で並べ替え",
      "EditRecord": "レコードを編集",
      "DeleteRecord": "レコードを削除",
      "FilterMenu": "フィルタ",
      "SelectAll": "すべて選択",
      "Blanks": "ブランク",
      "FilterTrue": "本当だ",
      "FilterFalse": "偽",
      "NoResult": "一致するものは見つかりませんでした",
      "ClearFilter": "フィルターをクリア",
      "NumberFilter": "番号フィルター",
      "TextFilter": "テキストフィルター",
      "DateFilter": "日付フィルター",
      "DateTimeFilter": "日時フィルター",
      "MatchCase": "マッチケース",
      "Between": "の間に",
      "CustomFilter": "カスタムフィルター",
      "CustomFilterPlaceHolder": "値を入力してください",
      "CustomFilterDatePlaceHolder": "日付を選択してください",
      "AND": "そして",
      "OR": "または",
      "ShowRowsWhere": "行を表示する場所：",
      "In": "内",
      "NotIn": "ではない",
      "NotStartsWith": "で始まらない",
      "Like": "のように",
      "NotEndsWith": "で終わらない",
      "NotContains": "含まない",
      "IsNull": "ヌル",
      "NotNull": "ヌルではない",
      "IsEmpty": "空です",
      "IsNotEmpty": "空ではない",
      "AddCurrentSelection": "現在の選択をフィルターに追加",
      "UnGroupButton": "グループ化を解除するには、ここをクリックしてください",
      "AutoFitAll": "すべての列を自動調整",
      "AutoFit": "この列を自動調整",
      "Clear": "クリア",
      "FilterMenuDialogARIA": "フィルタメニューダイアログ",
      "ExcelFilterDialogARIA": "Excelフィルターダイアログ",
      "DialogEditARIA": "編集ダイアログ",
      "ColumnChooserDialogARIA": "列の選択",
      "ColumnMenuDialogARIA": "列メニューダイアログ",
      "CustomFilterDialogARIA": "カスタムフィルターダイアログ",
      "SortAtoZ": "AからZに並べ替え",
      "SortZtoA": "ZをAに並べ替える",
      "SortByOldest": "古いもので並べ替え",
      "SortByNewest": "最新で並べ替え",
      "SortSmallestToLargest": "最小から最大に並べ替え",
      "SortLargestToSmallest": "最大から最小に並べ替え",
      "Sort": "選別",
      "FilterDescription": "Alt Down を押してフィルター メニューを開きます",
      "SortDescription": "Enter キーを押して並べ替えます",
      "ColumnMenuDescription": "Alt Down を押して列メニューを開きます",
      "GroupDescription": "Ctrl スペースを押してグループ化します",
      "ColumnHeader": " 列ヘッダー ",
      "TemplateCell": " テンプレートセルです",
      "CommandColumnAria": "コマンド列の列ヘッダー ",
      "DialogEdit": "ダイアログ編集",
      "ClipBoard": "クリップボード",
      "GroupButton": "グループボタン",
      "UnGroupAria": "グループ解除ボタン",
      "GroupSeperator": "グループ化された列のセパレータ",
      "UnGroupIcon": "グループ化された列のグループ化を解除します ",
      "GroupedSortIcon": "グループ化された列を並べ替える ",
      "GroupedDrag": "グループ化された列をドラッグします",
      "GroupCaption": " グループキャプションセルです",
      "CheckBoxLabel": "チェックボックス",
      "Expanded": "エキスパンド",
      "Collapsed": "折りたたまれた",
      "SelectAllCheckbox": "すべて選択チェックボックス",
      "SelectRow": "行を選択",
      "AscendingText": "昇順",
      "DescendingText": "降順",
      "NoneText": "なし"
    },
    "pager": {
      "currentPageInfo": "{0}ページのうち{1}ページ",
      "totalItemsInfo": "（{0}アイテム）",
      "firstPageTooltip": "最初のページに移動",
      "lastPageTooltip": "最後のページに移動",
      "nextPageTooltip": "次のページの項目へ進む",
      "previousPageTooltip": "前のページに移動",
      "nextPagerTooltip": "次のポケットベルアイテムに移動",
      "previousPagerTooltip": "前のポケットベルアイテムに移動",
      "pagerDropDown": "ページごとのアイテム",
      "pagerAllDropDown": "アイテム",
      "All": "すべて",
      "totalItemInfo": "（{0}アイテム）",
      "Container": "ページャ コンテナ",
      "Information": "ポケットベル情報",
      "ExternalMsg": "ポケットベルの外部メッセージ",
      "Page": "ページ ",
      "Of": " の ",
      "Pages": " ページ"
    }
  },

  "ar": {
    "chart": {
      "EmptyRecord": "لا سجلات لعرضها",
      "True": "صحيح",
      "False": "خاطئة",
      "InvalidFilterMessage": "بيانات تصفية غير صالحة",
      "GroupDropArea": "اسحب رأس العمود هنا لتجميع العمود",
      "UnGroup": "انقر هنا لإلغاء التجميع",
      "GroupDisable": "تم تعطيل التجميع لهذا العمود",
      "FilterbarTitle": "شريط تصفية الخلية",
      "EmptyDataSourceError": "يجب ألا يكون DataSource فارغًا عند التحميل الأولي نظرًا لأن الأعمدة يتم إنشاؤها من DataSource في شبكة إنشاء عمود تلقائي",
      "Add": "إضافة",
      "Edit": "تعديل",
      "Cancel": "إلغاء",
      "Update": "تحديث",
      "Delete": "حذف",
      "Print": "طباعة",
      "Pdfexport": "تصدير قوات الدفاع الشعبي",
      "Excelexport": "اكسل التصدير",
      "Wordexport": "كلمة تصدير",
      "Csvexport": "تصدير CSV",
      "Search": "بحث",
      "Columnchooser": "أعمدة",
      "Save": "حفظ",
      "Item": "بند",
      "Items": "العناصر",
      "EditOperationAlert": "لم يتم تحديد سجلات لعملية التحرير",
      "DeleteOperationAlert": "لم يتم تحديد سجلات لعملية الحذف",
      "SaveButton": "حفظ",
      "OKButton": "حسنا",
      "CancelButton": "إلغاء",
      "EditFormTitle": "تفاصيل",
      "AddFormTitle": "إضافة سجل جديد",
      "BatchSaveConfirm": "هل أنت متأكد أنك تريد حفظ التغييرات؟",
      "BatchSaveLostChanges": "سيتم فقد التغييرات غير المحفوظة. هل أنت متأكد أنك تريد المتابعة؟",
      "ConfirmDelete": "هل أنت متأكد أنك تريد حذف السجل؟",
      "CancelEdit": "هل أنت متأكد من أنك تريد إلغاء التغييرات؟",
      "ChooseColumns": "اختيار العمود",
      "SearchColumns": "أعمدة البحث",
      "Matchs": "لم يتم العثور على تطابق",
      "FilterButton": "منقي",
      "ClearButton": "واضح",
      "StartsWith": "ابدا ب",
      "EndsWith": "ينتهي بـ",
      "Contains": "يحتوي على",
      "Equal": "مساو",
      "NotEqual": "ليس متساوي",
      "LessThan": "أقل من",
      "LessThanOrEqual": "اصغر من او يساوي",
      "GreaterThan": "أكثر من",
      "GreaterThanOrEqual": "أكبر من أو يساوي",
      "ChooseDate": "اختيار التاريخ",
      "EnterValue": "أدخل القيمة",
      "Copy": "نسخ",
      "Group": "تجميع حسب هذا العمود",
      "Ungroup": "فك تجميع بواسطة هذا العمود",
      "autoFitAll": "احتواء تلقائي لجميع الأعمدة",
      "autoFit": "احتواء تلقائي لهذا العمود",
      "Export": "تصدير",
      "FirstPage": "الصفحة الأولى",
      "LastPage": "آخر صفحة",
      "PreviousPage": "الصفحة السابقة",
      "NextPage": "الصفحة التالية",
      "SortAscending": "فرز تصاعدي",
      "SortDescending": "ترتيب تنازلي",
      "EditRecord": "تحرير السجل",
      "DeleteRecord": "حذف سجل",
      "FilterMenu": "منقي",
      "SelectAll": "اختر الكل",
      "Blanks": "الفراغات",
      "FilterTrue": "صحيح",
      "FilterFalse": "خاطئة",
      "NoResult": "لم يتم العثور على تطابق",
      "ClearFilter": "مرشح واضح",
      "NumberFilter": "عدد المرشحات",
      "TextFilter": "مرشحات النص",
      "DateFilter": "مرشحات التاريخ",
      "DateTimeFilter": "مرشحات DateTime",
      "MatchCase": "حالة مباراة",
      "Between": "ما بين",
      "CustomFilter": "تصفية مخصص",
      "CustomFilterPlaceHolder": "أدخل القيمة",
      "CustomFilterDatePlaceHolder": "اختيار موعد",
      "AND": "و",
      "OR": "أو",
      "ShowRowsWhere": "إظهار الصفوف حيث:",
      "In": "في",
      "NotIn": "ليس في",
      "NotStartsWith": "لا تبدأ بـ",
      "Like": "يحب",
      "NotEndsWith": "لا تنتهي ب",
      "NotContains": "لا يحتوي",
      "IsNull": "باطل",
      "NotNull": "غير فارغة",
      "IsEmpty": "فارغ",
      "IsNotEmpty": "ليس فارغًا",
      "AddCurrentSelection": "إضافة التحديد الحالي للتصفية",
      "UnGroupButton": "انقر هنا لفك التجميع",
      "AutoFitAll": "احتواء تلقائي لجميع الأعمدة",
      "AutoFit": "احتواء تلقائي لهذا العمود",
      "Clear": "صافي",
      "FilterMenuDialogARIA": "مربع حوار قائمة التصفية",
      "ExcelFilterDialogARIA": "مربع حوار مرشح Excel",
      "DialogEditARIA": "مربع حوار التحرير",
      "ColumnChooserDialogARIA": "منتقي الأعمدة",
      "ColumnMenuDialogARIA": "مربع حوار قائمة العمود",
      "CustomFilterDialogARIA": "مربع حوار عامل التصفية المخصص",
      "SortAtoZ": "فرز من الألف إلى الياء",
      "SortZtoA": "فرز من Z إلى A",
      "SortByOldest": "فرز حسب الأقدم",
      "SortByNewest": "فرز حسب الأحدث",
      "SortSmallestToLargest": "الفرز من الأصغر إلى الأكبر",
      "SortLargestToSmallest": "الفرز من الأكبر إلى الأصغر",
      "Sort": "فرز",
      "FilterDescription": "اضغط على Alt Down لفتح قائمة التصفية",
      "SortDescription": "اضغط على Enter للفرز",
      "ColumnMenuDescription": "اضغط على Alt لأسفل لفتح قائمة العمود",
      "GroupDescription": "اضغط على مفتاح Ctrl مسافة للمجموعة",
      "ColumnHeader": " رأس العمود ",
      "TemplateCell": " هي خلية قالب",
      "CommandColumnAria": "هو رأس عمود الأمر ",
      "DialogEdit": "تحرير الحوار",
      "ClipBoard": "الحافظة",
      "GroupButton": "زر المجموعة",
      "UnGroupAria": "زر فك التجميع",
      "GroupSeperator": "فاصل للأعمدة المجمعة",
      "UnGroupIcon": "قم بفك تجميع العمود المجمع ",
      "GroupedSortIcon": "قم بفرز العمود المجمع ",
      "GroupedDrag": "اسحب العمود المجمع",
      "GroupCaption": " هي خلية تسمية توضيحية جماعية",
      "CheckBoxLabel": "خانة الاختيار",
      "Expanded": "موسع",
      "Collapsed": "انهار",
      "SelectAllCheckbox": "حدد خانة الاختيار الكل",
      "SelectRow": "حدد الصف",
      "AscendingText": "تصاعدي",
      "DescendingText": "تنازلي ",
      "NoneText": "لا شيء"
    },
    "pager": {
      "currentPageInfo": "{0} من {1} صفحة",
      "totalItemsInfo": "({0} عناصر)",
      "firstPageTooltip": "الذهاب إلى الصفحة الأولى",
      "lastPageTooltip": "الذهاب إلى الصفحة الأخيرة",
      "nextPageTooltip": "انتقل إلى الصفحة التالية",
      "previousPageTooltip": "الانتقال إلى الصفحة السابقة",
      "nextPagerTooltip": "انتقل إلى عناصر بيجر التالية",
      "previousPagerTooltip": "انتقل إلى عناصر بيجر السابقة",
      "pagerDropDown": "مواد لكل صفحة",
      "pagerAllDropDown": "العناصر",
      "All": "الكل",
      "totalItemInfo": "({0} بند)",
      "Container": "حاوية بيجر",
      "Information": "معلومات جهاز النداء",
      "ExternalMsg": "رسالة خارجية بيجر",
      "Page": "صفحة ",
      "Of": " من ",
      "Pages": " الصفحات"
    }
  },

  "zh": {
    "chart": {
      "EmptyRecord": "無記錄可顯示",
      "True": "真",
      "False": "假",
      "InvalidFilterMessage": "無效的過濾器數據",
      "GroupDropArea": "將列標題拖到此處以對其列進行分組",
      "UnGroup": "點擊此處取消分組",
      "GroupDisable": "禁用该列的分组",
      "FilterbarTitle": "的濾網",
      "EmptyDataSourceError": "初始加載時，DataSource不能為空，因為列是從AutoGenerate Column chart中的dataSource生成的",
      "Add": "加",
      "Edit": "編輯",
      "Cancel": "取消",
      "Update": "更新",
      "Delete": "刪除",
      "Print": "打印",
      "Pdfexport": "PDF導出",
      "Excelexport": "Excel導出",
      "Wordexport": "單詞導出",
      "Csvexport": "CSV導出",
      "Search": "搜索",
      "Columnchooser": "列",
      "Save": "保存",
      "Item": "項目",
      "Items": "項目",
      "EditOperationAlert": "未選擇任何記錄進行編輯操作",
      "DeleteOperationAlert": "未選擇要刪除操作的記錄",
      "SaveButton": "保存",
      "OKButton": "好",
      "CancelButton": "取消",
      "EditFormTitle": "的詳細內容",
      "AddFormTitle": "添加新記錄",
      "BatchSaveConfirm": "您確定要保存更改嗎？",
      "BatchSaveLostChanges": "未保存的更改將丟失。你確定你要繼續嗎？",
      "ConfirmDelete": "您確定要刪除記錄嗎？",
      "CancelEdit": "您确定要取消更改吗？",
      "ChooseColumns": "選擇列",
      "SearchColumns": "搜索列",
      "Matchs": "找不到匹配項",
      "FilterButton": "過濾",
      "ClearButton": "明確",
      "StartsWith": "以。。開始",
      "EndsWith": "以。。結束",
      "Contains": "包含",
      "Equal": "等于",
      "NotEqual": "不等于",
      "LessThan": "小于",
      "LessThanOrEqual": "小于或等于",
      "GreaterThan": "大于",
      "GreaterThanOrEqual": "大于或等于",
      "ChooseDate": "選擇日期",
      "EnterValue": "輸入值",
      "Copy": "複製",
      "Group": "按此列分組",
      "Ungroup": "按此列取消分組",
      "autoFitAll": "自動適合所有列",
      "autoFit": "自動適合此列",
      "Export": "出口",
      "FirstPage": "第一页",
      "LastPage": "最后一页",
      "PreviousPage": "上一頁",
      "NextPage": "下一頁",
      "SortAscending": "升序",
      "SortDescending": "降序排列",
      "EditRecord": "編輯記錄",
      "DeleteRecord": "刪除記錄",
      "FilterMenu": "過濾",
      "SelectAll": "全選",
      "Blanks": "空白",
      "FilterTrue": "真正",
      "FilterFalse": "假",
      "NoResult": "找不到匹配項",
      "ClearFilter": "清除篩選",
      "NumberFilter": "號碼過濾器",
      "TextFilter": "文字過濾器",
      "DateFilter": "日期過濾器",
      "DateTimeFilter": "日期時間過濾器",
      "MatchCase": "相符",
      "Between": "之間",
      "CustomFilter": "自定義過濾器",
      "CustomFilterPlaceHolder": "輸入值",
      "CustomFilterDatePlaceHolder": "選擇一個日期",
      "AND": "和",
      "OR": "要么",
      "ShowRowsWhere": "在以下位置顯示行：",
      "In": "在",
      "NotIn": "不在",
      "NotStartsWith": "不以開頭",
      "Like": "喜歡",
      "NotEndsWith": "不以結束",
      "NotContains": "不含",
      "IsNull": "空",
      "NotNull": "不為空",
      "IsEmpty": "空的",
      "IsNotEmpty": "不是空的",
      "AddCurrentSelection": "將當前選擇添加到過濾器",
      "UnGroupButton": "单击此处取消分组",
      "AutoFitAll": "自动调整所有列",
      "AutoFit": "自动调整此列",
      "Clear": "清除",
      "FilterMenuDialogARIA": "过滤器菜单对话框",
      "ExcelFilterDialogARIA": "Excel 过滤器对话框",
      "DialogEditARIA": "编辑对话框",
      "ColumnChooserDialogARIA": "列选择器",
      "ColumnMenuDialogARIA": "列菜单对话框",
      "CustomFilterDialogARIA": "自定义过滤器对话框",
      "SortAtoZ": "从 A 到 Z 排序",
      "SortZtoA": "从 Z 到 A 排序",
      "SortByOldest": "按最旧排序",
      "SortByNewest": "按最新排序",
      "SortSmallestToLargest": "从小到大排序",
      "SortLargestToSmallest": "从大到小排序",
      "Sort": "捃",
      "FilterDescription": "按 Alt Down 打开过滤器菜单",
      "SortDescription": "按 Enter 进行排序",
      "ColumnMenuDescription": "按 Alt Down 打开列菜单",
      "GroupDescription": "按 Ctrl 空格进行分组",
      "ColumnHeader": " 列标题 ",
      "TemplateCell": " 是模板单元格",
      "CommandColumnAria": "是命令列列标题 ",
      "DialogEdit": "对话框编辑",
      "ClipBoard": "剪贴板",
      "GroupButton": "组按钮",
      "UnGroupAria": "取消组合按钮",
      "GroupSeperator": "分组列的分隔符",
      "UnGroupIcon": "取消分组分组的列 ",
      "GroupedSortIcon": "对分组的列进行排序 ",
      "GroupedDrag": "拖动分组的列",
      "GroupCaption": " 是组字幕单元格",
      "CheckBoxLabel": "复选框",
      "Expanded": "展开",
      "Collapsed": "倒塌",
      "SelectAllCheckbox": "选择全部复选框",
      "SelectRow": "选择行",
      "AscendingText": "升序",
      "DescendingText": "降序",
      "NoneText": "无"
    },
    "pager": {
      "currentPageInfo": "第{0}頁／共{1}頁",
      "totalItemsInfo": "（{0}個項目）",
      "firstPageTooltip": "轉到第一頁",
      "lastPageTooltip": "轉到最後一頁",
      "nextPageTooltip": "轉到下一頁",
      "previousPageTooltip": "轉到上一頁",
      "nextPagerTooltip": "轉到下一個尋呼機項目",
      "previousPagerTooltip": "轉到上一個尋呼機項目",
      "pagerDropDown": "每頁項目",
      "pagerAllDropDown": "物品",
      "All": "所有",
      "totalItemInfo": "（{0}项目）",
      "Container": "寻呼机容器",
      "Information": "寻呼机信息",
      "ExternalMsg": "寻呼机外部消息",
      "Page": "页 ",
      "Of": " 的 ",
      "Pages": " 页面"
    },
    "kanban": {
      "items": "項目",
      "min": "敏",
      "max": "最大",
      "cardsSelected": "已選擇的卡片",
      "addTitle": "新增卡片",
      "editTitle": "編輯卡片詳情",
      "deleteTitle": "刪除卡",
      "deleteContent": "您確定要刪除此卡嗎？",
      "save": "保存",
      "delete": "刪除",
      "cancel": "取消",
      "yes": "是",
      "no": "否",
      "close": "关",
      "noCard": "没有可显示的卡片",
      "unassigned": "未分配",
      "cards": "卡片"
    }
  }
}
