{
  "src/App.css": "@import \"@syncfusion/react-base/styles/material3.css\";\n@import \"@syncfusion/react-buttons/styles/material3.css\";\n@import \"@syncfusion/react-popups/styles/material3.css\";\n@import \"@syncfusion/react-splitbuttons/styles/material3.css\";\n@import \"@syncfusion/react-inputs/styles/material3.css\";\n@import \"@syncfusion/react-lists/styles/material3.css\";\n@import \"@syncfusion/react-dropdowns/styles/material3.css\";\n",
  "src/App.tsx": "import { useState } from 'react';\r\nimport { Chart, ChartPrimaryXAxis, ChartPrimaryYAxis, ChartSeriesCollection, ChartSeries, ChartTooltip, ChartMarker, ChartAxisLabel, ChartTitle, ChartMarkerShape } from \"@syncfusion/react-charts\";\r\nimport { markerShapeData } from './marker-shape-data'\r\nimport { useChartTheme } from './theme';\r\nimport { DropDownList } from '@syncfusion/react-dropdowns';\r\nconst dropdownFields = { text: 'text', value: 'value' };\r\nexport default function App() {\r\n    const { chartTheme } = useChartTheme();\r\n    const [selectedShape, setSelectedShape] = useState<ChartMarkerShape>('Circle');\r\n    const shapes: { [key: string]: unknown }[] = [\r\n        { text: 'Circle', value: 'Circle' },\r\n        { text: 'Rectangle', value: 'Rectangle' },\r\n        { text: 'Triangle', value: 'Triangle' },\r\n        { text: 'Diamond', value: 'Diamond' },\r\n        { text: 'Cross', value: 'Cross' },\r\n        { text: 'Plus', value: 'Plus' },\r\n        { text: 'HorizontalLine', value: 'HorizontalLine' },\r\n        { text: 'VerticalLine', value: 'VerticalLine' },\r\n        { text: 'Pentagon', value: 'Pentagon' },\r\n        { text: 'InvertedTriangle', value: 'InvertedTriangle' },\r\n        { text: 'Star', value: 'Star' }\r\n    ];\r\n    return (\r\n        <div style={{ padding: '20px' }}>\r\n            <div style={{ marginBottom: '20px', display: 'flex', alignItems: 'center', gap: '10px', width: '196px' }}>\r\n                <label style={{ fontWeight: 700, whiteSpace: 'nowrap' }}> Shape</label>\r\n                <DropDownList width={170} dataSource={shapes as { [key: string]: object }[]} value={selectedShape} fields={dropdownFields} onChange={(e) => {\r\n                    if (e && e.value !== undefined) {\r\n                        setSelectedShape(e.value as ChartMarkerShape);\r\n                    }\r\n                }} />\r\n            </div>\r\n            <Chart theme={chartTheme}>\r\n                <ChartTitle text=\"Population Coverage, at least 2G\" />\r\n                <ChartTooltip enable={true} shared={false} headerText='${point.x}' format='World : <b>${point.y}% of population</b>' />\r\n                <ChartPrimaryXAxis valueType=\"Category\" interval={4}>\r\n                    <ChartAxisLabel intersectAction={\"Rotate90\"} />\r\n                </ChartPrimaryXAxis>\r\n                <ChartPrimaryYAxis lineStyle={{ width: 0 }} minimum={75} maximum={100} interval={5} />\r\n                <ChartSeriesCollection>\r\n                    <ChartSeries dataSource={markerShapeData} xField='x' yField='y' width={2} fill='#37A18B' type='Line'>\r\n                        <ChartMarker visible={true} shape={selectedShape} />\r\n                    </ChartSeries>\r\n                </ChartSeriesCollection>\r\n            </Chart>\r\n        </div>\r\n    );\r\n}",
  "src/marker-shape-data.ts": "export const markerShapeData = [\r\n  { x: 2004, y: 81.4 },\r\n  { x: 2005, y: 79.1 },\r\n  { x: 2006, y: 79.4 },\r\n  { x: 2007, y: 87.5 },\r\n  { x: 2008, y: 92.9 },\r\n  { x: 2009, y: 93.8 },\r\n  { x: 2010, y: 93.1 },\r\n  { x: 2011, y: 93.6 },\r\n  { x: 2012, y: 95.1 },\r\n  { x: 2013, y: 96.1 },\r\n  { x: 2014, y: 95.8 },\r\n  { x: 2015, y: 93.6 },\r\n  { x: 2016, y: 94.1 },\r\n  { x: 2017, y: 94.5 },\r\n  { x: 2018, y: 95.8 },\r\n  { x: 2019, y: 95.1 },\r\n  { x: 2020, y: 95.4 },\r\n  { x: 2021, y: 95.7 },\r\n  { x: 2022, y: 95.7 },\r\n  { x: 2023, y: 97.1 },\r\n  { x: 2024, y: 98.2 },\r\n];",
  "src/context.tsx": "import { createContext } from \"react\";\r\n\r\nexport interface ThemeContextType {\r\n  themeName: string;\r\n}\r\n\r\nexport interface LoadContextType {\r\n   loading: boolean;\r\n   setLoading: React.Dispatch<React.SetStateAction<boolean>>;\r\n}\r\n\r\nexport interface RefreshContextType {\r\n   refresh: boolean;\r\n}\r\n\r\nexport const ThemeContext = createContext<ThemeContextType>({\r\n  themeName: 'material3'\r\n});\r\n\r\nexport const LoadContext = createContext<LoadContextType>({\r\n  loading: true,\r\n  setLoading: () => {}\r\n});\r\n\r\nexport const RefreshContext = createContext<RefreshContextType>({\r\n  refresh: false\r\n});\r\n\r\nexport interface TocContextType {\r\n  routeToc: boolean | undefined;\r\n  setRouteToc: (toc: boolean | undefined) => void;\r\n}\r\n\r\nexport const TocContext = createContext<TocContextType>({\r\n  routeToc: undefined,\r\n  setRouteToc: () => {}\r\n});",
  "src/theme.tsx": "// src/components/chart/theme.tsx\r\nimport {  Theme } from \"@syncfusion/react-charts\";\r\nimport { useContext, useState } from \"react\";\r\nimport { ThemeContext } from './context';\r\n\r\n// Create a custom hook to use in components\r\nexport function useChartTheme() {\r\n  const { themeName } = useContext(ThemeContext);\r\n  const chartTheme: Theme = themeName === 'material3-dark' ? 'Material3Dark' : 'Material3';\r\n  const [pointMaterial3Colors] = useState([\"#6355C7\", \"#00AEE0\", \"#FFB400\", \"#F7523F\", \"#963C70\", \"#FD7400\", \"#4BE0BC\", \"#2196F5\", \"#DE3D8A\", \"#162F88\"]);\r\n  const [pointMaterial3DarkColors] = useState([\"#4EAAFF\", \"#FA4EAB\", \"#FFF500\", \"#17EA58\", \"#38FFE7\", \"#FF9E45\", \"#B3F32F\", \"#B93CE4\", \"#FC5664\", \"#9B55FF\"]);\r\n  \r\n  return {\r\n    chartTheme,\r\n    pointMaterial3Colors,\r\n    pointMaterial3DarkColors\r\n  };\r\n}",
  "dependencies": "{\"@syncfusion/react-charts\":\"*\",\"@syncfusion/react-dropdowns\":\"*\",\"@syncfusion/react-locale\":\"*\",\"@syncfusion/react-cldr-data\":\"*\"}"
}