{
  "src/App.css": "@import \"@syncfusion/react-base/styles/material3.css\";\n",
  "src/App.tsx": "import { Chart, ChartSeries, ChartSeriesCollection, ChartPrimaryXAxis, ChartPrimaryYAxis, ChartRows, ChartRow, ChartAxes, ChartAxis, ChartMarker, ChartDataLabel, ChartAxisLabel, ChartAxisTitle, ChartTitle, ChartTooltip } from \"@syncfusion/react-charts\"\r\nimport { multipleRowWeatherData } from \"./weather-data\";\r\nimport { useChartTheme } from './theme';\r\nimport { Browser } from \"@syncfusion/react-base\";\r\nexport default function App() {\r\n    const { chartTheme } = useChartTheme();\r\n    return (\r\n        <Chart theme={chartTheme}>\r\n            <ChartTitle text=\"Annual Weather in New York, USA\" />\r\n            <ChartAxisTitle text=\"Annual Weather in New York, USA\" overflow=\"Wrap\" />\r\n            <ChartPrimaryXAxis valueType=\"Category\">\r\n                <ChartAxisLabel />\r\n            </ChartPrimaryXAxis>\r\n            <ChartPrimaryYAxis maximum={6} minimum={0} interval={1}>\r\n                <ChartAxisTitle text=\"Precipitation, inch\" />\r\n            </ChartPrimaryYAxis>\r\n            <ChartRows>\r\n                <ChartRow height=\"50%\" />\r\n                <ChartRow height=\"50%\" />\r\n            </ChartRows>\r\n            <ChartAxes>\r\n                <ChartAxis maximum={100} minimum={20} interval={20} name=\"TemperatureAxis\" rowIndex={1} opposedPosition={true}>\r\n                    <ChartAxisTitle text=\"Temperature, °F\" />\r\n                </ChartAxis>\r\n            </ChartAxes>\r\n            <ChartSeriesCollection>\r\n                <ChartSeries dataSource={multipleRowWeatherData} type=\"Spline\" xField=\"x\" fill=\"#ED3500\" yField=\"averageTemperatureF\" yAxisName=\"TemperatureAxis\" width={2} opacity={1} name=\"Average Temperature\" legendShape=\"Rectangle\">\r\n                    <ChartMarker visible={!Browser.isDevice} filled={true} height={10} width={10} shape=\"Circle\">\r\n                        <ChartDataLabel visible={!Browser.isDevice} format=\"{value} °F\" borderRadius={{ x: 0, y: 0 }} />\r\n                    </ChartMarker>\r\n                </ChartSeries>\r\n                <ChartSeries dataSource={multipleRowWeatherData} type=\"Column\" fill=\"#4E71FF\" xField=\"x\" yField=\"precipitationInch\" name=\"Precipitation\" legendShape=\"Rectangle\" columnWidth={0.5} cornerRadius={{ topLeft: 4, topRight: 4 }}>\r\n                    <ChartMarker>\r\n                        <ChartDataLabel visible={!Browser.isDevice} format=\"{value}\" rotationAngle={Browser.isDevice ? -90 : 0} enableRotation={Browser.isDevice} />\r\n                    </ChartMarker>\r\n                </ChartSeries>\r\n            </ChartSeriesCollection>\r\n            <ChartTooltip enable={true} showNearestTooltip={false}  headerText=\"${point.x}\" format=\"${series.name} : <b>${point.y}</b>\" />\r\n        </Chart>\r\n    );\r\n}",
  "src/weather-data.ts": "export const multipleRowWeatherData = [\r\n  { x: 'Jan', averageTemperatureF: (39 + 26) / 2.0, minTemperatureF: 26, maxTemperatureF: 39, precipitationInch: 3.90 },\r\n  { x: 'Feb', averageTemperatureF: (42 + 29) / 2.0, minTemperatureF: 29, maxTemperatureF: 42, precipitationInch: 2.95 },\r\n  { x: 'Mar', averageTemperatureF: (50 + 35) / 2.0, minTemperatureF: 35, maxTemperatureF: 50, precipitationInch: 4.06 },\r\n  { x: 'Apr', averageTemperatureF: (60 + 44) / 2.0, minTemperatureF: 44, maxTemperatureF: 60, precipitationInch: 3.94 },\r\n  { x: 'May', averageTemperatureF: (71 + 55) / 2.0, minTemperatureF: 55, maxTemperatureF: 71, precipitationInch: 4.45 },\r\n  { x: 'Jun', averageTemperatureF: (79 + 64) / 2.0, minTemperatureF: 64, maxTemperatureF: 79, precipitationInch: 3.50 },\r\n  { x: 'Jul', averageTemperatureF: (85 + 70) / 2.0, minTemperatureF: 70, maxTemperatureF: 85, precipitationInch: 4.53 },\r\n  { x: 'Aug', averageTemperatureF: (83 + 69) / 2.0, minTemperatureF: 69, maxTemperatureF: 83, precipitationInch: 4.13 },\r\n  { x: 'Sep', averageTemperatureF: (76 + 61) / 2.0, minTemperatureF: 61, maxTemperatureF: 76, precipitationInch: 3.98 },\r\n  { x: 'Oct', averageTemperatureF: (65 + 50) / 2.0, minTemperatureF: 50, maxTemperatureF: 65, precipitationInch: 3.39 },\r\n  { x: 'Nov', averageTemperatureF: (54 + 41) / 2.0, minTemperatureF: 41, maxTemperatureF: 54, precipitationInch: 3.82 },\r\n  { x: 'Dec', averageTemperatureF: (44 + 32) / 2.0, minTemperatureF: 32, maxTemperatureF: 44, precipitationInch: 3.58 }\r\n];",
  "src/context.tsx": "import { createContext } from \"react\";\r\n\r\nexport interface ThemeContextType {\r\n  themeName: string;\r\n}\r\n\r\nexport interface LoadContextType {\r\n   loading: boolean;\r\n   setLoading: React.Dispatch<React.SetStateAction<boolean>>;\r\n}\r\n\r\nexport interface RefreshContextType {\r\n   refresh: boolean;\r\n}\r\n\r\nexport const ThemeContext = createContext<ThemeContextType>({\r\n  themeName: 'material3'\r\n});\r\n\r\nexport const LoadContext = createContext<LoadContextType>({\r\n  loading: true,\r\n  setLoading: () => {}\r\n});\r\n\r\nexport const RefreshContext = createContext<RefreshContextType>({\r\n  refresh: false\r\n});\r\n\r\nexport interface TocContextType {\r\n  routeToc: boolean | undefined;\r\n  setRouteToc: (toc: boolean | undefined) => void;\r\n}\r\n\r\nexport const TocContext = createContext<TocContextType>({\r\n  routeToc: undefined,\r\n  setRouteToc: () => {}\r\n});",
  "src/theme.tsx": "// src/components/chart/theme.tsx\r\nimport {  Theme } from \"@syncfusion/react-charts\";\r\nimport { useContext, useState } from \"react\";\r\nimport { ThemeContext } from './context';\r\n\r\n// Create a custom hook to use in components\r\nexport function useChartTheme() {\r\n  const { themeName } = useContext(ThemeContext);\r\n  const chartTheme: Theme = themeName === 'material3-dark' ? 'Material3Dark' : 'Material3';\r\n  const [pointMaterial3Colors] = useState([\"#6355C7\", \"#00AEE0\", \"#FFB400\", \"#F7523F\", \"#963C70\", \"#FD7400\", \"#4BE0BC\", \"#2196F5\", \"#DE3D8A\", \"#162F88\"]);\r\n  const [pointMaterial3DarkColors] = useState([\"#4EAAFF\", \"#FA4EAB\", \"#FFF500\", \"#17EA58\", \"#38FFE7\", \"#FF9E45\", \"#B3F32F\", \"#B93CE4\", \"#FC5664\", \"#9B55FF\"]);\r\n  \r\n  return {\r\n    chartTheme,\r\n    pointMaterial3Colors,\r\n    pointMaterial3DarkColors\r\n  };\r\n}",
  "dependencies": "{\"@syncfusion/react-charts\":\"*\",\"@syncfusion/react-base\":\"*\",\"@syncfusion/react-locale\":\"*\",\"@syncfusion/react-cldr-data\":\"*\"}"
}