{
  "src/App.css": "@import \"@syncfusion/react-base/styles/material3.css\";\n@import \"@syncfusion/react-buttons/styles/material3.css\";\n@import \"@syncfusion/react-popups/styles/material3.css\";\n@import \"@syncfusion/react-splitbuttons/styles/material3.css\";\n@import \"@syncfusion/react-inputs/styles/material3.css\";\n@import \"@syncfusion/react-lists/styles/material3.css\";\n@import \"@syncfusion/react-dropdowns/styles/material3.css\";\n",
  "src/App.tsx": "import { useState, useContext } from \"react\";\r\nimport { Chart, ChartPrimaryXAxis, ChartPrimaryYAxis, ChartSeriesCollection, ChartSeries, ChartTooltip, ChartRangePadding, ChartAxisTitle, ChartMarker, ChartTitle } from \"@syncfusion/react-charts\";\r\nimport { numericData } from './numeric-data';\r\nimport { ThemeContext } from './context';\r\nimport { DropDownList } from '@syncfusion/react-dropdowns';\r\nconst rangePaddingOptions: { [key: string]: unknown }[] = [\r\n  { text: \"None\", value: \"None\" },\r\n  { text: \"Normal\", value: \"Normal\" },\r\n  { text: \"Round\", value: \"Round\" },\r\n  { text: \"Additional\", value: \"Additional\" },\r\n  { text: \"Auto\", value: \"Auto\" }\r\n];\r\nconst dropdownFields = { text: 'text', value: 'value' };\r\nexport default function App() {\r\n  const { themeName } = useContext(ThemeContext);\r\n  const chartTheme = themeName === 'material3-dark' ? 'Material3Dark' : 'Material3';\r\n  const [rangePadding, setRangePadding] = useState<ChartRangePadding>(\"None\");\r\n  return (\r\n    <div>\r\n      <div style={{ marginBottom: '20px', display: 'flex', alignItems: 'center', gap: '10px', width: '206px' }}>\r\n        <label style={{ fontWeight: 700, whiteSpace: 'nowrap' }}> Range Padding</label>\r\n        <DropDownList width={170} dataSource={rangePaddingOptions as { [key: string]: object }[]} value={rangePadding} fields={dropdownFields} onChange={(e) => {\r\n          if (e && e.value !== undefined) {\r\n            setRangePadding(e.value as ChartRangePadding);\r\n          }\r\n        }} />\r\n      </div>\r\n      {/* Gradient Definition */}\r\n      <svg style={{ height: 0 }}>\r\n        <defs>\r\n          <linearGradient id=\"gradient-fill-range\" x1=\"0\" y1=\"0\" x2=\"0\" y2=\"1\">\r\n            <stop offset=\"10%\" stopColor=\"#5433FF40\" />\r\n            <stop offset=\"100%\" stopColor=\"#5433FF\" />\r\n          </linearGradient>\r\n        </defs>\r\n      </svg>\r\n      <Chart id=\"numberic-axis-range-padding\" theme={chartTheme}>\r\n        <ChartTitle text=\"World Population by Year\" />\r\n        <ChartPrimaryXAxis valueType=\"Double\" rangePadding={rangePadding}>\r\n        </ChartPrimaryXAxis>\r\n        <ChartPrimaryYAxis lineStyle={{ width: 0 }} minimum={7.2} maximum={8.1} interval={0.2}>\r\n          <ChartAxisTitle text=\"Population in Billions\" />\r\n        </ChartPrimaryYAxis>\r\n        <ChartTooltip enable={true} headerText=\"${point.x}\" format=\"Population : <b>${point.y}B</b>\" />\r\n        <ChartSeriesCollection>\r\n          <ChartSeries dataSource={numericData} xField=\"x\" yField=\"y1\" type=\"SplineArea\" width={2} border={{ width: 2, color: '#0066cc' }} fill=\"url(#gradient-fill-range)\">\r\n            <ChartMarker visible={true} />\r\n          </ChartSeries>\r\n        </ChartSeriesCollection>\r\n      </Chart>\r\n    </div>\r\n  );\r\n}",
  "src/numeric-data.ts": "export const numericData = [\r\n  { x: 2016, y: 7558554526, y1: 7.5, color: '#E433F6' },\r\n  { x: 2017, y: 7645617954, y1: 7.6, color: '#D833F3' },\r\n  { x: 2018, y: 7729902781, y1: 7.7, color: '#C931EE' },\r\n  { x: 2019, y: 7811293698, y1: 7.81, color: '#BB30EA' },\r\n  { x: 2020, y: 7887001292, y1: 7.88, color: '#B030E7' },\r\n  { x: 2021, y: 7954448391, y1: 7.95, color: '#A92FE5' },\r\n  { x: 2022, y: 8021407192, y1: 8.02, color: '#972DDE' },\r\n  { x: 2023, y: 8091734930, y1: 8.09, color: '#8D2CDC' },\r\n  { x: 2024, y: 8161972572, y1: 8.1, color: '#7F2BD7' },\r\n  { x: 2025, y: 8231613070, y1: 8.2, color: '#6829D0' }\r\n]",
  "src/context.tsx": "import { createContext } from \"react\";\r\n\r\nexport interface ThemeContextType {\r\n  themeName: string;\r\n}\r\n\r\nexport interface LoadContextType {\r\n   loading: boolean;\r\n   setLoading: React.Dispatch<React.SetStateAction<boolean>>;\r\n}\r\n\r\nexport interface RefreshContextType {\r\n   refresh: boolean;\r\n}\r\n\r\nexport const ThemeContext = createContext<ThemeContextType>({\r\n  themeName: 'material3'\r\n});\r\n\r\nexport const LoadContext = createContext<LoadContextType>({\r\n  loading: true,\r\n  setLoading: () => {}\r\n});\r\n\r\nexport const RefreshContext = createContext<RefreshContextType>({\r\n  refresh: false\r\n});\r\n\r\nexport interface TocContextType {\r\n  routeToc: boolean | undefined;\r\n  setRouteToc: (toc: boolean | undefined) => void;\r\n}\r\n\r\nexport const TocContext = createContext<TocContextType>({\r\n  routeToc: undefined,\r\n  setRouteToc: () => {}\r\n});",
  "dependencies": "{\"@syncfusion/react-charts\":\"*\",\"@syncfusion/react-dropdowns\":\"*\",\"@syncfusion/react-locale\":\"*\",\"@syncfusion/react-cldr-data\":\"*\"}"
}