{
  "src/App.css": "@import \"@syncfusion/react-base/styles/material3.css\";\n",
  "src/App.tsx": "import { Chart, ChartTitle, ChartPrimaryXAxis, ChartPrimaryYAxis, ChartAxisTitle, ChartSeries, ChartSeriesCollection, ChartTooltip } from '@syncfusion/react-charts';\r\nimport { DataManager, ODataV4Adaptor } from '@syncfusion/react-data';\r\nimport { useChartTheme } from './theme';\r\nimport { Browser } from '@syncfusion/react-base';\r\nexport default function App() {\r\n    const data = new DataManager({\r\n        url: 'https://services.odata.org/V4/Northwind/Northwind.svc/Orders',\r\n        adaptor: new ODataV4Adaptor()\r\n    });\r\n    const { chartTheme } = useChartTheme();\r\n    return (\r\n        <Chart theme={chartTheme}>\r\n            <ChartTitle text='Freight Charges by Customer' />\r\n            <ChartPrimaryXAxis valueType='Category' />\r\n            <ChartPrimaryYAxis lineStyle={{ width: 0 }} interval={200} minimum={0} maximum={1200}>\r\n                <ChartAxisTitle text='Freight (USD)' />\r\n            </ChartPrimaryYAxis>\r\n            <ChartSeriesCollection>\r\n                <ChartSeries type='Column' dataSource={data} xField='CustomerID' fill='#8DDFCB' yField='Freight' cornerRadius={{ topLeft: Browser.isDevice ? 1 : 2, topRight: Browser.isDevice ? 1 : 2 }} />\r\n            </ChartSeriesCollection>\r\n            <ChartTooltip enable={true} headerText='${point.x}'  format='Freight: <b>$${point.y}</b>' />\r\n        </Chart>\r\n    );\r\n}",
  "src/context.tsx": "import { createContext } from \"react\";\r\n\r\nexport interface ThemeContextType {\r\n  themeName: string;\r\n}\r\n\r\nexport interface LoadContextType {\r\n   loading: boolean;\r\n   setLoading: React.Dispatch<React.SetStateAction<boolean>>;\r\n}\r\n\r\nexport interface RefreshContextType {\r\n   refresh: boolean;\r\n}\r\n\r\nexport const ThemeContext = createContext<ThemeContextType>({\r\n  themeName: 'material3'\r\n});\r\n\r\nexport const LoadContext = createContext<LoadContextType>({\r\n  loading: true,\r\n  setLoading: () => {}\r\n});\r\n\r\nexport const RefreshContext = createContext<RefreshContextType>({\r\n  refresh: false\r\n});\r\n\r\nexport interface TocContextType {\r\n  routeToc: boolean | undefined;\r\n  setRouteToc: (toc: boolean | undefined) => void;\r\n}\r\n\r\nexport const TocContext = createContext<TocContextType>({\r\n  routeToc: undefined,\r\n  setRouteToc: () => {}\r\n});",
  "src/theme.tsx": "// src/components/chart/theme.tsx\r\nimport {  Theme } from \"@syncfusion/react-charts\";\r\nimport { useContext, useState } from \"react\";\r\nimport { ThemeContext } from './context';\r\n\r\n// Create a custom hook to use in components\r\nexport function useChartTheme() {\r\n  const { themeName } = useContext(ThemeContext);\r\n  const chartTheme: Theme = themeName === 'material3-dark' ? 'Material3Dark' : 'Material3';\r\n  const [pointMaterial3Colors] = useState([\"#6355C7\", \"#00AEE0\", \"#FFB400\", \"#F7523F\", \"#963C70\", \"#FD7400\", \"#4BE0BC\", \"#2196F5\", \"#DE3D8A\", \"#162F88\"]);\r\n  const [pointMaterial3DarkColors] = useState([\"#4EAAFF\", \"#FA4EAB\", \"#FFF500\", \"#17EA58\", \"#38FFE7\", \"#FF9E45\", \"#B3F32F\", \"#B93CE4\", \"#FC5664\", \"#9B55FF\"]);\r\n  \r\n  return {\r\n    chartTheme,\r\n    pointMaterial3Colors,\r\n    pointMaterial3DarkColors\r\n  };\r\n}",
  "dependencies": "{\"@syncfusion/react-charts\":\"*\",\"@syncfusion/react-data\":\"*\",\"@syncfusion/react-base\":\"*\",\"@syncfusion/react-locale\":\"*\",\"@syncfusion/react-cldr-data\":\"*\"}"
}