{
  "src/App.css": "@import \"@syncfusion/react-base/styles/material3.css\";\n",
  "src/App.tsx": "import {\r\n    Chart, ChartPrimaryXAxis, ChartPrimaryYAxis, ChartSeriesCollection, ChartSeries,\r\n    ChartTooltip, ChartLegend\r\n} from \"@syncfusion/react-charts\";\r\nexport default function App() {\r\n    const data = [\r\n    { month: 'Jan', sales: 35 }, { month: 'Feb', sales: 28 },\r\n    { month: 'Mar', sales: 34 }, { month: 'Apr', sales: 32 },\r\n    { month: 'May', sales: 40 }, { month: 'Jun', sales: 32 },\r\n    { month: 'Jul', sales: 35 }, { month: 'Aug', sales: 55 },\r\n    { month: 'Sep', sales: 38 }, { month: 'Oct', sales: 30 },\r\n    { month: 'Nov', sales: 25 }, { month: 'Dec', sales: 32 }\r\n];\r\n    return (\r\n        <Chart>\r\n            <ChartLegend visible={true}/>\r\n                \r\n            <ChartTooltip enable={true} />\r\n            <ChartPrimaryXAxis lineStyle={{ width: 0 }} valueType=\"Category\">\r\n                \r\n            </ChartPrimaryXAxis>\r\n            <ChartPrimaryYAxis lineStyle={{ width: 0 }}>\r\n                \r\n            </ChartPrimaryYAxis>\r\n            <ChartSeriesCollection>\r\n                <ChartSeries dataSource={data} xField=\"month\" yField=\"sales\" type=\"Line\" />\r\n            </ChartSeriesCollection>\r\n        </Chart>\r\n    );\r\n}\r\n",
  "dependencies": "{\"@syncfusion/react-charts\":\"*\",\"@syncfusion/react-locale\":\"*\",\"@syncfusion/react-cldr-data\":\"*\"}"
}