{
  "src/App.css": "@import \"@syncfusion/react-base/styles/material3.css\";\n@import \"@syncfusion/react-buttons/styles/material3.css\";\n\n.chip-section {\r\n    display: flex;\r\n    flex-wrap: wrap;\r\n    gap: 10px;\r\n    justify-content: center;\r\n}\r\n\r\n.time-chip {\r\n    display: flex !important;\r\n    align-items: center !important;\r\n    padding: 4px 12px !important;\r\n    border-radius: 20px !important;\r\n}\r\n\r\n.location {\r\n    margin-right: 4px;\r\n    font-weight: 500;\r\n}\r\n\r\n.component-content {\r\n    max-height: 900px;\r\n}\r\n\r\n.sf-chip-list.sf-chip .sf-chip-template {\r\n    align-items: baseline;\r\n    display: contents;\r\n}\r\n\r\n.chip-container {\r\n    position: relative;\r\n    display: flex;\r\n    flex-wrap: wrap;\r\n    gap: 5px;\r\n    z-index: 999;\r\n    overflow: visible !important;\r\n    transform: translateZ(0);\r\n    will-change: contents;\r\n}\r\n\r\n.clock-icon{\r\n    margin: var(--sf-spacing-5);\r\n}\n",
  "src/App.tsx": "import { Chip, ChipProps } from '@syncfusion/react-buttons';\r\nimport { UserIcon } from \"@syncfusion/react-icons\"\r\nimport './App.css';\r\n\r\nexport default function App() {\r\n    const people: ChipProps[] = [\r\n        { text: 'Anne', value: 'Anne', leadingIconUrl: 'https://npmci-react.syncfusion.com/images/common/anne.png' },\r\n        { text: 'John', value: 'John', leadingIcon: <UserIcon /> },\r\n        { text: 'David', value: 'David', avatar: <>D</> }\r\n    ];\r\n\r\n    return (\r\n        <div className=\"component-section chip-section\">\r\n            {people.map((chip: ChipProps) => (\r\n                <Chip key={chip.value} text={chip.text} value={chip.value} color={chip.color} leadingIconUrl={chip.leadingIconUrl} leadingIcon={chip.leadingIcon} avatar={chip.avatar} />\r\n            ))}\r\n        </div>\r\n    );\r\n}",
  "dependencies": "{\"@syncfusion/react-buttons\":\"*\",\"@syncfusion/react-icons\":\"*\",\"@syncfusion/react-locale\":\"*\",\"@syncfusion/react-cldr-data\":\"*\"}"
}