{
  "src/App.css": "@import \"@syncfusion/react-base/styles/material3.css\";\n@import \"@syncfusion/react-buttons/styles/material3.css\";\n\n.chip-section {\r\n    display: flex;\r\n    flex-wrap: wrap;\r\n    gap: 10px;\r\n    justify-content: center;\r\n}\r\n\r\n.time-chip {\r\n    display: flex !important;\r\n    align-items: center !important;\r\n    padding: 4px 12px !important;\r\n    border-radius: 20px !important;\r\n}\r\n\r\n.location {\r\n    margin-right: 4px;\r\n    font-weight: 500;\r\n}\r\n\r\n.component-content {\r\n    max-height: 900px;\r\n}\r\n\r\n.sf-chip-list.sf-chip .sf-chip-template {\r\n    align-items: baseline;\r\n    display: contents;\r\n}\r\n\r\n.chip-container {\r\n    position: relative;\r\n    display: flex;\r\n    flex-wrap: wrap;\r\n    gap: 5px;\r\n    z-index: 999;\r\n    overflow: visible !important;\r\n    transform: translateZ(0);\r\n    will-change: contents;\r\n}\r\n\r\n.clock-icon{\r\n    margin: var(--sf-spacing-5);\r\n}\n",
  "src/App.tsx": "import { Chip } from '@syncfusion/react-buttons';\r\nimport './App.css';\r\n\r\nexport default function App() {\r\n    return (\r\n        <div className=\"component-section\">\r\n            <Chip>Anne</Chip>\r\n            <Chip>John</Chip>\r\n            <Chip>Margaret</Chip>\r\n        </div>\r\n    );\r\n}",
  "dependencies": "{\"@syncfusion/react-buttons\":\"*\",\"@syncfusion/react-locale\":\"*\",\"@syncfusion/react-cldr-data\":\"*\"}"
}