{
  "src/App.css": "@import \"@syncfusion/react-base/styles/material3.css\";\n@import \"@syncfusion/react-buttons/styles/material3.css\";\n",
  "src/App.tsx": "import { Chip, ChipProps } from '@syncfusion/react-buttons';\r\n\r\nexport default function App() {\r\n    const countries: ChipProps[] = [\r\n        { text: 'United States', value: 'usa', disabled: true },\r\n        { text: 'Canada', value: 'canada' },\r\n        { text: 'Japan', value: 'japan', disabled: true },\r\n        { text: 'India', value: 'india' }\r\n    ];\r\n\r\n    return (\r\n        <div className=\"component-section\">\r\n            {countries.map((chip: ChipProps) => (\r\n                <Chip key={chip.value} text={chip.text} value={chip.value} disabled={chip.disabled}\r\n                />\r\n            ))}\r\n        </div>\r\n    );\r\n}",
  "dependencies": "{\"@syncfusion/react-buttons\":\"*\",\"@syncfusion/react-locale\":\"*\",\"@syncfusion/react-cldr-data\":\"*\"}"
}