{
  "src/App.css": "@import \"@syncfusion/react-base/styles/material3.css\";\n@import \"@syncfusion/react-buttons/styles/material3.css\";\n",
  "src/App.tsx": "import { Chip, ChipProps } from '@syncfusion/react-buttons';\r\n\r\nexport default function App() {\r\n  const fruits: ChipProps[] = [\r\n    { text: 'Primary', value: '1', color: 'Primary' },\r\n    { text: 'Info', value: '2', color: 'Info' },\r\n    { text: 'Error', value: '3', color: 'Error' },\r\n    { text: 'Success', value: '4', color: 'Success' },\r\n    { text: 'Warning', value: '5', color: 'Warning' }\r\n  ];\r\n\r\n  return (\r\n    <div className=\"component-section\">\r\n      {fruits.map((chip: ChipProps) => (\r\n        <Chip key={chip.value} text={chip.text} value={chip.value} color={chip.color} variant='Outlined' />\r\n      ))}\r\n    </div>\r\n  );\r\n}",
  "dependencies": "{\"@syncfusion/react-buttons\":\"*\",\"@syncfusion/react-locale\":\"*\",\"@syncfusion/react-cldr-data\":\"*\"}"
}