{
  "src/App.css": "@import \"@syncfusion/react-base/styles/material3.css\";\n@import \"@syncfusion/react-buttons/styles/material3.css\";\n",
  "src/App.tsx": "import { Chip, ChipDeleteEvent, ChipVariant } from '@syncfusion/react-buttons';\r\nimport { useState } from 'react';\r\n\r\nexport default function App() {\r\n    type ChipData = {\r\n        text: string;\r\n        value: string;\r\n        removable?: boolean;\r\n        variant?: ChipVariant;\r\n    };\r\n\r\n    const initialChips: ChipData[] = [\r\n        { text: 'Oak', value: 'oak-tree', removable: true },\r\n        { text: 'Pine', value: 'pine-tree', removable: true, variant: 'Outlined' },\r\n    ];\r\n    const [chips, setChips] = useState<ChipData[]>(initialChips);\r\n\r\n    const handleDelete = (args: ChipDeleteEvent) => {\r\n        const chipValue = args.data.value;\r\n        if (chipValue) {\r\n            setChips(prevChips => prevChips.filter(chip => chip.value !== chipValue));\r\n        }\r\n    };\r\n\r\n    return (\r\n        <div className=\"component-section chip-container\">\r\n            {chips.map((chip: ChipData) => (\r\n                <Chip key={chip.value} text={chip.text} value={chip.value} color='Primary' variant={chip.variant} removable={chip.removable} onDelete={handleDelete} />\r\n            ))}\r\n        </div>\r\n    );\r\n}",
  "dependencies": "{\"@syncfusion/react-buttons\":\"*\",\"@syncfusion/react-locale\":\"*\",\"@syncfusion/react-cldr-data\":\"*\"}"
}