{
  "src/App.css": "@import \"@syncfusion/react-base/styles/material3.css\";\n@import \"@syncfusion/react-buttons/styles/material3.css\";\n@import \"@syncfusion/react-popups/styles/material3.css\";\n",
  "src/App.tsx": "import { Dialog } from '@syncfusion/react-popups';\r\nimport { Button, Variant } from '@syncfusion/react-buttons';\r\nimport { useState } from 'react';\r\n\r\nexport default function App() {\r\n    const [visible, setVisible] = useState(false);\r\n\r\n    const openDialog = () => {\r\n        setVisible(true);\r\n    };\r\n\r\n    const closeDialog = () => {\r\n        setVisible(false);\r\n    };\r\n\r\n    return (\r\n        <div className=\"component-section\">\r\n            <Button onClick={openDialog}>Open Alert Dialog</Button>\r\n            <Dialog\r\n                header=\"Alert\"\r\n                open={visible}\r\n                footer={\r\n                    <Button onClick={closeDialog} variant={Variant.Standard}>OK</Button>\r\n                }\r\n                closeIcon={false}\r\n                onClose={closeDialog}\r\n                style={{ maxWidth: '400px' }}\r\n            >\r\n                <div>An unexpected error occurred while processing your request. Please try again or contact system administrator if the problem persists.</div>\r\n            </Dialog>\r\n        </div>\r\n    );\r\n}",
  "dependencies": "{\"@syncfusion/react-popups\":\"*\",\"@syncfusion/react-buttons\":\"*\",\"@syncfusion/react-locale\":\"*\",\"@syncfusion/react-cldr-data\":\"*\"}"
}