{
  "src/App.css": "@import \"@syncfusion/react-base/styles/material3.css\";\n@import \"@syncfusion/react-buttons/styles/material3.css\";\n@import \"@syncfusion/react-popups/styles/material3.css\";\n",
  "src/App.tsx": "import { Dialog, DialogEffect } from '@syncfusion/react-popups';\r\nimport { Button, Variant } from '@syncfusion/react-buttons';\r\nimport { useState } from 'react';\r\n\r\nexport default function App() {\r\n    const [visible, setVisible] = useState(false);\r\n    const [animationType, setAnimationType] = useState<DialogEffect>();\r\n\r\n    const openDialog = (animation: DialogEffect) => {\r\n        setAnimationType(animation);\r\n        setVisible(true);\r\n    };\r\n\r\n    const closeDialog = () => {\r\n        setVisible(false);\r\n    };\r\n\r\n    return (\r\n        <div className=\"component-section\">\r\n            <div className=\"animation-buttons\">\r\n                <Button onClick={() => openDialog('Zoom')}>Zoom</Button>\r\n                <Button onClick={() => openDialog('FadeZoom')}>Fade Zoom</Button>\r\n                <Button onClick={() => openDialog('SlideBottom')}>Slide Bottom</Button>\r\n                <Button onClick={() => openDialog('SlideTop')}>Slide Top</Button>\r\n            </div>\r\n            <Dialog\r\n                header=\"New Message Notification\"\r\n                open={visible}\r\n                animation={{\r\n                    effect: animationType as DialogEffect,\r\n                    duration: 400,\r\n                    delay: 0\r\n                }}\r\n                onClose={closeDialog}\r\n                closeIcon={false}\r\n                footer={\r\n                    <div className=\"dialog-buttons\">\r\n                        <Button variant={Variant.Standard} onClick={closeDialog}>Dismiss</Button>\r\n                    </div>\r\n                }\r\n                style={{ maxWidth: '400px' }}\r\n            >\r\n                <div className=\"message-notification\">\r\n                    <div className=\"message-header\">\r\n                        <div className=\"avatar\">JD</div>\r\n                        <div>\r\n                            <h4>John Doe</h4>\r\n                            <div className=\"timestamp\">2 minutes ago</div>\r\n                        </div>\r\n                    </div>\r\n\r\n                    <div className=\"message-content\">\r\n                        <p>Hi team,</p>\r\n                        <p>I just reviewed the project proposal and have some feedback to share with the team. Can we schedule a quick call today to discuss the timeline adjustments?</p>\r\n                        <p>Thanks,<br />John</p>\r\n                    </div>\r\n                </div>\r\n            </Dialog>\r\n        </div>\r\n    );\r\n}",
  "dependencies": "{\"@syncfusion/react-popups\":\"*\",\"@syncfusion/react-buttons\":\"*\",\"@syncfusion/react-locale\":\"*\",\"@syncfusion/react-cldr-data\":\"*\"}"
}