{
  "src/App.css": "@import \"@syncfusion/react-base/styles/material3.css\";\n@import \"@syncfusion/react-buttons/styles/material3.css\";\n@import \"@syncfusion/react-popups/styles/material3.css\";\n",
  "src/App.tsx": "import { Dialog } from '@syncfusion/react-popups';\r\nimport { Button, Variant } from '@syncfusion/react-buttons';\r\nimport { useState } from 'react';\r\n\r\nexport default function App() {\r\n    const [visible, setVisible] = useState(false);\r\n\r\n    return (\r\n        <div className=\"component-section\">\r\n            <Button onClick={() => setVisible(true)}>Open Dialog</Button>\r\n            <Dialog\r\n                header=\"Cookie Policy\"\r\n                open={visible}\r\n                onClose={() => setVisible(false)}\r\n                style={{ maxWidth: '400px' }}\r\n                footer={<Button onClick={() => setVisible(false)} variant={Variant.Standard}>OK</Button>}\r\n            >\r\n                <div>\r\n                    This website uses cookies to improve your browsing experience.\r\n                    By continuing to use our site, you agree to our use of cookies in accordance\r\n                    with our Privacy Policy. Cookies help us remember your preferences and\r\n                    understand how visitors interact with our website.\r\n                </div>\r\n            </Dialog>\r\n        </div>\r\n    );\r\n}",
  "dependencies": "{\"@syncfusion/react-popups\":\"*\",\"@syncfusion/react-buttons\":\"*\",\"@syncfusion/react-locale\":\"*\",\"@syncfusion/react-cldr-data\":\"*\"}"
}