{
  "src/App.css": "@import \"@syncfusion/react-base/styles/material3.css\";\n@import \"@syncfusion/react-buttons/styles/material3.css\";\n@import \"@syncfusion/react-popups/styles/material3.css\";\n@import \"@syncfusion/react-notifications/styles/material3.css\";\n",
  "src/App.tsx": "import { Dialog } from '@syncfusion/react-popups';\r\nimport { Button, IButton, Variant } from '@syncfusion/react-buttons';\r\nimport { Message, Severity } from '@syncfusion/react-notifications';\r\nimport { useRef, useState } from 'react';\r\n\r\nexport default function App() {\r\n    const [dialogVisible, setDialogVisible] = useState(false);\r\n    const [messageVisible, setMessageVisible] = useState(false);\r\n    const [result, setResult] = useState('');\r\n    const [severity, setSeverity] = useState<Severity>();\r\n    const buttonRef = useRef<IButton>(null);\r\n\r\n    const openDialog = () => {\r\n        setDialogVisible(true);\r\n        setResult('');\r\n    };\r\n\r\n    const handleConfirm = () => {\r\n        setResult('Changes saved successfully');\r\n        setSeverity(Severity.Success);\r\n        setDialogVisible(false);\r\n        setMessageVisible(true);\r\n    };\r\n\r\n    const handleCancel = () => {\r\n        setResult('Changes discarded');\r\n        setSeverity(Severity.Info);\r\n        setDialogVisible(false);\r\n        setMessageVisible(true);\r\n    };\r\n\r\n    return (\r\n        <div className=\"component-section\">\r\n            <div style={{ textAlign: 'center' }}>\r\n                <Button onClick={openDialog}>Open Confirmation Dialog</Button>\r\n                {result != '' && <Message className='dialog-message' severity={severity} visible={messageVisible} closeIcon={true} onClose={() => setMessageVisible(false)}>{result}</Message>}\r\n            </div>\r\n            <Dialog\r\n                header=\"Unsaved Changes\"\r\n                open={dialogVisible}\r\n                style={{ maxWidth: '400px' }}\r\n                initialFocusRef={buttonRef as React.RefObject<HTMLElement>}\r\n                footer={\r\n                    <>\r\n                        <Button onClick={handleCancel} variant={Variant.Standard}>Discard</Button>\r\n                        <Button ref={buttonRef} onClick={handleConfirm} variant={Variant.Standard}>Save</Button>\r\n                    </>\r\n                }\r\n                onClose={() => setDialogVisible(false)}\r\n            >\r\n                <div>You have unsaved changes. Would you like to save them before leaving this page?</div>\r\n            </Dialog>\r\n        </div>\r\n    );\r\n}",
  "dependencies": "{\"@syncfusion/react-popups\":\"*\",\"@syncfusion/react-buttons\":\"*\",\"@syncfusion/react-notifications\":\"*\",\"@syncfusion/react-locale\":\"*\",\"@syncfusion/react-cldr-data\":\"*\"}"
}