{
  "src/App.css": "@import \"@syncfusion/react-base/styles/material3.css\";\n@import \"@syncfusion/react-buttons/styles/material3.css\";\n@import \"@syncfusion/react-popups/styles/material3.css\";\n@import \"@syncfusion/react-splitbuttons/styles/material3.css\";\n@import \"@syncfusion/react-inputs/styles/material3.css\";\n",
  "src/App.tsx": "import { Dialog } from '@syncfusion/react-popups';\r\nimport { Button, Variant } from '@syncfusion/react-buttons';\r\nimport { useState } from 'react';\r\nimport { TextBox, TextBoxChangeEvent } from '@syncfusion/react-inputs';\r\n\r\nexport default function App() {\r\n    const [visible, setVisible] = useState(false);\r\n    const [code, setCode] = useState('');\r\n\r\n    const handleVerify = () => {\r\n        if (code) {\r\n            setCode('');\r\n        }\r\n        setVisible(false);\r\n    };\r\n\r\n    return (\r\n        <div className=\"component-section\">\r\n            <Button onClick={() => setVisible(true)}>Open Draggable Dialog</Button>\r\n            <Dialog\r\n                header=\"Security Verification\"\r\n                open={visible}\r\n                draggable={true}\r\n                onClose={() => setVisible(false)}\r\n                style={{ maxWidth: '400px' }}\r\n                footer={<> <Button onClick={() => setVisible(false)} variant={Variant.Standard}>CANCEL</Button>\r\n                    <Button variant={Variant.Standard} onClick={handleVerify} >VERIFY</Button> </>}\r\n            >\r\n                <div >\r\n                    <p > For your account security, please enter the 6-digit verification code that was sent to your mobile device. </p>\r\n                    <TextBox\r\n                        type=\"text\"\r\n                        value={code}\r\n                        onChange={(args: TextBoxChangeEvent) => setCode(args.value || '')}\r\n                        placeholder=\"Verification code\"\r\n                        maxLength={6}\r\n                    />\r\n\r\n                </div>\r\n            </Dialog>\r\n        </div>\r\n    );\r\n}",
  "dependencies": "{\"@syncfusion/react-popups\":\"*\",\"@syncfusion/react-buttons\":\"*\",\"@syncfusion/react-inputs\":\"*\",\"@syncfusion/react-locale\":\"*\",\"@syncfusion/react-cldr-data\":\"*\"}"
}