{
  "src/App.css": "@import \"@syncfusion/react-base/styles/material3.css\";\n@import \"@syncfusion/react-buttons/styles/material3.css\";\n@import \"@syncfusion/react-popups/styles/material3.css\";\n@import \"@syncfusion/react-notifications/styles/material3.css\";\n",
  "src/App.tsx": "import { Dialog } from '@syncfusion/react-popups';\r\nimport { Button, Variant } from '@syncfusion/react-buttons';\r\nimport { Message, Severity } from '@syncfusion/react-notifications';\r\nimport { useState } from 'react';\r\n\r\nexport default function App() {\r\n    const [dialogs, setDialogs] = useState({\r\n        productOpen: false,\r\n        detailsOpen: false,\r\n    });\r\n\r\n    const [selectedSize, setSelectedSize] = useState('');\r\n    const [notification, setNotification] = useState('');\r\n\r\n    const product = {\r\n        name: \"Classic T-Shirt\",\r\n        price: \"$24.99\",\r\n        description: \"Comfortable cotton t-shirt with classic fit.\",\r\n        availableSizes: [\"S\", \"M\", \"L\", \"XL\"]\r\n    };\r\n\r\n    const toggleDialog = (key: keyof typeof dialogs, value: boolean) => {\r\n        setDialogs(prev => ({ ...prev, [key]: value }));\r\n    };\r\n\r\n    const handleSizeSelect = (size: string) => {\r\n        setSelectedSize(size);\r\n        toggleDialog('detailsOpen', true);\r\n    };\r\n\r\n    const handleAddToCart = () => {\r\n        setNotification(`Added ${product.name} (${selectedSize}) to cart!`);\r\n        toggleDialog('detailsOpen', false);\r\n        toggleDialog('productOpen', false);\r\n    };\r\n\r\n    const clearNotification = () => {\r\n        setNotification('');\r\n    };\r\n\r\n    return (\r\n        <div className=\"component-section multiple-dialogs\">\r\n            <Button onClick={() => toggleDialog('productOpen', true)}>\r\n                Open Multiple Dialog\r\n            </Button>\r\n\r\n            {notification &&\r\n                <Message className='dialog-message' severity={Severity.Success} closeIcon={true} onClose={clearNotification} > {notification} </Message>\r\n            }\r\n\r\n            <Dialog\r\n                open={dialogs.productOpen}\r\n                onClose={() => toggleDialog('productOpen', false)}\r\n                header={product.name}\r\n                style={{ minWidth: '400px' }}\r\n                footer={\r\n                    <Button\r\n                        variant={Variant.Standard}\r\n                        onClick={() => toggleDialog('productOpen', false)}\r\n                    >\r\n                        Close\r\n                    </Button>\r\n                }\r\n            >\r\n                <div>\r\n                    <p><strong>Price:</strong> {product.price}</p>\r\n                    <p>{product.description}</p>\r\n\r\n                    <div style={{ marginTop: '20px' }}>\r\n                        <p><strong>Available Sizes:</strong></p>\r\n                        <div style={{ display: 'flex', gap: '10px', marginTop: '10px' }}>\r\n                            {product.availableSizes.map(size => (\r\n                                <Button key={size} variant={Variant.Standard} onClick={() => handleSizeSelect(size)} > {size} </Button>\r\n                            ))}\r\n                        </div>\r\n                    </div>\r\n                </div>\r\n            </Dialog>\r\n\r\n            <Dialog\r\n                open={dialogs.detailsOpen}\r\n                onClose={() => toggleDialog('detailsOpen', false)}\r\n                header=\"Confirm Selection\"\r\n                style={{ zIndex: 1100, minWidth: '350px' }}\r\n                footer={\r\n                    <>\r\n                        <Button variant={Variant.Standard} onClick={() => toggleDialog('detailsOpen', false)} > Cancel </Button>\r\n                        <Button variant={Variant.Standard} onClick={handleAddToCart}  > Add to Cart </Button>\r\n                    </>\r\n                }\r\n            >\r\n                <div >\r\n                    <p>You've selected the following item:</p>\r\n                    <p><strong>{product.name}</strong></p>\r\n                    <p><strong>Size:</strong> {selectedSize}</p>\r\n                    <p><strong>Price:</strong> {product.price}</p>\r\n                    <p style={{margin: '0px'}}>Would you like to add this to your cart?</p>\r\n                </div>\r\n            </Dialog>\r\n        </div>\r\n    );\r\n}",
  "dependencies": "{\"@syncfusion/react-popups\":\"*\",\"@syncfusion/react-buttons\":\"*\",\"@syncfusion/react-notifications\":\"*\",\"@syncfusion/react-locale\":\"*\",\"@syncfusion/react-cldr-data\":\"*\"}"
}