{
  "src/App.css": "@import \"@syncfusion/react-base/styles/material3.css\";\n@import \"@syncfusion/react-buttons/styles/material3.css\";\n@import \"@syncfusion/react-popups/styles/material3.css\";\n",
  "src/App.tsx": "import { Dialog } from '@syncfusion/react-popups';\r\nimport { Button, Variant } from '@syncfusion/react-buttons';\r\nimport { useState } from 'react';\r\n\r\nexport default function App() {\r\n    const [visible, setVisible] = useState(false);\r\n\r\n    return (\r\n        <div className=\"component-section\">\r\n            <Button onClick={() => setVisible(true)}>Open Non-Modal Dialog</Button>\r\n            <Dialog\r\n                header=\"Editor Shortcuts\"\r\n                open={visible}\r\n                modal={false}\r\n                style={{ maxWidth: '400px' }}\r\n                onClose={() => setVisible(false)}\r\n                footer={<Button variant={Variant.Standard} onClick={() => setVisible(false)}>Close</Button>}\r\n            >\r\n                <div>\r\n                    <ul style={{ padding: '0 20px' }}>\r\n                        <li>Ctrl+B: Bold text</li>\r\n                        <li>Ctrl+I: Italic text</li>\r\n                        <li>Ctrl+U: Underline text</li>\r\n                        <li>Ctrl+S: Save document</li>\r\n                        <li>Ctrl+P: Print document</li>\r\n                    </ul>\r\n                    <p style={{margin: '0px'}}>You can continue editing your document while this guide is open.</p>\r\n                </div>\r\n            </Dialog>\r\n        </div>\r\n    );\r\n}",
  "dependencies": "{\"@syncfusion/react-popups\":\"*\",\"@syncfusion/react-buttons\":\"*\",\"@syncfusion/react-locale\":\"*\",\"@syncfusion/react-cldr-data\":\"*\"}"
}