{
  "src/App.css": "@import \"@syncfusion/react-base/styles/material3.css\";\n@import \"@syncfusion/react-buttons/styles/material3.css\";\n@import \"@syncfusion/react-popups/styles/material3.css\";\n",
  "src/App.tsx": "import { Dialog } from '@syncfusion/react-popups';\r\nimport { Button, Variant, CheckboxChangeEvent } from '@syncfusion/react-buttons';\r\nimport { Checkbox } from '@syncfusion/react-buttons';\r\nimport { useState } from 'react';\r\n\r\nexport default function App() {\r\n    const [visible, setVisible] = useState(false);\r\n    const [checked, setChecked] = useState(false);\r\n\r\n    const handleCheckChange = (e: CheckboxChangeEvent) => {\r\n        setChecked(e.value);\r\n    };\r\n\r\n    return (\r\n        <div className=\"component-section\">\r\n            <Button onClick={() => setVisible(true)}>Open Long Content Dialog</Button>\r\n            <Dialog\r\n                header=\"Terms and Conditions\"\r\n                open={visible}\r\n                footer={\r\n                    <div className=\"consent-footer\" >\r\n                        <Checkbox \r\n                            label=\"I agree to the terms and conditions\" \r\n                            checked={checked}\r\n                            onChange={handleCheckChange}\r\n                        />\r\n                        <Button \r\n                            variant={Variant.Standard} \r\n                            onClick={() => setVisible(false)} \r\n                            disabled={!checked}\r\n                        >\r\n                            Accept & Close\r\n                        </Button>\r\n                    </div>\r\n                }\r\n                onClose={() => setVisible(false)}\r\n                style={{ height: \"400px\", width: \"600px\" }}\r\n            >\r\n                <>\r\n                    <h4>Software License Agreement</h4>\r\n                    <p>Please read the following terms and conditions carefully before using this software.</p>\r\n\r\n                    <h4>1. License Grant</h4>\r\n                    <p>Subject to the terms and conditions of this Agreement, we hereby grant you a limited, non-exclusive, non-transferable license to use the software.</p>\r\n\r\n                    <h4>2. Restrictions</h4>\r\n                    <p>You may not:</p>\r\n                    <ul>\r\n                        <li>Modify, adapt, alter, translate, or create derivative works</li>\r\n                        <li>Reverse engineer, disassemble, decompile, or otherwise attempt to derive the source code</li>\r\n                        <li>Remove, alter, or obscure any proprietary notices</li>\r\n                        <li>Use the software for any unlawful purpose</li>\r\n                    </ul>\r\n\r\n                    <h4>3. Intellectual Property</h4>\r\n                    <p>The software and all intellectual property rights therein are and shall remain our exclusive property.</p>\r\n\r\n                    <h4>4. Disclaimer of Warranties</h4>\r\n                    <p>THE SOFTWARE IS PROVIDED \"AS IS\" WITHOUT WARRANTY OF ANY KIND, EXPRESS OR IMPLIED.</p>\r\n\r\n                    <h4>5. Limitation of Liability</h4>\r\n                    <p>IN NO EVENT SHALL WE BE LIABLE FOR ANY INDIRECT, INCIDENTAL, SPECIAL, CONSEQUENTIAL, OR PUNITIVE DAMAGES.</p>\r\n\r\n                    <h4>6. Termination</h4>\r\n                    <p>This Agreement is effective until terminated. We may terminate this Agreement at any time without notice.</p>\r\n\r\n                    <h4>7. Governing Law</h4>\r\n                    <p>This Agreement shall be governed by and construed in accordance with the laws of the jurisdiction.</p>\r\n\r\n                    <h4>8. Entire Agreement</h4>\r\n                    <p>This Agreement constitutes the entire agreement between you and us regarding the software.</p>\r\n\r\n                    <p>By using the software, you acknowledge that you have read this Agreement and agree to be bound by its terms.</p>\r\n                </>\r\n            </Dialog>\r\n        </div>\r\n    );\r\n}",
  "dependencies": "{\"@syncfusion/react-popups\":\"*\",\"@syncfusion/react-buttons\":\"*\",\"@syncfusion/react-locale\":\"*\",\"@syncfusion/react-cldr-data\":\"*\"}"
}