{
  "src/App.css": "@import \"@syncfusion/react-base/styles/material3.css\";\n@import \"@syncfusion/react-buttons/styles/material3.css\";\n@import \"@syncfusion/react-popups/styles/material3.css\";\n@import \"@syncfusion/react-splitbuttons/styles/material3.css\";\n@import \"@syncfusion/react-inputs/styles/material3.css\";\n@import \"@syncfusion/react-lists/styles/material3.css\";\n@import \"@syncfusion/react-dropdowns/styles/material3.css\";\n",
  "src/App.tsx": "import { ChangeEventArgs, DropDownList } from '@syncfusion/react-dropdowns';\r\nimport { useState } from 'react';\r\nimport './app.css';\r\n\r\nconst countries = [\r\n  { id: 1, name: 'United States' },\r\n  { id: 2, name: 'Canada' },\r\n  { id: 3, name: 'United Kingdom' },\r\n];\r\n\r\nconst regions = [\r\n  { id: 1, countryId: 1, name: 'California' },\r\n  { id: 2, countryId: 1, name: 'Texas' },\r\n  { id: 3, countryId: 1, name: 'New York' },\r\n  { id: 4, countryId: 2, name: 'Ontario' },\r\n  { id: 5, countryId: 2, name: 'British Columbia' },\r\n  { id: 6, countryId: 2, name: 'Quebec' },\r\n  { id: 7, countryId: 3, name: 'England' },\r\n  { id: 8, countryId: 3, name: 'Scotland' },\r\n  { id: 9, countryId: 3, name: 'Wales' },\r\n];\r\n\r\nconst cities = [\r\n  { id: 1, regionId: 1, name: 'Los Angeles' },\r\n  { id: 2, regionId: 1, name: 'San Francisco' },\r\n  { id: 3, regionId: 1, name: 'San Diego' },\r\n  { id: 4, regionId: 2, name: 'Houston' },\r\n  { id: 5, regionId: 2, name: 'Austin' },\r\n  { id: 6, regionId: 2, name: 'Dallas' },\r\n  { id: 7, regionId: 3, name: 'New York City' },\r\n  { id: 8, regionId: 3, name: 'Buffalo' },\r\n  { id: 9, regionId: 3, name: 'Albany' },\r\n  { id: 10, regionId: 4, name: 'Toronto' },\r\n  { id: 11, regionId: 4, name: 'Ottawa' },\r\n  { id: 12, regionId: 5, name: 'Vancouver' },\r\n  { id: 13, regionId: 5, name: 'Victoria' },\r\n  { id: 14, regionId: 6, name: 'Montreal' },\r\n  { id: 15, regionId: 6, name: 'Quebec City' },\r\n  { id: 16, regionId: 7, name: 'London' },\r\n  { id: 17, regionId: 7, name: 'Manchester' },\r\n  { id: 18, regionId: 8, name: 'Edinburgh' },\r\n  { id: 19, regionId: 8, name: 'Glasgow' },\r\n  { id: 20, regionId: 9, name: 'Cardiff' },\r\n  { id: 21, regionId: 9, name: 'Swansea' },\r\n];\r\n\r\nexport default function App() {\r\n  const [selectedCountryId, setSelectedCountryId] = useState<number | null>(null);\r\n  const [selectedRegionId, setSelectedRegionId] = useState<number | null>(null);\r\n  const [selectedCityId, setSelectedCityId] = useState<number | null>(null);\r\n\r\n  const handleCountryChange = (args?: ChangeEventArgs) => {\r\n    setSelectedCountryId(args?.value as number);\r\n    setSelectedRegionId(null);\r\n    setSelectedCityId(null);\r\n  };\r\n\r\n  const handleRegionChange = (args?: ChangeEventArgs) => {\r\n    setSelectedRegionId(args?.value as number);\r\n    setSelectedCityId(null);\r\n  };\r\n\r\n  const handleCityChange = (args?: ChangeEventArgs) => {\r\n    setSelectedCityId(args?.value as number);\r\n  };\r\n\r\n  const filteredRegions = selectedCountryId\r\n    ? regions.filter((region) => region.countryId === selectedCountryId)\r\n    : [];\r\n\r\n  const filteredCities = selectedRegionId\r\n    ? cities.filter((city) => city.regionId === selectedRegionId)\r\n    : [];\r\n\r\n  const fields = { text: 'name', value: 'id' };\r\n\r\n  return (\r\n    <div className=\"component-section dropdownlist-container\">\r\n      <div className='sf-display-flex flex-direction-column mid-gap'>\r\n        <div className=\"first-dropdown\">\r\n          <DropDownList\r\n            dataSource={countries as unknown as { [key: string]: object }[]}\r\n            fields={fields}\r\n            value={selectedCountryId}\r\n            placeholder=\"Select a country\"\r\n            onChange={handleCountryChange}\r\n          />\r\n        </div>\r\n\r\n        <div className=\"second-dropdown\">\r\n          <DropDownList\r\n            dataSource={filteredRegions as unknown as { [key: string]: object }[]}\r\n            fields={fields}\r\n            value={selectedRegionId}\r\n            placeholder=\"Select a region\"\r\n            onChange={handleRegionChange}\r\n            disabled={!selectedCountryId}\r\n          />\r\n        </div>\r\n\r\n        <div className=\"third-dropdown\">\r\n          <DropDownList\r\n            dataSource={filteredCities as unknown as { [key: string]: object }[]}\r\n            fields={fields}\r\n            value={selectedCityId}\r\n            placeholder=\"Select a city\"\r\n            onChange={handleCityChange}\r\n            disabled={!selectedRegionId}\r\n          />\r\n        </div>\r\n      </div>\r\n    </div>\r\n  );\r\n}",
  "src/app.css": ".dropdownlist-container {\r\n    width: 250px;\r\n}\r\n\r\n.ddlValuetemplate {\r\n    width: 380px;\r\n}\r\n\r\n.margin-top {\r\n    margin-top: 10px;\r\n}\r\n\r\n.margin-bottom {\r\n    margin-top: 10px;\r\n}\r\n\r\n.flex-direction-row {\r\n    flex-direction: row;\r\n}\r\n\r\n.flex-direction-column {\r\n    flex-direction: column;\r\n}\r\n\r\n.min-gap {\r\n    gap: 10px;\r\n}\r\n\r\n.mid-gap {\r\n    gap: 20px;\r\n}\r\n\r\n.max-gap {\r\n    gap: 40px;\r\n}\r\n\r\n.text-align-center {\r\n    text-align: center;\r\n}\r\n\r\n.font-weight-bold {\r\n    font-weight: bold;\r\n}",
  "dependencies": "{\"@syncfusion/react-dropdowns\":\"*\",\"@syncfusion/react-locale\":\"*\",\"@syncfusion/react-cldr-data\":\"*\"}"
}