{
  "src/App.css": "@import \"@syncfusion/react-base/styles/material3.css\";\n@import \"@syncfusion/react-buttons/styles/material3.css\";\n@import \"@syncfusion/react-popups/styles/material3.css\";\n@import \"@syncfusion/react-splitbuttons/styles/material3.css\";\n@import \"@syncfusion/react-inputs/styles/material3.css\";\n@import \"@syncfusion/react-lists/styles/material3.css\";\n@import \"@syncfusion/react-dropdowns/styles/material3.css\";\n",
  "src/App.tsx": "import { ChangeEventArgs, DropDownList } from '@syncfusion/react-dropdowns';\r\nimport { useState } from 'react';\r\n\r\nexport default function App() {\r\n    const [controlledValue, setControlledValue] = useState<string | number | boolean | object | null>('3');\r\n    const uncontrolledValue = '1';\r\n\r\n    const employeeData = [\r\n        { Id: '1', Name: 'Andrew', Designation: 'Manager' },\r\n        { Id: '2', Name: 'Bella', Designation: 'Developer' },\r\n        { Id: '3', Name: 'Charlie', Designation: 'Designer' },\r\n        { Id: '4', Name: 'Diana', Designation: 'Tester' },\r\n        { Id: '5', Name: 'Ethan', Designation: 'Product Owner' },\r\n        { Id: '6', Name: 'Fiona', Designation: 'UX Designer' },\r\n        { Id: '7', Name: 'George', Designation: 'DevOps Engineer' },\r\n        { Id: '8', Name: 'Hannah', Designation: 'Data Analyst' },\r\n        { Id: '9', Name: 'Ian', Designation: 'Security Specialist' },\r\n        { Id: '10', Name: 'Julia', Designation: 'Frontend Developer' },\r\n        { Id: '11', Name: 'Kevin', Designation: 'Backend Developer' },\r\n        { Id: '12', Name: 'Laura', Designation: 'Scrum Master' },\r\n        { Id: '13', Name: 'Michael', Designation: 'Database Administrator' },\r\n        { Id: '14', Name: 'Nora', Designation: 'QA Engineer' },\r\n        { Id: '15', Name: 'Oscar', Designation: 'System Architect' }\r\n    ];\r\n\r\n    const fields = { text: 'Name', value: 'Id' };\r\n    return (\r\n        <div className=\"component-section\">\r\n            <div className='sf-display-flex max-gap'>\r\n                <div>\r\n                    <h4>Controlled Dropdown List</h4>\r\n                    <DropDownList\r\n                        dataSource={employeeData as unknown as { [key: string]: object }[]}\r\n                        fields={fields}\r\n                        value={controlledValue}\r\n                        onChange={(e?: ChangeEventArgs) => {\r\n                            if (e) {\r\n                                const value = e.value;\r\n                                setControlledValue(value);\r\n                            }\r\n                        }}\r\n                    />\r\n                </div>\r\n                <div>\r\n                    <h4>Uncontrolled Dropdown List</h4>\r\n                    <DropDownList\r\n                        dataSource={employeeData as unknown as { [key: string]: object }[]}\r\n                        fields={fields}\r\n                        defaultValue={uncontrolledValue}\r\n                    />\r\n                </div>\r\n            </div>\r\n        </div>\r\n    );\r\n}",
  "dependencies": "{\"@syncfusion/react-dropdowns\":\"*\",\"@syncfusion/react-locale\":\"*\",\"@syncfusion/react-cldr-data\":\"*\"}"
}