{
  "src/App.css": "@import \"@syncfusion/react-base/styles/material3.css\";\n@import \"@syncfusion/react-buttons/styles/material3.css\";\n@import \"@syncfusion/react-popups/styles/material3.css\";\n@import \"@syncfusion/react-splitbuttons/styles/material3.css\";\n@import \"@syncfusion/react-inputs/styles/material3.css\";\n@import \"@syncfusion/react-lists/styles/material3.css\";\n@import \"@syncfusion/react-dropdowns/styles/material3.css\";\n",
  "src/App.tsx": "import { DropDownList } from '@syncfusion/react-dropdowns';\r\nimport './app.css';\r\n\r\nexport default function App() {\r\n  const filteringData = [\r\n    { text: 'Aeróbics', id: '1' },\r\n    { text: 'Aeróbics en Agua', id: '2' }, \r\n    { text: 'Aerografía', id: '3' }, \r\n    { text: 'Aeromodelaje', id: '4' }, \r\n    { text: 'Águilas', id: '5' }, \r\n    { text: 'Ajedrez', id: '6' }, \r\n    { text: 'Ala Delta', id: '7' }, \r\n    { text: 'Álbumes de Música', id: '8' }, \r\n    { text: 'Alusivos', id: '9' }, \r\n    { text: 'Análisis de Escritura a Mano', id: '10' }\r\n  ];\r\n\r\n  const fields = { text: 'text', value: 'id' };\r\n\r\n  return (\r\n    <div className=\"component-section dropdownlist-container\">\r\n      <DropDownList\r\n        dataSource={filteringData as unknown as { [key: string]: object }[]} \r\n        fields={fields}\r\n        placeholder=\"Type 'aero'\" \r\n        filterable={true}\r\n        ignoreAccent={true}\r\n        filterPlaceholder=\"e.g: aero\"\r\n      />\r\n    </div>\r\n  );\r\n}",
  "src/app.css": ".dropdownlist-container {\r\n    width: 250px;\r\n}\r\n\r\n.ddlValuetemplate {\r\n    width: 380px;\r\n}\r\n\r\n.margin-top {\r\n    margin-top: 10px;\r\n}\r\n\r\n.margin-bottom {\r\n    margin-top: 10px;\r\n}\r\n\r\n.flex-direction-row {\r\n    flex-direction: row;\r\n}\r\n\r\n.flex-direction-column {\r\n    flex-direction: column;\r\n}\r\n\r\n.min-gap {\r\n    gap: 10px;\r\n}\r\n\r\n.mid-gap {\r\n    gap: 20px;\r\n}\r\n\r\n.max-gap {\r\n    gap: 40px;\r\n}\r\n\r\n.text-align-center {\r\n    text-align: center;\r\n}\r\n\r\n.font-weight-bold {\r\n    font-weight: bold;\r\n}",
  "dependencies": "{\"@syncfusion/react-dropdowns\":\"*\",\"@syncfusion/react-locale\":\"*\",\"@syncfusion/react-cldr-data\":\"*\"}"
}