{
  "src/App.css": "@import \"@syncfusion/react-base/styles/material3.css\";\n@import \"@syncfusion/react-buttons/styles/material3.css\";\n@import \"@syncfusion/react-popups/styles/material3.css\";\n@import \"@syncfusion/react-splitbuttons/styles/material3.css\";\n@import \"@syncfusion/react-inputs/styles/material3.css\";\n@import \"@syncfusion/react-lists/styles/material3.css\";\n@import \"@syncfusion/react-dropdowns/styles/material3.css\";\n",
  "src/App.tsx": "import { DropDownList } from '@syncfusion/react-dropdowns';\r\nimport './app.css';\r\n\r\nexport default function App() {\r\n  const filteringData = [\r\n    { \"Name\": \"Australia\", \"Code\": \"AU\" },\r\n    { \"Name\": \"Bermuda\", \"Code\": \"BM\" },\r\n    { \"Name\": \"Canada\", \"Code\": \"CA\" },\r\n    { \"Name\": \"Cameroon\", \"Code\": \"CM\" },\r\n    { \"Name\": \"Denmark\", \"Code\": \"DK\" },\r\n    { \"Name\": \"France\", \"Code\": \"FR\" },\r\n    { \"Name\": \"Finland\", \"Code\": \"FI\" },\r\n    { \"Name\": \"Germany\", \"Code\": \"DE\" },\r\n    { \"Name\": \"Greenland\", \"Code\": \"GL\" },\r\n    { \"Name\": \"Hong Kong\", \"Code\": \"HK\" },\r\n    { \"Name\": \"India\", \"Code\": \"IN\" },\r\n    { \"Name\": \"Italy\", \"Code\": \"IT\" },\r\n    { \"Name\": \"Japan\", \"Code\": \"JP\" },\r\n    { \"Name\": \"Mexico\", \"Code\": \"MX\" },\r\n    { \"Name\": \"Norway\", \"Code\": \"NO\" },\r\n    { \"Name\": \"Poland\", \"Code\": \"PL\" },\r\n    { \"Name\": \"Switzerland\", \"Code\": \"CH\" },\r\n    { \"Name\": \"United Kingdom\", \"Code\": \"GB\" },\r\n    { \"Name\": \"United States\", \"Code\": \"US\" }\r\n  ];\r\n\r\n  const fields = { text: 'Name', value: 'Code' };\r\n\r\n  return (\r\n    <div className=\"component-section dropdownlist-container\">\r\n      <DropDownList\r\n        dataSource={filteringData as unknown as { [key: string]: object }[]}\r\n        fields={fields}\r\n        placeholder=\"Select a country\"\r\n        filterable={true}\r\n        filterPlaceholder=\"Search countries\"\r\n        filterType=\"StartsWith\"\r\n      />\r\n    </div>\r\n  );\r\n}",
  "src/app.css": ".dropdownlist-container {\r\n    width: 250px;\r\n}\r\n\r\n.ddlValuetemplate {\r\n    width: 380px;\r\n}\r\n\r\n.margin-top {\r\n    margin-top: 10px;\r\n}\r\n\r\n.margin-bottom {\r\n    margin-top: 10px;\r\n}\r\n\r\n.flex-direction-row {\r\n    flex-direction: row;\r\n}\r\n\r\n.flex-direction-column {\r\n    flex-direction: column;\r\n}\r\n\r\n.min-gap {\r\n    gap: 10px;\r\n}\r\n\r\n.mid-gap {\r\n    gap: 20px;\r\n}\r\n\r\n.max-gap {\r\n    gap: 40px;\r\n}\r\n\r\n.text-align-center {\r\n    text-align: center;\r\n}\r\n\r\n.font-weight-bold {\r\n    font-weight: bold;\r\n}",
  "dependencies": "{\"@syncfusion/react-dropdowns\":\"*\",\"@syncfusion/react-locale\":\"*\",\"@syncfusion/react-cldr-data\":\"*\"}"
}