{
  "src/App.css": "@import \"@syncfusion/react-base/styles/material3.css\";\n@import \"@syncfusion/react-buttons/styles/material3.css\";\n@import \"@syncfusion/react-popups/styles/material3.css\";\n@import \"@syncfusion/react-splitbuttons/styles/material3.css\";\n@import \"@syncfusion/react-inputs/styles/material3.css\";\n@import \"@syncfusion/react-lists/styles/material3.css\";\n@import \"@syncfusion/react-dropdowns/styles/material3.css\";\n",
  "src/App.tsx": "import { ChangeEventArgs, DropDownList } from '@syncfusion/react-dropdowns';\r\nimport { useState } from 'react';\r\nimport './footer-template.css';\r\nimport './app.css';\r\n\r\ninterface Product {\r\n  Id: string;\r\n  Name: string;\r\n  Price: number;\r\n  Stock: number;\r\n  [key: string]: string | number | object;\r\n}\r\n\r\nexport default function App() {\r\n  const productsData: Product[] = [\r\n    { Id: 'PRD001', Name: 'iPhone 14 Pro', Price: 999, Stock: 45 },\r\n    { Id: 'PRD002', Name: 'Samsung Galaxy S23', Price: 799, Stock: 32 },\r\n    { Id: 'PRD003', Name: 'MacBook Air M2', Price: 1199, Stock: 18 },\r\n    { Id: 'PRD004', Name: 'Dell XPS 15', Price: 1499, Stock: 7 },\r\n    { Id: 'PRD005', Name: 'Sony WH-1000XM5', Price: 349, Stock: 0 },\r\n  ];\r\n\r\n  const [selectedId, setSelectedId] = useState<string | null>(null);\r\n  const fields = { text: 'Name', value: 'Id' };\r\n  const formatPrice = (price: number) => `$${price}`;\r\n  const inStockCount = productsData.filter(item => item.Stock > 0).length;\r\n  const outOfStockCount = productsData.length - inStockCount;\r\n  const footerTemplate = () => (\r\n    <div className='divider-box'>\r\n      <div className='flex-between-row'>\r\n        <span>In stock: <b className='ddl-footer-instock'>{inStockCount}</b></span>\r\n        <span>Out of stock: <b className='ddl-footer-outstock'>{outOfStockCount}</b></span>\r\n      </div>\r\n    </div>\r\n  );\r\n\r\n  const handleChange = (e?: ChangeEventArgs) => {\r\n    setSelectedId(e?.value as string);\r\n  };\r\n  const selectedProduct = productsData.find(p => p.Id === selectedId);\r\n  return (\r\n    <div className='component-section dropdownlist-container'>      \r\n      <DropDownList\r\n        id=\"productDropdown\"\r\n        dataSource={productsData as unknown as { [key: string]: object }[]}\r\n        fields={fields} \r\n        footerTemplate={footerTemplate()}\r\n        placeholder=\"Select a product\" \r\n        value={selectedId}\r\n        onChange={handleChange}\r\n        popupHeight=\"220px\"\r\n      />\r\n      \r\n      {selectedProduct && (\r\n        <div className='custom-box'>\r\n          <h3 className='ddl-section-heading'>\r\n            {String(selectedProduct.Name)}\r\n          </h3>\r\n          \r\n          <div className='ddl-space-between-container'>\r\n            <span className='ddl-medium-text'>\r\n              Price: {formatPrice(selectedProduct.Price as number)}\r\n            </span>\r\n            \r\n            <span className={[\r\n                'ddl-stock-status',\r\n                selectedProduct.Stock ? 'ddl-stock-status--in' : 'ddl-stock-status--out',\r\n              ].join(' ')}>\r\n              {selectedProduct.Stock ? `In Stock (${selectedProduct.Stock})` : 'Out of Stock'}\r\n            </span>\r\n          </div>\r\n        </div>\r\n      )}\r\n    </div>\r\n  );\r\n}",
  "src/footer-template.css": ".custom-box {\r\n  margin-top: var(--sf-spacing-16);\r\n  padding: var(--sf-spacing-12);\r\n  border: 0.063rem solid var(--sf-color-white);\r\n  border-radius: var(--sf-radius-4);\r\n}\r\n.divider-box {\r\n  padding: var(--sf-spacing-12);\r\n  border-top: 0.063rem solid var(--sf-color-white);\r\n  background-color: var(--sf-color-white);\r\n  display: flex;\r\n  flex-direction: column;\r\n  gap: 8px;\r\n}\r\n.flex-between-row {\r\n  display: flex;\r\n  justify-content: space-between;\r\n  font-size: 13px;\r\n  color: #555;\r\n}\r\n.ddl-footer-instock {\r\n  color: green;\r\n}\r\n.ddl-footer-outstock {\r\n  color: red;\r\n}\r\n.ddl-section-heading {\r\n  margin: var(--sf-spacing-0) var(--sf-spacing-0) var(--sf-spacing-8) var(--sf-spacing-0);\r\n  font-size: 16px;\r\n}\r\n.ddl-space-between-container {\r\n  display: flex;\r\n  justify-content: space-between;\r\n}\r\n.ddl-medium-text {\r\n  font-weight: 500;\r\n}\r\n.ddl-stock-status {\r\n  font-weight: 500;\r\n}\r\n\r\n.ddl-stock-status--in {\r\n  color: green;\r\n}\r\n\r\n.ddl-stock-status--out {\r\n  color: red;\r\n}",
  "src/app.css": ".dropdownlist-container {\r\n    width: 250px;\r\n}\r\n\r\n.ddlValuetemplate {\r\n    width: 380px;\r\n}\r\n\r\n.margin-top {\r\n    margin-top: 10px;\r\n}\r\n\r\n.margin-bottom {\r\n    margin-top: 10px;\r\n}\r\n\r\n.flex-direction-row {\r\n    flex-direction: row;\r\n}\r\n\r\n.flex-direction-column {\r\n    flex-direction: column;\r\n}\r\n\r\n.min-gap {\r\n    gap: 10px;\r\n}\r\n\r\n.mid-gap {\r\n    gap: 20px;\r\n}\r\n\r\n.max-gap {\r\n    gap: 40px;\r\n}\r\n\r\n.text-align-center {\r\n    text-align: center;\r\n}\r\n\r\n.font-weight-bold {\r\n    font-weight: bold;\r\n}",
  "dependencies": "{\"@syncfusion/react-dropdowns\":\"*\",\"@syncfusion/react-locale\":\"*\",\"@syncfusion/react-cldr-data\":\"*\"}"
}