{
  "src/App.css": "@import \"@syncfusion/react-base/styles/material3.css\";\n@import \"@syncfusion/react-buttons/styles/material3.css\";\n@import \"@syncfusion/react-popups/styles/material3.css\";\n@import \"@syncfusion/react-splitbuttons/styles/material3.css\";\n@import \"@syncfusion/react-inputs/styles/material3.css\";\n@import \"@syncfusion/react-lists/styles/material3.css\";\n@import \"@syncfusion/react-dropdowns/styles/material3.css\";\n",
  "src/App.tsx": "import { DropDownList } from '@syncfusion/react-dropdowns';\r\nimport './group-template.css';\r\n\r\ninterface Employee {\r\n    ID: string;\r\n    Name: string;\r\n    Department: string;\r\n    Experience: string;\r\n}\r\n\r\ninterface GroupData {\r\n    items: Employee[];\r\n}\r\n\r\nexport default function App() {\r\n    const employeeDatas: { [key: string]: string | object }[] = [\r\n        { ID: '1', Name: 'Andrew', Department: 'Development', Experience: 'Senior' },\r\n        { ID: '2', Name: 'Bella', Department: 'Testing', Experience: 'Junior' },\r\n        { ID: '4', Name: 'Diana', Department: 'UI/UX', Experience: 'Mid-level' },\r\n        { ID: '5', Name: 'Ethan', Department: 'Development', Experience: 'Junior' },\r\n        { ID: '6', Name: 'Fiona', Department: 'UI/UX', Experience: 'Senior' },\r\n        { ID: '7', Name: 'George', Department: 'Testing', Experience: 'Mid-level' }\r\n    ];\r\n\r\n    const fields = { text: 'Name', value: 'ID', groupBy: 'Department' };\r\n\r\n    const groupTemplate = ({ items }: GroupData) => {\r\n        const [firstItem] = items;\r\n        const { Department } = firstItem;\r\n\r\n        return (\r\n            <div className='ddl-border-bottom'>\r\n                <span>{Department}</span>\r\n            </div>\r\n        );\r\n    }\r\n\r\n    const getBadgeClass = (exp: string) => {\r\n        if (exp === 'Senior') return 'badge--senior';\r\n        if (exp === 'Mid-level') return 'badge--mid';\r\n        return 'badge--default';\r\n    };\r\n\r\n    const itemTemplate = ({ Name, Experience }: Employee) => {\r\n        return (\r\n            <div className='sf-content-between ddl-flex-container'>\r\n                <span>{Name}</span>\r\n                <span className={`sf-font-size-xs sf-radius-8 badge ${getBadgeClass(Experience)}`}>{Experience}</span>\r\n            </div>\r\n        );\r\n    }\r\n\r\n    return (\r\n        <div className=\"component-section dropdownlist-container\">\r\n            <DropDownList\r\n                dataSource={employeeDatas as { [key: string]: object }[]}\r\n                fields={fields}\r\n                groupTemplate={groupTemplate}\r\n                itemTemplate={itemTemplate}\r\n                placeholder='Select an employee'\r\n            />\r\n        </div>\r\n    );\r\n}",
  "src/group-template.css": ".ddl-flex-container {\r\n  padding: var(--sf-spacing-5) var(--sf-spacing-0);\r\n}\r\n.ddl-border-bottom {\r\n  border-bottom: 0.063rem solid var(--sf-color-white);\r\n}\r\n\r\n.badge {\r\n  padding: var(--sf-spacing-0) var(--sf-spacing-6);\r\n}\r\n\r\n.badge--senior {\r\n  background-color: lightgreen;\r\n  color: #155724;\r\n}\r\n\r\n.badge--mid {\r\n  background-color: var(--sf-color-white);\r\n  color: #856404;\r\n}\r\n\r\n.badge--default {\r\n  background-color: #f8d7da;\r\n  color: #721c24;\r\n}",
  "dependencies": "{\"@syncfusion/react-dropdowns\":\"*\",\"@syncfusion/react-locale\":\"*\",\"@syncfusion/react-cldr-data\":\"*\"}"
}