{
  "src/App.css": "@import \"@syncfusion/react-base/styles/material3.css\";\n@import \"@syncfusion/react-buttons/styles/material3.css\";\n@import \"@syncfusion/react-popups/styles/material3.css\";\n@import \"@syncfusion/react-splitbuttons/styles/material3.css\";\n@import \"@syncfusion/react-inputs/styles/material3.css\";\n@import \"@syncfusion/react-lists/styles/material3.css\";\n@import \"@syncfusion/react-dropdowns/styles/material3.css\";\n",
  "src/App.tsx": "import { ChangeEventArgs, DropDownList } from '@syncfusion/react-dropdowns';\r\nimport { useState } from 'react';\r\nimport './app.css';\r\n\r\ninterface ElectronicItem {\r\n  category: string;\r\n  text: string;\r\n  value: string;\r\n}\r\n\r\nexport default function App() {\r\n  const [selectedValue, setSelectedValue] = useState<string | null>(null);\r\n  const [selectedText, setSelectedText] = useState<string | null>(null);\r\n\r\n  const groupingData = [\r\n    { category: 'Computers', text: 'Laptop', value: 'laptop' },\r\n    { category: 'Computers', text: 'Desktop', value: 'desktop' },\r\n    { category: 'Computers', text: 'Tablet', value: 'tablet' },\r\n    { category: 'Accessories', text: 'Mouse', value: 'mouse' },\r\n    { category: 'Accessories', text: 'Keyboard', value: 'keyboard' },\r\n    { category: 'Accessories', text: 'Headphones', value: 'headphones' },\r\n    { category: 'Peripherals', text: 'Monitor', value: 'monitor' },\r\n    { category: 'Peripherals', text: 'Printer', value: 'printer' },\r\n    { category: 'Peripherals', text: 'Scanner', value: 'scanner' }\r\n  ];\r\n\r\n  const fields = { groupBy: 'category', text: 'text', value: 'value' };\r\n\r\n  const handleChange = (args?: ChangeEventArgs) => {\r\n    setSelectedValue(args?.value as string);\r\n    const selectedItem = groupingData.find(item => item.value === args?.value) as ElectronicItem | undefined;\r\n    setSelectedText(selectedItem ? selectedItem.text : null);\r\n  };\r\n\r\n  return (\r\n    <div className=\"component-section dropdownlist-container\">\r\n      <DropDownList\r\n        dataSource={groupingData as unknown as { [key: string]: object }[]}\r\n        fields={fields}\r\n        filterable={true}\r\n        placeholder=\"Select an electronic item\"\r\n        onChange={handleChange}\r\n        value={selectedValue}\r\n      />\r\n      {selectedText && (\r\n        <div className='margin-top'>\r\n          Selected Electronic Item: {selectedText}\r\n        </div>\r\n      )}\r\n    </div>\r\n  );\r\n}",
  "src/app.css": ".dropdownlist-container {\r\n    width: 250px;\r\n}\r\n\r\n.ddlValuetemplate {\r\n    width: 380px;\r\n}\r\n\r\n.margin-top {\r\n    margin-top: 10px;\r\n}\r\n\r\n.margin-bottom {\r\n    margin-top: 10px;\r\n}\r\n\r\n.flex-direction-row {\r\n    flex-direction: row;\r\n}\r\n\r\n.flex-direction-column {\r\n    flex-direction: column;\r\n}\r\n\r\n.min-gap {\r\n    gap: 10px;\r\n}\r\n\r\n.mid-gap {\r\n    gap: 20px;\r\n}\r\n\r\n.max-gap {\r\n    gap: 40px;\r\n}\r\n\r\n.text-align-center {\r\n    text-align: center;\r\n}\r\n\r\n.font-weight-bold {\r\n    font-weight: bold;\r\n}",
  "dependencies": "{\"@syncfusion/react-dropdowns\":\"*\",\"@syncfusion/react-locale\":\"*\",\"@syncfusion/react-cldr-data\":\"*\"}"
}