{
  "src/App.css": "@import \"@syncfusion/react-base/styles/material3.css\";\n@import \"@syncfusion/react-buttons/styles/material3.css\";\n@import \"@syncfusion/react-popups/styles/material3.css\";\n@import \"@syncfusion/react-splitbuttons/styles/material3.css\";\n@import \"@syncfusion/react-inputs/styles/material3.css\";\n@import \"@syncfusion/react-lists/styles/material3.css\";\n@import \"@syncfusion/react-dropdowns/styles/material3.css\";\n",
  "src/App.tsx": "import { EmitType } from '@syncfusion/react-base';\r\nimport { ChangeEventArgs, DropDownList } from '@syncfusion/react-dropdowns';\r\nimport { useState } from 'react';\r\nimport './app.css';\r\n\r\ninterface FoodItem {\r\n  category: string;\r\n  text: string;\r\n  value: string;\r\n}\r\n\r\nexport default function App() {\r\n  const [selectedValue, setSelectedValue] = useState<string | null>(null);\r\n  const [selectedText, setSelectedText] = useState<string | null>(null);\r\n\r\n  const groupingData = [\r\n    { category: 'Fruits', text: 'Apple', value: 'apple' },\r\n    { category: 'Fruits', text: 'Banana', value: 'banana' },\r\n    { category: 'Fruits', text: 'Cherry', value: 'cherry' },\r\n    { category: 'Vegetables', text: 'Carrot', value: 'carrot' },\r\n    { category: 'Vegetables', text: 'Broccoli', value: 'broccoli' },\r\n    { category: 'Vegetables', text: 'Spinach', value: 'spinach' },\r\n    { category: 'Grains', text: 'Rice', value: 'rice' },\r\n    { category: 'Grains', text: 'Wheat', value: 'wheat' },\r\n    { category: 'Grains', text: 'Oats', value: 'oats' }\r\n  ];\r\n\r\n  const fields = { groupBy: 'category', text: 'text', value: 'value' };\r\n\r\n  const handleChange: EmitType<ChangeEventArgs> = (args?: ChangeEventArgs): void => {\r\n    setSelectedValue(args?.value as string);\r\n    const selectedItem = groupingData.find(item => item.value === args?.value) as FoodItem | undefined;\r\n    setSelectedText(selectedItem?.text || null);\r\n  };\r\n\r\n  return (\r\n    <div className=\"component-section dropdownlist-container\">\r\n      <DropDownList\r\n        dataSource={groupingData as unknown as { [key: string]: object }[]}\r\n        fields={fields}\r\n        placeholder=\"Select a food item\"\r\n        onChange={handleChange}\r\n        value={selectedValue}\r\n      />\r\n      <br /><br />\r\n      {selectedValue && (\r\n        <div className='margin-top'>\r\n          Selected Food Item: {selectedText}\r\n        </div>\r\n      )}\r\n    </div>\r\n  );\r\n}",
  "src/app.css": ".dropdownlist-container {\r\n    width: 250px;\r\n}\r\n\r\n.ddlValuetemplate {\r\n    width: 380px;\r\n}\r\n\r\n.margin-top {\r\n    margin-top: 10px;\r\n}\r\n\r\n.margin-bottom {\r\n    margin-top: 10px;\r\n}\r\n\r\n.flex-direction-row {\r\n    flex-direction: row;\r\n}\r\n\r\n.flex-direction-column {\r\n    flex-direction: column;\r\n}\r\n\r\n.min-gap {\r\n    gap: 10px;\r\n}\r\n\r\n.mid-gap {\r\n    gap: 20px;\r\n}\r\n\r\n.max-gap {\r\n    gap: 40px;\r\n}\r\n\r\n.text-align-center {\r\n    text-align: center;\r\n}\r\n\r\n.font-weight-bold {\r\n    font-weight: bold;\r\n}",
  "dependencies": "{\"@syncfusion/react-base\":\"*\",\"@syncfusion/react-dropdowns\":\"*\",\"@syncfusion/react-locale\":\"*\",\"@syncfusion/react-cldr-data\":\"*\"}"
}