{
  "src/App.css": "@import \"@syncfusion/react-base/styles/material3.css\";\n@import \"@syncfusion/react-buttons/styles/material3.css\";\n@import \"@syncfusion/react-popups/styles/material3.css\";\n@import \"@syncfusion/react-splitbuttons/styles/material3.css\";\n@import \"@syncfusion/react-inputs/styles/material3.css\";\n@import \"@syncfusion/react-lists/styles/material3.css\";\n@import \"@syncfusion/react-dropdowns/styles/material3.css\";\n",
  "src/App.tsx": "import { DropDownList } from '@syncfusion/react-dropdowns';\r\nimport { useState } from 'react';\r\nimport './header-template.css';\r\n\r\nexport default function App() {\r\n    interface Employee {\r\n        Id: string;\r\n        Name: string;\r\n        Email: string;\r\n        ProfilePic?: string;\r\n        Initials?: string;\r\n        HasImage: boolean;\r\n        Color?: string;\r\n    }\r\n\r\n    const employeesData: { [key: string]: unknown }[] = [\r\n        {\r\n            Id: 'emp1',\r\n            Name: 'Alex Johnson',\r\n            Email: 'alex.johnson@example.com',\r\n            ProfilePic: 'https://example.com/profile1.jpg',\r\n            HasImage: true\r\n        },\r\n        {\r\n            Id: 'emp2',\r\n            Name: 'Taylor Smith',\r\n            Email: 'taylor.smith@example.com',\r\n            Initials: 'TS',\r\n            HasImage: false,\r\n            Color: '#c27ac0'\r\n        }\r\n    ];\r\n    const fields = { text: 'Name', value: 'Id' };\r\n    const [selected] = useState<string | null>(null);\r\n\r\n    const headerTemplate = () => (\r\n        <div className='suggested-contacts-header font-weight-bold sf-font-size-base'>\r\n            Suggested contacts\r\n        </div>\r\n    );\r\n    const itemTemplate = ({ Id, Name, Email, HasImage, ProfilePic, Initials, Color }: Employee) => (\r\n        <div className='contact-row' style={{\r\n            backgroundColor: selected === Id ? '#f5f5f5' : 'transparent'\r\n        }}>\r\n            {HasImage ? (\r\n                <div className='circular-avatar'>\r\n                    <img\r\n                        src={ProfilePic as string}\r\n                        alt={Name}\r\n                        className='avatar-image'\r\n                        onError={(e) => {\r\n                            e.currentTarget.style.display = 'none';\r\n                            const parent = e.currentTarget.parentElement;\r\n                            if (parent) {\r\n                                parent.innerHTML = Name.split(' ')\r\n                                    .map(n => n[0])\r\n                                    .slice(0, 2)\r\n                                    .join('');\r\n                                parent.style.alignItems = 'center';\r\n                                parent.style.justifyContent = 'center';\r\n                                parent.style.backgroundColor = '#7925ff';\r\n                                parent.style.color = '#fff';\r\n                                parent.style.fontWeight = 'bold';\r\n                            }\r\n                        }}\r\n                    />\r\n                </div>\r\n            ) : (\r\n                <div className='circular-avatar-text' style={{\r\n                    backgroundColor: Color\r\n                }}>\r\n                    {Initials}\r\n                </div>\r\n            )}\r\n            <div>\r\n                <div className='contact-name'>{Name}</div>\r\n                <div className='contact-email'>{Email}</div>\r\n            </div>\r\n        </div>\r\n    );\r\n\r\n    return (\r\n        <div className='contact-container dropdownlist-container'>\r\n            <div className='contact-row'></div>\r\n\r\n            <DropDownList\r\n                dataSource={employeesData as { [key: string]: object }[]}\r\n                fields={fields}\r\n                headerTemplate={headerTemplate()}\r\n                itemTemplate={itemTemplate}\r\n                placeholder=\"Invite attendees\"\r\n                popupWidth=\"300px\"\r\n            />\r\n        </div>\r\n    );\r\n}",
  "src/header-template.css": ".dropdownlist-container {\r\n  width: 300px;\r\n}\r\n.suggested-contacts-header {\r\n  padding: var(--sf-spacing-12) var(--sf-spacing-15);\r\n}\r\n.circular-avatar {\r\n  width: 45px;\r\n  height: 45px;\r\n  padding-top: var(--sf-spacing-6);\r\n  border-radius: 50%;\r\n  overflow: hidden;\r\n  margin-right: var(--sf-spacing-15);\r\n}\r\n.avatar-image {\r\n  width: 100%;\r\n  height: 100%;\r\n  object-fit: cover;\r\n}\r\n.circular-avatar-text {\r\n  width: 45px;\r\n  height: 45px;\r\n  border-radius: 50%;\r\n  padding-top: var(--sf-spacing-9);\r\n  align-items: center;\r\n  justify-content: center;\r\n  color: var(--sf-color-white);\r\n  font-weight: bold;\r\n  margin-right: var(--sf-spacing-15);\r\n}\r\n.contact-name {\r\n  font-weight: 500;\r\n  margin-bottom: var(--sf-spacing-3);\r\n}\r\n\r\n.contact-email {\r\n  color: #666;\r\n  font-size: 13px;\r\n}\r\n.contact-container {\r\n  max-width: 400px;\r\n  margin: var(--sf-spacing-20) auto;\r\n}\r\n.contact-row {\r\n  display: flex;\r\n  align-items: center;\r\n  margin-bottom: var(--sf-spacing-15);\r\n  color: #666;\r\n}\r\n.contact-row {\r\n  display: flex;\r\n  align-items: center;\r\n  padding: var(--sf-spacing-10);\r\n  cursor: pointer;\r\n  background-color: transparent;\r\n}",
  "dependencies": "{\"@syncfusion/react-dropdowns\":\"*\",\"@syncfusion/react-locale\":\"*\",\"@syncfusion/react-cldr-data\":\"*\"}"
}