{
  "src/App.css": "@import \"@syncfusion/react-base/styles/material3.css\";\n@import \"@syncfusion/react-buttons/styles/material3.css\";\n@import \"@syncfusion/react-popups/styles/material3.css\";\n@import \"@syncfusion/react-splitbuttons/styles/material3.css\";\n@import \"@syncfusion/react-inputs/styles/material3.css\";\n@import \"@syncfusion/react-lists/styles/material3.css\";\n@import \"@syncfusion/react-dropdowns/styles/material3.css\";\n",
  "src/App.tsx": "import { DropDownList } from '@syncfusion/react-dropdowns';\r\nimport './invalid-dropdownlist.css'\r\n\r\nexport default function App() {\r\n\r\nconst animalItems: { [key: string]: unknown }[] = [\r\n  { Id: 'animal1', Name: 'Elephant' },\r\n  { Id: 'animal2', Name: 'Tiger' },\r\n  { Id: 'animal3', Name: 'Blue Whale' }\r\n];\r\n  const fields = { text: 'Name', value: 'Id' };\r\n\r\n  return (\r\n    <div className=\"component-section dropdownlist-container\">\r\n      <div className=\"dropdown-container\">\r\n        <DropDownList\r\n          dataSource={animalItems as { [key: string]: object }[]}\r\n          fields={fields}\r\n          className='sf-input sf-error'\r\n          placeholder=\"Select an item\"\r\n        />\r\n      </div>\r\n      <div className=\"ddl-error-message sf-error\">Invalid value</div>\r\n    </div>\r\n  );\r\n} ",
  "src/invalid-dropdownlist.css": ".ddl-error-message.sf-input.sf-error {\r\n    margin-top: var(--sf-spacing-10);\r\n}",
  "dependencies": "{\"@syncfusion/react-dropdowns\":\"*\",\"@syncfusion/react-locale\":\"*\",\"@syncfusion/react-cldr-data\":\"*\"}"
}