{
  "src/App.css": "@import \"@syncfusion/react-base/styles/material3.css\";\n@import \"@syncfusion/react-buttons/styles/material3.css\";\n@import \"@syncfusion/react-popups/styles/material3.css\";\n@import \"@syncfusion/react-splitbuttons/styles/material3.css\";\n@import \"@syncfusion/react-inputs/styles/material3.css\";\n@import \"@syncfusion/react-lists/styles/material3.css\";\n@import \"@syncfusion/react-dropdowns/styles/material3.css\";\n",
  "src/App.tsx": "import { DropDownList } from '@syncfusion/react-dropdowns';\r\nimport './app.css';\r\n\r\ninterface Device {\r\n    id: string;\r\n    name: string;\r\n    icon: string;\r\n}\r\nexport default function App() {\r\n    const deviceDatas = [\r\n        { id: 'laptop-1', name: 'MacBook Pro', icon: '💻' },\r\n        { id: 'laptop-2', name: 'Dell XPS', icon: '💻' },\r\n        { id: 'mobile-1', name: 'iPhone', icon: '📱' },\r\n        { id: 'mobile-3', name: 'Google Pixel', icon: '📱' },\r\n        { id: 'tablet-1', name: 'iPad Pro', icon: '📟' },\r\n        { id: 'tablet-2', name: 'Samsung Galaxy Tab', icon: '📟' }\r\n    ];\r\n    const fields = { text: 'name', value: 'id' };\r\n\r\n    const itemTemplate = (props: Device) => {\r\n        const { icon, name } = props;\r\n        return (\r\n            <div className='sf-content-center min-gap'>\r\n                <span>{icon}</span>\r\n                <span>{name}</span>\r\n            </div>\r\n        );\r\n    };\r\n\r\n    return (\r\n        <div className=\"component-section dropdownlist-container\">\r\n            <DropDownList\r\n                dataSource={deviceDatas as unknown as { [key: string]: object }[]}\r\n                fields={fields}\r\n                placeholder='Select a device'\r\n                itemTemplate={itemTemplate}\r\n            />\r\n        </div>\r\n    );\r\n}",
  "src/app.css": ".dropdownlist-container {\r\n    width: 250px;\r\n}\r\n\r\n.ddlValuetemplate {\r\n    width: 380px;\r\n}\r\n\r\n.margin-top {\r\n    margin-top: 10px;\r\n}\r\n\r\n.margin-bottom {\r\n    margin-top: 10px;\r\n}\r\n\r\n.flex-direction-row {\r\n    flex-direction: row;\r\n}\r\n\r\n.flex-direction-column {\r\n    flex-direction: column;\r\n}\r\n\r\n.min-gap {\r\n    gap: 10px;\r\n}\r\n\r\n.mid-gap {\r\n    gap: 20px;\r\n}\r\n\r\n.max-gap {\r\n    gap: 40px;\r\n}\r\n\r\n.text-align-center {\r\n    text-align: center;\r\n}\r\n\r\n.font-weight-bold {\r\n    font-weight: bold;\r\n}",
  "dependencies": "{\"@syncfusion/react-dropdowns\":\"*\",\"@syncfusion/react-locale\":\"*\",\"@syncfusion/react-cldr-data\":\"*\"}"
}