{
  "src/App.css": "@import \"@syncfusion/react-base/styles/material3.css\";\n@import \"@syncfusion/react-buttons/styles/material3.css\";\n@import \"@syncfusion/react-popups/styles/material3.css\";\n@import \"@syncfusion/react-splitbuttons/styles/material3.css\";\n@import \"@syncfusion/react-inputs/styles/material3.css\";\n@import \"@syncfusion/react-lists/styles/material3.css\";\n@import \"@syncfusion/react-dropdowns/styles/material3.css\";\n",
  "src/App.tsx": "import { DropDownList } from '@syncfusion/react-dropdowns';\r\nimport './app.css';\r\n\r\nexport default function App() {\r\n    const itemData = [\r\n        { id: 1, text: 'Andrew Fuller' },\r\n        { id: 2, text: 'Nancy Davolio' },\r\n        { id: 3, text: 'Janet Leverling' },\r\n        { id: 4, text: 'Margaret Peacock' }\r\n    ];\r\n    const fields = { value: 'id', text: 'text' }\r\n    return (\r\n        <div className=\"component-section dropdownlist-container\">\r\n            <DropDownList dataSource={itemData as unknown as { [key: string]: object }[]} fields={fields} placeholder=\"Select an employee\" defaultValue={3} readOnly={true} />\r\n        </div>)\r\n}",
  "src/app.css": ".dropdownlist-container {\r\n    width: 250px;\r\n}\r\n\r\n.ddlValuetemplate {\r\n    width: 380px;\r\n}\r\n\r\n.margin-top {\r\n    margin-top: 10px;\r\n}\r\n\r\n.margin-bottom {\r\n    margin-top: 10px;\r\n}\r\n\r\n.flex-direction-row {\r\n    flex-direction: row;\r\n}\r\n\r\n.flex-direction-column {\r\n    flex-direction: column;\r\n}\r\n\r\n.min-gap {\r\n    gap: 10px;\r\n}\r\n\r\n.mid-gap {\r\n    gap: 20px;\r\n}\r\n\r\n.max-gap {\r\n    gap: 40px;\r\n}\r\n\r\n.text-align-center {\r\n    text-align: center;\r\n}\r\n\r\n.font-weight-bold {\r\n    font-weight: bold;\r\n}",
  "dependencies": "{\"@syncfusion/react-dropdowns\":\"*\",\"@syncfusion/react-locale\":\"*\",\"@syncfusion/react-cldr-data\":\"*\"}"
}