{
  "src/App.css": "@import \"@syncfusion/react-base/styles/material3.css\";\n@import \"@syncfusion/react-buttons/styles/material3.css\";\n@import \"@syncfusion/react-popups/styles/material3.css\";\n@import \"@syncfusion/react-splitbuttons/styles/material3.css\";\n@import \"@syncfusion/react-inputs/styles/material3.css\";\n@import \"@syncfusion/react-lists/styles/material3.css\";\n@import \"@syncfusion/react-dropdowns/styles/material3.css\";\n",
  "src/App.tsx": "import { ChangeEventArgs, DropDownList } from '@syncfusion/react-dropdowns';\r\nimport { useState } from 'react';\r\nimport './value-template.css';\r\n\r\ninterface StockData {\r\n  Symbol: string;\r\n  Name: string;\r\n  Price: number;\r\n  Change: number;\r\n  PercentChange: number;\r\n  Volume: string;\r\n}\r\n\r\nexport default function App() {\r\n  const [selectedValue, setSelectedValue] = useState<string | null>(null);\r\n  const stockData: { [key: string]: unknown }[] = [\r\n    { \r\n      Symbol: 'AAPL', \r\n      Name: 'Apple Inc.', \r\n      Price: 187.42, \r\n      Change: 1.75, \r\n      PercentChange: 0.94,\r\n      Volume: '34.5M'\r\n    },\r\n    { \r\n      Symbol: 'MSFT', \r\n      Name: 'Microsoft Corporation', \r\n      Price: 376.18, \r\n      Change: 2.43,\r\n      PercentChange: 0.65,\r\n      Volume: '22.1M' \r\n    },\r\n    { \r\n      Symbol: 'AMZN', \r\n      Name: 'Amazon.com Inc.', \r\n      Price: 178.23, \r\n      Change: 3.18, \r\n      PercentChange: 1.82,\r\n      Volume: '15.3M' \r\n    },\r\n    { \r\n      Symbol: 'TSLA', \r\n      Name: 'Tesla, Inc.', \r\n      Price: 198.54, \r\n      Change: -5.27, \r\n      PercentChange: -2.59,\r\n      Volume: '41.2M' \r\n    }\r\n  ];\r\n  \r\n  const fields = { text: 'Name', value: 'Symbol' };\r\n  const handleChange = (e?: ChangeEventArgs) => {\r\n    setSelectedValue(e?.value as string);\r\n  };  \r\n  const valueTemplate = ({ Symbol, Name, Price }: StockData) => {\r\n    return (\r\n      <div className='stock-value-container'>\r\n        <div className='stock-symbol-tag'>\r\n          {Symbol}\r\n        </div>\r\n        \r\n        <div className='stock-name'>\r\n          {Name}\r\n        </div>\r\n        \r\n        <div className='stock-price-container'>\r\n          <span className='stock-price'>\r\n            ${Price.toFixed(2)}\r\n          </span>\r\n        </div>\r\n      </div>\r\n    );\r\n  };\r\n\r\n  const itemTemplate = ({ Symbol, Name, Price }: StockData) => {    \r\n    return (\r\n      <div className='stock-item-container'>\r\n        <div className='stock-item-left'>\r\n          <div className='stock-item-header'>\r\n            <div className='stock-item-symbol'>\r\n              {Symbol}\r\n            </div>\r\n            <div className='stock-item-name'>\r\n              {Name}\r\n            </div>\r\n          </div>\r\n          \r\n          <div className='stock-item-info'>\r\n          </div>\r\n        </div>\r\n        \r\n        <div className='stock-item-right'>\r\n          <div className='stock-item-price'>\r\n            ${Price.toFixed(2)}\r\n          </div>\r\n        </div>\r\n      </div>\r\n    );\r\n  };\r\n  \r\n  return (\r\n    <div className=\"component-section ddlValuetemplate\">      \r\n      <DropDownList \r\n        dataSource={stockData as { [key: string]: object }[]} \r\n        fields={fields} \r\n        valueTemplate={valueTemplate}\r\n        itemTemplate={itemTemplate}\r\n        placeholder=\"Select a stock\"\r\n        value={selectedValue}\r\n        onChange={handleChange}\r\n        popupHeight=\"270px\"\r\n      />\r\n    </div>\r\n  );\r\n}",
  "src/value-template.css": ".stock-value-container {\r\n  display: flex;\r\n  align-items: center;\r\n  width: 100%;\r\n}\r\n\r\n.stock-symbol-tag {\r\n  background-color: var(--sf-color-white);\r\n  color: #0066cc;\r\n  font-weight: bold;\r\n  padding: var(--sf-spacing-4) var(--sf-spacing-8);\r\n  border-radius: var(--sf-radius-4);\r\n  margin-right: var(--sf-spacing-10);\r\n  font-size: 14px;\r\n}\r\n\r\n.stock-name {\r\n  flex: 1;\r\n  white-space: nowrap;\r\n  overflow: hidden;\r\n  text-overflow: ellipsis;\r\n}\r\n\r\n.stock-price-container {\r\n  margin-left: auto;\r\n  display: flex;\r\n  align-items: center;\r\n  font-weight: 500;\r\n}\r\n\r\n.stock-price {\r\n  margin-right: var(--sf-spacing-8);\r\n}\r\n\r\n.stock-item-container {\r\n  display: flex;\r\n  padding: var(--sf-spacing-10) var(--sf-spacing-12);\r\n  border-bottom: 1px solid #eee;\r\n}\r\n\r\n.stock-item-left {\r\n  flex: 1;\r\n}\r\n\r\n.stock-item-header {\r\n  display: flex;\r\n  align-items: center;\r\n  margin-bottom: var(--sf-spacing-4);\r\n}\r\n\r\n.stock-item-symbol {\r\n  background-color: var(--sf-color-white);\r\n  color: #0066cc;\r\n  font-weight: bold;\r\n  padding: var(--sf-spacing-2) var(--sf-spacing-6);\r\n  border-radius: var(--sf-radius-4);\r\n  margin-right: var(--sf-spacing-8);\r\n  font-size: 14px;\r\n}\r\n\r\n.stock-item-name {\r\n  font-weight: 500;\r\n}\r\n\r\n.stock-item-info {\r\n  display: flex;\r\n  font-size: 13px;\r\n  color: #555;\r\n}\r\n\r\n.stock-item-right {\r\n  display: flex;\r\n  flex-direction: column;\r\n  align-items: flex-end;\r\n  justify-content: center;\r\n}\r\n\r\n.stock-item-price {\r\n  font-weight: bold;\r\n  font-size: 16px;\r\n}",
  "dependencies": "{\"@syncfusion/react-dropdowns\":\"*\",\"@syncfusion/react-locale\":\"*\",\"@syncfusion/react-cldr-data\":\"*\"}"
}