{
  "src/App.css": "@import \"@syncfusion/react-base/styles/material3.css\";\n@import \"@syncfusion/react-buttons/styles/material3.css\";\n",
  "src/App.tsx": "import { Button, Color, Variant } from '@syncfusion/react-buttons';\r\n\r\nexport default function App() {\r\n  return (\r\n      <div className=\"component-section sf-align-center gap-10\">\r\n        <Button color={Color.Warning} variant={Variant.Standard}>Warning</Button>\r\n        <Button variant={Variant.Outlined} color={Color.Error}>Error</Button>\r\n        <Button color={Color.Info}>Info</Button>\r\n        <Button color={Color.Success}>Success</Button>\r\n        <Button color={Color.Secondary}>Secondary</Button>\r\n      </div>\r\n  );\r\n};",
  "dependencies": "{\"@syncfusion/react-buttons\":\"*\",\"@syncfusion/react-locale\":\"*\",\"@syncfusion/react-cldr-data\":\"*\"}"
}