{
  "src/App.css": "@import \"@syncfusion/react-base/styles/material3.css\";\n@import \"@syncfusion/react-buttons/styles/material3.css\";\n@import \"@syncfusion/react-popups/styles/material3.css\";\n@import \"@syncfusion/react-splitbuttons/styles/material3.css\";\n@import \"@syncfusion/react-inputs/styles/material3.css\";\n\n.dark-theme.sf-dark-mode .toolbar {\r\n    background: black;\r\n}\r\n\r\ninput::-ms-reveal,\r\ninput::-ms-clear {\r\n  display: none;\r\n}\r\n\r\ninput::-webkit-credentials-auto-fill-button {\r\n  visibility: hidden;\r\n  display: none !important;\r\n  pointer-events: none;\r\n  position: absolute;\r\n  right: 0;\r\n}\r\n\r\ninput::-webkit-contacts-auto-fill-button {\r\n  visibility: hidden;\r\n  display: none !important;\r\n  pointer-events: none;\r\n  position: absolute;\r\n  right: 0;\r\n}\r\n\r\ninput[type=\"password\"]::-webkit-inner-spin-button,\r\ninput[type=\"password\"]::-webkit-outer-spin-button,\r\ninput[type=\"password\"]::-webkit-credentials-auto-fill-button,\r\ninput[type=\"password\"]::-webkit-password-reveal-button {\r\n  -webkit-appearance: none;\r\n  display: none !important;\r\n  visibility: hidden;\r\n}\r\n\r\n.sf-btn.sf-left .sf-btn-icon {\r\n  box-sizing: unset;\r\n}\r\n\r\n.textbox-toggle {\r\n  width: 250px;\r\n  font-size: 16px;\r\n}\r\n\r\n.textbox-custom{\r\n  width: 350px;\r\n  font-size: 16px;\r\n  border-radius: 20px;\r\n}\r\n.button-custom {\r\n  display: flex;\r\n  align-items: center;\r\n  justify-content: center;\r\n  height: 40px;\r\n  padding: 10px 20px !important;\r\n  margin-left: 10px;\r\n  color: white;\r\n  border: 1px solid #007BFF;\r\n  border-radius: 20px;\r\n  cursor: pointer;\r\n  transition: background-color 0.3s, box-shadow 0.3s;\r\n}\r\n\r\n.gap-10 {\r\n  gap: 10px;\r\n}\n",
  "src/App.tsx": "import { useState } from 'react';\r\nimport { Button } from '@syncfusion/react-buttons';\r\nimport { TextBox, Variant, TextBoxChangeEvent } from '@syncfusion/react-inputs';\r\nimport './App.css';\r\n\r\nexport default function App() {\r\n  const [isHovered, setIsHovered] = useState(false);\r\n  const [mail, setMail] = useState<string>('');\r\n  const handleChange = (args?: TextBoxChangeEvent) => {\r\n    if (args && args.value !== undefined) {\r\n      setMail(args.value);\r\n    }\r\n  };\r\n  const buttonStyle = {\r\n    background: isHovered ? '#0056b3' : '#007BFF',\r\n    boxShadow: isHovered ? '0px 4px 8px rgba(0, 0, 0, 0.2)' : '0px 2px 4px rgba(0, 0, 0, 0.1)',\r\n  };\r\n\r\n  return (\r\n    <div className=\"component-section\">\r\n      <h3>Subscribe for more notifications</h3>\r\n      <div className=\"sf-align-center\">\r\n        <TextBox\r\n          type={'text'}\r\n          placeholder=\"Enter email to get notified\"\r\n          variant={Variant.Outlined}  \r\n          value={mail}\r\n          width={'350px'}\r\n          onChange={handleChange}\r\n          className='textbox-custom'\r\n        /><br />\r\n\r\n        <Button\r\n          style={buttonStyle}\r\n          className='button-custom'\r\n          onMouseEnter={() => setIsHovered(true)}\r\n          onMouseLeave={() => setIsHovered(false)}\r\n        >\r\n          Subscribe\r\n        </Button>\r\n      </div>\r\n    </div>\r\n  );\r\n}",
  "dependencies": "{\"@syncfusion/react-buttons\":\"*\",\"@syncfusion/react-inputs\":\"*\",\"@syncfusion/react-locale\":\"*\",\"@syncfusion/react-cldr-data\":\"*\"}"
}