{
  "src/App.css": "@import \"@syncfusion/react-base/styles/material3.css\";\n@import \"@syncfusion/react-buttons/styles/material3.css\";\n",
  "src/App.tsx": "import { Button, Color, Variant } from '@syncfusion/react-buttons';\r\nimport { CopyIcon, CutIcon, SaveIcon } from \"@syncfusion/react-icons\"\r\n\r\nexport default function App() {\r\n  return (\r\n    <div className=\"component-section sf-align-center gap-10\">\r\n      <Button variant={Variant.Filled} color={Color.Error} icon={<CopyIcon/>} aria-label={\"Copy Button\"}></Button>\r\n      <Button variant={Variant.Outlined} color={Color.Info} icon={<CutIcon/>} aria-label={\"Cut Button\"}></Button>\r\n      <Button variant={Variant.Standard} color={Color.Success} icon={<SaveIcon/>} aria-label={\"Save Button\"}></Button>\r\n    </div>\r\n  );\r\n};",
  "dependencies": "{\"@syncfusion/react-buttons\":\"*\",\"@syncfusion/react-icons\":\"*\",\"@syncfusion/react-locale\":\"*\",\"@syncfusion/react-cldr-data\":\"*\"}"
}