{
  "src/App.css": "@import \"@syncfusion/react-base/styles/material3.css\";\n@import \"@syncfusion/react-buttons/styles/material3.css\";\n@import \"@syncfusion/react-popups/styles/material3.css\";\n@import \"@syncfusion/react-splitbuttons/styles/material3.css\";\n@import \"@syncfusion/react-inputs/styles/material3.css\";\n\n.dark-theme.sf-dark-mode .toolbar {\r\n    background: black;\r\n}\r\n\r\ninput::-ms-reveal,\r\ninput::-ms-clear {\r\n  display: none;\r\n}\r\n\r\ninput::-webkit-credentials-auto-fill-button {\r\n  visibility: hidden;\r\n  display: none !important;\r\n  pointer-events: none;\r\n  position: absolute;\r\n  right: 0;\r\n}\r\n\r\ninput::-webkit-contacts-auto-fill-button {\r\n  visibility: hidden;\r\n  display: none !important;\r\n  pointer-events: none;\r\n  position: absolute;\r\n  right: 0;\r\n}\r\n\r\ninput[type=\"password\"]::-webkit-inner-spin-button,\r\ninput[type=\"password\"]::-webkit-outer-spin-button,\r\ninput[type=\"password\"]::-webkit-credentials-auto-fill-button,\r\ninput[type=\"password\"]::-webkit-password-reveal-button {\r\n  -webkit-appearance: none;\r\n  display: none !important;\r\n  visibility: hidden;\r\n}\r\n\r\n.sf-btn.sf-left .sf-btn-icon {\r\n  box-sizing: unset;\r\n}\r\n\r\n.textbox-toggle {\r\n  width: 250px;\r\n  font-size: 16px;\r\n}\r\n\r\n.textbox-custom{\r\n  width: 350px;\r\n  font-size: 16px;\r\n  border-radius: 20px;\r\n}\r\n.button-custom {\r\n  display: flex;\r\n  align-items: center;\r\n  justify-content: center;\r\n  height: 40px;\r\n  padding: 10px 20px !important;\r\n  margin-left: 10px;\r\n  color: white;\r\n  border: 1px solid #007BFF;\r\n  border-radius: 20px;\r\n  cursor: pointer;\r\n  transition: background-color 0.3s, box-shadow 0.3s;\r\n}\r\n\r\n.gap-10 {\r\n  gap: 10px;\r\n}\n",
  "src/App.tsx": "import { useState } from 'react';\r\nimport { Button, Color, Size } from '@syncfusion/react-buttons';\r\nimport { TextBox, Variant,TextBoxChangeEvent  } from '@syncfusion/react-inputs';\r\nimport { EyeIcon, EyeSlashIcon } from '@syncfusion/react-icons';\r\nimport './App.css';\r\n\r\nexport default function App() {\r\n  const [showPassword, setShowPassword] = useState<boolean>(false);\r\n  const [password, setPassword] = useState<string>('password');\r\n  const handleChange = (args?: TextBoxChangeEvent) => {\r\n    if (args && args.value !== undefined) {\r\n      setPassword(args.value);\r\n    }\r\n  };\r\n  return (\r\n    <div className=\"component-section sf-align-center gap-10\">\r\n      <TextBox\r\n        type={showPassword ? 'text' : 'password'}\r\n        placeholder=\"Enter your password\"\r\n        variant={Variant.Outlined}\r\n        value={password}\r\n        width={'250px'}\r\n        onChange={handleChange}\r\n        className='textbox-toggle'\r\n      />\r\n      <Button\r\n        toggleable={true}\r\n        selected={showPassword}\r\n        size={Size.Large}\r\n        onClick={() => setShowPassword(!showPassword)}\r\n        icon={showPassword ? <EyeSlashIcon /> : <EyeIcon />}\r\n        color={Color.Secondary}\r\n        aria-label={\"Toggle Button\"}\r\n      >\r\n      </Button>\r\n    </div>\r\n  );\r\n};",
  "dependencies": "{\"@syncfusion/react-buttons\":\"*\",\"@syncfusion/react-inputs\":\"*\",\"@syncfusion/react-icons\":\"*\",\"@syncfusion/react-locale\":\"*\",\"@syncfusion/react-cldr-data\":\"*\"}"
}