{
  "src/App.css": "@import \"@syncfusion/react-base/styles/material3.css\";\n@import \"@syncfusion/react-buttons/styles/material3.css\";\n@import \"@syncfusion/react-popups/styles/material3.css\";\n@import \"@syncfusion/react-splitbuttons/styles/material3.css\";\n",
  "src/App.tsx": "import { DropDownButton } from '@syncfusion/react-splitbuttons';\r\n\r\nexport default function App() {\r\n    const items = [\r\n        { text: 'My Profile' },\r\n        { text: 'Friend Requests' },\r\n        { text: 'Account Settings' },\r\n        { text: 'Support' },\r\n        { text: 'Log Out' }\r\n      ];\r\n  return (\r\n    <div className='dropdown-center'>\r\n        <DropDownButton items={items} animation={{ show: { name: 'SlideDown', duration: 1000 }}}>SlideDown</DropDownButton>\r\n        <DropDownButton items={items} animation={{show: { name: 'FadeIn', duration: 1000 }}} >FadeIn</DropDownButton>\r\n        <DropDownButton items={items} animation={{show: { name: 'ZoomIn', duration: 1000 }}} >ZoomIn</DropDownButton>\r\n    </div>\r\n  );\r\n}",
  "dependencies": "{\"@syncfusion/react-splitbuttons\":\"*\",\"@syncfusion/react-locale\":\"*\",\"@syncfusion/react-cldr-data\":\"*\"}"
}