{
  "src/App.css": "@import \"@syncfusion/react-base/styles/material3.css\";\n@import \"@syncfusion/react-buttons/styles/material3.css\";\n@import \"@syncfusion/react-popups/styles/material3.css\";\n@import \"@syncfusion/react-splitbuttons/styles/material3.css\";\n",
  "src/App.tsx": "import { DropDownButton, Color, Variant } from '@syncfusion/react-splitbuttons';\r\n\r\nexport default function App() {\r\n  const items = [\r\n    {\r\n      text: 'Unread'\r\n    },\r\n    {\r\n      text: 'Flagged'\r\n    },\r\n    {\r\n      text: 'Important'\r\n    },\r\n    {\r\n      text: 'More filters'\r\n    },\r\n    {\r\n      text: 'Log Out'\r\n    }\r\n  ];\r\n  return (\r\n    <div className='dropdown-center'>\r\n      <DropDownButton items={items} variant={Variant.Standard} color={Color.Warning} >Warning</DropDownButton>\r\n      <DropDownButton items={items} variant={Variant.Outlined} color={Color.Error} >Error</DropDownButton>\r\n      <DropDownButton items={items} color={Color.Info} >Info</DropDownButton>\r\n      <DropDownButton items={items} color={Color.Success} >Success</DropDownButton>\r\n      <DropDownButton items={items} color={Color.Secondary}>Secondary</DropDownButton>\r\n    </div>\r\n  );\r\n}",
  "dependencies": "{\"@syncfusion/react-splitbuttons\":\"*\",\"@syncfusion/react-locale\":\"*\",\"@syncfusion/react-cldr-data\":\"*\"}"
}