{
  "src/App.css": "@import \"@syncfusion/react-base/styles/material3.css\";\n@import \"@syncfusion/react-buttons/styles/material3.css\";\n@import \"@syncfusion/react-popups/styles/material3.css\";\n@import \"@syncfusion/react-splitbuttons/styles/material3.css\";\n",
  "src/App.tsx": "import { ItemModel, DropDownButton } from '@syncfusion/react-splitbuttons';\r\nimport { SettingsIcon, PeopleIcon } from \"@syncfusion/react-icons\"\r\n\r\nexport default function App() {\r\n    const items: ItemModel[] = [\r\n        {\r\n            text: 'Dashboard',\r\n        },\r\n        {\r\n            text: 'Cut',\r\n        },\r\n        {\r\n            text: 'User Settings',\r\n        },\r\n        {\r\n            text: 'Save'\r\n        }];\r\n    return (\r\n        <div className='dropdown-center'>\r\n            <DropDownButton items={items} icon={<SettingsIcon/>}></DropDownButton>\r\n            <DropDownButton items={items} >User Settings</DropDownButton>\r\n            <DropDownButton items={items} icon={<PeopleIcon/>}>Profile</DropDownButton>\r\n            <DropDownButton items={items} className='sf-caret-hide'>Profile</DropDownButton>\r\n        </div>\r\n    );\r\n}",
  "dependencies": "{\"@syncfusion/react-splitbuttons\":\"*\",\"@syncfusion/react-icons\":\"*\",\"@syncfusion/react-locale\":\"*\",\"@syncfusion/react-cldr-data\":\"*\"}"
}