{
  "src/App.css": "@import \"@syncfusion/react-base/styles/material3.css\";\n@import \"@syncfusion/react-buttons/styles/material3.css\";\n@import \"@syncfusion/react-popups/styles/material3.css\";\n@import \"@syncfusion/react-splitbuttons/styles/material3.css\";\n\n.dropdown-menu-url {\r\n    text-decoration: none;\r\n    color: #6750A4;\r\n}\r\n\r\n.sf-dark-mode .dropdown-menu-url {\r\n    color: #D0BCFF;\r\n}\r\n.dropdown-center {\r\n    display: flex;\r\n    flex-wrap: wrap;\r\n    align-items: center;\r\n    justify-content: center;\r\n    gap: 20px;\r\n}\n",
  "src/App.tsx": "import { Variant } from '@syncfusion/react-buttons';\r\nimport { DropDownButton } from '@syncfusion/react-splitbuttons';\r\nimport { UserIcon, EditIcon, FlagsIcon, TrashIcon, FilterIcon } from '@syncfusion/react-icons';\r\nimport './App.css';\r\n\r\nexport default function App() {\r\n  const items = [\r\n    { text: 'Edit', icon: <EditIcon />, },\r\n    { text: 'Flagged', icon: <FlagsIcon />, },\r\n    { text: 'Remove', icon: <TrashIcon />, },\r\n    { text: 'More filters', icon: <FilterIcon />, },\r\n    { text: 'Log Out', icon: <UserIcon />, }\r\n  ];\r\n  return (\r\n    <div className='dropdown-center'>\r\n      <DropDownButton items={items} >Default</DropDownButton>\r\n      <DropDownButton items={items} variant={Variant.Outlined} >Outline</DropDownButton>\r\n      <DropDownButton items={items} variant={Variant.Standard} >Flat</DropDownButton>\r\n    </div>\r\n  );\r\n}",
  "dependencies": "{\"@syncfusion/react-buttons\":\"*\",\"@syncfusion/react-splitbuttons\":\"*\",\"@syncfusion/react-icons\":\"*\",\"@syncfusion/react-locale\":\"*\",\"@syncfusion/react-cldr-data\":\"*\"}"
}