{
  "src/App.css": "@import \"@syncfusion/react-base/styles/material3.css\";\n@import \"@syncfusion/react-buttons/styles/material3.css\";\n@import \"@syncfusion/react-popups/styles/material3.css\";\n@import \"@syncfusion/react-splitbuttons/styles/material3.css\";\n",
  "src/App.tsx": "import { ItemModel, DropDownButton, Size } from '@syncfusion/react-splitbuttons';\r\n\r\nexport default function App() {\r\n    const items: ItemModel[] = [\r\n        {\r\n            text: 'Dashboard',\r\n        },\r\n        {\r\n            text: 'Cut',\r\n        },\r\n        {\r\n            text: 'User Settings',\r\n        },\r\n        {\r\n            text: 'Save'\r\n        }];\r\n    return (\r\n        <div className='dropdown-center'>\r\n            <DropDownButton items={items} size={Size.Small} >Small</DropDownButton>\r\n            <DropDownButton items={items} size={Size.Medium}>Medium</DropDownButton>\r\n            <DropDownButton items={items} size={Size.Large}>Large</DropDownButton>\r\n        </div>\r\n    );\r\n}",
  "dependencies": "{\"@syncfusion/react-splitbuttons\":\"*\",\"@syncfusion/react-locale\":\"*\",\"@syncfusion/react-cldr-data\":\"*\"}"
}