{
  "src/App.css": "@import \"@syncfusion/react-base/styles/material3.css\";\n@import \"@syncfusion/react-buttons/styles/material3.css\";\n@import \"@syncfusion/react-popups/styles/material3.css\";\n@import \"@syncfusion/react-splitbuttons/styles/material3.css\";\n\n.dropdown-menu-url {\r\n    text-decoration: none;\r\n    color: #6750A4;\r\n}\r\n\r\n.sf-dark-mode .dropdown-menu-url {\r\n    color: #D0BCFF;\r\n}\r\n.dropdown-center {\r\n    display: flex;\r\n    flex-wrap: wrap;\r\n    align-items: center;\r\n    justify-content: center;\r\n    gap: 20px;\r\n}\n",
  "src/App.tsx": "import { DropDownButton, ItemModel } from '@syncfusion/react-splitbuttons';\r\nimport './App.css';\r\nimport { HomeIcon, SearchIcon, CheckSmallIcon, TextAnnotationIcon, LinkIcon } from \"@syncfusion/react-icons\"\r\nexport default function App() {\r\n  const items = [\r\n    {\r\n      text: 'Home',\r\n      icon: <HomeIcon />\r\n    },\r\n    {\r\n      text: 'Search',\r\n      url: 'http://www.google.com',\r\n      icon: <SearchIcon />\r\n    },\r\n    {\r\n      text: 'Yes / No',\r\n      icon: <CheckSmallIcon width={18} height={18} />\r\n    },\r\n    {\r\n      text: 'Text',\r\n      icon: <TextAnnotationIcon />\r\n    },\r\n    {\r\n      hasSeparator: true\r\n    },\r\n    {\r\n      text: 'Syncfusion',\r\n      url: 'http://www.syncfusion.com',\r\n      icon: <LinkIcon />\r\n    }\r\n  ];\r\n  function itemTemplate(data: ItemModel) {\r\n    if (data.url) {\r\n      return (\r\n        <div>\r\n          <span className='sf-menu-icon'>{data.icon}</span>\r\n          <span>\r\n            <a href={data.url} className='dropdown-menu-url' target=\"_blank\" rel=\"noopener noreferrer\" aria-label=\"blank\">\r\n              {data.text}\r\n            </a>\r\n          </span>\r\n        </div>\r\n      );\r\n    } else {\r\n      return (\r\n        <div>\r\n          <span className='sf-menu-icon'>{data.icon}</span>\r\n          <span>{data.text}</span>\r\n        </div>\r\n      );\r\n    }\r\n  }\r\n\r\n  return (\r\n    <div className='dropdown-center'>\r\n      <DropDownButton items={items} itemTemplate={itemTemplate} >Menu</DropDownButton>\r\n    </div>\r\n  );\r\n}",
  "dependencies": "{\"@syncfusion/react-splitbuttons\":\"*\",\"@syncfusion/react-icons\":\"*\",\"@syncfusion/react-locale\":\"*\",\"@syncfusion/react-cldr-data\":\"*\"}"
}