{
  "src/App.css": "@import \"@syncfusion/react-base/styles/material3.css\";\n@import \"@syncfusion/react-buttons/styles/material3.css\";\n@import \"@syncfusion/react-popups/styles/material3.css\";\n@import \"@syncfusion/react-splitbuttons/styles/material3.css\";\n@import \"@syncfusion/react-inputs/styles/material3.css\";\n@import \"@syncfusion/react-calendars/styles/material3.css\";\n",
  "src/App.tsx": "import { Calendar, ChangeEvent } from '@syncfusion/react-calendars';\r\nimport { useState } from 'react';\r\n\r\nexport default function App() {\r\n    const [controlledValue, setControlledValue] = useState<Date>(new Date());\r\n    const uncontrolledValue = new Date();\r\n    return (\r\n        <div className=\"component-section controlled-container\">\r\n            <div style={{ display: 'flex', gap: '40px' }}>\r\n                <div>\r\n                    <h4>Controlled Calendar</h4>    \r\n                    <Calendar\r\n                        value={controlledValue}\r\n                        onChange={(e: ChangeEvent) => {\r\n                            const value = (e as unknown as { value: Date }).value;\r\n                            setControlledValue(value);\r\n                        }}\r\n                    />\r\n                </div>\r\n                <div>\r\n                    <h4>Uncontrolled Calendar</h4>\r\n                    <Calendar\r\n                        defaultValue={uncontrolledValue}\r\n                    />\r\n                </div>\r\n            </div>\r\n        </div>\r\n    );\r\n}",
  "dependencies": "{\"@syncfusion/react-calendars\":\"*\",\"@syncfusion/react-locale\":\"*\",\"@syncfusion/react-cldr-data\":\"*\"}"
}