{
  "src/App.css": "@import \"@syncfusion/react-base/styles/material3.css\";\n@import \"@syncfusion/react-buttons/styles/material3.css\";\n@import \"@syncfusion/react-popups/styles/material3.css\";\n@import \"@syncfusion/react-splitbuttons/styles/material3.css\";\n@import \"@syncfusion/react-inputs/styles/material3.css\";\n@import \"@syncfusion/react-calendars/styles/material3.css\";\n\n.sf-selected .highlight-day {\r\n    background-color: white;\r\n    position: relative;\r\n    border-radius: 50%;\r\n}\r\n\r\n.component-section.controlled-container {\r\n    max-width: none;\r\n}\r\n\r\n.sf-special-indicator {\r\n    position: relative;\r\n    right: 15px;\r\n    bottom: 5px;\r\n}\r\n\r\n.weekDays-radio {\r\n    display: flex;\r\n    flex-direction: row;\r\n    margin-bottom: 20px;\r\n    align-items: center;\r\n    gap: 20px;\r\n    justify-content: center;\r\n}\r\n\r\n.radio-button {\r\n    display: flex;\r\n    align-items: center;\r\n    gap: 15px;\r\n}\r\n\r\n.view-options {\r\n    margin-bottom: 20px;\r\n}\r\n\r\n.content {\r\n    margin-bottom: 10px;\r\n}\r\n\r\n.sf-special {\r\n    display: inline-flex;\r\n}\n",
  "src/App.tsx": "import { Calendar, CalendarView } from '@syncfusion/react-calendars';\r\nimport './App.css';\r\n\r\nexport default function App() {\r\n    return (\r\n        <div className=\"component-section views\">\r\n            <div className=\"calendar-examples\">\r\n                <div className=\"calendar-example\">\r\n                    <h3>Decade View</h3>\r\n                    <Calendar \r\n                        start={CalendarView.Decade} \r\n                        depth={CalendarView.Decade}\r\n                        showTodayButton={false}\r\n                    />\r\n                </div>\r\n\r\n                <div className=\"calendar-example\">\r\n                    <h3>Year View</h3>\r\n                    <Calendar \r\n                        start={CalendarView.Year} \r\n                        depth={CalendarView.Year}\r\n                        showTodayButton={false}\r\n                    />\r\n                </div>\r\n\r\n                <div className=\"calendar-example\">\r\n                    <h3>Month View</h3>\r\n                    <Calendar \r\n                        start={CalendarView.Month} \r\n                        depth={CalendarView.Month}\r\n                    />\r\n                </div>\r\n            </div>\r\n        </div>\r\n    );\r\n}",
  "dependencies": "{\"@syncfusion/react-calendars\":\"*\",\"@syncfusion/react-locale\":\"*\",\"@syncfusion/react-cldr-data\":\"*\"}"
}