{
  "src/App.css": "@import \"@syncfusion/react-base/styles/material3.css\";\n@import \"@syncfusion/react-buttons/styles/material3.css\";\n@import \"@syncfusion/react-popups/styles/material3.css\";\n@import \"@syncfusion/react-splitbuttons/styles/material3.css\";\n@import \"@syncfusion/react-inputs/styles/material3.css\";\n@import \"@syncfusion/react-calendars/styles/material3.css\";\n\n.sf-selected .highlight-day {\r\n    background-color: white;\r\n    position: relative;\r\n    border-radius: 50%;\r\n}\r\n\r\n.component-section.controlled-container {\r\n    max-width: none;\r\n}\r\n\r\n.sf-special-indicator {\r\n    position: relative;\r\n    right: 15px;\r\n    bottom: 5px;\r\n}\r\n\r\n.weekDays-radio {\r\n    display: flex;\r\n    flex-direction: row;\r\n    margin-bottom: 20px;\r\n    align-items: center;\r\n    gap: 20px;\r\n    justify-content: center;\r\n}\r\n\r\n.radio-button {\r\n    display: flex;\r\n    align-items: center;\r\n    gap: 15px;\r\n}\r\n\r\n.view-options {\r\n    margin-bottom: 20px;\r\n}\r\n\r\n.content {\r\n    margin-bottom: 10px;\r\n}\r\n\r\n.sf-special {\r\n    display: inline-flex;\r\n}\n",
  "src/App.tsx": "import { Calendar, CalendarView, WeekDaysFormats } from '@syncfusion/react-calendars';\r\nimport './App.css';\r\nimport { RadioButton, RadioButtonChangeEvent } from '@syncfusion/react-buttons';\r\nimport { useState } from 'react';\r\n\r\nexport default function App() {\r\n\r\n    const [weekDays, setWeekDay] = useState<WeekDaysFormats>(WeekDaysFormats.Short);\r\n\r\n    const handleRadioChange = (args: RadioButtonChangeEvent) => {\r\n        setWeekDay(args.value as WeekDaysFormats);\r\n    }\r\n\r\n    return (\r\n           <>\r\n            <div className='weekDays-radio'>\r\n                <div>\r\n                    <strong>Week Format:</strong>\r\n                </div>\r\n                <div className='radio-button'>\r\n                    <RadioButton\r\n                        label=\"Short\"\r\n                        value=\"Short\"\r\n                        checked={weekDays === WeekDaysFormats.Short}\r\n                        onChange={(e) => handleRadioChange(e)}\r\n                    />\r\n                    <RadioButton\r\n                        label=\"Narrow\"\r\n                        value=\"Narrow\"\r\n                        checked={weekDays === WeekDaysFormats.Narrow}\r\n                        onChange={(e) => handleRadioChange(e)}\r\n                    />\r\n                    <RadioButton\r\n                        label=\"Abbreviated\"\r\n                        value=\"Abbreviated\"\r\n                        checked={weekDays === WeekDaysFormats.Abbreviated}\r\n                        onChange={(e) => handleRadioChange(e)}\r\n                    />\r\n                    <RadioButton\r\n                        label=\"Wide\"\r\n                        value=\"Wide\"\r\n                        checked={weekDays === WeekDaysFormats.Wide}\r\n                        onChange={(e) => handleRadioChange(e)}\r\n                    />\r\n                </div>\r\n            </div>\r\n            <div className=\"component-section\">\r\n                <Calendar\r\n                    weekDaysFormat={weekDays}\r\n                    start={CalendarView.Month}\r\n                    depth={CalendarView.Month}\r\n                />\r\n            </div>\r\n        </>\r\n    );\r\n}",
  "dependencies": "{\"@syncfusion/react-calendars\":\"*\",\"@syncfusion/react-buttons\":\"*\",\"@syncfusion/react-locale\":\"*\",\"@syncfusion/react-cldr-data\":\"*\"}"
}