{
  "src/App.css": "@import \"@syncfusion/react-base/styles/material3.css\";\n@import \"@syncfusion/react-buttons/styles/material3.css\";\n@import \"@syncfusion/react-popups/styles/material3.css\";\n@import \"@syncfusion/react-splitbuttons/styles/material3.css\";\n@import \"@syncfusion/react-inputs/styles/material3.css\";\n@import \"@syncfusion/react-calendars/styles/material3.css\";\n",
  "src/App.tsx": "import { RadioButton, RadioButtonChangeEvent } from '@syncfusion/react-buttons';\r\nimport { Calendar, WeekRule } from '@syncfusion/react-calendars';\r\nimport { useState } from 'react';\r\n\r\nexport default function App() {\r\n    const [weekRule, setWeekRule] = useState<WeekRule>(WeekRule.FirstDay);\r\n\r\n    const handleWeekRuleChange = (args: RadioButtonChangeEvent) => {\r\n        setWeekRule(args.value as WeekRule);\r\n    };\r\n\r\n    return (\r\n        <>\r\n            <div className=\"component-section\" style={{ display: 'flex',alignItems: 'center',  flexDirection: 'row', gap: '20px', marginBottom: '20px' }}>\r\n                <div>\r\n                    <strong>Week Rule:</strong>\r\n                </div>\r\n                <div style={{ display: 'flex', alignItems: 'center', gap: '15px' }}>\r\n                    <RadioButton id=\"first-day\" name='WeekRule' defaultChecked={true} value='FirstDay' label='First Day' onChange={(e) => handleWeekRuleChange(e)}></RadioButton>\r\n                    <RadioButton id=\"first-full-week\" name='WeekRule' value='FirstFullWeek' label='First Full Week' onChange={(e) => handleWeekRuleChange(e)}></RadioButton>\r\n                    <RadioButton id=\"first-four-day-week\" name='WeekRule' value='FirstFourDayWeek' label='First Four Day Week' onChange={(e) => handleWeekRuleChange(e)}></RadioButton>\r\n                </div>\r\n            </div>\r\n            <div className=\"component-section\">\r\n                <Calendar defaultValue={new Date('01/01/2025')} weekNumber={true} showTodayButton={false} weekRule={weekRule}/>\r\n            </div>\r\n        </>\r\n    );\r\n}",
  "dependencies": "{\"@syncfusion/react-buttons\":\"*\",\"@syncfusion/react-calendars\":\"*\",\"@syncfusion/react-locale\":\"*\",\"@syncfusion/react-cldr-data\":\"*\"}"
}