{
  "src/App.css": "@import \"@syncfusion/react-base/styles/material3.css\";\n@import \"@syncfusion/react-buttons/styles/material3.css\";\n\n.min-width-100 {\r\n    min-width: calc(var(--sf-spacing) * 6.25);\r\n}\r\n\r\n.min-width-75 {\r\n    min-width: calc(var(--sf-spacing) * 12.5);\r\n}\r\n\r\n.min-width-200 {\r\n    min-width: calc(var(--sf-spacing) * 12.5);\r\n}\r\n\r\n.heigth-50 {\r\n    height: calc(var(--sf-spacing) * 3.125);\r\n}\r\n\r\n.heigth-200 {\r\n    height: calc(var(--sf-spacing) * 12.5);\r\n}\r\n\r\n.flex-wrap {\r\n    display: flex;\r\n    justify-content: center;\r\n    flex-wrap: wrap;\r\n}\r\n\r\n.gap-30 {\r\n    gap: 30px\r\n}\r\n\r\n\n",
  "src/App.tsx": "import { Color, Fab, FabPosition } from '@syncfusion/react-buttons';\r\nimport './App.css';\r\n\r\nexport default function App() {\r\n    return (\r\n        <div className='component-section flex-wrap sf-align-center gap-30 heigth-50'>\r\n            <div className='sf-pos-relative min-width-100 heigth-50'>\r\n                <Fab color={Color.Info} position={FabPosition.MiddleCenter} >Info</Fab>\r\n            </div>\r\n            <div className='sf-pos-relative min-width-100 heigth-50'>\r\n                <Fab color={Color.Warning} position={FabPosition.MiddleCenter} >Warning</Fab>\r\n            </div>\r\n            <div className='sf-pos-relative min-width-100 heigth-50'>\r\n                <Fab color={Color.Error} position={FabPosition.MiddleCenter} >Error</Fab>\r\n            </div>\r\n            <div className='sf-pos-relative min-width-100 heigth-50'>\r\n                <Fab color={Color.Success} position={FabPosition.MiddleCenter} >Success</Fab>\r\n            </div>\r\n        </div>\r\n\r\n    );\r\n}",
  "dependencies": "{\"@syncfusion/react-buttons\":\"*\",\"@syncfusion/react-locale\":\"*\",\"@syncfusion/react-cldr-data\":\"*\"}"
}