{
  "src/App.css": "@import \"@syncfusion/react-base/styles/material3.css\";\n@import \"@syncfusion/react-buttons/styles/material3.css\";\n",
  "src/App.tsx": "import { Color, Fab, FabPosition, Position } from '@syncfusion/react-buttons';\r\nimport { EditIcon, UserIcon } from '@syncfusion/react-icons';\r\n\r\nexport default function App() {\r\n    return (\r\n        <div className='component-section flex-wrap sf-align-center gap-30 heigth-50' >\r\n            <div className='sf-pos-relative min-width-100 heigth-50'>\r\n                <Fab color={Color.Primary} position={FabPosition.MiddleRight} >Text</Fab>\r\n            </div>\r\n            <div className='sf-pos-relative min-width-200 heigth-50'>\r\n                <Fab iconPosition={Position.Right} color={Color.Warning} icon={<EditIcon />} position={FabPosition.MiddleCenter} >Icon and Text</Fab>\r\n            </div>\r\n            <div className='sf-pos-relative min-width-75 heigth-50'>\r\n                <Fab icon={<UserIcon />} color={Color.Secondary} position={FabPosition.MiddleRight}></Fab>\r\n            </div>\r\n        </div>\r\n    );\r\n}",
  "dependencies": "{\"@syncfusion/react-buttons\":\"*\",\"@syncfusion/react-icons\":\"*\",\"@syncfusion/react-locale\":\"*\",\"@syncfusion/react-cldr-data\":\"*\"}"
}