{
  "src/App.css": "@import \"@syncfusion/react-base/styles/material3.css\";\n@import \"@syncfusion/react-buttons/styles/material3.css\";\n",
  "src/App.tsx": "import { Fab, FabPosition } from '@syncfusion/react-buttons';\r\n\r\nexport default function App() {\r\n    return (\r\n        <div className='component-section sf-pos-relative heigth-50'>\r\n            <Fab disabled position={FabPosition.MiddleCenter} >Disabled</Fab>\r\n        </div>\r\n    );\r\n}\r\n",
  "dependencies": "{\"@syncfusion/react-buttons\":\"*\",\"@syncfusion/react-locale\":\"*\",\"@syncfusion/react-cldr-data\":\"*\"}"
}