{
  "src/App.css": "@import \"@syncfusion/react-base/styles/material3.css\";\n@import \"@syncfusion/react-buttons/styles/material3.css\";\n",
  "src/App.tsx": "import { Color, Fab, FabPosition } from '@syncfusion/react-buttons';\r\nimport { SaveIcon, CopyIcon, CutIcon } from '@syncfusion/react-icons';\r\n\r\nexport default function App() {\r\n  return (\r\n    <div className=\"sf-pos-relative heigth-200\">\r\n      <Fab icon={<SaveIcon />} position={FabPosition.TopLeft} color={Color.Secondary}></Fab>\r\n      <Fab icon={<CutIcon />} position={FabPosition.TopCenter} color={Color.Secondary}></Fab>\r\n      <Fab icon={<CopyIcon />} position={FabPosition.TopRight} color={Color.Secondary}></Fab>\r\n      <Fab icon={<SaveIcon />} position={FabPosition.MiddleLeft}></Fab>\r\n      <Fab icon={<CutIcon />} position={FabPosition.MiddleCenter}></Fab>\r\n      <Fab icon={<CopyIcon />} position={FabPosition.MiddleRight}></Fab>\r\n      <Fab icon={<SaveIcon />} color={Color.Success} position={FabPosition.BottomLeft}></Fab>\r\n      <Fab icon={<CutIcon />} color={Color.Warning} position={FabPosition.BottomCenter} ></Fab>\r\n      <Fab icon={<CopyIcon />} color={Color.Error} position={FabPosition.BottomRight}></Fab>\r\n    </div>\r\n  );\r\n}",
  "dependencies": "{\"@syncfusion/react-buttons\":\"*\",\"@syncfusion/react-icons\":\"*\",\"@syncfusion/react-locale\":\"*\",\"@syncfusion/react-cldr-data\":\"*\"}"
}