{
  "src/App.css": "@import \"@syncfusion/react-base/styles/material3.css\";\n@import \"@syncfusion/react-buttons/styles/material3.css\";\n",
  "src/App.tsx": "import { ChipList, ChipItemProps } from '@syncfusion/react-buttons';\r\n\r\nexport default function App() {\r\n\r\n    const users: ChipItemProps[] = [\r\n        { text: 'Anne', value: '1', leadingIconUrl: 'https://npmci-react.syncfusion.com/images/common/anne.png' },\r\n        { text: 'Janet', value: '2', leadingIconUrl: 'https://npmci-react.syncfusion.com/images/common/janet.png' },\r\n        { text: 'Laura', value: '3', leadingIconUrl: 'https://npmci-react.syncfusion.com/images/common/laura.png' },\r\n        { text: 'Margaret', value: '4', leadingIconUrl: 'https://npmci-react.syncfusion.com/images/common/margaret.png' },\r\n        { text: 'Michael', value: '5', leadingIcon: 'e-user-icon' }\r\n    ];\r\n\r\n    return (\r\n        <div className=\"wrapper\">\r\n            <div className=\"chip-container\">\r\n                <ChipList chips={users} removable selection='Single' aria-label='basic usage'>\r\n                </ChipList>\r\n            </div>\r\n        </div>\r\n    );\r\n}",
  "dependencies": "{\"@syncfusion/react-buttons\":\"*\",\"@syncfusion/react-locale\":\"*\",\"@syncfusion/react-cldr-data\":\"*\"}"
}