{
  "src/App.css": "@import \"@syncfusion/react-base/styles/material3.css\";\n@import \"@syncfusion/react-buttons/styles/material3.css\";\n\n.chip-section {\r\n    display: flex;\r\n    flex-wrap: wrap;\r\n    gap: 10px;\r\n    justify-content: center;\r\n}\r\n\r\n.chip-customization .sf-chip-list .sf-chip:hover,\r\n.chip-customization .sf-chip-list .sf-chip:active {\r\n    color: #fff;\r\n}\r\n\r\n.sf-dark-mode .chip-customization .sf-chip-list .sf-chip:hover,\r\n.sf-dark-mode .chip-customization .sf-chip-list .sf-chip:active,\r\n.sf-dark-mode .chip-customization .sf-chip-list .sf-chip {\r\n    color: #fff;\r\n}\r\n\r\n.custom-icon .sf-chip.sf-active .sf-chip-selectable-icon,\r\n.custom-remove .sf-chip-delete {\r\n    height: 20px;\r\n    width: 20px;\r\n}\r\n\n",
  "src/App.tsx": "import { ChipList, ChipItemProps } from '@syncfusion/react-buttons';\r\nimport { UserIcon } from \"@syncfusion/react-icons\"\r\nimport './App.css';\r\n\r\nexport default function App() {\r\n    const users: ChipItemProps[] = [\r\n        { text: 'Margaret', value: '1', leadingIconUrl: 'https://npmci-react.syncfusion.com/images/common/margaret.png' },\r\n        { text: 'Michael', value: '2', leadingIcon: <UserIcon /> }\r\n    ];\r\n\r\n    return (\r\n        <div className=\"component-section\">\r\n            <ChipList chips={users} aria-label='User display list'>\r\n            </ChipList>\r\n        </div>\r\n    );\r\n}",
  "dependencies": "{\"@syncfusion/react-buttons\":\"*\",\"@syncfusion/react-icons\":\"*\",\"@syncfusion/react-locale\":\"*\",\"@syncfusion/react-cldr-data\":\"*\"}"
}