{
  "src/App.css": "@import \"@syncfusion/react-base/styles/material3.css\";\n@import \"@syncfusion/react-buttons/styles/material3.css\";\n",
  "src/App.tsx": "import { ChipList, ChipItemProps, ChipListDeleteEvent } from '@syncfusion/react-buttons';\r\nimport { useState } from 'react';\r\n\r\nexport default function App() {\r\n    const [chips, setChips] = useState<string[] | ChipItemProps[]>([\r\n        { text: 'React' },\r\n        { text: 'Vue' }\r\n    ]);\r\n\r\n    const handleChipsChange = (args: ChipListDeleteEvent) => {\r\n        setChips(args.chips);\r\n    };\r\n\r\n    return (\r\n        <div className=\"component-section chip-container\">\r\n            <ChipList aria-label='Removable framework tags' chips={chips} onDelete={handleChipsChange} removable={true} />\r\n        </div>\r\n    );\r\n}",
  "dependencies": "{\"@syncfusion/react-buttons\":\"*\",\"@syncfusion/react-locale\":\"*\",\"@syncfusion/react-cldr-data\":\"*\"}"
}