{
  "src/App.css": "@import \"@syncfusion/react-base/styles/material3.css\";\n@import \"@syncfusion/react-buttons/styles/material3.css\";\n",
  "src/App.tsx": "import { ChipList, ChipItemProps } from '@syncfusion/react-buttons';\r\n\r\nexport default function App() {\r\n    const categoryData: ChipItemProps[] = [\r\n        { text: 'Design', value: '1', className: 'custom chip-design' },\r\n        { text: 'Marketing', value: '2', className: 'custom chip-marketing' },\r\n    ];\r\n\r\n    return (\r\n        <>\r\n            <div className=\"component-section chip-customization\">\r\n                <ChipList chips={categoryData} aria-label='Color-coded category chips' />\r\n            </div>\r\n            <style>\r\n                {`                \r\n                .sf-chip-list .chip-design,\r\n                .sf-chip-list .chip-design:hover,\r\n                .sf-chip-list .chip-design.sf-focused {\r\n                    background: #0D47A1;\r\n                    color: white;\r\n                }\r\n                \r\n                .sf-chip-list .chip-marketing,\r\n                .sf-chip-list .chip-marketing:hover,\r\n                .sf-chip-list .chip-marketing.sf-focused {\r\n                    background: #4A148C;\r\n                    color: white;\r\n                }\r\n                `}\r\n            </style>\r\n        </>\r\n    );\r\n}",
  "dependencies": "{\"@syncfusion/react-buttons\":\"*\",\"@syncfusion/react-locale\":\"*\",\"@syncfusion/react-cldr-data\":\"*\"}"
}