{
  "src/App.css": "@import \"@syncfusion/react-base/styles/material3.css\";\n@import \"@syncfusion/react-buttons/styles/material3.css\";\n",
  "src/App.tsx": "import { ChipList, ChipItemProps } from '@syncfusion/react-buttons';\r\n\r\nexport default function App() {\r\n    const colors: ChipItemProps[] = [\r\n        { text: 'Red', value: 'red' },\r\n        { text: 'Blue', value: 'blue' },\r\n        { text: 'Green', value: 'green' },\r\n    ];\r\n\r\n    return (\r\n        <div className=\"component-section chip-container\">\r\n            <ChipList chips={colors} selection='Multiple' removable aria-label='Selectable and removable color options'>\r\n            </ChipList>\r\n        </div>\r\n    );\r\n}",
  "dependencies": "{\"@syncfusion/react-buttons\":\"*\",\"@syncfusion/react-locale\":\"*\",\"@syncfusion/react-cldr-data\":\"*\"}"
}