{
  "src/App.css": "@import \"@syncfusion/react-base/styles/material3.css\";\n@import \"@syncfusion/react-buttons/styles/material3.css\";\n",
  "src/App.tsx": "import { ChipList } from '@syncfusion/react-buttons';\r\n\r\nexport default function App() {\r\n    interface Season {\r\n        text: string;\r\n        value: string;\r\n    }\r\n\r\n    const seasons: Season[] = [\r\n        { text: 'Spring', value: 'spring' },\r\n        { text: 'Summer', value: 'summer' },\r\n        { text: 'Winter', value: 'winter' }\r\n    ];\r\n\r\n    return (\r\n        <div className=\"component-section\">\r\n            <ChipList chips={seasons} selection='Single' aria-label='Single season selection'>\r\n            </ChipList>\r\n        </div>\r\n    );\r\n}",
  "dependencies": "{\"@syncfusion/react-buttons\":\"*\",\"@syncfusion/react-locale\":\"*\",\"@syncfusion/react-cldr-data\":\"*\"}"
}